Scenario ID,Scenario Name,Symbol,Assigned Cluster,Assignment Margin,SHAP::EBITDA Margin,SHAP::Return on Assets,SHAP::Asset Turnover,SHAP::Revenue per Employee,SHAP::Current Ratio,SHAP::Debt Ratio,SHAP::Free Cash Flow Margin,SHAP::Operating Cash Flow Margin
technology_revenue_25m,Technology companies with revenue >= $25M,CHOW,1,12.02372657339535,3.5249710307374795,7.736967093804199,-0.3921374761542731,0.10836666575667214,0.10553947285672885,-0.06490696346007518,6.1113780017922155,4.912612298779893
technology_revenue_25m,Technology companies with revenue >= $25M,EXOD,1,5.71124598624494,4.398967492932596,1.2500282221122407,0.15254170926444918,0.019287204053164947,0.3628281537122081,-0.025667594427899815,4.908451295854055,4.663873053461603
technology_revenue_25m,Technology companies with revenue >= $25M,INUV,1,0.802006914175827,2.2829463935317897,6.52281315693196,-0.3921374761542742,-0.2821840548189234,-0.08019400582893121,-0.03133244002655822,1.2658568020739038,1.5353020891843425
technology_revenue_25m,Technology companies with revenue >= $25M,WYY,0,7.6316026282984435,-1.6681779316661234,-0.987314985110935,0.3921374761542735,0.006554861005357682,0.05420466560425363,0.06190116584040656,0.3209820952344657,-0.5677482694807298
technology_revenue_25m,Technology companies with revenue >= $25M,AAOI,1,15.19121470828156,2.422834063141719,0.9304062990653639,0.18123627182423527,0.23722755590451067,0.05149745817816767,-0.016402885627525593,13.893301638333512,7.510177858179058
technology_revenue_25m,Technology companies with revenue >= $25M,AAPL,0,29.886357381567656,5.100385395732207,6.083927964895008,0.1547419253533731,0.6864251860505981,0.06368594378460196,-0.0020448508754253303,4.55251608301891,3.2276561828909167
technology_revenue_25m,Technology companies with revenue >= $25M,ACMR,0,9.141002752580352,1.7118742161243907,1.1960622306697257,-0.2145620081935658,-0.11788336824274406,-0.09411163795937774,0.04855853951124628,-2.025601083015476,-1.3823976870313248
technology_revenue_25m,Technology companies with revenue >= $25M,ADBE,0,34.96750984088211,6.383279602511483,6.083927964895019,0.0005705402458787145,0.0725790933765525,0.056835189573633704,0.01253462184162496,6.8635387003036294,5.47518057741682
technology_revenue_25m,Technology companies with revenue >= $25M,ADP,0,23.547375145076142,4.330900907607765,2.6149961999665132,-0.1833212750571923,-0.1425828499294276,0.05341599652279261,0.02897504845414567,4.054340397288062,2.7715871695059917
technology_revenue_25m,Technology companies with revenue >= $25M,AEHR,1,1.512711287220272,2.2283578474459516,0.7228972887624184,0.17815648404146256,0.0821409450603583,0.25424760842346816,-0.057677085922128835,4.859253826691785,3.2643979234344336
technology_revenue_25m,Technology companies with revenue >= $25M,AIP,1,7.547656136901144,9.25819948251291,9.678256602642131,0.08349754045364843,0.19359395163719867,-0.048250189215668565,-0.06391052265667715,-1.1536263583051023,-0.38104081944981416
technology_revenue_25m,Technology companies with revenue >= $25M,AIRG,1,0.49118564607682025,3.5729351582665494,4.47127818787776,-0.14759154344505565,0.055956318712864966,0.008812083037135446,-0.04856789254471683,1.0493397091671073,1.5480871757226613
technology_revenue_25m,Technology companies with revenue >= $25M,ALAB,0,28.56620009380368,2.4133674324274903,4.778461553481945,-0.10842955144623928,0.24894918078013398,-0.36282815371220856,0.07745471418874497,6.512245272548981,4.987916094817354
technology_revenue_25m,Technology companies with revenue >= $25M,ALLT,0,15.061580703763047,-0.002337869934643466,0.8290079027393694,-0.09354627856053452,-0.14916361235534287,-0.0530784000861447,0.06942847266107291,2.7567784936999797,1.685428444881817
technology_revenue_25m,Technology companies with revenue >= $25M,AMBR,1,5.532896355716401,0.22592466810511858,-0.6074104563483496,0.23905907630046433,0.10836666575667121,-0.032976184348530085,-0.07743454273577968,8.372294771681503,7.3241359080227815
technology_revenue_25m,Technology companies with revenue >= $25M,AMPL,1,2.1479554022594227,6.711948172936191,6.703567534824461,-0.004946997846165882,0.08882447852657487,-0.019513526907111042,-0.07253539382075488,-0.9995715136216332,-0.24075380111465422
technology_revenue_25m,Technology companies with revenue >= $25M,ARRY,0,9.059185613939349,-1.0556740911920979,-1.0363544665053073,0.03497344116200107,0.2214918003922499,-0.030142759256034934,-0.07699467465365098,0.8680424193783236,0.11478039389638675
technology_revenue_25m,Technology companies with revenue >= $25M,ASTS,1,31.04290118642209,15.91784123824389,2.0825660731482585,0.28574948433938335,0.237227555904515,0.36282815371221017,0.052969851205017834,13.893301638333517,8.229480742252797
technology_revenue_25m,Technology companies with revenue >= $25M,ASYS,1,6.805724963774793,8.014016967684022,10.473150678744283,-0.021866060725858366,0.14556794604719822,0.07220978785066065,-0.01705960439108374,-1.3965708933162653,-0.44466030740067947
technology_revenue_25m,Technology companies with revenue >= $25M,AVPT,0,17.10079570498473,0.09067004250410782,1.5643794875033339,-0.11935286258475544,-0.2308486510946738,-0.028789995707553417,0.07553692556545238,3.5693622886189535,2.160774919462392
technology_revenue_25m,Technology companies with revenue >= $25M,AXTI,1,4.701941475082313,4.245816372241556,1.4597037560643544,0.26273329274503077,0.23722755590451103,0.05792728549796977,-0.03502430222569425,4.910803669860077,3.581817395711976
technology_revenue_25m,Technology companies with revenue >= $25M,BEEM,1,34.343951070898164,15.917841238243884,12.311965942097915,0.06285822488235078,0.22059792602278644,-0.007570417796844406,-0.06888997773009663,8.606295544849207,7.319916141046427
technology_revenue_25m,Technology companies with revenue >= $25M,BGIN,1,40.20269357865055,15.917841238243877,12.311965942097912,0.03435042642188556,-0.07635822093420332,-0.011369922859016737,-0.07745471418875001,13.893301638333515,8.229480742252786
technology_revenue_25m,Technology companies with revenue >= $25M,BL,0,17.879542720896858,1.1987464112750725,0.5847989111936042,-0.17771524560942742,-0.10836666575666987,0.025070346103722607,-0.07561629498109634,3.611548128599394,2.80201357935478
technology_revenue_25m,Technology companies with revenue >= $25M,BLKB,0,20.85396315904222,3.2408958567392667,1.69415833623632,-0.14540116875659137,-0.09673789414881273,0.07076255577247609,0.025667594427898288,3.354945859105569,2.6906084689486205
technology_revenue_25m,Technology companies with revenue >= $25M,BOXL,1,2.970183135032608,2.549008810413917,7.795776346063224,-0.13792275536572685,-0.04723675228184099,-0.015298829609467934,0.0468310025760139,1.100937974493942,1.6971508894600384
technology_revenue_25m,Technology companies with revenue >= $25M,BRUN,0,10.85925570031638,-4.481796281633951,-6.693724377934029,-0.19995025906202457,-0.10836666575666977,0.08197352155533229,-0.09666306529020803,6.863538700303631,5.475180577416818
technology_revenue_25m,Technology companies with revenue >= $25M,BSY,0,27.896268875673947,3.9143009158029676,2.6706689175900737,-0.16707176308936397,-0.165456430609736,0.08197352155533277,-0.027728981410900716,6.8465068585156885,4.724012286602411
technology_revenue_25m,Technology companies with revenue >= $25M,BTDR,1,4.42531761183702,-6.676725412439781,-0.8918803163743565,0.2550708536453785,-0.33920327735985917,-0.06245125520573547,0.03678818970254971,13.893301638333506,8.229480742252788
technology_revenue_25m,Technology companies with revenue >= $25M,BZAI,1,40.682372630464776,15.917841238243884,12.311965942097896,0.18651037869825488,0.20814376140705576,0.024922193358281372,-0.07072971320945272,13.893301638333508,8.229480742252786
technology_revenue_25m,Technology companies with revenue >= $25M,CAN,1,29.37872784060762,7.627223993618457,11.19537112296854,-0.032414258588187236,-0.34434132352118807,0.09661874519484424,-0.05230689287521417,12.67815926227508,8.229480742252795
technology_revenue_25m,Technology companies with revenue >= $25M,CBRS,1,7.775354338373891,6.032644081479412,-3.4530393926849796,0.25590362182617943,-0.42653872218611105,0.019525000427993378,-0.04594118511980144,13.893301638333517,1.5185628470151653
technology_revenue_25m,Technology companies with revenue >= $25M,CETX,1,12.057125422568076,7.894980269161101,12.311965942097913,-0.3480498110516304,0.13694395397883954,-0.0421310661498886,0.036965407274119504,0.9265485287628596,1.1589657492122483
technology_revenue_25m,Technology companies with revenue >= $25M,CHYM,1,13.733590538594239,10.851712063883895,12.311965942097904,-0.13490844821142706,-0.39774528967310135,0.17779223410749312,-0.0589739017617274,0.207801052039261,0.7950104368294131
technology_revenue_25m,Technology companies with revenue >= $25M,CIFR,1,33.94391661547027,15.917841238243879,6.090072430468761,0.28574948433938113,-0.6864251860505983,0.1291528475592792,0.10380697104073315,13.893301638333513,8.229480742252788
technology_revenue_25m,Technology companies with revenue >= $25M,CISO,1,13.057017019787986,-0.09973161787647111,10.345206869732472,-0.1130270268683232,0.18743691847220517,-0.08197352155533297,-0.04730060910942774,6.7472096829074335,6.138259874802905
technology_revenue_25m,Technology companies with revenue >= $25M,CLFD,0,13.529288179205821,0.18835321038479047,-0.7217208072919423,-0.13736824212491047,0.005747346671862635,-0.2373437189033206,0.07080101795856761,2.616249155811651,1.7255066659816354
technology_revenue_25m,Technology companies with revenue >= $25M,CORZ,1,13.05492938420396,10.668246676588513,3.860677422956921,0.2857494843393808,-0.17926633285994112,-0.04688645350560439,0.06735107648547427,13.893301638333512,-5.475180577416818
technology_revenue_25m,Technology companies with revenue >= $25M,CRDO,0,15.107432917205362,0.9512671262247367,2.226542355139894,-0.11578349462509095,0.045995424981895044,-0.3172161802145109,0.07340277663289699,0.9583428755866225,1.2658184827614456
technology_revenue_25m,Technology companies with revenue >= $25M,CREX,1,0.7202020109966982,1.111954905146367,1.6474033072549152,0.1860922710671253,0.1742605766674207,-0.06628746937521174,0.05376964115987029,4.203927013782676,3.4281453160110176
technology_revenue_25m,Technology companies with revenue >= $25M,CRNT,0,10.15287431992109,-0.5849541885507967,-0.08188344272452208,0.11537167605031262,-0.14086765933046524,-0.0014365785584348756,0.04533852136734634,0.43810935301387616,0.34413308793628755
technology_revenue_25m,Technology companies with revenue >= $25M,CRUS,0,29.65575844293947,3.6721903320750098,5.5389980985278555,-0.000949333652609935,0.2881219401071484,-0.36282815371221006,0.06333415623841132,6.2555421689688995,4.182285683669482
technology_revenue_25m,Technology companies with revenue >= $25M,CRWD,0,17.82002659705352,-1.0051090513856282,-0.34383221785114715,-0.1619941161748326,-0.07440573358575683,0.005211227940925073,0.05736791198064595,4.987260753752113,4.336464271659712
technology_revenue_25m,Technology companies with revenue >= $25M,CVLT,0,17.110322896100474,0.01650137713147748,1.3488112322410981,-0.077396927229104,-0.11786649916103469,-0.006854512683244746,-0.06474964564449946,3.7747181857388967,2.2180961349893873
technology_revenue_25m,Technology companies with revenue >= $25M,DCBO,0,19.299667400557233,0.5027430049800521,6.0280052900189744,0.16171951682195942,-0.16912877987887948,0.04171009581345389,0.07560161114843025,1.917435257248891,0.7225178536868683
technology_revenue_25m,Technology companies with revenue >= $25M,DJCO,0,26.08597074127408,6.676725412439783,6.083927964895007,-0.28181016072794823,-0.18816325798743322,-0.36282815371220845,0.0668689164599347,2.7565013196154218,1.3156851495740418
technology_revenue_25m,Technology companies with revenue >= $25M,DLO,0,29.23048250360231,2.8448006467683484,4.280188469769664,-0.04147415558987927,0.12049433024954131,0.02529771801739361,0.061922067108025336,6.843789990333242,5.076399886228494
technology_revenue_25m,Technology companies with revenue >= $25M,DMRC,1,33.850299596377496,15.917841238243884,12.311965942097917,0.071775174715118,0.1419050642683623,0.046757526722813234,-0.050123453109668106,8.503731579393328,6.925510074763226
technology_revenue_25m,Technology companies with revenue >= $25M,DOCU,0,24.929802953879822,1.099174904999555,2.5056948917991595,-0.018950151466074927,-0.07094668265757328,0.07447105868132384,0.06631033353835467,6.476365114178381,4.778619934089223
technology_revenue_25m,Technology companies with revenue >= $25M,DOMO,1,2.6269365770480935,3.35060586948849,8.050742765712224,-0.2401434043791747,0.11533925092675432,-0.08197352155533258,0.0962761174750914,0.5724637037961252,0.7826893463014091
technology_revenue_25m,Technology companies with revenue >= $25M,DSWL,0,15.543367520488886,-0.6014960151524302,3.1415831645328356,-0.10585031174072095,-0.23722755590450903,-0.23889516874751307,0.025667594427899676,1.4302278124590844,2.110294449896765
technology_revenue_25m,Technology companies with revenue >= $25M,DTSS,1,8.216227477547609,2.856903151984466,12.311965942097899,-0.3921374761542737,-0.5869845257107849,-0.06951116470807828,0.03808455205625723,2.3364038439096926,1.7405667047899072
technology_revenue_25m,Technology companies with revenue >= $25M,DUOL,0,29.189065067799465,1.0952213321318949,6.083927964894998,-0.12404415523963779,0.2609690002315657,-0.050179836281549706,0.06533160348376654,6.863538700303627,4.975236907557294
technology_revenue_25m,Technology companies with revenue >= $25M,DUOT,1,23.724798634869565,6.672018079350642,4.905361038689904,0.1654296226835589,-0.0793356313411398,0.01522147465839991,-0.05761477904063416,13.89330163833351,8.229480742252788
technology_revenue_25m,Technology companies with revenue >= $25M,DVLT,1,34.31683096205941,12.909847307027693,9.207402051183113,0.28574948433937974,0.19235697634255455,0.23018543436726757,-0.06686785322166568,13.34774037048574,8.229480742252788
technology_revenue_25m,Technology companies with revenue >= $25M,ERIC,0,19.89986585344108,2.4040279553691777,3.438927932495224,0.01884836289407371,0.6864251860505937,0.037053719992341694,0.036573216861241986,2.15443705447272,1.1045088745882108
technology_revenue_25m,Technology companies with revenue >= $25M,EVCM,0,17.075695459140622,2.521847284467907,0.5488999244129367,-0.1640655873488523,-0.13290356361591787,-0.01744645775867104,-0.033700415934838635,2.403898461365637,1.9301022628349314
technology_revenue_25m,Technology companies with revenue >= $25M,FIVN,0,15.366631311098867,0.3186317126067396,0.8473824425886689,-0.07109829094827226,-0.10060737539192723,-0.1763865425107919,-0.0538998531563383,2.5280368691918342,2.055508798001463
technology_revenue_25m,Technology companies with revenue >= $25M,FTCI,1,32.26029268057003,15.502241721625477,12.311965942097919,-0.038050558466293904,0.08400267461980453,-0.027814072524049216,-0.016882609170172924,7.733782339968847,6.730110793135998
technology_revenue_25m,Technology companies with revenue >= $25M,FTNT,0,32.79795111394645,5.359078077549416,5.9263415281113305,-0.06560496268918359,-0.07712716689530341,0.04515820186643038,0.050875180573199064,6.4457782495421965,5.094388455170931
technology_revenue_25m,Technology companies with revenue >= $25M,GAUZ,1,26.460942495446687,8.398692864025435,12.311965942097903,0.024339459199056678,0.21921715124666694,-0.05907783373965607,0.024335086685107653,9.281127508864406,6.279405867785265
technology_revenue_25m,Technology companies with revenue >= $25M,GFS,0,22.137841774099797,4.847904491223321,1.8091240845893826,-0.1785434051122552,-0.05758279167101055,-0.051095961404551415,0.04978315748279327,2.68584259340167,3.0133460548729607
technology_revenue_25m,Technology companies with revenue >= $25M,GLOO,1,40.58762086264891,15.917841238243883,12.31196594209791,0.19479108139659979,0.10836666575667235,-0.019540305073209877,-0.029522589641764588,13.893301638333515,8.229480742252791
technology_revenue_25m,Technology companies with revenue >= $25M,GMM,1,1.0011616295770427,3.9295579010224104,7.900148075457737,0.03838282384762344,-0.007528713704182441,-0.05010394059422414,-0.06526179047286502,4.60448201973782,-5.329451194999799
technology_revenue_25m,Technology companies with revenue >= $25M,GNSS,1,17.06982534137037,7.974540939923929,9.078137138243312,0.07275505088264275,0.18500229761824763,-0.07507483765907161,0.019721142323157373,5.092513664235703,4.7412934965199245
technology_revenue_25m,Technology companies with revenue >= $25M,GPRO,1,3.325766072270575,4.048310086405303,6.962329769116727,-0.31385518099001675,-0.1997016582356608,-0.06249323910505589,-0.02162775459010119,1.214982272388588,1.7168853279982665
technology_revenue_25m,Technology companies with revenue >= $25M,GRRR,1,7.360069641051586,3.516726390587303,1.2148635546368929,0.18876393245928552,0.03844821454592762,0.09827527922564655,-0.06280317016821309,6.525267609298966,5.8595913811832725
technology_revenue_25m,Technology companies with revenue >= $25M,GTLB,0,13.21383788536224,-2.971950892020562,-0.9227114266295174,-0.1093326649266588,-0.11235799048196549,-0.045687830396366674,0.0774547141887438,4.4496176403492536,2.829742784561831
technology_revenue_25m,Technology companies with revenue >= $25M,HCKT,0,15.139638014126545,0.09876421039681049,2.168452397303477,0.29551508179197805,-0.19399255512572566,0.008750072552204197,-0.0330302102948338,1.7930762599022647,0.9830392068828702
technology_revenue_25m,Technology companies with revenue >= $25M,HUBC,1,39.2521234535568,15.917841238243888,12.311965942097915,-0.11968909969190565,0.237227555904512,-0.08197352155533387,0.10380697104073815,12.67252717598169,8.229480742252793
technology_revenue_25m,Technology companies with revenue >= $25M,ICG,1,17.866510837851045,8.62091414115706,1.3881602954002734,0.2566630812447413,-0.5405987763350967,0.36282815371220745,-0.07745471418874632,9.737901382900258,8.137160824677824
technology_revenue_25m,Technology companies with revenue >= $25M,IMOS,0,14.684051817276886,3.180669889244192,0.5265565215157884,-0.12103643135869672,-0.10836666575667,-0.03640461820683408,-0.027325938195690708,-0.3116089845341314,1.5625044938514587
technology_revenue_25m,Technology companies with revenue >= $25M,IMXI,0,12.880907451381299,0.7145297239551376,2.181931683219981,0.16154872333412443,-0.024445309137159726,-0.04345849249776604,-0.044565351563426864,0.10801508781069427,-0.191712164457772
technology_revenue_25m,Technology companies with revenue >= $25M,INDI,1,19.11669972710478,10.287526923217104,5.39429108367346,0.23871719564152127,0.15934346766528076,0.1250621656307276,0.050914909848830195,7.349526424010317,5.530381108135029
technology_revenue_25m,Technology companies with revenue >= $25M,INTC,0,12.90245968244017,3.598439162868191,0.09120762833260618,-0.24246889076177305,0.007289977794327579,-0.01099910329325443,0.014030618951762247,-2.4086839560924087,1.8345806939232214
technology_revenue_25m,Technology companies with revenue >= $25M,ITRI,0,18.921483730996584,1.6953696165811714,2.7601947941516802,-0.07359136763990429,-0.06254300147235028,0.00340515364366592,-0.021633024012412932,2.9643551012600744,1.6368629077671513
technology_revenue_25m,Technology companies with revenue >= $25M,KARO,0,30.76158401564862,3.4167889909121953,5.703598996437433,0.06169242584831108,-0.1083666657566732,0.05287789820875827,0.020795331945407003,6.863538700303635,4.731594787032063
technology_revenue_25m,Technology companies with revenue >= $25M,KEEL,1,26.015297298164516,8.112146313272774,5.091922634912384,0.274437757529538,0.10836666575667386,0.24779636455569637,0.0769087322686472,13.893301638333515,8.229480742252797
technology_revenue_25m,Technology companies with revenue >= $25M,KLAC,0,33.155589737162366,6.676725412439787,6.083927964895005,-0.020980571064048326,0.0976083236916584,-0.05097488716367121,-0.03292211160477215,6.034782481330641,4.348359573920301
technology_revenue_25m,Technology companies with revenue >= $25M,KLIC,0,13.513152610107571,-0.5900469616342121,0.13848739003278238,-0.09280353501822983,-0.16666117973357378,-0.19536151068539068,0.06893380861580964,2.6594516562950807,1.6720893915178183
technology_revenue_25m,Technology companies with revenue >= $25M,KOPN,1,15.976378917882045,8.986759808974739,-0.9132390541885269,0.19660842939299228,0.16242603599252595,0.05646256186949698,-0.07522694780412435,9.721585734609977,7.8600658997524055
technology_revenue_25m,Technology companies with revenue >= $25M,LEDS,0,6.287516413288203,-1.876849872552693,-2.2214660057573155,0.3921374761542754,-0.11510501763641406,0.05706703298633889,0.025170717829319816,0.3520444669800702,-0.34454593543285505
technology_revenue_25m,Technology companies with revenue >= $25M,LPTH,1,6.799570954769636,-0.08080410805921656,5.794517020315465,0.15219702060752777,0.2372275559045124,-0.012777444599519905,-0.024103352248211696,5.863133672298225,4.889244141268342
technology_revenue_25m,Technology companies with revenue >= $25M,LYFT,0,20.359243565072212,-1.4317971012274673,6.083927964895014,-0.04593659761839869,0.4810136063049859,0.08018239621629003,0.03740613924182762,3.275754921890221,1.8596286846522727
technology_revenue_25m,Technology companies with revenue >= $25M,LZMH,1,8.725142652418342,4.578020108318516,12.311965942097919,-0.3921374761542701,-0.6864251860505909,-0.04857909981046821,-0.03182445604431772,1.2175809590024396,1.7956054117766111
technology_revenue_25m,Technology companies with revenue >= $25M,MFI,1,35.04808086040359,11.769971293169133,11.126239572381467,0.15615426743448152,-0.07700347701727128,0.009555214117635095,-0.04055483955066292,13.893301638333515,8.229480742252798
technology_revenue_25m,Technology companies with revenue >= $25M,MKSI,0,17.22950367032478,2.6431961663301644,1.2214969812955212,-0.1563656024737326,-0.10513110187731069,-0.05689828050975987,-0.07042558071586968,2.2200026501497345,1.5145648874085438
technology_revenue_25m,Technology companies with revenue >= $25M,MLGO,0,15.90742486355133,4.785135886230867,1.6345751784752292,-0.2768321855816557,0.11444472792611321,-0.3628281537122069,0.07556969267391839,0.4296004923236401,-0.5113043255020486
technology_revenue_25m,Technology companies with revenue >= $25M,MSTR,1,25.840714910328472,15.917841238243884,1.8953769778566307,0.28574948433937825,0.13830877757447135,0.25025851699039875,-0.03970683159929199,13.893301638333512,3.5186486593069475
technology_revenue_25m,Technology companies with revenue >= $25M,MU,0,26.025533479220023,6.676725412439785,3.4817809232543158,-0.15438566380441002,0.04744300307174881,-0.04429238641668082,0.024634444137071,0.4993836184038896,5.475180577416819
technology_revenue_25m,Technology companies with revenue >= $25M,MXL,1,1.906496351734825,5.41109282834887,5.441936549805981,0.09502669984082998,0.08890463985109912,-0.03414956395693848,-0.025350167527571507,0.4471329688549995,0.5009659472350455
technology_revenue_25m,Technology companies with revenue >= $25M,NAVN,1,8.012633191529723,9.730330280236718,7.4332276367786925,0.17207477337955454,0.19843046226124128,0.14760154614704712,-0.04905769416286665,-0.002967822858434714,0.40205756046525476
technology_revenue_25m,Technology companies with revenue >= $25M,NNDM,1,41.087520163349204,15.917841238243886,12.311965942097908,0.2815910347097624,0.18455838597687718,0.36282815371220484,-0.0749834212602803,13.893301638333512,8.229480742252784
technology_revenue_25m,Technology companies with revenue >= $25M,NSIT,0,9.740387249401838,-0.7561080669927778,0.6945908808383078,0.045039226937455046,-0.017750513402065127,0.040213169252089676,0.027581368354387986,0.27310636148399187,-0.5853487277870256
technology_revenue_25m,Technology companies with revenue >= $25M,NTSK,1,19.017889832922275,15.917841238243893,12.311965942097906,0.17685539552292046,0.1858896044796428,0.018243674164044085,0.0468915223874941,0.0721617637614312,0.30710424298242167
technology_revenue_25m,Technology companies with revenue >= $25M,NVNI,1,4.795982932712971,3.435244452675761,10.416603957195182,0.10435315948689464,0.10836666575667156,-0.08197352155533226,-0.025094026917148723,0.33915061149453046,0.5183951852938896
technology_revenue_25m,Technology companies with revenue >= $25M,NVTS,1,36.07157336025705,15.917841238243884,7.457649904795948,0.2857494843393827,0.17369170541526896,0.20836285503553303,-0.07544065744182367,13.893301638333506,8.22948074225279
technology_revenue_25m,Technology companies with revenue >= $25M,NXPL,1,12.937347914176806,5.147353454694832,12.240831941727468,-0.3921374761542703,0.07481692846335285,0.05286302581314069,-0.06319566823822592,2.8401877323752562,3.055691526212742
technology_revenue_25m,Technology companies with revenue >= $25M,NXT,0,21.797803229353562,2.3828030768470887,4.803915039140539,0.030309052772482192,0.5629512229067926,-0.03949390527602617,0.025667594427900203,2.5959252881344765,1.4166623096828437
technology_revenue_25m,Technology companies with revenue >= $25M,NYAX,0,13.647949624023173,1.8231589966978268,1.4851043040839356,-0.14642624279803812,-0.13615877465117027,-0.027141490204974722,-0.03797578638941626,0.20122757339507732,0.46709749317245575
technology_revenue_25m,Technology companies with revenue >= $25M,OCC,0,6.549995181121221,-1.6483353487455321,-1.0473128615517246,0.3921374761542741,-0.18885272248635154,0.001769742953249137,0.01869392723074112,-0.12334886429326869,-0.8738197188576493
technology_revenue_25m,Technology companies with revenue >= $25M,ONDS,1,32.31952293244131,15.91784123824389,3.652793671151937,0.2857494843393836,0.2362462878755836,0.19837512072890667,-0.07520169976721804,13.893301638333512,8.229480742252786
technology_revenue_25m,Technology companies with revenue >= $25M,OSS,0,0.46791972838357054,-3.0314762519016307,3.2605361829942443,-0.08510298799298216,-0.014553662041794022,-0.36282815371220933,0.07103541312170164,-4.839387922163878,-4.549366440637362
technology_revenue_25m,Technology companies with revenue >= $25M,OST,1,6.23339233156933,4.595624792142871,5.976941011896698,0.02595620675556351,0.14448588311918437,-0.08197352155533306,0.06328472180308334,4.370252302883487,1.1578844852412546
technology_revenue_25m,Technology companies with revenue >= $25M,OUST,1,16.903966208051067,7.617179429245385,5.4783185958678695,0.1398745947813094,0.036473262017022064,0.13788917568187584,-0.06480039540247706,8.491736360904968,5.086358735672604
technology_revenue_25m,Technology companies with revenue >= $25M,PCTY,0,22.022053096517034,3.233164572175541,1.812810638296087,-0.19286765545330037,-0.17539486671807775,0.04729048221444304,0.0645715663606456,4.079953664301573,3.133461144622656
technology_revenue_25m,Technology companies with revenue >= $25M,PDFS,0,9.110129357048931,-0.08848320338545257,0.08257747179993233,-0.12304806445381318,-0.11483934564041882,-0.02845863047330502,0.02777397283019198,-1.2835171727402948,0.619060778394622
technology_revenue_25m,Technology companies with revenue >= $25M,PLUS,0,16.11906583586162,-0.03189332278335577,1.9928922603175745,0.12814469350140428,0.15979911840197686,0.00945607906692375,0.059114510709746326,2.565502095979854,1.2169868499500267
technology_revenue_25m,Technology companies with revenue >= $25M,PN,0,6.290814539520067,-2.124315395185154,-1.7924618072033769,0.25670049334422673,-0.026357180582267548,0.017205294595246057,0.04141237529690611,0.34400939997238755,-0.4444421914353832
technology_revenue_25m,Technology companies with revenue >= $25M,PONY,1,31.100780634287815,15.917841238243886,2.267968389024349,0.2857494843393839,0.2372275559045101,0.36282815371220883,-0.07455301680534988,13.893301638333519,8.229480742252791
technology_revenue_25m,Technology companies with revenue >= $25M,POWI,0,17.24245867804708,-0.0543993457969143,1.0614488772811144,-0.10065105387033059,-0.04773992059774115,-0.3098683191138646,0.025667594427898816,3.692505690747868,2.956431604251578
technology_revenue_25m,Technology companies with revenue >= $25M,PTC,0,30.11486701284651,6.394037436959131,3.7348739477592092,-0.17077263509258048,-0.10230439755961285,0.04875445376052656,0.01797367927658866,6.138810583796025,4.034430393229747
technology_revenue_25m,Technology companies with revenue >= $25M,QMCO,1,15.119594079655723,7.8675098385309585,12.311965942097894,-0.39213747615427197,0.08309536879085301,-0.08197352155533329,0.1038069710407376,2.631096152404001,2.615294355218347
technology_revenue_25m,Technology companies with revenue >= $25M,RBBN,0,10.700836439705427,-0.33539940620828856,1.1941536867121354,-0.04715616435762521,-0.15816811068699563,0.027308403890493715,-0.01968350657180945,0.2096865223709759,-0.1889685361609367
technology_revenue_25m,Technology companies with revenue >= $25M,RDZN,1,35.41497976912964,15.91784123824388,12.311965942097922,-0.24270970632958327,0.21709805729759318,-0.08197352155533515,0.10380697104073729,9.255381209376482,7.952633129675409
technology_revenue_25m,Technology companies with revenue >= $25M,REKR,1,31.675178434507107,11.081034165063587,11.834280782233334,0.10367515809198391,0.18977813167650834,-0.052847004114783894,0.023858025826826324,10.381805602345795,8.132657124101346
technology_revenue_25m,Technology companies with revenue >= $25M,RMNI,0,18.032296301929126,1.5522790389563215,2.979931163905964,0.08383590411263889,-0.1858511727957108,0.06559290593238629,0.015578540717043315,2.3374983768808226,1.1643679935021782
technology_revenue_25m,Technology companies with revenue >= $25M,RPAY,1,2.4187019229048055,12.006645879626044,6.817642385973794,0.23906218328283924,-0.014574050517036655,-0.06869496025993399,0.028549969028307205,-2.9020688905748537,-3.668797042936886
technology_revenue_25m,Technology companies with revenue >= $25M,RUN,1,5.26506990693432,-1.8858681518527731,-0.7785461247358533,0.2857494843393831,0.13326378836482722,-0.013046635791702926,0.10380697104073779,13.89330163833351,3.5454724879536648
technology_revenue_25m,Technology companies with revenue >= $25M,RZLV,1,33.71465716496019,15.917841238243893,5.251952170728581,0.28574948433938724,0.2372275559045111,-0.07868798795994865,-0.0031441261650466817,13.89330163833352,8.229480742252791
technology_revenue_25m,Technology companies with revenue >= $25M,SABR,0,10.250988655652108,0.48396663627855396,3.9168653611978517,-0.08265896905137211,-0.004711196354019398,0.05207782945437045,-0.10380697104073656,-2.059093090715173,-1.9707144948348323
technology_revenue_25m,Technology companies with revenue >= $25M,SANM,0,11.925016317893437,-0.5911262794477137,1.495500618132492,0.25490467397249306,-0.178186919720492,0.008469326094086432,0.06408271633760965,0.7854929735021405,0.06681565830534844
technology_revenue_25m,Technology companies with revenue >= $25M,SCSC,0,11.095048503471709,-0.893090945118509,1.4336271707355255,0.39213747615427574,0.40174894356811164,-0.010306932131715324,0.05487635771502289,0.280576463520561,-0.5835835816890349
technology_revenue_25m,Technology companies with revenue >= $25M,SELX,1,22.348269856232456,15.91784123824389,12.297499591467385,0.18497379090312926,-0.6864251860505971,-0.05187842081419327,0.07061470971425783,3.745279847264696,0.8894278362213937
technology_revenue_25m,Technology companies with revenue >= $25M,SILC,1,1.3669498602831487,5.148195317581514,2.3180384840582673,0.1738200085121813,0.10836666575667152,0.15280947528361888,-0.0670665527245065,1.7828607876310898,1.7689892249017924
technology_revenue_25m,Technology companies with revenue >= $25M,SNDK,1,1.004414334139228,5.108659279214585,3.972340170760645,0.10410967573672902,-0.029980071960011984,0.11381938938673339,-0.03270678733477303,0.7823792577378428,1.0048569713149595
technology_revenue_25m,Technology companies with revenue >= $25M,SNPS,0,21.775097344983717,5.230915145496075,1.0294635744826621,-0.28574948433938796,-0.16879193708700696,0.015715820436150052,-0.008489966033708884,3.583467579721385,2.3595030615900363
technology_revenue_25m,Technology companies with revenue >= $25M,SOUN,1,11.00832908724649,-1.563889097093418,0.5288003336515071,0.2444444681742612,0.20450587265479042,0.18185840472975726,-0.07745471418874447,13.279646627783015,8.229480742252795
technology_revenue_25m,Technology companies with revenue >= $25M,SPWR,1,1.75784530553193,2.30751355844144,5.975256505115536,-0.1920829045465862,0.10667020907275862,-0.07455345229823523,0.10380697104073838,1.5137921702389645,2.036505799184801
technology_revenue_25m,Technology companies with revenue >= $25M,SSNC,0,23.698341300361832,4.885909538510417,1.3818730557344119,-0.21935949073630062,-0.18508203007491414,0.051699882860344715,-0.030045071593108708,4.3966722840412205,3.397609580902264
technology_revenue_25m,Technology companies with revenue >= $25M,SSTI,0,7.063458682869074,-1.6462930922622918,-2.1214898539131983,-0.01639888336651177,-0.1244981958545594,0.06679444123551118,0.06618313862671679,0.5394417327414878,0.2806558449444314
technology_revenue_25m,Technology companies with revenue >= $25M,STNE,0,16.07077238000275,6.651403398438286,1.3416123009623033,-0.2577220275724482,-0.10836666575667486,0.0320076469748366,-0.0042963219895358895,-1.242870446802477,-0.3600590549690415
technology_revenue_25m,Technology companies with revenue >= $25M,SUNE,1,1.7006235338564508,3.66007101798786,7.201031796511434,-0.2999060396901021,0.07982261405850513,-0.05199413876450619,-0.017587113176606398,0.17409196454305176,0.9741569831042964
technology_revenue_25m,Technology companies with revenue >= $25M,SVCO,1,35.56887165620556,14.397983019472678,10.780209070102842,0.12693790584502196,0.2148737220975857,-0.04331509944520205,-0.07182887743442777,11.95359472403177,8.229480742252795
technology_revenue_25m,Technology companies with revenue >= $25M,TAOP,1,10.367133975322353,6.45859375214535,8.15200043454981,0.010201487023868708,0.10836666575667107,0.0013548023221632774,-0.00537940223239336,3.1014301097409267,2.5596296767334374
technology_revenue_25m,Technology companies with revenue >= $25M,TOYO,0,21.37040900468559,2.794511059236303,3.0502299016555163,0.07154740121231865,-0.20908288924297544,0.08197352155533147,0.029995473519149468,1.5901407810896218,3.942030204942842
technology_revenue_25m,Technology companies with revenue >= $25M,TSAT,1,6.210384322391391,12.592459043055026,0.6318413671056247,0.2857494843393824,0.008559664490829885,-0.0819735215553325,0.07917037721231351,4.154193964332159,-1.4405525058711308
technology_revenue_25m,Technology companies with revenue >= $25M,TTGT,1,19.52163978476753,15.917841238243893,12.311965942097908,0.12469140403353708,0.16345161335834013,-0.04149388890321791,-0.04412563999914514,0.4689005543618551,0.6394721122918662
technology_revenue_25m,Technology companies with revenue >= $25M,TYGO,0,12.070460600192996,0.3407449774151521,-0.6502287837497223,0.2283326182525938,0.06891602385664955,0.023625998617759603,0.06912765445060245,1.5225693663370785,0.4483091942953993
technology_revenue_25m,Technology companies with revenue >= $25M,UPLD,0,8.588259202465757,-0.9119459347227379,-2.925924540953003,-0.12226544670671124,-0.15284623653897855,0.06971189127050079,-0.08927546274534062,1.9317892977128448,0.7699520844316957
technology_revenue_25m,Technology companies with revenue >= $25M,VERI,1,40.3941802772248,15.917841238243886,12.311965942097903,0.13062848134589117,0.18833480434137267,-0.07572031731535,-0.0025632959411305417,13.713276232916922,8.229480742252786
technology_revenue_25m,Technology companies with revenue >= $25M,VICR,0,26.281795598531257,2.713573758595229,5.03220748291535,-0.09988751985652988,-0.09121701449957564,-0.36282815371220806,0.0765658457473184,5.100339054500491,3.893978594123705
technology_revenue_25m,Technology companies with revenue >= $25M,VNET,0,3.7982203874929965,4.469345087664468,-0.05478845264199095,-0.2542186889156328,0.6864251860505941,0.06190867393363553,-0.10380697104074021,-13.014799359466151,1.9890913611913175
technology_revenue_25m,Technology companies with revenue >= $25M,VSAT,0,13.439598671933126,3.6421025619628007,-1.076551109701848,-0.2238550184326896,0.019016708313458225,0.008579886876153492,-0.06477350831754217,-1.006952089521811,2.1229676900371257
technology_revenue_25m,Technology companies with revenue >= $25M,WLTH,0,14.765315600296475,-6.770104675565477,-0.8328305083937205,-0.23904410712785856,0.15631676453605836,0.016099259088316956,0.07709603932122346,6.863538700303633,5.47518057741682
technology_revenue_25m,Technology companies with revenue >= $25M,WRD,1,34.685944027059854,15.917841238243888,5.882734443705405,0.28574948433938,0.19976934923967488,0.3628281537122077,-0.06669747204954109,13.893301638333515,8.229480742252788
technology_revenue_25m,Technology companies with revenue >= $25M,WYFI,1,2.1541655926918004,2.593413472029832,1.0985394551166836,0.2857494843393823,-0.16600024097623498,0.012040223338101258,-0.06863431135518147,13.893301638333519,-5.475180577416822
technology_revenue_25m,Technology companies with revenue >= $25M,XBP,1,1.5556536185469518,2.946406500839863,7.613972089106246,-0.07121137186406504,0.23722755590451072,-0.07357773206891813,0.06225872069896704,0.1063054874408309,0.7533359192069988
technology_revenue_25m,Technology companies with revenue >= $25M,YMT,1,21.76751872044936,7.44995861670727,9.271457595357697,-0.029973461829449925,0.18927387450447322,-0.08197352155533186,0.10380697104073976,7.920352588870583,6.963679608070867
technology_revenue_25m,Technology companies with revenue >= $25M,ZBRA,0,17.446614156532338,1.3622152358635842,1.7328614774636193,-0.07426792528853488,-0.048410958593130826,0.05860372003789199,-0.014656356248331004,2.7999247275976487,1.6112806849820978
technology_revenue_25m,Technology companies with revenue >= $25M,ZEO,1,9.239884411309271,4.773292102124804,7.860053754142505,-0.1808664524482702,0.11485858181801167,0.05555939102564078,-0.07188832016099816,3.446260320042161,3.2616785854829033
technology_revenue_25m,Technology companies with revenue >= $25M,ACN,0,19.884280974421618,1.6035429964442094,3.945769653060079,0.11406790892584606,-0.23722755590451075,0.028678248651311633,0.042219718767106396,2.8435511185223112,1.52461533523778
technology_revenue_25m,Technology companies with revenue >= $25M,AI,1,21.27148261816677,15.91784123824388,9.007913922556227,0.1859519167488229,0.13182611444500963,0.33262818983325176,-0.07745471418874067,2.8420381747138688,2.9498013265319476
technology_revenue_25m,Technology companies with revenue >= $25M,ALIT,1,15.157635175739692,15.917841238243886,12.31196594209791,0.13525766305288173,0.10836666575667005,-0.036214822821266895,0.05808106037489853,-1.8853832123755518,-1.4332158078722537
technology_revenue_25m,Technology companies with revenue >= $25M,AMBQ,1,21.36195090706575,10.535666118471553,6.28000606135246,0.18009026759385316,0.11601756779429806,0.36282815371220817,-0.07745471418874181,8.309255037261494,5.674605965786096
technology_revenue_25m,Technology companies with revenue >= $25M,ARW,0,8.662867559678276,-1.0684788848645452,0.7702985866181702,0.11215119838492316,0.3730764301477285,0.03256139844295619,0.04785572294201107,-0.4645803533530954,-1.1590800893573636
technology_revenue_25m,Technology companies with revenue >= $25M,ASAN,1,0.5158497674035392,5.713064567343858,7.141044181855852,-0.057864726774754044,0.0754850103977291,-0.04434670594793018,0.00822189144856024,-1.6082650253280262,-0.692425874874254
technology_revenue_25m,Technology companies with revenue >= $25M,ASX,0,15.631734851770624,2.100922755951637,1.5933417445690796,-0.034528555994668975,0.6864251860505921,0.03912402874111781,-0.008496788958780255,-1.208303548769988,2.4441864794641317
technology_revenue_25m,Technology companies with revenue >= $25M,BBAI,1,31.54720985643592,15.917841238243883,10.53907944850901,0.28574948433938335,0.18378474758636532,-0.0046409786105798545,-0.04126734376691624,8.069587729267013,6.616139081585226
technology_revenue_25m,Technology companies with revenue >= $25M,BHE,0,9.593578047728938,-0.7940797307316019,0.5218344347679075,0.20943304318626865,-0.181837338824046,-0.028373807152600516,0.03506920532962751,0.2364371204870397,-0.4239684300511333
technology_revenue_25m,Technology companies with revenue >= $25M,BKKT,1,8.234498789788667,2.9427327461291206,12.311965942097904,-0.39213747615427375,-0.6864251860505977,0.022221196195108095,-0.07745471418874364,1.8552245096394588,2.277435322838169
technology_revenue_25m,Technology companies with revenue >= $25M,BLND,0,7.0729708880885624,-1.2833985065992348,-1.4062929002629572,-0.033997030117191435,-0.1482721065224224,-0.04179833012821246,0.07669784290894618,-0.4530024808946782,0.3439708489868225
technology_revenue_25m,Technology companies with revenue >= $25M,BLSH,0,1.1823166069717033,-1.8106267933492948,-6.145020974840982,0.3921374761542715,0.6864251860505955,-0.36282815371220967,0.03578320281685987,-0.441205300789547,-1.1914115860754864
technology_revenue_25m,Technology companies with revenue >= $25M,BMI,0,23.250029455494943,2.933327990572325,4.857176502375898,0.05990446027827384,-0.11244004526605816,-0.10054937074635523,0.025667594427902063,3.4539348774520415,2.1139438956834553
technology_revenue_25m,Technology companies with revenue >= $25M,CALX,0,12.671577678638537,-0.9897974439252879,0.680961107590663,0.06129555053541766,-0.04065074511284657,-0.1584870687524701,0.0749079745789569,1.9904468039579857,1.0338379490486302
technology_revenue_25m,Technology companies with revenue >= $25M,CPAY,0,27.65420817088654,6.67672541243979,1.4479801819093234,-0.27679268102552246,-0.10590824707875382,0.058144151026764124,-0.03287060979411521,5.594895853463076,4.272970559228504
technology_revenue_25m,Technology companies with revenue >= $25M,CWAN,0,16.52560974859508,0.44411158414698004,-0.28348781897955366,-0.24629812807850782,-0.1726774920530142,0.0013029968125406466,-0.004748877418632724,3.9925407115353226,2.77580322191246
technology_revenue_25m,Technology companies with revenue >= $25M,DBD,0,11.865234081787944,-0.000896575884296924,0.9293631677624515,0.07994010357629625,-0.19819975555981195,0.03646930188944311,0.007174928467737873,0.8816655648872328,0.11065379593141819
technology_revenue_25m,Technology companies with revenue >= $25M,DFIN,0,17.803483604565162,1.412371266789717,1.4469581151043198,0.06721915414508287,-0.0799001864306942,0.0528058408265151,0.013237247228541832,2.5169180054920437,2.3548106106921343
technology_revenue_25m,Technology companies with revenue >= $25M,DT,0,20.717893167362895,1.0586843636151066,1.3286965756411795,-0.15191323770207849,-0.11704016445112986,0.03311212190639867,0.06825110906175341,5.078360623973546,3.40067822460065
technology_revenue_25m,Technology companies with revenue >= $25M,DXC,0,12.331926233801518,0.9216131950566234,0.1775774857975777,0.07712010461919505,-0.2365216333267225,0.032584531535902544,-0.0182866585734143,0.9231693138184277,0.4356063441564637
technology_revenue_25m,Technology companies with revenue >= $25M,EFOR,0,12.827846549549632,-0.05054020063551423,1.1346831922765983,0.12150324217872235,0.3891398994652082,-0.02045530763420797,-0.014888959996299772,1.0831431256456348,0.1661980075320019
technology_revenue_25m,Technology companies with revenue >= $25M,FIG,1,11.348437700184576,15.917841238243886,12.311965942097908,0.1551820786949913,0.021934975100396117,0.04861489497739009,-0.07189640851001113,-4.290966975780712,-2.725174493921784
technology_revenue_25m,Technology companies with revenue >= $25M,GLOB,0,14.321912095248235,1.172056197467269,1.1395826104912135,-0.028297314818373553,-0.23722755590451225,0.013821377157186537,0.03700554451799684,1.3745166879576656,0.8313909976623068
technology_revenue_25m,Technology companies with revenue >= $25M,GRMN,0,24.7277291634253,3.8623947011717124,5.047879138903696,-0.06360439794374317,-0.1386983131468952,-0.11836618793031575,0.07483018767918992,3.5171767198538606,2.5270537641203377
technology_revenue_25m,Technology companies with revenue >= $25M,HKD,0,25.75016749876338,6.676725412439785,1.9919897510702154,-0.28574948433937764,-0.11931246337519316,-0.004870767144607158,-0.021363431749577055,4.665128874690849,2.828556056453818
technology_revenue_25m,Technology companies with revenue >= $25M,INFQ,1,40.82120555795704,15.91784123824388,12.311965942097897,0.205703227916688,0.22120883094433857,0.11911954899794534,-0.058352060112558904,13.893301638333513,8.229480742252784
technology_revenue_25m,Technology companies with revenue >= $25M,IT,0,20.58483240306738,2.170705283788811,3.061523584417042,-0.000418914870467052,-0.12894022383931422,0.05668803390341648,-0.04333402603512024,3.365244363627267,2.084300751358252
technology_revenue_25m,Technology companies with revenue >= $25M,KLAR,1,1.7252818757778918,-1.340543182424332,0.3757715808597293,0.27012297949740144,-0.30245382601175475,-0.05044775920189726,-0.05680722634417734,6.803042753534598,6.045660106585821
technology_revenue_25m,Technology companies with revenue >= $25M,LDOS,0,16.73320000290383,1.0032977024850158,3.6176851151364726,0.20474516142648808,-0.12512374630341938,0.00988112263699642,-0.035607644299797014,1.5509190651165103,0.4883396759880641
technology_revenue_25m,Technology companies with revenue >= $25M,MX,1,6.947290967932944,3.6820071053851287,2.614067085141109,0.12930170886145909,0.16897021933662468,0.14771045792375204,-0.039920954803643785,6.837190437461238,3.42702845934476
technology_revenue_25m,Technology companies with revenue >= $25M,NET,0,13.900211978227002,-0.790740729582466,-0.4180372722943849,-0.19473500712675848,-0.10036081476111915,-0.008275152649414391,-0.093311999754646,2.0887144180538892,3.3978949856244283
technology_revenue_25m,Technology companies with revenue >= $25M,NRDY,1,15.981926522265645,7.722083554647969,12.311965942097915,-0.39213747615427164,0.11820896559790772,0.027824722990939493,-0.0028384922742178756,3.2848532000821984,2.931029655994706
technology_revenue_25m,Technology companies with revenue >= $25M,OOMA,0,12.417666982795092,-0.41424995144776444,1.054186215968659,0.17398254032164742,-0.19705851871104388,0.06121588690517932,-0.015931401453602667,1.2595529212748964,0.4769057392196371
technology_revenue_25m,Technology companies with revenue >= $25M,PSN,0,12.425448516377717,-0.04868398389771822,1.4896830293164545,0.13053350625125676,-0.14440495320503272,0.006612650139756898,0.008322392844003962,0.9171400155254589,0.04718230868607004
technology_revenue_25m,Technology companies with revenue >= $25M,RAL,1,7.195732909096151,11.928860255397154,10.257499753682957,0.11507497418359416,0.1479903874806989,-0.06711596748934837,0.015486463709923112,-3.204548020323435,-1.9784513868279332
technology_revenue_25m,Technology companies with revenue >= $25M,RBRK,0,5.64598551952291,-5.825730199308854,-3.9629790028838303,-0.14375297917160512,-0.12361652084651754,0.010594324163775842,-0.04310720701005707,3.361511509719254,2.3540020441432588
technology_revenue_25m,Technology companies with revenue >= $25M,S,1,2.077728254225221,6.75231086733677,5.8721785740701895,0.17220584502892033,0.12427071543785681,-0.03074016142035846,-0.07744790199825154,-0.6465061604613118,-0.06947997305110613
technology_revenue_25m,Technology companies with revenue >= $25M,SLAI,1,8.14681746726265,0.5727262022476649,-4.674029540051443,0.1850389535205003,0.039694803504849274,-0.009800641566102275,-0.07053114026165053,13.893301638333517,8.22948074225279
technology_revenue_25m,Technology companies with revenue >= $25M,SMRT,1,12.828184146643627,8.440285830170213,5.996475994824671,0.14423718467699956,0.11513687395140679,0.0849913776996126,-0.07392586433536226,4.609195220041003,3.530851080332579
technology_revenue_25m,Technology companies with revenue >= $25M,SQNS,1,40.75800929287223,15.917841238243879,12.31196594209791,0.2857494843393858,0.2079529022086653,-0.08197352155533467,0.012754417668889004,13.893301638333512,8.229480742252788
technology_revenue_25m,Technology companies with revenue >= $25M,TOST,0,15.900062113360478,-0.573919288111834,3.6641017137202905,0.39213747615427264,0.16257968363236855,-0.06000378419479685,0.07738674023496228,1.6391274592429401,0.5795885619648021
technology_revenue_25m,Technology companies with revenue >= $25M,TWLO,0,15.432244097431981,-0.31316984551717364,0.24468859321580164,-0.12501773980828298,0.14592385255919108,-0.1449383899850377,0.046494318048568545,3.4850550768827246,2.074144681318706
technology_revenue_25m,Technology companies with revenue >= $25M,UIS,1,4.134569366174822,3.000979025247751,5.845626074315875,-0.11007098370399265,0.2269533052489437,-0.02132195560072847,0.04715705559419643,2.78616190674447,2.3781484890457882
technology_revenue_25m,Technology companies with revenue >= $25M,VIA,1,4.312551743305197,5.288932576647571,4.136926445152322,0.0927208610220587,0.08975240543674476,0.2081037310629772,-0.07154442253278127,2.220451955780491,2.366271741453293
technology_revenue_25m,Technology companies with revenue >= $25M,VLN,1,16.26069352615303,9.659482084548687,7.4830044466231955,0.12252303533124823,0.14438000434207574,0.22080597163551133,-0.061150409478490715,4.545451008554972,4.165260935313295
technology_revenue_25m,Technology companies with revenue >= $25M,VYX,0,4.748431974739784,0.1541412628246277,0.6457877391040896,-0.052139497917318506,-0.1940249199611903,0.05422273510722084,-0.02086230598931993,-3.374598044165736,-2.483158544980071
technology_revenue_25m,Technology companies with revenue >= $25M,WBX,1,11.762361808009693,8.687396086389764,12.311965942097913,0.0868550628381479,0.1724292397024102,-0.08197352155533148,0.10380697104073944,0.44472459095591765,0.056220987257623936
technology_revenue_25m,Technology companies with revenue >= $25M,XPER,0,3.0744579867911943,-1.2850133188976898,-2.8390962268913986,-0.03361796306684997,-0.13407548320649698,-0.037613499156939983,0.045447680344203295,-1.4483289983147039,-1.2123077547364152
technology_revenue_25m,Technology companies with revenue >= $25M,ZEPP,1,1.5103980865288804,3.6723065000806283,2.171740583156048,0.15135922613591019,0.12711072120981212,-0.05504614088342172,0.04075302012943571,2.5901468247066144,2.8310909027113342
healthcare_revenue_50m,Healthcare companies with revenue >= $50M,ELMD,1,27.552401509732537,1.7102615697812096,2.199972589690308,1.4842957059855104,-0.7502475783449611,-0.8062827770848326,-0.015427636216316543,3.6871851017935278,2.50046680203643
healthcare_revenue_50m,Healthcare companies with revenue >= $50M,XTNT,1,25.91160130160985,1.220360241972685,1.24522643156117,2.316724605976203,0.380093131159669,0.15911327616546417,0.034713295252831344,1.9184778956036506,1.0947146918264796
healthcare_revenue_50m,Healthcare companies with revenue >= $50M,AAPG,0,30.829191588379828,9.617860062596185,2.763146108399833,2.2272859185253218,-0.08229819829150267,-0.6627507797290061,-0.25718175327834536,17.630458135897754,17.13484982635129
healthcare_revenue_50m,Healthcare companies with revenue >= $50M,ABCL,0,34.987978437565914,9.617860062596197,0.5131816857705774,2.2272859185253204,1.1668713506325086,4.046131159805427,0.19351803007856955,17.630458135897747,17.134849826351278
healthcare_revenue_50m,Healthcare companies with revenue >= $50M,ACB,1,17.54372156464063,1.51966977135828,0.6877189311847558,-1.3269844109441606,-0.5928419772588267,-0.8109190269658231,-0.1739423929350536,0.3884623559219547,0.3103805821878027
healthcare_revenue_50m,Healthcare companies with revenue >= $50M,ADMA,1,24.92037500284406,3.8279750388297487,2.887045664538546,0.15435167167593794,0.18690535907679512,-2.2091346421612075,-0.16785911921585392,1.519119830104481,1.1797934679039142
healthcare_revenue_50m,Healthcare companies with revenue >= $50M,ADPT,1,8.273798011006914,-0.9734799596301369,-0.6022867909560942,-0.835484921256624,-0.5731936785063159,-0.24082666311705506,-0.13766306914917356,-2.6713340898749562,-3.234110548594426
healthcare_revenue_50m,Healthcare companies with revenue >= $50M,AGEN,1,0.7676481198964069,4.314401801743989,0.6728520256302266,-0.9665151824052713,1.505144229998516,1.2101310301103636,-0.03228412691205379,-11.744101779629936,-11.734157610731106
healthcare_revenue_50m,Healthcare companies with revenue >= $50M,AGIO,0,37.374172428898035,9.617860062596193,2.8140836577034154,2.2272859185253155,1.166871350632504,4.04613115980542,0.27881004947784144,17.63045813589776,17.13484982635128
healthcare_revenue_50m,Healthcare companies with revenue >= $50M,AHCO,1,24.23791588082981,1.4813551172009485,0.4878702956397462,-0.07981479676654507,-0.8877095582171644,1.1115452307398153,0.19006239657279628,1.7679825135664475,2.6244469500021124
healthcare_revenue_50m,Healthcare companies with revenue >= $50M,ALMR,0,16.233820600620284,3.1787934195961456,1.6631354747646412,0.8715071234798265,0.8089819207665513,0.6218820229172101,-0.024671718610621063,14.149048065995052,12.507322023803175
healthcare_revenue_50m,Healthcare companies with revenue >= $50M,ALNY,1,26.970364738905918,1.717704475844387,1.3584856864485362,-0.09373605365465593,1.6681219371144769,0.09568108282983606,-0.019766837440210405,2.816349140617152,1.8853475750547446
healthcare_revenue_50m,Healthcare companies with revenue >= $50M,ALVO,1,16.132454945406803,4.314401801743983,0.8727079933806594,-1.356777395077929,-0.5418888742243908,0.6065741058308822,0.5840924798568261,-3.995095184913512,-1.8937377132814175
healthcare_revenue_50m,Healthcare companies with revenue >= $50M,ANIP,1,27.980151043979603,2.343728986534754,1.2623343271564331,-0.5743544533048325,0.43119941872468226,0.12748467325648682,0.17584366611092095,3.6434685799292765,3.0282681134802
healthcare_revenue_50m,Healthcare companies with revenue >= $50M,APYX,1,8.252991786819459,-0.7712036460502789,-1.167779634513576,0.059097717772532254,-0.9735959847816398,-1.20981063802769,0.3591117593915716,-2.5945981532227806,-2.990407365840355
healthcare_revenue_50m,Healthcare companies with revenue >= $50M,ARCT,0,32.60306404768872,8.973323808235072,1.9870280463368115,1.879636487172882,0.16377106063713906,2.167381665477365,0.20879274967209083,17.630458135897737,17.13484982635128
healthcare_revenue_50m,Healthcare companies with revenue >= $50M,ARDX,1,12.363796731805156,-0.6233927235628416,-0.676266891989433,0.13565712450046785,0.263975072463379,-0.8110710760186708,0.1600478281991523,-1.4221433039437592,-2.2051870299348124
healthcare_revenue_50m,Healthcare companies with revenue >= $50M,ARGX,1,28.8623874433822,3.1280421188981853,2.2953539974693364,-1.056365907633017,3.2686540702721687,-1.343178248376363,-0.3037125447845809,3.0484273918913685,2.282988833553405
healthcare_revenue_50m,Healthcare companies with revenue >= $50M,ARQT,1,17.895351384328414,0.11636202424904107,0.2594382503109476,0.33766335929762936,0.7575171722743903,-0.1407893770954951,-0.012439594529173537,-0.2485483026496878,-0.7160298796209326
healthcare_revenue_50m,Healthcare companies with revenue >= $50M,ARVN,0,24.04975594458249,4.109585105178873,0.5640851173870093,1.4585296342231238,-0.7685535108741725,1.16289208235919,0.3000872861511108,17.630458135897747,17.134849826351278
healthcare_revenue_50m,Healthcare companies with revenue >= $50M,ASMB,0,6.131434558464029,1.5359811533940357,-0.4072810418311969,1.7625402372133352,-0.6028218131684027,1.3387678940436711,0.3025985981205083,9.803869931912356,9.93995733087139
healthcare_revenue_50m,Healthcare companies with revenue >= $50M,ASRT,1,11.743341562533365,0.2880007600873964,-0.5775021644567586,-1.176739716146222,3.291049921806828,0.7167977254435105,-0.14281238829575982,-3.773961261629821,-4.423669046367489
healthcare_revenue_50m,Healthcare companies with revenue >= $50M,AUTL,0,36.84149302082795,9.617860062596183,4.672959987288643,2.227285918525321,1.1668713506325041,1.7577637982266365,0.17562167340131546,17.630458135897758,17.13484982635129
healthcare_revenue_50m,Healthcare companies with revenue >= $50M,AXSM,1,8.774796325368477,-2.4799403431579585,-2.237959162648581,0.5414260257269874,-0.4021734590446662,0.8010726647578326,0.0474879534924601,-2.132208969399342,-2.9050861164499286
healthcare_revenue_50m,Healthcare companies with revenue >= $50M,BBIO,0,28.396340465296685,9.617860062596185,4.698664658200251,0.8490622214610976,0.2329463017497522,-0.09110919744186152,-0.5840924798568264,15.94495918068368,15.270227449996073
healthcare_revenue_50m,Healthcare companies with revenue >= $50M,BBNX,0,15.720112066045976,6.578981044440784,1.7688376761496873,1.6758647748608215,1.0146542050330247,3.350955689384716,0.2888549081442611,9.650428226561708,8.93371327356265
healthcare_revenue_50m,Healthcare companies with revenue >= $50M,BCYC,0,37.05880669447899,9.617860062596192,2.6710482825018986,2.227285918525322,0.9859480091243327,4.046131159805419,0.28740303176849574,17.630458135897765,17.134849826351285
healthcare_revenue_50m,Healthcare companies with revenue >= $50M,BDTX,1,33.60917051021531,2.8655991833463377,2.378459514029717,-1.0166646696806565,3.7105249338572324,-3.2082692918647986,-0.16402034572813354,6.169518380337655,5.331845073826299
healthcare_revenue_50m,Healthcare companies with revenue >= $50M,BEAM,0,34.1854173937358,9.617860062596192,-0.07644025312802605,2.2272859185253244,0.9522279479528428,4.0461311598054195,0.19522232782671578,17.630458135897765,17.13484982635127
healthcare_revenue_50m,Healthcare companies with revenue >= $50M,BNTX,1,10.415695337176253,-2.136628208129737,0.10201997066075608,-2.22728591852532,-0.7372862540294572,-2.6931036095816374,-0.3003577775715755,-1.3155282401594572,2.1816876424210094
healthcare_revenue_50m,Healthcare companies with revenue >= $50M,BRKR,1,19.014369529915832,0.9236118737568557,0.6522291575589589,-0.7983122563240188,-0.8612015020667101,0.6989331880430385,0.06020946506873215,0.6130144174588361,0.18370745432846713
healthcare_revenue_50m,Healthcare companies with revenue >= $50M,CARL,0,15.65289890305239,5.285322493373976,1.82438708339301,1.3785115471662006,0.6724838361226464,3.472049433305309,0.1611557133969062,10.372323196327013,10.028843332059
healthcare_revenue_50m,Healthcare companies with revenue >= $50M,CBLL,0,12.45006621718786,5.388235679861658,2.3171678476593134,1.140328326390204,0.9422079646045519,3.9739562202387955,0.18410968400172695,7.9423055508221,8.10393267570117
healthcare_revenue_50m,Healthcare companies with revenue >= $50M,CCRN,1,18.449087906707263,-0.5222134224557209,-1.6442046341229146,3.51355958043778,-1.1668713506325006,-0.49620644943280773,-0.3037125447845772,1.2304424468483062,0.29611654875804033
healthcare_revenue_50m,Healthcare companies with revenue >= $50M,CDXS,0,2.1351197198772827,4.590954456365542,2.587901015686819,1.0639466309502708,0.4909364388901301,0.5244626123245741,-0.25243394395260527,5.616438584377404,5.055091657326828
healthcare_revenue_50m,Healthcare companies with revenue >= $50M,CGC,0,21.5669089671546,9.61786006259619,4.6986646582002445,1.7181415831406772,0.9253412136153188,0.11338710888759147,-0.12007645215954912,11.418439093003943,10.73732943196185
healthcare_revenue_50m,Healthcare companies with revenue >= $50M,CLLS,0,10.935767627193403,5.221579339524494,1.6101030118173165,1.962733488004865,0.8275256077408836,-0.7624323928780836,-0.00541256293264572,10.154387164221415,9.469461703786832
healthcare_revenue_50m,Healthcare companies with revenue >= $50M,CLOV,1,23.026178639999053,-0.3517216533587715,-1.0627385590611589,3.5135595804377795,3.7105249338572306,0.8480836189721703,-0.015427636216316765,-0.11178432047902873,-1.0464950562445239
healthcare_revenue_50m,Healthcare companies with revenue >= $50M,COSM,1,9.640530767442232,-2.178671909165442,-2.5316729326894323,0.7959277707713638,-0.6666397502687456,1.1233025677560753,0.034668546572822645,-1.8546166900547125,-2.623944567571392
healthcare_revenue_50m,Healthcare companies with revenue >= $50M,CTKB,1,11.167684339627643,-0.7657519513260431,-0.9099911833607779,-1.2056876301268127,-0.8887982339946807,-1.2335995739012675,-0.25541531684571994,-0.26088833872305717,-0.8543611641856681
healthcare_revenue_50m,Healthcare companies with revenue >= $50M,CTMX,0,20.676968366220237,2.597955636511499,0.586402644095985,0.9692168970695592,-0.8479097627366208,0.09416173506231929,0.2822652453097791,17.536509611799197,17.000544091200183
healthcare_revenue_50m,Healthcare companies with revenue >= $50M,CVRX,0,24.223380626706387,7.923067306843887,4.698664658200255,0.8340498596670608,0.981632705785204,2.7490797118781667,-0.2371120817076016,12.530445314482462,12.285730883648622
healthcare_revenue_50m,Healthcare companies with revenue >= $50M,CYTK,0,35.2860760038429,9.617860062596183,4.69866465820026,2.227285918525322,1.1668713506325072,0.9363562635881233,-0.5840924798568242,17.63045813589776,17.134849826351296
healthcare_revenue_50m,Healthcare companies with revenue >= $50M,DCGO,1,15.682027409067997,-2.1394823124537456,-4.69866465820025,2.536460933210646,-1.1668713506325041,0.39024100539620554,-0.16050841513062428,2.063111592396789,1.315562882389825
healthcare_revenue_50m,Healthcare companies with revenue >= $50M,DXCM,1,31.759940849971546,2.893681312505327,2.110508446146656,-0.1383210452851398,-0.6163407903658439,0.6096127854825357,-0.06348532707710008,4.737868754671808,4.6842389818016406
healthcare_revenue_50m,Healthcare companies with revenue >= $50M,ENTA,0,11.510161550911434,9.61786006259618,2.5240989316117988,1.9340122487884392,0.35697012502243536,0.7488627386831963,0.07829207545502147,8.40806202682283,5.384181074023212
healthcare_revenue_50m,Healthcare companies with revenue >= $50M,EOLS,1,12.950554183484828,-0.6639069843408891,-1.8341234630724008,1.9349935596717054,0.29863511121858727,0.6006636263148768,0.4708378325283958,-2.5614259680799285,-2.8372972628471986
healthcare_revenue_50m,Healthcare companies with revenue >= $50M,ETON,1,26.28176676565421,0.4582826595127727,0.12082394540432145,0.3353967199602131,2.381310197583532,0.7898490417931174,0.07098749679930022,2.8555959211840176,1.7273430513252435
healthcare_revenue_50m,Healthcare companies with revenue >= $50M,EVO,1,13.923373787641589,0.4041783174018432,0.006515348241059593,-1.1220537655809808,-1.1534429748075126,0.49847152884670126,-0.015427636216318041,-1.5762576678246047,-0.6607870945102805
healthcare_revenue_50m,Healthcare companies with revenue >= $50M,FBIO,0,20.103210849225327,3.017697279871681,-1.0691485369483498,1.5472772313053536,-0.21682527536023133,-0.25504659985774075,-0.1438734799427292,17.630458135897737,17.134849826351275
healthcare_revenue_50m,Healthcare companies with revenue >= $50M,FDMT,0,35.746676883405094,9.617860062596186,2.037603216796335,2.2272859185253226,0.5928419772588336,3.7769139469205935,0.27104153115049795,17.630458135897754,17.13484982635129
healthcare_revenue_50m,Healthcare companies with revenue >= $50M,FLGT,0,1.007987998838403,1.305474001358014,-0.12173751886481293,1.8153930958878046,1.000272283052844,2.075042235648044,0.303712544784578,6.455001584536662,5.717007504526945
healthcare_revenue_50m,Healthcare companies with revenue >= $50M,GERN,0,9.599253082795073,2.544885733425225,0.9339060764343678,1.6139171798499117,-0.005250537449689341,1.0152108221650746,0.06964121941602125,10.437308344743816,10.531811976302029
healthcare_revenue_50m,Healthcare companies with revenue >= $50M,GMAB,1,33.51612103785783,3.549983255149578,1.4857589511939722,-1.7329365528109273,1.0637159550656383,0.5283062082025223,0.16796996235928952,6.063779810258847,4.847365716347225
healthcare_revenue_50m,Healthcare companies with revenue >= $50M,GRAL,0,35.43573492351498,9.617860062596188,0.861666527392611,2.227285918525311,1.1668713506325012,4.046131159805417,0.2927896744055881,17.63045813589775,17.134849826351278
healthcare_revenue_50m,Healthcare companies with revenue >= $50M,HALO,1,36.634257945845114,4.045798259718744,2.0402024199629034,-0.7895779994446972,3.7105249338572275,-1.0125320756807143,0.5840924798568251,5.181727121656849,5.331845073826298
healthcare_revenue_50m,Healthcare companies with revenue >= $50M,HCM,1,15.950924544615358,4.314401801744001,2.887045664538547,-1.6475381229274457,-0.8711116287675482,-1.1899259475281605,-0.2503844060281328,-2.402229300856198,-2.4315112476513896
healthcare_revenue_50m,Healthcare companies with revenue >= $50M,HCSG,1,24.091907603626304,0.5252095254178497,1.4808375894581844,3.5135595804377813,-1.1668713506325041,-0.2669186141919556,-0.3003574739195969,1.9157393084961871,0.8485313064686872
healthcare_revenue_50m,Healthcare companies with revenue >= $50M,HROW,1,25.80673806303934,1.5822369821348337,0.526560548903807,-0.3301703915953724,0.04251130326255903,0.42487177034006124,0.4073780442467933,3.3929027554023463,2.2182693182526383
healthcare_revenue_50m,Healthcare companies with revenue >= $50M,HSTM,1,25.333868968745925,2.1006195083423678,1.0529418066164586,-0.6778475006475341,-0.9538414597718818,1.1462038201000047,-0.281986594607455,2.401312001941041,3.004289654681283
healthcare_revenue_50m,Healthcare companies with revenue >= $50M,HTFL,0,5.202430544865884,5.054585536345122,2.887506628003333,1.0157624534380825,1.0789314998828727,1.3264210067830002,0.24407529941547393,5.555330082869003,5.581995770220664
healthcare_revenue_50m,Healthcare companies with revenue >= $50M,IDYA,0,5.819638838977152,6.783245627025716,0.4540488881979425,2.060960954973802,-1.7171136537034113,4.046131159805419,0.2854819282932133,5.563884403685518,5.885177262790625
healthcare_revenue_50m,Healthcare companies with revenue >= $50M,INGN,1,16.1050527029887,-0.19480263517409524,-0.16608123172258926,1.4058135133269043,-0.531954799891919,-0.11382139745563491,-0.24731647727910855,-0.5860587033371432,-1.0029032975693937
healthcare_revenue_50m,Healthcare companies with revenue >= $50M,INSM,0,34.63372985304647,9.617860062596183,4.698664658200251,1.8086303005938595,0.7441048418417254,0.5259121234407732,0.015427636216314738,17.630458135897744,17.13484982635128
healthcare_revenue_50m,Healthcare companies with revenue >= $50M,INVA,1,33.51130612028729,4.314401801744003,2.4816503472272378,-1.866637115236195,3.7105249338572337,-4.046131159805418,-0.12604387375519543,6.169518380337648,5.331845073826296
healthcare_revenue_50m,Healthcare companies with revenue >= $50M,IOVA,0,33.951193251773205,9.617860062596192,4.017039073895127,1.7344351404109835,0.9467380315170737,0.1596675299053102,0.2523231832911917,17.630458135897744,17.13484982635127
healthcare_revenue_50m,Healthcare companies with revenue >= $50M,IPSC,0,16.5859471577134,-0.3008133633059771,-0.198771814447823,1.0219952454065648,-1.4830071894797163,1.7783914302353765,0.09146440593340313,16.89143516090346,16.327431014559778
healthcare_revenue_50m,Healthcare companies with revenue >= $50M,IRIX,1,18.711094759492045,-0.11783579237359287,-0.9979631395195852,3.513559580437784,-0.30956809796913126,0.5924692236057302,-0.13640189815339837,-0.23936557998411584,-1.1359772686433187
healthcare_revenue_50m,Healthcare companies with revenue >= $50M,IRTC,1,18.972571977038847,0.019090308416797708,0.18945896218479158,-0.1486266547779057,-0.8584174157012991,-0.9932794129963716,0.5058401275782811,1.3790516691281853,1.3372766611146816
healthcare_revenue_50m,Healthcare companies with revenue >= $50M,IVVD,0,33.73520141963218,9.617860062596188,1.4067495672472967,2.0759686291308013,0.5860037211642558,2.5217766645517266,0.3037125447845767,17.630458135897744,17.13484982635127
healthcare_revenue_50m,Healthcare companies with revenue >= $50M,JAZZ,1,29.824775004838138,0.6686840773550868,0.3331058342162609,-1.4576942511955087,1.6489696984812718,0.6240809021344536,0.21795864639762413,5.418900960927417,4.828591404429869
healthcare_revenue_50m,Healthcare companies with revenue >= $50M,JYNT,1,19.699598015417923,0.21314980773207814,1.1890288814745915,0.45141383399379087,-0.9435065725796398,0.7820681384985481,-0.2765567834971543,0.6503110755333501,0.09151190217067073
healthcare_revenue_50m,Healthcare companies with revenue >= $50M,KMDA,1,22.272568205554716,2.177668844953459,1.25081620455046,-1.0629773901498991,-0.6877995895957262,-0.6702957101596745,-0.27934469521702965,2.1146678852744056,1.8876549238070388
healthcare_revenue_50m,Healthcare companies with revenue >= $50M,KMTS,0,35.92573428859522,9.617860062596193,3.543138583931593,2.0427539489097057,1.1382312633909981,2.217768483510965,0.14285171609843428,17.630458135897754,17.134849826351278
healthcare_revenue_50m,Healthcare companies with revenue >= $50M,KPTI,0,11.140822430536286,9.617860062596186,4.698664658200251,-2.047797540435093,0.14981939101885286,-1.0547428880474987,-0.5840924798568279,8.835993047494819,9.06729591165726
healthcare_revenue_50m,Healthcare companies with revenue >= $50M,KURA,0,34.76615488938724,9.617860062596192,3.461859333854056,2.2272859185253253,0.9697865034826041,1.829391959816368,0.28257269618643777,17.630458135897758,16.28911801112023
healthcare_revenue_50m,Healthcare companies with revenue >= $50M,LAB,0,29.17025935329616,9.617860062596193,0.7759618839453409,2.227285918525321,1.0513471621010826,0.7405955450499461,0.2521504771807118,17.05872697170758,14.988509064281683
healthcare_revenue_50m,Healthcare companies with revenue >= $50M,LFCR,1,12.417484142892649,-0.566955069321279,-1.1571396465923183,-0.7824501606269172,-0.8023886296561198,-0.3298417499131437,0.3884594504520923,-1.3810123562030645,-0.4933654273382706
healthcare_revenue_50m,Healthcare companies with revenue >= $50M,LUNG,0,6.237698571727551,5.193288338161285,3.9025002836013734,0.2647663169245541,0.8704112100297978,1.251851330849743,-0.18449585938812374,6.051682224521671,6.429872459118914
healthcare_revenue_50m,Healthcare companies with revenue >= $50M,MASI,1,24.965713406524983,2.2570344739264407,-0.30834293067765806,0.4454699606821302,-0.03492305119391215,0.253668030964207,0.06238169453803111,2.8373936076269533,1.9108538885671087
healthcare_revenue_50m,Healthcare companies with revenue >= $50M,MASS,0,2.7667486285709666,3.586961437333324,-1.7891206980316898,1.7090502488735324,0.8252415559743675,0.7695428351067468,0.2864135420259742,7.428214278542467,7.492623160837918
healthcare_revenue_50m,Healthcare companies with revenue >= $50M,MDGL,1,6.263235633308907,-2.6029755244530564,-1.8367267428005343,-0.047071395662150184,0.725425571673695,-0.6358668773453313,0.001485619301215102,-3.119868573400542,-3.7633441760960626
healthcare_revenue_50m,Healthcare companies with revenue >= $50M,MDLN,1,20.550546543108624,1.1169663886406362,0.9968012635693317,-0.12596857672399558,-0.1688018070138591,-0.7958312794065946,0.06112016766192285,1.3683913116921798,0.5556913425972947
healthcare_revenue_50m,Healthcare companies with revenue >= $50M,MDXG,1,27.9593163282623,1.8934356841632256,2.2183806237725907,1.5992737988005168,-0.4134713212099673,-0.8126439037701467,-0.25428014242262564,3.706668623989509,2.479775232847474
healthcare_revenue_50m,Healthcare companies with revenue >= $50M,MEDP,1,34.43147205253197,2.2264807773660147,2.887045664538553,1.810381554531522,-0.664092567887721,1.2101310301103627,-0.2484543374630754,5.436106359619949,4.231695839624683
healthcare_revenue_50m,Healthcare companies with revenue >= $50M,MGNX,0,10.343611482201874,3.79265726034742,2.511256115074757,0.6859117704687505,0.43039899907363866,1.2704051258428088,0.15051757538957225,9.542569294418225,9.50207307367839
healthcare_revenue_50m,Healthcare companies with revenue >= $50M,MGTX,0,18.600950819329878,9.617860062596185,4.444373093313467,1.575727998677526,1.1000568774885404,-1.2101310301103638,-0.10084037663992149,10.755463917448948,9.960618008647172
healthcare_revenue_50m,Healthcare companies with revenue >= $50M,MMED,1,17.966769485637208,0.45233076476090694,0.016222878114611705,-0.456511625745181,-0.7980277213913598,0.9366914037243588,-0.30371254478457776,0.18482085805790488,0.39277774080884104
healthcare_revenue_50m,Healthcare companies with revenue >= $50M,MNKD,1,20.929049317382255,1.5006644356832954,0.748277917184824,-1.1915851084713605,-0.25778119319263526,0.7133982335886104,0.21640022587985458,1.2522797590944483,0.40521731552352996
healthcare_revenue_50m,Healthcare companies with revenue >= $50M,MRNA,0,31.516026555792536,9.617860062596188,1.8351161011277837,2.2087785703563942,0.6483607469550686,0.21446412531237702,0.19325861857813142,17.630458135897737,16.709907927060524
healthcare_revenue_50m,Healthcare companies with revenue >= $50M,MRVI,0,7.6704669588194605,7.623624548798713,1.189431309918947,1.9041739012533259,0.5675440361533564,2.1431770582550667,-0.22722259672998804,6.378733526331638,5.633182906930102
healthcare_revenue_50m,Healthcare companies with revenue >= $50M,MYGN,1,9.385489545496826,-3.817766277981271,-4.698664658200253,1.403231702104056,-0.8711916721691627,0.2572467755701493,0.025429296350066105,-0.02464159970217386,-0.4303317525662539
healthcare_revenue_50m,Healthcare companies with revenue >= $50M,NKTR,0,34.40342942042549,9.617860062596185,4.698664658200261,2.0616203265151634,-0.35807084949774537,1.1958314534909105,-0.03560646103662332,17.63045813589774,17.134849826351278
healthcare_revenue_50m,Healthcare companies with revenue >= $50M,NRC,1,28.45630577466758,2.202242303163549,1.6082508789376018,0.8736848633238434,-0.7001929990800257,1.2101310301103605,0.35614198698855587,2.621681542773673,2.742188436358343
healthcare_revenue_50m,Healthcare companies with revenue >= $50M,NRIX,0,36.175161360991524,9.617860062596183,3.537341875235653,2.227285918525324,0.9582217575003886,2.3897077764799906,0.2216137404966304,17.63045813589775,17.134849826351285
healthcare_revenue_50m,Healthcare companies with revenue >= $50M,NTLA,0,36.34998931212795,9.617860062596186,4.694347439451706,2.2272859185253235,1.1420156957472574,1.2578742445874285,0.18747572106270577,17.63045813589775,17.13484982635129
healthcare_revenue_50m,Healthcare companies with revenue >= $50M,NVAX,1,19.866959179282002,4.314401801743985,2.887045664538568,0.6461179134314152,1.69909869847051,0.4668638907773296,-0.0723145033760782,-3.5202641185697687,-4.096167899825627
healthcare_revenue_50m,Healthcare companies with revenue >= $50M,OCUL,0,37.419978438495804,9.617860062596188,2.9334050684388577,2.227285918525319,1.1668713506325068,4.046131159805415,0.2052946483401648,17.630458135897758,17.13484982635129
healthcare_revenue_50m,Healthcare companies with revenue >= $50M,OM,0,7.646182725066614,5.009163939324748,2.7102401281827073,1.1515754651372407,0.6989870055618079,2.1849858716880295,-0.12368162301371285,6.627276690729277,6.929812979548197
healthcare_revenue_50m,Healthcare companies with revenue >= $50M,OMCL,1,21.22238038614451,0.8210965435361415,0.6786733436107113,-0.621801695855096,-0.8050177117631057,0.875738930182727,-0.1958789468081292,1.6032854625009811,1.3241067286486055
healthcare_revenue_50m,Healthcare companies with revenue >= $50M,ONC,1,24.852523613365644,1.1888839551440564,1.0506763446947882,-0.4342768486926967,-0.57022243211643,-0.281695073001606,-0.16157979824628874,3.467681072064719,3.050878661427412
healthcare_revenue_50m,Healthcare companies with revenue >= $50M,OPCH,1,25.505170194236054,0.7704390793116636,1.3245070634986789,3.074964733254546,0.3338232187779271,0.818285365022661,0.10729554778749151,1.2378857424357146,0.295791712055688
healthcare_revenue_50m,Healthcare companies with revenue >= $50M,OPRX,1,25.581356475235307,1.5376296362722623,0.9846720688261388,-0.5556297244325766,0.2554598202203911,-0.06844276553667611,-0.14546710249514344,3.6470250773185677,2.383931732970665
healthcare_revenue_50m,Healthcare companies with revenue >= $50M,OSUR,0,9.11320790302288,4.827880023358643,1.197849419483025,1.7460972399659733,1.0332672848718445,2.1349468424992146,0.27682088302267827,7.867694515770958,7.570829426142225
healthcare_revenue_50m,Healthcare companies with revenue >= $50M,PACB,0,24.917652396034164,9.175055034005863,4.698664658200258,2.0362743198625677,0.818398490133464,1.2986492815162265,-0.5840924798568237,12.965234848302329,12.051645975961971
healthcare_revenue_50m,Healthcare companies with revenue >= $50M,PAHC,1,22.112860897927323,1.1680916739931342,1.055316395371729,0.6373490647485875,-0.4013862892517829,0.09585567223257419,0.3259610739122234,1.125895479834167,0.5636000949949904
healthcare_revenue_50m,Healthcare companies with revenue >= $50M,PHAT,0,28.237779063267627,8.366854194451466,4.698664658200254,0.3513498460365736,0.5126849706318445,-0.6963271662865347,-0.5840924798568246,16.789353431355927,16.34146934082662
healthcare_revenue_50m,Healthcare companies with revenue >= $50M,PIII,1,21.117978369698335,-1.1370805803057609,-1.7977649868206083,3.513559580437778,3.710524933857228,1.2101310301103632,0.18209915859234416,-0.5966700104613039,-1.508998487803407
healthcare_revenue_50m,Healthcare companies with revenue >= $50M,POM,1,1.8651644521768524,-2.7856774970439773,-4.698664658200254,3.5135595804377813,-0.5928419772588283,1.210131030110363,0.5840924798568259,-6.25238093355397,-6.655231304262768
healthcare_revenue_50m,Healthcare companies with revenue >= $50M,PRCT,1,3.709500042062662,-2.615531725540504,-1.3906974723278018,-0.5992872722585959,-0.7818205460716011,-2.2889937134188205,-0.13754245201273257,-2.901612501114055,-3.1171920072849124
healthcare_revenue_50m,Healthcare companies with revenue >= $50M,PRE,0,6.976564533981755,3.3051646549455813,1.334731991845851,1.1636348300976898,-0.5001976251818788,0.023927278573835753,0.3037125447845782,14.483407652477736,4.404360938530042
healthcare_revenue_50m,Healthcare companies with revenue >= $50M,PRVA,1,26.8585865834818,0.2719638281269081,0.8504179067229622,2.77279157678255,2.197291994069943,0.773222073119963,-0.303712544784577,1.938139248845279,0.8162947685070965
healthcare_revenue_50m,Healthcare companies with revenue >= $50M,PSNL,0,34.22238141634201,9.617860062596186,1.9935348904655246,2.0207049120347578,0.9496367898316731,2.240016238872863,0.17749829238365433,17.630458135897737,17.13484982635129
healthcare_revenue_50m,Healthcare companies with revenue >= $50M,PTCT,1,37.45056866859626,4.314401801743964,2.8870456645385536,-0.6324302618636652,2.229250801151526,0.33768433274533216,0.5840924798568294,4.856501044505735,5.331845073826301
healthcare_revenue_50m,Healthcare companies with revenue >= $50M,QTRX,0,13.155444790125275,6.280378988606939,2.132120412839485,1.582449470929431,0.8652756022377888,-0.05088797867586253,0.21253125275340246,9.924198315922533,9.751556457603234
healthcare_revenue_50m,Healthcare companies with revenue >= $50M,RARE,0,18.959541323838174,6.753098129894495,3.439056591300993,1.1959340841179742,0.4720458674643854,-0.26264208049457627,0.28738614332202184,12.608740483372648,12.008099836951892
healthcare_revenue_50m,Healthcare companies with revenue >= $50M,RCEL,0,5.489237146350037,5.506967830045381,4.698664658200257,-1.7712130871528298,0.8464741510114372,-1.210131030110364,-0.5840924798568261,7.816995154045801,7.727749682258861
healthcare_revenue_50m,Healthcare companies with revenue >= $50M,RDGT,1,27.534850158206165,0.47274162827715127,2.396940458788223,3.5135595804377786,2.7034087406447083,0.6940609877494114,-0.12999018035854618,0.635314274921843,-0.2933630643461034
healthcare_revenue_50m,Healthcare companies with revenue >= $50M,RGEN,1,19.98141895496456,2.443883358917334,0.8486578946593548,-1.8711725570401776,-0.734011525620325,-3.1818648168383445,-0.046660757161764155,2.796123392987658,2.18428623296913
healthcare_revenue_50m,Healthcare companies with revenue >= $50M,RGNX,0,21.271039889141946,7.504098889417968,4.014871203801977,1.4212556337874038,0.5397625017888596,-0.31797985838989096,0.12864943190968356,12.932985534326392,12.589574284591258
healthcare_revenue_50m,Healthcare companies with revenue >= $50M,RXRX,0,36.11201533821354,9.617860062596186,4.118001164812235,2.2272859185253147,1.1668713506325021,1.5051057211466052,0.2537608903433251,17.63045813589774,17.134849826351257
healthcare_revenue_50m,Healthcare companies with revenue >= $50M,RXST,1,3.4412815120295726,-2.4937460091414057,-0.6991432278021263,-1.2245689585896422,-0.900579939837516,-4.046131159805419,-0.2737633094113508,-2.0737171456611927,-2.3892464698134503
healthcare_revenue_50m,Healthcare companies with revenue >= $50M,RYTM,0,19.407997798951236,8.81953754174734,3.810635394542926,1.3535834257397121,0.5420420273535,0.8650595513775774,0.30371254478457566,10.62806903020608,10.627536015291195
healthcare_revenue_50m,Healthcare companies with revenue >= $50M,SGHT,0,7.781250084213337,4.035493933068578,2.978924402150708,0.3682842031543275,0.6333126758257462,4.046131159805422,-0.09033166458632866,6.487216216454188,6.864396890432377
healthcare_revenue_50m,Healthcare companies with revenue >= $50M,SMTI,1,19.339379196191185,1.0394214274114915,-4.698664658200254,2.2849199843955876,0.5261049548430895,0.6573598420582205,0.44161597648135353,0.9161647386403335,0.630279198469693
healthcare_revenue_50m,Healthcare companies with revenue >= $50M,SNDX,0,33.853293984888914,9.617860062596181,4.698664658200259,1.6029139665617556,0.28382528075193925,0.8587197052669915,-0.4318199186455619,17.630458135897747,17.13484982635127
healthcare_revenue_50m,Healthcare companies with revenue >= $50M,SNY,1,27.56158963355564,2.658507980851621,1.3414124242228722,-1.4491731321373693,-0.18528428386536244,1.0713586702520252,-0.13085225977617942,3.3445952612823815,3.3688472406339467
healthcare_revenue_50m,Healthcare companies with revenue >= $50M,SOPH,0,14.615813161532845,7.879192676274698,4.634203926393221,1.0720774558204638,1.1276075721296257,-0.5638481620643037,-0.12798352288116216,9.927540456162463,8.209200491789536
healthcare_revenue_50m,Healthcare companies with revenue >= $50M,SPOK,1,27.160169602657668,1.7068927496785502,1.5102988694926027,-0.34378598758226975,-0.8038998714699943,1.0207125619536637,-0.2757533542088769,3.8164319210656976,2.987094981636618
healthcare_revenue_50m,Healthcare companies with revenue >= $50M,SPRY,0,36.25632757551855,9.617860062596181,4.698664658200251,1.8463933413122091,0.3507454227902468,2.5417830589515327,-0.022249198489230543,17.630458135897744,17.13484982635128
healthcare_revenue_50m,Healthcare companies with revenue >= $50M,SRTA,1,6.238021952363419,-0.6257714401471297,2.0571879673413647,-0.6014336611253579,-0.2310785437343723,-2.0145293205301464,-0.30264622832715854,-4.983520540712243,-4.602364012493213
healthcare_revenue_50m,Healthcare companies with revenue >= $50M,STRO,0,31.79271495175453,9.617860062596188,4.698664658200255,0.6591053532585018,-0.08129053790874721,-0.5358639529580291,0.21110913840901502,17.63045813589775,17.13484982635128
healthcare_revenue_50m,Healthcare companies with revenue >= $50M,SUPN,1,20.672708471584663,0.6436666868752372,0.3769609522558966,-0.9971989092214018,0.46006561692348386,0.5965411149663806,-0.28199767029400125,1.7018952311310775,0.6305977168563008
healthcare_revenue_50m,Healthcare companies with revenue >= $50M,TALK,1,20.2517192756495,0.32563532896861247,1.2995122893467295,3.297366606537486,-0.7047511674340536,-2.0198304680919956,-0.015427636216316487,0.37224635332866846,0.15479023711869755
healthcare_revenue_50m,Healthcare companies with revenue >= $50M,TCMD,1,24.41131726777632,1.2177432770207948,1.4295665364225534,1.531962082378572,-0.875372453632625,-0.646269348301872,-0.2476234968726727,2.760355430081511,1.6987775085884116
healthcare_revenue_50m,Healthcare companies with revenue >= $50M,TECH,1,25.9708827679656,1.7932869264339728,0.9812583753442827,-1.061889045846554,-0.6817222475509084,-0.3113115696788804,-0.11564978252426408,4.361571894842635,3.4631604848536464
healthcare_revenue_50m,Healthcare companies with revenue >= $50M,TELA,0,3.3676633497778763,3.833323392665101,4.550721031280198,-0.7569985944994438,0.7359351636684706,0.7467853644492427,-0.4751382159297256,5.949159541780781,6.3260533984549365
healthcare_revenue_50m,Healthcare companies with revenue >= $50M,TEM,1,8.563366986803793,-0.83226920722191,-0.511151365605329,-0.7680525439137511,-0.8081265957001194,-0.121531013860397,0.3531918074674539,-2.965852924966004,-3.3250189014878404
healthcare_revenue_50m,Healthcare companies with revenue >= $50M,TLRY,0,3.558434469091356,9.617860062596174,4.698664658200253,1.3508174267455078,0.906435918495971,-0.274231746133763,0.13295639271287352,2.2815409613918622,2.386568527174138
healthcare_revenue_50m,Healthcare companies with revenue >= $50M,TLX,1,19.290883480306135,0.49417896834536834,0.6003336567076532,-0.2983301066656252,0.01591415154744158,0.8762991391225201,0.14485487172176004,-0.8409608291836244,0.7564158966189536
healthcare_revenue_50m,Healthcare companies with revenue >= $50M,TMCI,1,9.252492252216413,-1.890899850460267,-2.7198514349543434,1.2215840209251811,-0.5112867928848901,-0.8085671209996788,0.1171326100899534,-1.9795363690143486,-1.7182605425768673
healthcare_revenue_50m,Healthcare companies with revenue >= $50M,TNGX,0,35.980458590226256,9.617860062596197,2.120618525007556,2.206300894446645,0.5484808205873043,4.046131159805425,0.21793689762581403,17.630458135897737,17.134849826351285
healthcare_revenue_50m,Healthcare companies with revenue >= $50M,TXG,1,23.127958895025714,0.12942052120151493,0.20982305913027027,-0.560061841658328,-0.3541225282255196,-0.8960284953138158,-0.2215874206158759,4.2173393996393935,3.060998468776404
healthcare_revenue_50m,Healthcare companies with revenue >= $50M,UFPT,1,25.658825384857796,1.8620425602530795,1.8082345472033685,0.5220436746443473,-1.1668713506325048,0.1409240642234008,-0.04446624146527417,2.9201670088671694,2.0745733896725396
healthcare_revenue_50m,Healthcare companies with revenue >= $50M,URGN,0,33.297300686335376,9.61786006259619,4.698664658200255,0.8086852873172041,0.7355432251856268,0.6316032468481464,-0.41818602396940363,17.63045813589774,17.134849826351275
healthcare_revenue_50m,Healthcare companies with revenue >= $50M,VALN,0,0.19821099576432122,2.7291456883047545,2.4926150550548023,1.2008486682668709,0.9706679129469662,-0.31650147967541165,-0.2802402459916784,5.429301731564326,5.514551397385374
healthcare_revenue_50m,Healthcare companies with revenue >= $50M,VIR,0,36.04621259475898,9.617860062596192,4.111122874119794,2.2272859185253218,1.1382402350028125,1.5259396145471753,0.20263365981035564,17.63045813589774,17.134849826351285
healthcare_revenue_50m,Healthcare companies with revenue >= $50M,VNDA,0,12.365449898443359,6.172360606393555,4.266054982052029,1.1863439538695537,0.655860943204746,-0.31189491597920044,0.2847365083447852,8.746208505590966,8.907957047058568
healthcare_revenue_50m,Healthcare companies with revenue >= $50M,VRDN,0,37.787696052553535,9.617860062596188,3.5001906985048947,2.227285918525319,0.9233107592291171,4.046131159805419,0.2497872237352255,17.630458135897733,17.134849826351278
healthcare_revenue_50m,Healthcare companies with revenue >= $50M,VTRS,1,21.248737610115345,-0.19738290377651735,-0.36664346379849017,-1.3917674379430733,-0.5026398000474254,0.90320401536309,0.13785547859678232,2.891214739398954,2.2327192502303372
healthcare_revenue_50m,Healthcare companies with revenue >= $50M,XERS,1,23.899952331145823,1.4757660297624262,0.6831082186136168,-0.04683975122334594,-0.08470522027104244,0.42817472932573586,0.45566171749817586,2.2784141730014893,1.1681947023471067
healthcare_revenue_50m,Healthcare companies with revenue >= $50M,XNCR,0,26.00419652042095,3.5705780754213197,0.4814271892516434,2.227285918525324,0.48903900586469073,1.9438136017875023,0.06892249941312481,17.63045813589773,17.134849826351264
healthcare_revenue_50m,Healthcare companies with revenue >= $50M,XRAY,1,18.333237321444077,-0.050598902046527616,-0.5378130832831532,-0.34374209577281845,-0.9626626194802037,0.8293402544847102,0.20583203878728956,1.053019641225437,0.5976843554376854
healthcare_revenue_50m,Healthcare companies with revenue >= $50M,ZLAB,0,0.7165028415651546,3.261267544895902,0.9708198305142157,1.3631209480226851,0.9732530908981019,-0.2786069209745825,0.0954222505060272,5.944686540938063,5.928717288856434
healthcare_revenue_50m,Healthcare companies with revenue >= $50M,ZYME,0,7.148924482468878,7.374171155237707,1.8941842927250425,1.6728676153156217,0.5899800147510504,1.724385295888787,0.2539603247112976,5.5231978705946965,5.658355645336362
healthcare_revenue_50m,Healthcare companies with revenue >= $50M,A,1,27.824716717013555,2.6292493539167348,1.7874292208904738,-0.8150014046538377,-0.6977099340144688,0.565881221613004,-0.012761439098347593,3.552159155695424,3.2732928105728814
healthcare_revenue_50m,Healthcare companies with revenue >= $50M,ACH,1,14.043299024273605,0.8413356683585018,-4.2442164856690265,1.2592441390456957,-0.6139529189580066,1.2101310301103643,0.5840924798568257,-1.4545163844481928,-1.0809962361142362
healthcare_revenue_50m,Healthcare companies with revenue >= $50M,ADCT,0,34.20635712699752,9.617860062596188,4.161431505122716,1.8658834483081015,0.5971231981459528,0.8409766873403768,-0.10004800467314429,17.630458135897765,17.134849826351292
healthcare_revenue_50m,Healthcare companies with revenue >= $50M,AMN,1,25.264510530162045,0.4293375783522586,0.16730418978783018,1.8926839183383597,0.6770166464981369,1.1576783130067692,0.12455261350809249,2.0955576756033283,1.1782018629755946
healthcare_revenue_50m,Healthcare companies with revenue >= $50M,ARDT,1,22.80069066895027,0.8322715725868615,0.9481775697564676,1.5054922747983632,-0.8304089542764895,0.5601178031626144,0.18702784568914055,1.2825015234016501,0.7733333017400121
healthcare_revenue_50m,Healthcare companies with revenue >= $50M,AUNA,1,24.86794758802496,1.9630904364466533,0.8136408472511216,-0.6186632062225036,-0.8905265893596026,1.0629015559767434,0.2588760247970537,2.6850562107395586,2.0513945763042893
healthcare_revenue_50m,Healthcare companies with revenue >= $50M,AVNS,1,19.208161638517343,-0.1989226415433718,-0.0755310454515396,-0.4322399990026285,-0.868540559310921,0.4526043022552425,-0.17670618975982388,1.6563572008305971,1.3089628384081333
healthcare_revenue_50m,Healthcare companies with revenue >= $50M,AVTR,1,20.500347890035897,0.27559347630550546,0.17549042416218985,-0.7807248555938345,-0.4839536572913895,0.6708666320445911,0.06852489711965326,1.9122102342997946,1.1201630068976987
healthcare_revenue_50m,Healthcare companies with revenue >= $50M,BDX,1,24.765003106700423,2.2690194319134176,0.999136647716473,-1.355039113946797,-0.7450448685408299,1.0588927912857748,0.08238488195925764,2.761681986163378,2.151793618058066
healthcare_revenue_50m,Healthcare companies with revenue >= $50M,BFLY,1,0.7415529558058944,-6.617652799126502,-2.176020981862063,-1.5893464066486285,-0.573602430060024,-0.5252325657803607,-0.23557029787369205,-2.447794707213248,-2.635404587721258
healthcare_revenue_50m,Healthcare companies with revenue >= $50M,BHC,1,25.06714609574901,3.0706337294804165,0.7324527607234824,-1.3743058390692986,-0.44013412146193714,0.8488268322446758,0.5840924798568241,2.2970488453379057,1.8063536765452377
healthcare_revenue_50m,Healthcare companies with revenue >= $50M,BKD,1,19.853288165381905,1.1137639763113445,0.18445217668060532,-0.8482624649942935,-1.1668713506325086,1.1394621059456456,0.5840924798568243,0.6334117036166018,0.6710618065060019
healthcare_revenue_50m,Healthcare companies with revenue >= $50M,CCM,0,3.4731654019720484,1.4394902741851197,-0.5122153526359972,2.227285918525322,0.5928419772588265,-1.210131030110363,-0.3209155651697107,11.027307447194072,7.771679464816454
healthcare_revenue_50m,Healthcare companies with revenue >= $50M,CNMD,1,23.01640578461759,1.3142834942803978,0.8886602447814728,-0.6536602284756687,-0.7698024736900719,0.4616846056020073,0.09646005549001702,2.5337684422581925,1.6028339122795598
healthcare_revenue_50m,Healthcare companies with revenue >= $50M,CVS,1,26.039096512743015,0.308120232565005,0.7435978549366664,2.8999771186770915,2.421925550617972,1.2101310301103665,0.046506532027946246,0.8923296625589638,-0.025669200842676043
healthcare_revenue_50m,Healthcare companies with revenue >= $50M,DGX,1,25.811202114179853,1.9713042024757454,1.3362256883782404,-0.3355896317165643,-1.1116830017581703,1.0994389575964718,0.1500679882590234,2.7772185419121014,2.382041636941341
healthcare_revenue_50m,Healthcare companies with revenue >= $50M,DNA,0,33.252823405260564,9.617860062596185,2.388765542777448,2.222402212675969,0.7733704127723985,1.1624964208659332,-0.13520147658471168,17.63045813589775,17.13484982635128
healthcare_revenue_50m,Healthcare companies with revenue >= $50M,DOCS,1,32.31512908221802,3.515534036082522,2.5761541861826815,-0.715132570326917,0.0484583161693376,-1.8497135273606629,-0.3037125447845773,6.169518380337654,5.331845073826292
healthcare_revenue_50m,Healthcare companies with revenue >= $50M,DVA,1,25.100922575362436,1.9467405575153212,1.1347274437871113,0.022969310612443505,-1.1518861757779044,0.9547102541018706,0.528374222181204,2.2850386389870714,1.838070591863643
healthcare_revenue_50m,Healthcare companies with revenue >= $50M,ENOV,1,12.216791333951086,-3.507461684794066,-2.7119861039047755,-0.6710073489008517,-0.9082696460601611,0.5311269041196323,0.09731558937057455,0.7005004884435553,1.1443954035854984
healthcare_revenue_50m,Healthcare companies with revenue >= $50M,EVH,1,15.2192697011477,-1.7952272319560807,-2.411803776815776,0.7638749927861626,-0.567062953307505,0.9414638906051496,0.2819233239387152,0.585569133686911,-0.12164540988156819
healthcare_revenue_50m,Healthcare companies with revenue >= $50M,GMRS,1,23.389550583854962,1.874544706859656,0.968864073162994,-0.024727551566207262,-1.1634750239579301,0.5392262392928259,0.5070921602329733,1.7507010386956083,1.3951472090433483
healthcare_revenue_50m,Healthcare companies with revenue >= $50M,GRDN,1,26.01186567875684,0.7153534377516906,1.972244466264626,3.513559580437779,-0.6623969970638371,0.9036219264765573,-0.21129427519252653,1.5518168904621623,0.6867829175287214
healthcare_revenue_50m,Healthcare companies with revenue >= $50M,HAE,1,26.86133098073784,2.020129979440368,1.1116525539387543,-0.776190477501451,-0.5743257689743276,-0.016390268070494207,0.2704894896672588,4.086830269957617,3.1969574701884502
healthcare_revenue_50m,Healthcare companies with revenue >= $50M,HCA,1,28.800441166642976,2.0700767082243976,1.889672831564751,1.6826105506920068,-0.8210052773064562,1.1453345889250632,0.5840924798568248,2.388243449882151,2.319238102712548
healthcare_revenue_50m,Healthcare companies with revenue >= $50M,HIMS,1,24.788272034458217,0.7312776199592959,1.319093144752535,1.1270267113072037,0.5402240690921688,0.6005310214295262,0.2807372689268651,0.9838944500324875,1.6633100168664723
healthcare_revenue_50m,Healthcare companies with revenue >= $50M,HUM,1,25.759734501084306,0.6628980947524346,0.9330558937395573,3.5135595804377773,2.63198436730438,0.2572467755701463,-0.024930065383943045,0.592069470717179,-0.34832734814492194
healthcare_revenue_50m,Healthcare companies with revenue >= $50M,ITGR,1,20.912387854758766,1.598718686146673,0.9971017081730855,-0.8236802379973476,-1.1656535123958307,-0.22929400613767198,0.12604853732024873,1.5699029257524795,1.2970660218054575
healthcare_revenue_50m,Healthcare companies with revenue >= $50M,MCK,1,27.895634621454,0.24286122288662404,1.3001769420075497,3.513559580437776,3.7105249338572284,1.2101310301103645,-0.194556228620751,0.7831798288272467,-0.21242042014376458
healthcare_revenue_50m,Healthcare companies with revenue >= $50M,MD,1,25.76391222605945,1.4586937683261243,1.4726971827803275,0.27789547226058614,-0.5661167046598481,0.7373921240693555,0.008898298519809222,2.9380042233449117,1.8942701293265127
healthcare_revenue_50m,Healthcare companies with revenue >= $50M,MOH,1,26.655031713616516,0.6628980947524301,0.9990986316663585,3.5135595804377813,3.6158841472729817,0.7232240553590211,-0.023908887612344276,0.28512615490570314,-0.663027795257116
healthcare_revenue_50m,Healthcare companies with revenue >= $50M,MRK,1,31.931082397164186,4.282294325733395,2.1264899491629667,-1.0683893805858775,0.387898810325175,0.8118918454862067,0.09816716349457061,3.9940269181731773,3.7565250332828803
healthcare_revenue_50m,Healthcare companies with revenue >= $50M,NUVB,0,35.80639978042245,9.617860062596188,3.096473262835859,2.2272859185253178,1.0873786280721678,2.3503191713551996,0.2039525068803688,17.63045813589774,17.134849826351278
healthcare_revenue_50m,Healthcare companies with revenue >= $50M,OGN,1,23.391591567528224,2.0811221101691895,0.826309981418802,-1.0394567225697453,-0.19079581699579964,0.6455923359051743,0.45433104616712666,1.6619899593627854,1.4103209419789946
healthcare_revenue_50m,Healthcare companies with revenue >= $50M,PACS,1,22.143348741323614,0.7454869799232688,1.042593788962937,0.6183565006911755,-1.1668713506325044,1.0852379378524075,0.3969192234590118,1.0722520414551067,0.8071958875205376
healthcare_revenue_50m,Healthcare companies with revenue >= $50M,PBH,1,29.057084135922715,3.017029659904575,1.2631411935885315,-1.6522426608272447,1.1037372818351745,-0.3749807505216047,0.02802072404296091,4.652639052521645,3.4775619032870146
healthcare_revenue_50m,Healthcare companies with revenue >= $50M,PEN,1,22.807565160719278,1.6159548373206487,1.7316422581411413,-0.019898079864713758,-0.8856465621167913,-2.1713283643378802,-0.17665531057405034,2.803982926008355,2.3673357240508697
healthcare_revenue_50m,Healthcare companies with revenue >= $50M,PHG,1,21.359408536669438,1.4829622639609097,1.0307245637421911,-0.4007221351014635,-0.9316244776418532,0.9368128686906361,0.017400872609859508,1.053015211489759,0.6286616368277125
healthcare_revenue_50m,Healthcare companies with revenue >= $50M,RCUS,0,33.23781129889466,9.617860062596186,2.7234710291760305,1.9905810736875575,0.6439596158342592,0.837039799319932,0.20176948812337214,17.630458135897747,17.134849826351275
healthcare_revenue_50m,Healthcare companies with revenue >= $50M,RMD,1,33.65637934586081,3.691090490197437,2.5420610424067673,-0.5161987939405436,-0.48362145421950553,-0.2999905519537779,-0.19504995666917604,6.169518380337656,5.206392457610285
healthcare_revenue_50m,Healthcare companies with revenue >= $50M,RVTY,1,25.645627976845265,2.6682778573056884,0.8841713108259284,-1.9268009567799051,-0.9695824336424894,0.7264742310406236,0.005235747819390235,3.7803541378671284,2.93532035031722
healthcare_revenue_50m,Healthcare companies with revenue >= $50M,SOLV,1,22.963649598774847,3.0369494235259404,1.8582827423957795,-0.6846565752795437,-0.658033916658141,0.9904194236036199,0.088733386509603,0.5176944521368299,0.27208293044909143
healthcare_revenue_50m,Healthcare companies with revenue >= $50M,UHS,1,24.815513227602775,1.6009873842833438,1.7163131329109662,1.2298445912493516,-1.1601247822150307,1.0947329853931351,0.06640598641529194,1.4023018941215923,1.3228743033524348
healthcare_revenue_50m,Healthcare companies with revenue >= $50M,VEEV,1,30.180973519779897,2.9641221724238895,1.7747501435379294,-1.4940318084845592,-0.6610441942926869,-1.1443068192585897,-0.30205716040173847,6.169518380337643,5.331845073826291
healthcare_revenue_50m,Healthcare companies with revenue >= $50M,WAT,1,28.505952468307022,3.2251779774633937,2.052272278526969,-0.5378327036722044,-1.102573428524701,0.6971370078672737,0.02177406115164343,3.6382405678195338,2.9695789755834214
industrials_revenue_20m,Industrials companies with revenue >= $20M,CVU,2,15.024769150958175,-2.0005864337847976,-1.1413639393844828,0.05613546164597244,7.9806545617338225,0.23518361593571474,0.055323699196513754,-2.1851435171154203,-3.1119776652684155
industrials_revenue_20m,Industrials companies with revenue >= $20M,GPUS,1,42.79980164860886,15.40324990283656,14.37116350272033,0.6371732138168958,4.523435769679209,-0.9141740654596263,-0.07894404621941353,29.58832799482394,14.624425066980804
industrials_revenue_20m,Industrials companies with revenue >= $20M,JOB,1,11.314535995691493,13.670197620029786,24.53394809037726,-1.0822498728305139,4.403314353192033,0.9877072815390996,0.158582999466196,0.9866351162393826,3.0112560982481025
industrials_revenue_20m,Industrials companies with revenue >= $20M,LGPS,0,47.30773058509057,1.096405357448604,0.6342574568287653,0.09890916582300108,72.8295626523106,-0.0008245328795687956,0.7151028852268971,1.3128834466902062,0.5476081462967775
industrials_revenue_20m,Industrials companies with revenue >= $20M,SEB,2,22.71100215423226,1.957033133454329,2.090462126977135,-0.03553531468656668,0.6195932778098201,0.015023429414204204,0.06171821113006015,1.7365935383345525,1.1295703837994506
industrials_revenue_20m,Industrials companies with revenue >= $20M,SLND,1,6.1331442465601,14.272653927184784,20.514620018287555,0.027345551470643326,4.4085268676828795,-0.7107670522057987,-0.0678879403932528,0.5277836014642332,2.515724963638936
industrials_revenue_20m,Industrials companies with revenue >= $20M,SOAR,0,46.70349827108281,0.985036512521992,0.22139394225441578,0.9479124503111149,72.82239310775921,-0.18291446987862625,0.19545056697966068,1.1639070769488855,0.47649307684069364
industrials_revenue_20m,Industrials companies with revenue >= $20M,TGEN,1,31.590389290783058,14.949183527634444,15.080916934279271,0.09250197774350616,4.487359279756511,0.4193955020198925,0.14063043305076356,17.15083225988773,14.624425066980809
industrials_revenue_20m,Industrials companies with revenue >= $20M,UUU,0,36.5044482065698,0.9704512803208392,0.7218079182294656,0.9726041859661813,62.156555801646185,0.0036355162756005477,-0.03119162204320114,1.3559239860823171,0.2808351327469883
industrials_revenue_20m,Industrials companies with revenue >= $20M,ADSE,1,45.23069288481662,7.534912139360735,24.533948090377265,0.6047584134709705,4.475981942561289,-0.9051463412538678,0.128341269065315,29.588327994823935,14.624425066980816
industrials_revenue_20m,Industrials companies with revenue >= $20M,AEHL,0,37.85381400623062,-1.365728441005091,-2.176706117145648,1.493269947980333,73.14090418995795,0.036472158530873156,-0.09428034232298921,-1.0815933443162677,-2.1723500527939814
industrials_revenue_20m,Industrials companies with revenue >= $20M,AERT,1,13.67724526987698,15.957500187826195,24.533948090377255,-1.2884060198906617,4.6276244401962074,-0.9727344759681422,-0.17013266112126613,2.7032091974312995,3.641092201595909
industrials_revenue_20m,Industrials companies with revenue >= $20M,AIAI,1,9.407578757918785,28.37721943957126,6.748308641444893,0.8444635665776301,4.250024352495981,-0.7160780279144559,0.18145767606619326,1.6001390667539255,3.476899733493247
industrials_revenue_20m,Industrials companies with revenue >= $20M,AIRO,2,1.6885670947059808,5.443039937245692,-0.8081772072763953,-0.5308747228022266,6.586418228668854,-0.49167596401495123,-0.008203448617864095,-13.318021314094105,-10.320481782402286
industrials_revenue_20m,Industrials companies with revenue >= $20M,AIRT,2,25.006976234469843,0.1584768562531098,-1.441231427216283,0.45149686383149645,7.679257425037795,0.3158807017653733,-0.004707899073827071,1.7022852758272524,1.008975070045644
industrials_revenue_20m,Industrials companies with revenue >= $20M,ARQ,1,10.016452469851654,16.970305890043978,15.404000456452346,0.3739849704404155,4.26264816543285,-0.7582187617848197,0.0687801418579912,5.147744169671957,3.9020631283067737
industrials_revenue_20m,Industrials companies with revenue >= $20M,ASTE,2,27.481229994401964,0.7132042551329345,0.9469493090135761,0.1090240398298063,9.482413929057474,-0.04526404544796103,0.04000037430956871,1.0917312292137613,0.006627535293533382
industrials_revenue_20m,Industrials companies with revenue >= $20M,ATLN,0,7.102955458664031,-0.42666251368763985,-0.6606502738561103,1.4463792933043624,34.22054437191586,0.12007152336516436,0.8214705467240296,1.5337324778808625,-0.02575597432791732
industrials_revenue_20m,Industrials companies with revenue >= $20M,ATRO,2,32.66810011663883,2.125649187734017,1.7572959108990789,0.1740647275862443,10.128320294765468,-0.2887363254324572,0.008714537393650967,2.402237067853054,1.2240113478405181
industrials_revenue_20m,Industrials companies with revenue >= $20M,BBCP,2,37.02582250864459,4.742328078741755,0.5956400565276043,-0.20959991543471504,11.677222556765447,0.09781524905901051,-0.006384067011546812,2.4077103378056295,2.5845468441921566
industrials_revenue_20m,Industrials companies with revenue >= $20M,BEEP,0,28.56937442696674,1.65531046524343,0.844324064178507,-0.45042687675730214,54.27561307967143,-0.17427467887076736,0.47204217027411954,1.3467274991802303,0.5262326967016384
industrials_revenue_20m,Industrials companies with revenue >= $20M,BLDP,1,54.02679636634523,28.37721943957123,9.465363812348846,0.8444635665776273,4.459923652217038,2.2861733283238523,0.17709844537686176,29.14698474551882,14.624425066980809
industrials_revenue_20m,Industrials companies with revenue >= $20M,BLNK,1,52.04639673843329,28.37721943957123,24.53394809037727,0.1353419308452004,4.427058267358535,-0.5485092264454345,0.15913678149813626,17.741344172334237,12.575712973463956
industrials_revenue_20m,Industrials companies with revenue >= $20M,BWEN,2,19.903480197877332,1.1159641621773346,1.7454293841013773,0.31119385111874226,7.215188995972141,0.16414030989520417,0.041965101894251455,-2.9141275884852833,-2.912817386795661
industrials_revenue_20m,Industrials companies with revenue >= $20M,CAR,2,11.785538245148004,5.420846625174187,-1.389214475490784,-0.23260135858241504,2.9135396744598796,0.711883805538218,-0.021919509165539253,-15.27224704354444,4.518707158759652
industrials_revenue_20m,Industrials companies with revenue >= $20M,CHRW,0,5.458139891913353,0.9207275699139013,0.36787537577964285,0.9502626476583005,31.39704762190839,-0.0773734368371769,0.06013985697903318,1.2230569193082528,0.5425773298575787
industrials_revenue_20m,Industrials companies with revenue >= $20M,CMCO,2,25.919662821465298,0.465397429525102,-0.6253593080032132,-0.22605662329027568,9.613575177880739,0.2613107521503841,0.04220016517244257,1.2901130700440162,-0.03806121001313506
industrials_revenue_20m,Industrials companies with revenue >= $20M,CRE,0,7.293177781870189,0.9734380566349023,0.5690782482794918,0.25053292729748683,33.51464244786864,-0.06658862174794755,0.015246571954023846,1.2874956791828795,0.6755064650552847
industrials_revenue_20m,Industrials companies with revenue >= $20M,CRGO,1,37.34298961549028,22.457844505294503,18.607826263387704,0.44367099039394653,4.500068189916574,-0.12503417169532816,0.17259913922016845,14.000945968152497,12.639924421390074
industrials_revenue_20m,Industrials companies with revenue >= $20M,CSTE,1,19.573442341854715,16.000478480834317,22.71340500910282,-0.26269324196186533,4.497262579605657,-0.3082189703241294,-0.08112445413822927,6.173833693085059,6.195354936220929
industrials_revenue_20m,Industrials companies with revenue >= $20M,CSX,2,24.747669574809564,3.0764757332071886,1.5512028763468657,0.17277847388805279,0.24233155520304595,0.38792236288135584,-0.1884375253385137,2.432643970760172,1.936208759862148
industrials_revenue_20m,Industrials companies with revenue >= $20M,DFLI,1,57.877974941107134,28.377219439571224,24.533948090377237,0.16553902890785827,4.415142568460759,0.09269909583329977,-0.11139220512925495,21.13524954667499,14.6244250669808
industrials_revenue_20m,Industrials companies with revenue >= $20M,EH,1,50.27083319236825,26.632644450524207,9.799781136714815,0.7921277192705175,4.345827804085044,-0.17185906677705676,0.01441377731582466,29.588327994823924,14.624425066980796
industrials_revenue_20m,Industrials companies with revenue >= $20M,ENVX,1,56.907318549890434,28.37721943957126,12.286176625563025,0.844463566577637,4.564536003581667,2.2861733283238572,-0.30914778496184425,29.58832799482397,14.624425066980807
industrials_revenue_20m,Industrials companies with revenue >= $20M,EOSE,1,68.30202338679396,28.377219439571245,24.53394809037727,0.8444635665776263,4.621202943755604,1.4490472099054745,-0.38175523462817096,29.58832799482393,14.62442506698082
industrials_revenue_20m,Industrials companies with revenue >= $20M,EPOW,0,9.794886576938374,-9.351655102947031,-2.6549832386386853,-0.6983155580787831,73.3034356208606,0.309020455766107,0.5408246925015845,-13.979093793983175,-7.748172505887627
industrials_revenue_20m,Industrials companies with revenue >= $20M,ESOA,2,24.37271489435379,-0.48718051825978037,-0.37717497003064226,0.7497345788758464,9.40862343716976,0.41359115795181134,0.04672565925596639,0.3490770163359269,-0.8672248349443353
industrials_revenue_20m,Industrials companies with revenue >= $20M,FAST,2,35.497211261057046,3.063776974912356,3.7587160888264455,-0.18833094323044117,9.109534959687284,-0.5915772645196884,0.1990322325576412,3.2715139602038925,1.7380018846203347
industrials_revenue_20m,Industrials companies with revenue >= $20M,FCEL,1,58.58727543848908,28.37721943957125,13.740851326288023,0.8444635665776326,4.4054358211545015,2.2861733283238492,0.07523458533893887,29.58832799482396,14.624425066980809
industrials_revenue_20m,Industrials companies with revenue >= $20M,FGL,1,5.601634657824825,4.098939598833545,3.690493676371458,0.22092531438278373,4.408924088903623,-0.691260620402348,-0.3600414792888238,15.72542353060676,13.863086238987709
industrials_revenue_20m,Industrials companies with revenue >= $20M,FLX,0,46.68076615586552,0.8118196216725773,0.5248464182875272,0.9589493693340526,72.82752354256084,0.03044972896248177,-0.33593016524495833,1.3044585960529007,0.4848230368947302
industrials_revenue_20m,Industrials companies with revenue >= $20M,FLY,1,55.20677573930239,28.377219439571256,11.35769750663519,0.8444635665776403,4.498686743127124,1.20781648158526,0.06299463057107754,29.588327994823945,14.624425066980818
industrials_revenue_20m,Industrials companies with revenue >= $20M,FORR,1,2.4954012301654878,13.96423004081391,19.61126037533013,-0.24307332502707413,4.472819672285044,-0.8435911480294306,0.05560935186019189,-0.6893505363345428,1.5223524898371252
industrials_revenue_20m,Industrials companies with revenue >= $20M,FTAI,0,48.525858682293574,3.2708056790414233,0.790588773890243,-0.16070082168163113,72.8382820294948,0.37381428822866475,0.7184912433381574,0.6790006128065915,-0.05824913017011635
industrials_revenue_20m,Industrials companies with revenue >= $20M,GLBS,0,21.8940123717699,2.3484075094897996,0.5877266672754459,-0.44084812292846187,46.923309213271054,0.07844126223071374,0.2154277410817888,1.0621670376723018,1.0455550563318572
industrials_revenue_20m,Industrials companies with revenue >= $20M,GLXG,2,12.19926011602151,2.1305427629834646,2.4682246059273503,-0.11155343987327015,-12.252802934439769,0.3593975505396532,0.21537659290514705,2.8823905107523964,1.371141099227296
industrials_revenue_20m,Industrials companies with revenue >= $20M,GVH,0,47.53267729909131,1.0046299171922812,0.6391339550252244,0.9667419402921422,72.8317665012095,0.5321479918830342,-0.3471912832616385,1.3650906614672453,0.46653160793817783
industrials_revenue_20m,Industrials companies with revenue >= $20M,GWAV,1,54.60712338489708,17.265092603790375,24.533948090377258,0.3656694530840525,4.5695113718855955,-0.9800990812137713,-0.0048964242613622755,29.58832799482394,14.624425066980802
industrials_revenue_20m,Industrials companies with revenue >= $20M,HTCO,0,47.02046577480455,0.1388576586806476,-0.025704789265010297,1.4162597677537767,73.09203932497776,0.0719325317441436,-0.38976830181183886,2.0827421837343656,0.5602813916452564
industrials_revenue_20m,Industrials companies with revenue >= $20M,HTZ,2,7.968609552188106,5.652023300434772,-1.7638940541584587,-0.2868796257291265,7.770897994360176,0.755074117484448,0.033587598475156966,-22.210530144500343,2.8817869978222093
industrials_revenue_20m,Industrials companies with revenue >= $20M,HUHU,1,16.02027294036066,28.37721943957123,24.53394809037726,-0.21089498690357422,4.463520097561247,-0.5966466000551065,-0.026321439617241163,-4.10963158495351,-1.0560643850498128
industrials_revenue_20m,Industrials companies with revenue >= $20M,HYFM,1,32.57692794255359,28.37721943957125,24.53394809037728,-0.37987633427057477,4.367719402571479,-0.9800990812137704,-0.3817552346281644,5.9171994912733625,6.477427859442578
industrials_revenue_20m,Industrials companies with revenue >= $20M,INVE,1,38.78904561996429,28.377219439571242,8.57273353103237,0.8444635665776377,4.457122183413771,2.286173328323851,0.19560391174645142,16.42591757508355,12.98466777478529
industrials_revenue_20m,Industrials companies with revenue >= $20M,JLHL,0,45.93261890210288,1.3050775978077587,0.5369716238079025,-0.031465376713677495,72.82693013339694,-0.11362422003865597,-0.31651412650827454,1.2483965214685322,0.40302074153694406
industrials_revenue_20m,Industrials companies with revenue >= $20M,KTOS,2,21.195133579430227,0.2573467833535996,-0.08409041858307384,-0.23482089526586672,8.871917064160577,-0.7675081845567403,0.01565254544831851,-2.904682152869684,0.9047754697438719
industrials_revenue_20m,Industrials companies with revenue >= $20M,LAWR,1,4.797909147893165,29.201345486816603,23.45667896461114,-2.1519063293731304,-43.97543499526391,-0.8396593244105002,0.368428109434454,19.130411979523462,14.962900947124902
industrials_revenue_20m,Industrials companies with revenue >= $20M,LICN,1,56.61237758034644,20.74311741348608,19.31010480638505,0.6386114249533272,4.58086932421677,2.28617332832385,0.1956039117464488,29.588327994823942,14.624425066980804
industrials_revenue_20m,Industrials companies with revenue >= $20M,LNZA,1,66.02078710929476,28.37721943957125,24.53394809037728,0.326525911876243,4.484557055593356,-0.5347029722829549,-0.024657787075273926,29.58832799482396,14.62442506698081
industrials_revenue_20m,Industrials companies with revenue >= $20M,LSTR,0,46.829222823077025,0.9256263345696443,0.5163677676083251,0.9542198826417395,72.82624871957783,-0.045844037948644,-0.2374783082823787,1.2713658262774243,0.5448906312876616
industrials_revenue_20m,Industrials companies with revenue >= $20M,LUNR,1,19.191618085724002,22.295629091904487,8.012844061978898,0.7067749841113422,4.386536478216702,1.4611661651248433,-0.20622657706408337,12.529810231695508,5.359939340326176
industrials_revenue_20m,Industrials companies with revenue >= $20M,MIDD,2,35.75010163357989,3.7808855739710543,-0.23329044645961683,-0.02264982637701668,9.697481712550768,-0.038574868862755574,-0.0350976356107881,4.7912446027624425,2.6735591536065355
industrials_revenue_20m,Industrials companies with revenue >= $20M,MSGY,0,35.14984955827905,0.8520832056823786,0.15493461872513992,0.9380875359904125,61.23574090542,-0.00664395503091364,0.056955272006472324,1.094017892617966,0.750848075522162
industrials_revenue_20m,Industrials companies with revenue >= $20M,MSW,1,22.94472956867993,10.62264314751263,24.53394809037727,-1.7304296845726623,4.240341094911878,-0.735392138224584,-0.2773248143294939,11.065263072303932,10.580536491270827
industrials_revenue_20m,Industrials companies with revenue >= $20M,MTRX,2,28.64606543498064,-1.3251588562923406,-2.316867812496972,0.25919442365148476,9.230504453257813,0.6172528670268302,0.04469067665741522,4.752363720973094,2.2475425942040452
industrials_revenue_20m,Industrials companies with revenue >= $20M,NCEW,1,15.194572214293395,13.998438121617685,24.533948090377258,-1.7304296845726603,4.109406069833607,-0.5135269902967389,0.019778523523000524,4.509912503997981,5.6219012703830815
industrials_revenue_20m,Industrials companies with revenue >= $20M,NDSN,2,37.32695905568845,3.266380106677724,2.2493366456149078,0.09703870669187276,10.333537281202686,0.20713513435115027,-0.07609875202003469,4.047735936170417,2.0653506290004593
industrials_revenue_20m,Industrials companies with revenue >= $20M,NIXX,0,41.78257224267719,-1.2130928159524932,-1.6041102556983529,1.4789867413673936,73.13224899604103,0.14648677205600968,-0.30314413856060474,0.7870703811411506,-0.71569944506233
industrials_revenue_20m,Industrials companies with revenue >= $20M,OMAB,0,46.91757933321179,2.096510363933298,-0.012545224746198458,-0.1900471215661682,72.80904605161079,-0.12267419046840222,0.3050007419661731,0.7573900925850326,1.201072612551831
industrials_revenue_20m,Industrials companies with revenue >= $20M,ONEG,0,32.716264383499905,1.1895851350721642,0.9589059026824104,0.2113027741405888,58.2600009857458,0.11860714892274021,0.38818489638456277,1.4161269468987496,0.09972458630747583
industrials_revenue_20m,Industrials companies with revenue >= $20M,PAMT,2,17.908203239351128,-0.700149201417708,-4.473197023690137,0.00801030094392391,9.034220989295374,0.5480450728167854,0.0737930275219611,-1.027055088970888,-0.6920082051474538
industrials_revenue_20m,Industrials companies with revenue >= $20M,PANL,0,46.49806775688167,1.3038188660468788,0.6110381001769304,-0.07411810243307032,72.82516589534694,-0.05319686235792681,-0.1108110805799622,1.2597746282252091,0.6625703051112611
industrials_revenue_20m,Industrials companies with revenue >= $20M,PESI,1,10.609176235507206,10.185051024174298,10.925816436516536,0.13451318343114005,4.4748521705748185,-0.432787759042779,0.1631960808786489,11.85049020287926,8.662900586665184
industrials_revenue_20m,Industrials companies with revenue >= $20M,PLUG,1,66.80724786777134,28.37721943957124,24.533948090377276,0.7067067968293188,4.485801055566502,-0.037603041268186185,-0.11672184453969638,29.58832799482393,14.624425066980802
industrials_revenue_20m,Industrials companies with revenue >= $20M,POWW,1,36.94517597247142,28.37721943957124,24.53394809037727,0.8444635665776206,4.2397110924501575,-0.6873562093593998,0.19560391174644473,8.389637342673133,6.406804429004786
industrials_revenue_20m,Industrials companies with revenue >= $20M,PPSI,1,18.427193440759737,11.997074866503599,11.715544288739409,0.02911760688365933,4.373901571737106,1.6165594342467768,0.16884002445526786,14.07993086405993,9.801080474703886
industrials_revenue_20m,Industrials companies with revenue >= $20M,PSIG,1,16.97306581471203,15.576529427050477,24.533948090377258,-0.9897564979989706,4.466450066436832,-0.8980564054295372,0.08730647179803763,5.588695318385237,3.9628050346625288
industrials_revenue_20m,Industrials companies with revenue >= $20M,QRHC,0,2.3415608611392145,0.9335509169125693,0.9344114556362326,0.6983255258280673,27.181180492008384,-0.08635880297833298,0.34851488090361377,1.6277238268477245,0.6303865586355142
industrials_revenue_20m,Industrials companies with revenue >= $20M,RAYA,1,5.511319634823758,4.430121489302066,2.5937792366705468,0.5581593907304561,4.523930884361479,-0.16339574325924067,0.02888143242544705,21.355883279610623,7.5388153555522255
industrials_revenue_20m,Industrials companies with revenue >= $20M,RCAT,1,62.646869014505825,28.377219439571228,17.605571497734257,0.8444635665776359,4.52759941590043,2.28617332832385,0.14794439516354282,29.58832799482394,14.624425066980804
industrials_revenue_20m,Industrials companies with revenue >= $20M,RITR,0,46.76170785302138,1.3953557137366577,1.0982112576236966,0.2629600806922986,72.84356314282218,-0.051726026204049425,0.01345903581839758,1.303409302653033,-0.1773506614663054
industrials_revenue_20m,Industrials companies with revenue >= $20M,RKLB,1,27.44358312546686,14.659373902349994,6.465294926907234,0.7264356039086164,4.4579672220427,0.9660813305324584,0.11296504179110539,23.585836837725928,11.824483950778664
industrials_revenue_20m,Industrials companies with revenue >= $20M,ROAD,0,19.126186751490962,1.2803043737083657,0.5820240187079291,0.06194314358095443,44.79544162625975,-0.0639538226662526,0.43640317150760377,1.2400490109684401,0.7201492220787937
industrials_revenue_20m,Industrials companies with revenue >= $20M,SBC,2,42.83606930522997,5.122522415703189,3.5144613478518516,0.0421099516317458,14.37922244697252,-0.35969123399154207,0.13632750141253025,3.2472951449717704,1.6172783626786797
industrials_revenue_20m,Industrials companies with revenue >= $20M,SBLK,0,46.91543185806395,1.728304804185837,0.4896626745398594,-0.36265700941699625,72.81658695233732,-0.04985919673832101,0.13010567230575992,0.9978546965229635,1.0916072569821325
industrials_revenue_20m,Industrials companies with revenue >= $20M,SFHG,1,0.6326736629535219,8.225036436527125,8.324170908788217,-0.24704148389342256,4.213647848121282,-0.6969460589849259,-0.08659428280031795,9.170750173737803,7.0845058120275946
industrials_revenue_20m,Industrials companies with revenue >= $20M,SGRP,1,15.286327047176155,9.313841112810607,24.533948090377272,-1.7304296845726583,4.464655260650294,-0.8733928748185069,-0.3125063848437162,7.801162958227784,7.443904259914939
industrials_revenue_20m,Industrials companies with revenue >= $20M,SHIP,0,16.661962850942913,2.1797378999314203,0.4461879355948296,-0.3752771509159319,41.98079421201554,-0.17522046225154236,0.36794171829957867,0.9865595762980386,1.1774131146255793
industrials_revenue_20m,Industrials companies with revenue >= $20M,SHMD,1,28.09100089151056,28.377219439571235,24.53394809037726,0.22951166046846067,4.5564647752800225,-0.9800990812137655,-0.28358498558285106,4.40872979124533,2.603666891934713
industrials_revenue_20m,Industrials companies with revenue >= $20M,SKYX,1,19.320732074127726,15.462265599715373,23.54917246933055,-1.2898294939118258,2.5415075842190378,-0.8577863748216319,-0.5978953355590639,7.988017221614727,7.880136094110389
industrials_revenue_20m,Industrials companies with revenue >= $20M,SLGB,2,10.991605916592814,-2.6771815666937755,-5.247316799183943,0.9767683258893456,7.489312219605797,0.02912308404672259,0.022129310933314272,-1.847233189750263,-2.8905388362536586
industrials_revenue_20m,Industrials companies with revenue >= $20M,STRL,2,28.615120611763086,2.6815217362300094,2.6559761043793997,-0.02911822114415774,2.794714775784041,0.3588185838389343,0.15701188577308056,3.1808231974567778,1.6788291814457676
industrials_revenue_20m,Industrials companies with revenue >= $20M,STRR,2,14.43268406907712,-2.82389906359108,-3.457237134159974,0.5750648724718348,9.163610694484136,0.144579373648001,0.029922632803872307,-1.6980898650264782,-2.637810809552437
industrials_revenue_20m,Industrials companies with revenue >= $20M,SVRN,1,49.01602690059427,28.377219439571235,13.6209582784454,0.6883761565092921,4.395728562339637,0.22378015119246697,-0.025073842217923012,29.588327994823942,7.50156585050003
industrials_revenue_20m,Industrials companies with revenue >= $20M,TATT,2,32.22585708356735,2.240431422713387,3.0200038310049067,-0.06444555278764702,10.512839594152153,-1.0890660912178245,0.04785973091465617,1.4388470727626805,0.9828437080257981
industrials_revenue_20m,Industrials companies with revenue >= $20M,TAYD,2,36.85526084411421,3.541537017774986,3.6937391459533635,0.028437279455229503,10.143222965509917,-0.9000189425315506,0.012808389648995833,3.243267727760402,1.9557238925436273
industrials_revenue_20m,Industrials companies with revenue >= $20M,THH,0,47.32820053683085,1.3768593027862792,0.5854317868196888,0.16934070993561157,72.82633617139776,-0.15162900469953422,0.683927510059249,1.2330390856221771,0.5310689675641675
industrials_revenue_20m,Industrials companies with revenue >= $20M,TRNS,2,35.4167654092656,2.99939046641862,1.9958049461471201,-0.026129857489325226,9.202398049751935,0.06335018362287992,0.11823703795014395,3.653085904702748,2.2740853101622136
industrials_revenue_20m,Industrials companies with revenue >= $20M,TUSK,1,34.713714695348585,20.15388544622135,0.27252920848906714,0.8444635665776401,4.302163000807837,0.08717845226706233,0.19559764975076055,29.58832799482392,14.624425066980828
industrials_revenue_20m,Industrials companies with revenue >= $20M,TWIN,2,26.059891518376364,0.23595797152191245,-0.5864508161753953,0.06346189168475291,8.990201143670172,0.1871657236665749,0.033911326339325365,1.4260489893700883,0.5730519202996914
industrials_revenue_20m,Industrials companies with revenue >= $20M,UFG,0,47.33780188164879,0.8977103756079523,0.8738826134116985,0.9754187523192941,72.83646599848218,-0.08468731107059135,-0.1951467969568509,1.520967657294269,0.4393645852154254
industrials_revenue_20m,Industrials companies with revenue >= $20M,VCIG,0,36.34703342567388,1.6271368497115404,0.2932234826756691,-0.34188063759817655,62.24224616786939,0.5745806672829638,-0.3464267967054443,0.9234819936299676,1.3008456914625344
industrials_revenue_20m,Industrials companies with revenue >= $20M,WLDN,2,36.24845324021361,2.395198029184263,3.4820941537057655,-0.042454265117012446,9.345516227624735,0.2562492372359895,0.1390909616809023,3.639758206481272,1.8964573214184544
industrials_revenue_20m,Industrials companies with revenue >= $20M,WLFC,0,15.348409800388794,2.907665971661361,0.6961288563482745,-0.4399581743955492,38.60129912196541,0.44425804156297766,0.6902536571984133,0.7899066502568124,1.585029668445645
industrials_revenue_20m,Industrials companies with revenue >= $20M,XCH,1,49.45147748056265,28.37721943957123,24.533948090377276,0.2850225639936614,4.524902245454207,-0.45257308358017223,0.044296981975625996,14.889857376016781,12.603659557323937
industrials_revenue_20m,Industrials companies with revenue >= $20M,XE,1,50.150026038296915,28.377219439571224,5.251930821261577,0.8444635665776288,4.336737599581248,2.286173328323849,0.1956039117464406,29.588327994823945,14.6244250669808
industrials_revenue_20m,Industrials companies with revenue >= $20M,XOS,1,17.59388856402041,28.37721943957122,24.533948090377258,0.052288503881464776,4.370762671422256,-0.1516388658660739,-0.09975801025863705,-3.6618331448224604,-0.4722444297147965
industrials_revenue_20m,Industrials companies with revenue >= $20M,XTIA,1,66.31721094343199,28.377219439571228,24.53394809037728,0.7024233020836965,4.487108076201885,-0.7288455397005627,0.08746020366358717,29.588327994823956,14.624425066980816
industrials_revenue_20m,Industrials companies with revenue >= $20M,YSXT,0,23.628263605288854,1.2214464460533478,0.7076661281484786,0.7112486953292145,49.53334725289354,0.149902263417852,-0.13290964743253947,1.2617498163723464,0.10198664316120765
industrials_revenue_20m,Industrials companies with revenue >= $20M,ACA,2,32.63705095556239,3.477921729957994,1.9254218943194223,0.0013911409316659795,7.268660011546662,0.07182152938812031,-0.005995608066492297,2.9006245873209746,1.8606623021647943
industrials_revenue_20m,Industrials companies with revenue >= $20M,AER,0,48.4087113245738,2.4129206867873902,0.4417658198649477,-0.4401996447527634,72.81820128163353,0.17044321249813676,0.5661700266690733,0.9880212816689375,1.3775626528590816
industrials_revenue_20m,Industrials companies with revenue >= $20M,ALG,2,33.76484721370011,2.8537146094759294,2.6492278693242244,-0.031127880723820833,8.268390268677981,-0.6181618576678536,0.13415405048463452,3.497390878125967,1.8747159080037705
industrials_revenue_20m,Industrials companies with revenue >= $20M,AME,2,38.25283326259839,3.342550190275288,2.4616908303456473,0.09640978206859563,10.688982385237315,0.3485486793626569,0.1399145713733302,4.0115746352250135,2.0266188207113025
industrials_revenue_20m,Industrials companies with revenue >= $20M,AMPX,1,41.56699134426156,14.700619809579235,18.68430554768682,0.4591318043944304,4.287724409083893,2.2861733283238546,-0.00801276933350259,21.887479838115894,14.624425066980818
industrials_revenue_20m,Industrials companies with revenue >= $20M,AMRC,0,1.6694878541154843,1.7834247677633863,1.0101120266302577,-0.2695635547298331,27.382761316657106,-0.06021787584551769,0.29900070007177315,1.1364658599115316,0.31367860631136474
industrials_revenue_20m,Industrials companies with revenue >= $20M,ARLO,0,5.968240643147961,0.7629316948815519,0.5329222713193823,0.6667889003477246,32.24730545962427,-0.08036269334076718,-0.3291679602288863,1.2536960278292122,0.8403009353700317
industrials_revenue_20m,Industrials companies with revenue >= $20M,ASC,0,47.456403011821244,1.8161607519932934,0.5420640818272262,-0.28489339555512116,72.82548543968953,0.28059134367409494,-0.11288854638628099,1.086973691146649,1.2290836380864978
industrials_revenue_20m,Industrials companies with revenue >= $20M,ASPN,1,24.29400919551079,28.377219439571245,24.533948090377265,0.18000389105568768,4.4772972870014724,0.8641080655840215,-0.09086770591662723,1.9238766699778656,-0.6167208515702776
industrials_revenue_20m,Industrials companies with revenue >= $20M,ASR,0,47.41111082314722,2.1954665607120187,0.17022944874232565,-0.26267744615224,72.81416646582105,0.11435254223259234,0.2453217128171598,0.9248746069276386,1.135550924701251
industrials_revenue_20m,Industrials companies with revenue >= $20M,AVEX,2,3.8447271769980986,0.17960272094554708,-0.39956768924271724,-0.21482805238409713,3.907976806387986,-1.3887243773916198,0.026432781615246093,-7.230914117062796,-6.171794263868696
industrials_revenue_20m,Industrials companies with revenue >= $20M,AWI,2,34.84310209418135,3.187764219813607,3.231362306186613,0.0011276166198438409,8.216631158852637,0.24250853715204385,0.02256750286242737,3.0446066999772485,1.7599906847177123
industrials_revenue_20m,Industrials companies with revenue >= $20M,BAH,2,36.22140199513244,2.5355668426095352,3.9890250439642077,-0.07240689914849296,9.79898775506106,0.19036470801211985,-0.2371384433683108,3.262889271430165,1.6175703485729374
industrials_revenue_20m,Industrials companies with revenue >= $20M,BCO,2,36.5620054063932,2.9551670722949224,0.9686152093205028,-0.09924854337392472,12.517108619110855,0.38062672977853584,0.022787917039323147,3.0672353478224834,1.6131696864012057
industrials_revenue_20m,Industrials companies with revenue >= $20M,BETA,1,68.34898608936018,28.377219439571235,23.283122892252205,0.8444635665776277,4.5767517512168725,2.2861733283238506,0.12335774018344856,29.588327994823945,14.624425066980804
industrials_revenue_20m,Industrials companies with revenue >= $20M,BKSY,1,26.40354480540747,13.482596469063408,12.510268732019775,0.703613971813409,4.464817479685629,0.623691623580267,-0.24863251567953482,18.692653472716728,11.529391262777649
industrials_revenue_20m,Industrials companies with revenue >= $20M,BLD,2,35.99734148237342,3.1266384670543004,2.7177192815531637,-0.007264945639847253,9.438727617660994,0.1413150689201047,-0.1727981115089472,3.702119664700254,1.91434107163414
industrials_revenue_20m,Industrials companies with revenue >= $20M,BRC,2,42.018039423397,3.6770878767751904,4.218575435212888,-0.005335592015431712,12.910466195199072,0.19142108667348195,0.14874879279860237,3.7550593617622487,1.9854728989917443
industrials_revenue_20m,Industrials companies with revenue >= $20M,BXC,0,6.462074829037343,0.9778712806658678,0.7741135182545602,0.8338043635466681,31.19112970663663,0.31412188992803286,0.307283068531696,1.460096607803782,0.5298283863246727
industrials_revenue_20m,Industrials companies with revenue >= $20M,CARR,2,32.43241063722489,3.0436400229094054,1.8507716013508966,0.009101444509718781,6.874774384222434,0.34630261041777927,-0.029491876412878704,3.393936288902377,1.8068327933258996
industrials_revenue_20m,Industrials companies with revenue >= $20M,CBZ,2,32.66017616165076,2.343336435929798,1.0046576807345993,-0.15077556227750974,10.364070958824069,0.5008179545746518,0.03225796087707544,2.639805248260777,0.7894621167280292
industrials_revenue_20m,Industrials companies with revenue >= $20M,CLH,2,38.63407142866026,3.821966901085047,2.338183245937779,-0.03638246234434184,11.7672671981739,0.03359313329577929,0.0031000617278023057,3.212984947027752,2.3568150357572892
industrials_revenue_20m,Industrials companies with revenue >= $20M,CNM,0,4.788605149727815,1.193693712688411,0.4676949871795546,0.34321556431962574,30.531134025183732,0.06763485581140055,0.25081612493221506,1.2277332321508674,0.6328566401165767
industrials_revenue_20m,Industrials companies with revenue >= $20M,CPA,2,33.546405016391425,3.5556895471076526,2.6072344778206102,0.0727024331243219,7.68841437117424,0.29116277011813535,-0.07050849685544713,1.8329022030986586,2.432264342804003
industrials_revenue_20m,Industrials companies with revenue >= $20M,CSL,2,16.271617839687295,2.2840815345415777,2.2303356451842022,0.01221181604781163,-7.572177302756623,-0.13661162926118928,-0.2124311266633991,2.9735660448322663,1.5560994897633997
industrials_revenue_20m,Industrials companies with revenue >= $20M,DAC,0,47.025645616686134,2.163085951812847,0.21745543253571434,-0.41160422196720603,72.81222655435016,0.15034343016370522,-0.018531118352155596,0.8202800591569807,1.2185635216407564
industrials_revenue_20m,Industrials companies with revenue >= $20M,EAF,1,9.782034921578969,5.874795311786917,14.498172799105653,0.4166795145315688,4.445972584542844,0.7946319937045747,-0.3817552346281622,11.216110814458467,8.272282828646953
industrials_revenue_20m,Industrials companies with revenue >= $20M,EBF,2,42.65118753574143,3.5596811967306254,4.66881773801548,0.07749299655273079,13.401026104170763,-0.3966600473349222,0.18232974278001957,3.8364567926063318,2.185499644221159
industrials_revenue_20m,Industrials companies with revenue >= $20M,ECO,0,47.16702711851718,2.1961689993152556,0.20811308692529706,-0.3250913374577826,72.81246838799578,-0.09282916390718032,0.4044586913785789,0.8881775925325956,1.0017348543892304
industrials_revenue_20m,Industrials companies with revenue >= $20M,EFX,2,34.489268199396165,3.243640926937087,1.7745883976892398,0.08738673434709471,8.258179314191054,0.45011979713394284,-0.15568426288373363,3.582253962453722,2.1122399615284952
industrials_revenue_20m,Industrials companies with revenue >= $20M,EMBJ,2,31.864770992942464,1.7491333062266265,1.1801703853233085,-0.16681492429391254,9.411987725464066,0.3747073807563615,0.04812416693380073,2.421108033072541,1.7098115514604624
industrials_revenue_20m,Industrials companies with revenue >= $20M,EMR,2,40.94373987367738,4.173900950914739,2.1982019166618736,0.025268876095906445,12.701405667818236,0.43399548378056874,-0.029979842429657677,4.070862531429119,2.2335409214073643
industrials_revenue_20m,Industrials companies with revenue >= $20M,ENR,2,30.6217787465594,3.4746434428898683,2.2058838834335788,-0.008857238326457795,6.487169436644817,0.09751942435530214,-0.3214320260161776,2.309249380511731,1.2410590750674801
industrials_revenue_20m,Industrials companies with revenue >= $20M,FDX,2,33.031935250073154,2.0934152141979676,1.8928942810102332,0.06716647493084454,10.402703554593042,0.5101687959076093,0.029078391891450617,1.8852875517972716,1.0146776177454577
industrials_revenue_20m,Industrials companies with revenue >= $20M,FLR,2,19.51367417352007,-0.08459738614371326,0.036227625063872226,0.45416062532915963,3.4850139637188713,0.20281467124208113,0.06946370850170835,0.6662467229316098,-0.4521991251227894
industrials_revenue_20m,Industrials companies with revenue >= $20M,FLS,2,37.469707044956394,3.0608015068638497,2.637786997871343,-0.03128617765037928,11.107835240525437,0.15001386237996278,0.028760966707545188,3.6002194069100497,1.7790318733493082
industrials_revenue_20m,Industrials companies with revenue >= $20M,GGG,2,30.87293248031783,2.7453242897747985,2.8454781836665726,0.060163565258874896,4.672474668846196,-0.14439751928605196,0.29572110628321935,3.392471397298946,1.8691534204760203
industrials_revenue_20m,Industrials companies with revenue >= $20M,GIC,2,22.658373534200887,1.8817981408839173,3.2420152144870915,-0.22191352650017518,-0.9872092631266003,0.06445134500351896,0.1011943446604135,2.3936126684958667,1.0478812422976136
industrials_revenue_20m,Industrials companies with revenue >= $20M,GNK,2,24.547284249242857,4.797938995777097,-0.44840468150581747,-0.380705857886824,9.128546993099409,0.005329645416353723,0.03721643672083519,-4.757529066893507,1.02834841651606
industrials_revenue_20m,Industrials companies with revenue >= $20M,GPGI,1,50.496843308463596,28.37721943957123,17.578802703814315,0.8444635665776405,4.50409569785342,2.239328462945504,0.1956039117464523,17.487760149544112,14.624425066980809
industrials_revenue_20m,Industrials companies with revenue >= $20M,GRC,2,31.358446162268052,2.8936615569090676,2.1430502634569484,-0.00048198801152005144,5.85985149454375,0.028067140831465498,-0.06636286000300368,3.4931277255437863,1.8709894609982938
industrials_revenue_20m,Industrials companies with revenue >= $20M,GSL,0,46.617012453557344,2.113648164101055,0.026392033127108472,-0.36839743935229874,72.80945205704985,-0.02276698093382079,0.0038699972381607273,0.7736421047725142,1.207346510209386
industrials_revenue_20m,Industrials companies with revenue >= $20M,GVA,0,21.013826591418365,1.1695969334638958,0.5279672076193198,0.22751843567159102,46.98708573117752,-0.11449767461383686,0.20644273453161976,1.2296211646474808,0.7062660515753496
industrials_revenue_20m,Industrials companies with revenue >= $20M,HII,2,33.82381978270451,1.6147867475515119,1.9207853278424443,0.05386747976491796,10.557186611354206,0.5346631419812331,0.04575812310460564,2.660706906455346,1.2995220766510047
industrials_revenue_20m,Industrials companies with revenue >= $20M,HSHP,0,47.7745805222661,2.212910158554779,0.4646137060067711,-0.4354035898674571,72.81347038918155,-0.14819391231291867,0.7056842485088974,0.8597750870553366,1.2278984277937681
industrials_revenue_20m,Industrials companies with revenue >= $20M,HUBB,2,38.27794827612782,3.3465320650809973,3.099219627445764,0.02267930864393697,10.832995545064188,0.19585922044001258,-0.015278656853687789,3.679954866243451,1.9794429320638702
industrials_revenue_20m,Industrials companies with revenue >= $20M,HY,2,22.158357346583283,-0.4241622290186786,-1.3201730689367488,0.590199099547359,6.757103412541532,0.4505534965606932,0.03712142000944468,1.0742801802412707,-0.14310833236082093
industrials_revenue_20m,Industrials companies with revenue >= $20M,IIIN,2,24.948899578584843,2.3311817223783757,2.793661920703866,-0.0629149030032084,1.7080574129189554,-0.42749103921860576,0.23811050602394745,2.226597572245419,1.0051530185368036
industrials_revenue_20m,Industrials companies with revenue >= $20M,JELD,1,1.8127595229126392,8.326275457188457,19.61108941574455,-0.9731687223058045,4.601547131066084,-0.34921578465167924,-0.3380763505379827,3.0517900658519057,3.2373740011269785
industrials_revenue_20m,Industrials companies with revenue >= $20M,JOBY,1,69.66328719748034,28.37721943957123,24.53394809037723,0.8444635665776121,4.576525257824034,2.2861733283238506,0.1870601435714121,29.588327994823935,14.624425066980809
industrials_revenue_20m,Industrials companies with revenue >= $20M,KODK,2,35.646165450898614,-0.06942153954064123,-2.3079318967028084,-0.09236078619725352,10.496921404356069,-0.28642539316972904,0.06050469976606648,6.794648126719641,5.913687467668036
industrials_revenue_20m,Industrials companies with revenue >= $20M,KRMN,2,25.16427781098912,4.9538549670619005,0.43402536075614323,-0.29609443902978144,9.123066658021843,-0.39333550473222906,0.04291878350331124,-2.003270841461537,-1.8334305411297902
industrials_revenue_20m,Industrials companies with revenue >= $20M,MTZ,2,29.598824789197444,1.2802809048793187,1.6610088191348984,0.3109381517095112,8.872249038311795,0.4520679718323989,0.040599738874458446,1.5639374547677858,0.28119934168800376
industrials_revenue_20m,Industrials companies with revenue >= $20M,NL,1,16.82853365199273,16.12774648157859,6.228373328282781,0.6164424863071583,4.491047352079915,2.2861733283238532,0.1956039117464504,11.828110564768329,10.409891889475537
industrials_revenue_20m,Industrials companies with revenue >= $20M,NX,2,16.46574025922518,-3.4998313803241237,-7.142575405169645,0.07445869108036507,8.876309367629148,0.16847224735974586,0.06311327320460558,2.0644498192126024,0.7248002782332457
industrials_revenue_20m,Industrials companies with revenue >= $20M,OC,2,32.33488422065966,2.265372167819388,-0.7343152339275378,-0.04826141100595366,8.799575535769488,0.45548581095357193,-0.002364089465696828,3.634403165629517,2.8284449068876314
industrials_revenue_20m,Industrials companies with revenue >= $20M,PAC,0,47.478136584416006,2.152294214947225,0.18156384321842578,-0.22382726540911524,72.81116796247527,-0.1758848657914519,0.5538359478078233,0.8870165398956886,1.2181441999267202
industrials_revenue_20m,Industrials companies with revenue >= $20M,PEW,0,29.396193903469232,0.888473946374631,1.120695095510467,-0.038145208731706015,55.0885521380563,0.5037912743954269,-0.28262270627702724,1.5522182374280702,0.4894051193676684
industrials_revenue_20m,Industrials companies with revenue >= $20M,PL,2,2.0556630495875723,-21.401379671879752,-10.95448434476899,-0.41935783357666623,7.130060847500511,0.34551104800854915,0.04856350867261011,5.378931982243635,6.791274145388425
industrials_revenue_20m,Industrials companies with revenue >= $20M,PRG,0,30.01483790663348,2.338875281305201,0.2937104530027119,0.5058051246815451,54.350895773307805,0.566286667320934,0.20771885824579459,1.0241245096455305,0.6535952317785032
industrials_revenue_20m,Industrials companies with revenue >= $20M,PRIM,2,32.71568128252382,1.6761230829737952,2.678572008560514,0.37161245829486267,8.713556906314155,0.45074649229172414,0.051272084869556256,2.5485915031715183,1.088663378048424
industrials_revenue_20m,Industrials companies with revenue >= $20M,PWR,2,32.63577769156144,2.051506105035334,1.9317200537876111,0.11420323277893313,8.718839198623657,0.5034345731108929,0.04330863333637397,2.812829204671385,1.3233933222180114
industrials_revenue_20m,Industrials companies with revenue >= $20M,RDW,1,46.45581926736384,25.15541094017297,10.910799281944161,0.7632388502957164,4.4107444308603405,-0.4254331987451704,0.13285697086104725,26.238632615563848,14.62442506698082
industrials_revenue_20m,Industrials companies with revenue >= $20M,RHI,2,30.36781027331495,0.2621265747240584,1.9106755969095515,0.566501394505919,9.109302427847258,0.36501491212957854,0.05957615677276523,2.31158810146935,0.6464817409572081
industrials_revenue_20m,Industrials companies with revenue >= $20M,RHLD,0,48.72570066345707,1.7988018183252974,0.5930624462541129,0.4303942293546278,72.81539491371797,0.2260591269459039,0.5302413593466646,0.9501074308676684,1.3078133312993723
industrials_revenue_20m,Industrials companies with revenue >= $20M,RRX,2,40.72009913860418,3.931990911463506,1.109876390087655,-0.20430608806766806,13.167129186421437,0.10724572056852155,0.020444806618847622,4.831940213370633,2.6192346301419542
industrials_revenue_20m,Industrials companies with revenue >= $20M,RXO,2,16.780590671785724,0.852666671228514,-0.33925301635646177,-0.014944278372523656,-1.4824843437214508,0.3599131973457773,0.07280841551452011,1.643442855657449,0.5518978024906449
industrials_revenue_20m,Industrials companies with revenue >= $20M,SARO,2,20.05550873129214,2.2939465251488547,1.5001230382744026,-0.022889588510461467,-1.9895104916775268,0.07297363114167676,-0.06571359870874621,2.147484654514363,0.9825511931103179
industrials_revenue_20m,Industrials companies with revenue >= $20M,SB,0,47.55866303145247,2.1714728553281013,0.4523000261849498,-0.417345041157639,72.81532521421043,0.0999696643875338,0.22403398955399093,0.8943226912730871,1.2447576243265435
industrials_revenue_20m,Industrials companies with revenue >= $20M,SFL,0,47.87324479795099,2.235043372757203,0.5495113255136499,-0.41659725735915565,72.81472387411061,-0.20659479970104855,0.7061142687832733,0.8779253299215629,1.2392926765794217
industrials_revenue_20m,Industrials companies with revenue >= $20M,SMR,1,60.567503801160676,28.37721943957126,16.888034925260488,0.8444635665776294,4.536725840362137,1.0882365003721624,-0.025073842217921402,29.588327994823956,14.624425066980807
industrials_revenue_20m,Industrials companies with revenue >= $20M,SRFM,1,64.97790530600162,28.377219439571217,24.533948090377237,-0.011077731849833364,4.581772452509968,-0.9800990812137746,-0.38175523462817185,29.58832799482392,14.624425066980807
industrials_revenue_20m,Industrials companies with revenue >= $20M,SUNB,2,33.02930118278362,3.6931354923771296,1.837242052486689,0.09450278903298259,7.415254616341035,0.28357792867801307,-0.2148300947530693,3.0998212803118017,1.684053750309773
industrials_revenue_20m,Industrials companies with revenue >= $20M,SXI,2,33.27300629204813,2.779718635020182,1.2917370208846086,-0.2466292302252963,11.346440710776893,-0.21375683158273498,0.0433976494137861,2.196016137356514,0.9395388324048857
industrials_revenue_20m,Industrials companies with revenue >= $20M,TE,0,3.332569645910933,-1.01472925595669,0.4908586472587316,-0.26522142382057956,29.763748993758533,0.08344136332669405,0.28906858106625116,2.25662804179305,1.6549486911395435
industrials_revenue_20m,Industrials companies with revenue >= $20M,TEX,2,30.200111003689265,2.6092118560607034,1.8063917390459676,-0.018544196338323604,6.217478701635636,0.0462589877214834,-0.09641842416609278,2.9404342102306136,1.558754761500026
industrials_revenue_20m,Industrials companies with revenue >= $20M,THR,2,35.512656140126,3.4592574730921934,2.2866389351529866,-0.12890241823856458,10.7067454760683,-0.11479188085412201,0.05717593805312676,2.7773789296642364,1.3326103191885814
industrials_revenue_20m,Industrials companies with revenue >= $20M,TIC,2,26.057871580316085,1.0174894629656523,-1.5916661737792317,-0.3909220351332264,10.490193830835045,-0.377559266844492,0.056060790817462514,1.5951260616226974,0.12260554183291728
industrials_revenue_20m,Industrials companies with revenue >= $20M,TISI,2,15.90903098976722,-1.306780554179467,-5.939375422848552,0.8222857023662711,9.373981528022917,0.08466301651318703,0.12366579803457123,-0.595013339126663,-1.7909391070142964
industrials_revenue_20m,Industrials companies with revenue >= $20M,TKR,2,36.656093703051866,3.1383983918319114,1.7929193738116385,-0.11028374531587046,11.658839972372842,-0.1694919668056711,0.03643717903068899,3.3523605413676085,1.8203705887594972
industrials_revenue_20m,Industrials companies with revenue >= $20M,TPC,2,20.909288749122734,1.6043522161831452,0.8751127486522334,-0.04288381055672186,-1.9301291479458629,0.3309075795628242,0.1882517282415151,3.0896172512923683,1.6575168156939926
industrials_revenue_20m,Industrials companies with revenue >= $20M,TRC,1,7.13991976301995,6.322779463709098,1.1237640566241383,0.8444635665776329,4.230721977218031,0.9969684957315527,0.07977354937643999,29.588327994823924,-0.6920236504710309
industrials_revenue_20m,Industrials companies with revenue >= $20M,ULS,2,42.75362473396969,3.6360407155399153,3.5151850730792753,-0.0385194134054504,13.990306318713378,0.3145330241379272,0.05004018777668423,3.765550279808137,2.3839451803205605
industrials_revenue_20m,Industrials companies with revenue >= $20M,UP,1,27.59939715020248,12.016110481627884,20.12841080775997,0.05459497261724655,4.361075223135181,-0.9800990812137724,-0.20377899138360395,17.29963270809285,10.278306720136547
industrials_revenue_20m,Industrials companies with revenue >= $20M,VOYG,1,47.8109230034721,25.298662682379867,7.372930316237012,0.8444635665776306,4.475190047458434,1.1286415355915722,-0.16686251600734942,29.58832799482391,14.624425066980809
industrials_revenue_20m,Industrials companies with revenue >= $20M,VRT,2,39.19247943772959,3.074441561702896,3.0833292081428723,-0.002244894178092316,11.469234765304504,0.2392371435282808,0.019108539596278062,4.030765993482593,2.1420637521510226
industrials_revenue_20m,Industrials companies with revenue >= $20M,WMS,2,31.54916650401015,2.953598509848922,2.2747010912962193,0.0509146330165407,5.899583322381992,0.018300205243692524,-0.13016568105304233,3.3776091840200393,1.9680818712565338
industrials_revenue_20m,Industrials companies with revenue >= $20M,WTS,2,34.19544748185467,2.9751578054310417,3.115785876335702,-0.0014523986568161784,7.491985861087488,-0.0022282770469858604,0.21918643903683516,3.4745953796614515,1.785873428006707
industrials_revenue_20m,Industrials companies with revenue >= $20M,XPO,2,35.10219910430465,2.5563563082097054,1.5009011060415662,0.06163504424125127,11.535934990202406,0.5767043441914299,0.027780162019829635,1.989494247101638,1.7168495342975758
industrials_revenue_20m,Industrials companies with revenue >= $20M,YSS,1,9.022752392310377,6.6359189662957,4.715501206610688,0.7225922203795989,4.262380777357859,-0.4345065695076874,0.10507376676734909,15.318120058604336,13.052527656372394
industrials_revenue_20m,Industrials companies with revenue >= $20M,ZIM,0,9.108733640319015,1.7942214566264818,0.40985861238781246,-0.11020010659782853,34.56136264371195,-0.1251123735993641,0.43008173405103545,0.9023297767441426,1.172365889649326
industrials_revenue_20m,Industrials companies with revenue >= $20M,ZTO,0,33.93941454133881,1.685289050751042,0.27141992235924883,-0.17537444805384422,60.358975966931446,-0.09027820429249195,-0.1698270636645452,1.0173664644135818,0.968016845548954
consumer_cyclical_revenue_20m,Consumer Cyclical companies with revenue >= $20M,BQ,0,8.608250547626016,-2.412678602283365,-3.858730126952383,0.28314916225954273,27.48208705991922,3.5566015100182486,1.0942063094823031,-1.976530981189208,-1.3049210510623053
consumer_cyclical_revenue_20m,Consumer Cyclical companies with revenue >= $20M,DSS,2,37.83675201855616,19.21050299027219,15.241353791293673,0.4376704202786246,2.8658618190323,0.019253170035760242,-0.05041398929306255,11.432228657102065,7.594700040629835
consumer_cyclical_revenue_20m,Consumer Cyclical companies with revenue >= $20M,JMG,0,21.041036897581108,0.8678055230891335,1.3690369526588002,0.6399971104734442,32.398863545114196,-1.043263463892134,0.3173255375828602,0.2696080297077982,0.47659639541302423
consumer_cyclical_revenue_20m,Consumer Cyclical companies with revenue >= $20M,OTH,0,18.874803584574977,1.113583567473273,1.0370436234438132,0.74356009699869,29.148562215824406,-0.44276600509996544,-0.5378130195359389,1.0462377454398073,1.0213280925968737
consumer_cyclical_revenue_20m,Consumer Cyclical companies with revenue >= $20M,PMNT,2,37.93228098172262,19.208954350853844,15.241651174722204,-0.28172304327722275,3.4504476081040956,0.06342153177892332,0.14005936292792753,11.43058731391454,7.593287563493613
consumer_cyclical_revenue_20m,Consumer Cyclical companies with revenue >= $20M,ROLR,2,9.347803836413748,7.5853112421885065,-1.450425455179274,6.259341166126031e-05,3.3265896669294412,0.04471946992056275,0.31785389273914205,11.430679494147933,7.007417813051044
consumer_cyclical_revenue_20m,Consumer Cyclical companies with revenue >= $20M,ABLV,1,11.289711872215038,-0.5329781127393463,2.0438892341676107,0.05355694055731765,4.396015883688279,0.16785888381813974,-0.19647156352248976,0.8594007437129533,-0.6168282442994174
consumer_cyclical_revenue_20m,Consumer Cyclical companies with revenue >= $20M,AMWD,1,19.807336908964256,2.009915851033569,2.875078532286542,-0.025273124136399303,7.979077008052565,-0.18240206734151107,-0.2808146945074014,1.7367305529209744,0.5797567438239071
consumer_cyclical_revenue_20m,Consumer Cyclical companies with revenue >= $20M,AMZN,1,18.73096101010579,2.871624357962152,2.2592468000451937,0.031941336452601554,5.570369948956671,0.7228868210279137,-0.7247659595894472,0.6708715455835342,2.213518052835178
consumer_cyclical_revenue_20m,Consumer Cyclical companies with revenue >= $20M,AOUT,1,7.499321536968154,0.8664824928609283,1.6772736759520992,0.006898418404423373,3.200266693269418,-2.5122185421436187,-0.740016273613631,0.3936658738560044,-0.508298908449458
consumer_cyclical_revenue_20m,Consumer Cyclical companies with revenue >= $20M,ATER,2,28.945032314470062,13.806369888123802,15.241681046974941,-0.6818600357227595,4.156296394974218,0.1002487489774046,0.24752507779289473,7.985333367582697,7.003842706562107
consumer_cyclical_revenue_20m,Consumer Cyclical companies with revenue >= $20M,AZI,2,7.083600069321385,8.234736057648687,15.541204473344933,-1.104105494056837,-2.97845265446288,0.8068381731853108,0.456152754774622,2.2186444043746754,2.8229872353081413
consumer_cyclical_revenue_20m,Consumer Cyclical companies with revenue >= $20M,BIRD,2,38.191983190497645,19.20780730717065,15.241864174253426,-0.16028642095776802,3.5571935026582713,0.11952159881043724,0.11889099583686565,11.429082897438864,7.5923140160821845
consumer_cyclical_revenue_20m,Consumer Cyclical companies with revenue >= $20M,BRAG,1,17.740908276525445,2.3379340796168537,-0.7244435062662231,-0.02923726883626193,7.2470431592729225,0.5365473496755238,-0.6738251360703313,1.1888386434996554,2.742782848801318
consumer_cyclical_revenue_20m,Consumer Cyclical companies with revenue >= $20M,BRCB,1,3.213878741902972,-1.315852544328877,0.6100172707984415,-0.12631953908188254,6.387369967189272,0.37653134068909677,0.053426155474749146,-6.645310836143433,-1.241251179526386
consumer_cyclical_revenue_20m,Consumer Cyclical companies with revenue >= $20M,CARG,1,14.840356811148363,2.5778744364071375,1.5368738173842336,-0.11585839749252107,2.067423707235225,-1.3534495884321858,-0.5066560965224048,2.941940981658379,2.576939844078506
consumer_cyclical_revenue_20m,Consumer Cyclical companies with revenue >= $20M,CGTL,2,28.9800055626864,18.424061778258235,15.53202634430798,-0.04117431693055877,-0.5462448327975531,-1.6734750292184526,-0.35619752080009087,10.04047659989488,6.514937420767236
consumer_cyclical_revenue_20m,Consumer Cyclical companies with revenue >= $20M,CHA,0,23.204441569723663,0.8287984920066023,1.129735572781799,0.013356534203830706,32.407519819064944,1.9454145291484395,1.118095893707377,0.034518045707251976,-0.018064584330542505
consumer_cyclical_revenue_20m,Consumer Cyclical companies with revenue >= $20M,CLAR,2,5.9319605362018155,6.167298959564836,9.003384865295837,0.055066581436525486,3.812722079612091,0.25669655694117127,0.30989389384845895,2.5320708351614902,2.7092316451366596
consumer_cyclical_revenue_20m,Consumer Cyclical companies with revenue >= $20M,CLIK,0,18.899974720440074,-0.8897802379862333,0.10190451658302513,-0.37572127169412434,31.27066989214387,1.636112045933404,1.1431899442796958,0.14517781242105926,0.12335475132541948
consumer_cyclical_revenue_20m,Consumer Cyclical companies with revenue >= $20M,CROX,1,19.16244124219226,0.8910198570685025,1.3934777874501585,-0.00079466655134032,5.096909648472294,0.48650544390109446,-0.1610790102435876,4.114334167196803,2.2267999080663348
consumer_cyclical_revenue_20m,Consumer Cyclical companies with revenue >= $20M,CRWS,1,15.036233368635779,1.662379327933564,-0.25847067358155473,-0.027238447936585142,5.270342289078353,-1.36302781352687,-0.12472880575001308,3.316162406483968,1.445546979102938
consumer_cyclical_revenue_20m,Consumer Cyclical companies with revenue >= $20M,CULP,2,7.7200798501137315,6.226358997952063,7.5063506004318805,-0.34612883954137486,3.0598366277606024,0.10533126263449975,0.2576363420401674,5.143441728279447,4.681658011351737
consumer_cyclical_revenue_20m,Consumer Cyclical companies with revenue >= $20M,CVGI,1,12.167636870063586,-1.209430094753329,-0.9182225878648447,0.08106518393550888,7.358603350222501,-0.38204016384513245,-0.1393220412924347,1.880481966121611,0.38123315070770447
consumer_cyclical_revenue_20m,Consumer Cyclical companies with revenue >= $20M,DASH,1,19.15582642535712,1.5314575711224065,2.0580062585515417,0.07778082591154478,5.763754910260566,0.339462982794173,-0.7515873982419602,2.9668422697906625,2.0548408983361917
consumer_cyclical_revenue_20m,Consumer Cyclical companies with revenue >= $20M,DPZ,1,15.39513464542436,2.130475358264974,1.8926262975189871,-0.48343596766026253,1.4915944912858916,0.04579674038383408,1.3123928261108595,2.3368312776668883,1.553585515021191
consumer_cyclical_revenue_20m,Consumer Cyclical companies with revenue >= $20M,DRVN,1,23.744604926392476,3.305288795687459,2.08195810371797,0.11367387494849923,7.615531500428273,1.0233960016093269,0.46813321940810776,1.779377573497619,2.2419777502632496
consumer_cyclical_revenue_20m,Consumer Cyclical companies with revenue >= $20M,ECX,2,5.762615407834797,4.6840279779908425,4.935504982095726,-0.09751503935475125,3.168569299739085,0.028869696097716724,-0.08195116441113692,6.475250161848213,5.564264374624377
consumer_cyclical_revenue_20m,Consumer Cyclical companies with revenue >= $20M,EVGO,2,8.29332907706431,5.965338459877504,2.2960737274260916,0.3915813288625195,4.099813972130033,0.1316819273367471,0.1455347647705622,11.432385488895015,2.745324288561089
consumer_cyclical_revenue_20m,Consumer Cyclical companies with revenue >= $20M,EXPE,1,15.233693861707314,1.9768229216135538,1.4457439589700831,0.14159544500058435,0.00826171143288379,1.1007560505803884,-0.5552501261128483,3.2403743661296414,2.7601214272610393
consumer_cyclical_revenue_20m,Consumer Cyclical companies with revenue >= $20M,EZGO,2,26.647697382178382,19.206016491832024,6.155199715910272,0.43913899705239945,3.5940309200106815,0.19092545435474104,0.23864164790975015,10.287222273531782,5.450926762372028
consumer_cyclical_revenue_20m,Consumer Cyclical companies with revenue >= $20M,FGI,1,5.417919285419511,-2.0941131574616874,-2.2478923654822465,0.15390712349536967,5.747993251461256,0.332321321508672,-0.17820721020406913,-0.116268484466823,-1.2950893002629495
consumer_cyclical_revenue_20m,Consumer Cyclical companies with revenue >= $20M,FLWS,2,8.594797413368049,7.348463103471428,12.355470155458894,-0.5973890300366282,3.0317272621816507,0.07318295211089551,0.1278195661591999,2.5631648132380898,2.6067634715797947
consumer_cyclical_revenue_20m,Consumer Cyclical companies with revenue >= $20M,FLXS,1,17.19289738119876,1.1145170304331167,2.6643144582793443,-0.13309225601766161,7.065139649319321,-1.0797032226311534,-0.6084161845610635,2.244234497159199,0.8106353023856757
consumer_cyclical_revenue_20m,Consumer Cyclical companies with revenue >= $20M,FLYE,2,13.184895016525667,1.6406519717454051,7.605816504248031,0.19385198783268037,3.5758965404886807,0.06192853181792188,-0.006291550032784199,11.432487263846626,7.594958647374379
consumer_cyclical_revenue_20m,Consumer Cyclical companies with revenue >= $20M,FOSL,2,1.1914283600931892,4.401452238737489,5.583480550585672,-0.19578841512589362,2.7840584359345386,0.09067805427623793,0.059911772411537945,3.4770310203056796,3.905009583763204
consumer_cyclical_revenue_20m,Consumer Cyclical companies with revenue >= $20M,FOXF,2,16.710107345214283,16.19128475233898,15.241273126302854,0.12549207440315915,3.0819715614013705,0.1753624485067179,0.08983238149238484,-0.12050733956547294,0.8398032211295511
consumer_cyclical_revenue_20m,Consumer Cyclical companies with revenue >= $20M,GGR,1,6.227430975872568,0.8018448952859987,-4.10287421863574,-0.15476479696778928,5.957882466834536,0.5262415935623279,0.29771646383987305,-4.01505668673334,1.8011731518547154
consumer_cyclical_revenue_20m,Consumer Cyclical companies with revenue >= $20M,GIII,1,9.760879922764486,0.6787352456619449,1.778916031175974,-0.02813170924070836,1.0094106645998657,-1.027877141782224,-0.8911713959623004,2.1749382599067406,0.9507918615732027
consumer_cyclical_revenue_20m,Consumer Cyclical companies with revenue >= $20M,GLBE,1,14.689342172702649,1.7885471676180817,1.4434579803298013,0.12164986852317744,1.606181498231722,-0.2802545157045364,-1.1560079423556915,3.2690967727558373,2.781403236472257
consumer_cyclical_revenue_20m,Consumer Cyclical companies with revenue >= $20M,GRWG,2,7.760109817491879,7.00886228702304,7.9114886150090316,0.002717594675454349,3.816760879175305,0.242988536998591,0.21737313681579118,3.5462823491996396,3.928041299390285
consumer_cyclical_revenue_20m,Consumer Cyclical companies with revenue >= $20M,HEPS,0,20.661422899220668,1.0710259266501376,-0.04060480315565454,0.6402175877910211,32.29751500869237,-0.9677332381545108,1.2322763985083105,0.47536076106583725,0.208297990389218
consumer_cyclical_revenue_20m,Consumer Cyclical companies with revenue >= $20M,HSAI,0,18.431732162861962,1.047833284726163,1.1146624681114206,-0.4158091536948417,25.24023438045285,2.75646526993413,1.1754526629218567,1.1094643577602945,0.658361625216135
consumer_cyclical_revenue_20m,Consumer Cyclical companies with revenue >= $20M,HTHT,1,15.865905300253848,2.7531227701731513,1.4050493562098842,0.22285905662071048,-0.4999105880993555,0.9011442155023303,0.24925463182821028,3.0678773361490266,2.6512404150378996
consumer_cyclical_revenue_20m,Consumer Cyclical companies with revenue >= $20M,HTLM,0,9.084693249628867,0.9238963463454379,1.3225667404630606,0.7273350366663247,18.727203274711812,-0.5695463311607836,1.0603737546257819,0.4815712599224689,0.6662259006207656
consumer_cyclical_revenue_20m,Consumer Cyclical companies with revenue >= $20M,INTG,1,21.07952894095131,4.682253094606536,0.5314534062038133,-0.05269292499781038,6.984502709900529,0.4840745037597072,0.9590447406449519,1.3520380720383058,1.0235872319632695
consumer_cyclical_revenue_20m,Consumer Cyclical companies with revenue >= $20M,INVZ,2,38.61409151660851,19.206336754313988,15.242071895721974,0.39309184224229143,3.3142058083076362,0.17041885685532016,0.18414544032073898,11.427139970541408,7.591085829100418
consumer_cyclical_revenue_20m,Consumer Cyclical companies with revenue >= $20M,JEM,2,28.40993554029267,17.905011503205863,15.241818563770648,-0.15826664159855325,3.5610217882222774,0.16862805690471713,0.31110548658968473,5.171709561257461,5.12331210273583
consumer_cyclical_revenue_20m,Consumer Cyclical companies with revenue >= $20M,JWEL,2,6.7434696846017825,4.979481263121166,13.661485645200731,-0.7670665075782993,3.823157547130999,0.09886540918737183,0.30312950223932034,1.1488882025442018,2.4099335035515614
consumer_cyclical_revenue_20m,Consumer Cyclical companies with revenue >= $20M,JXG,2,13.411441990674447,6.67731533432804,12.224544495244611,-0.4580603107464041,3.8104092987788185,0.07681158355876957,0.2931623924279372,6.052870460433392,3.648793617444572
consumer_cyclical_revenue_20m,Consumer Cyclical companies with revenue >= $20M,KNDI,2,0.6913215184708541,19.21072020305626,11.239455881745599,0.4369502493904426,2.3938501299350894,0.1456163393033184,0.2770925461725188,-8.283522430103595,-5.814436520233504
consumer_cyclical_revenue_20m,Consumer Cyclical companies with revenue >= $20M,KRT,1,11.60606220322267,1.3871037488133466,2.381886475107839,-0.17777807628599712,2.3226884354413153,-0.6516181861086038,-0.8145361732402874,1.522999197193289,0.5200486754697858
consumer_cyclical_revenue_20m,Consumer Cyclical companies with revenue >= $20M,LAKE,2,5.818721819083377,6.020825701513421,5.908135110697862,0.1038591987728833,3.0088778642787664,0.21560661544569723,0.20391419865669255,4.622624180541317,4.649283829972025
consumer_cyclical_revenue_20m,Consumer Cyclical companies with revenue >= $20M,LCID,2,38.18945190575751,19.20965466334492,15.241570078276329,0.43806869422369654,3.0091341330088506,0.0719436107960266,0.10821946940879447,11.43137049717366,7.593895640320532
consumer_cyclical_revenue_20m,Consumer Cyclical companies with revenue >= $20M,LESL,2,10.077815500859073,8.37935645302991,15.187362806467112,-0.31628482811534736,2.65166133237729,0.09254818148861416,-0.24110875112266889,1.3351348502897098,1.9035503372397184
consumer_cyclical_revenue_20m,Consumer Cyclical companies with revenue >= $20M,LGIH,0,5.039307884492237,1.2526789011368271,1.605509634482221,-0.369490814346147,10.125408280207292,3.845950286585117,0.16106420007083422,1.268985498517242,1.4041346304048716
consumer_cyclical_revenue_20m,Consumer Cyclical companies with revenue >= $20M,LI,0,24.663719016866235,1.400940558333292,1.7229381779939283,-0.238880876779637,32.138291606595686,0.22942273292778181,1.0188725863906767,1.3081320151329765,1.3389349488375606
consumer_cyclical_revenue_20m,Consumer Cyclical companies with revenue >= $20M,LIVE,1,19.860768165122845,2.6844059488890353,2.2081046694741375,-0.038998446150969646,6.973308596048098,0.1977571000700207,0.27209741160268974,1.867419838008791,0.5814049403490621
consumer_cyclical_revenue_20m,Consumer Cyclical companies with revenue >= $20M,LOBO,2,14.574088782908833,8.30253433315228,12.744674496244755,-0.01590947498529402,2.8638391918197676,0.0802153420202003,0.202375359154716,4.922678763838331,4.3880856524593534
consumer_cyclical_revenue_20m,Consumer Cyclical companies with revenue >= $20M,LOT,2,34.025191402666394,19.210753455281964,11.370441951815344,0.43751328564107184,3.1154417899585525,0.018920692592295868,-0.2409045195789855,11.432479122111843,7.594950505639608
consumer_cyclical_revenue_20m,Consumer Cyclical companies with revenue >= $20M,MAR,1,26.137222032170204,2.820446094515796,2.8620188660286554,0.0003904387606359361,9.561037943708037,1.3418830145783383,0.4169865557396215,2.6349185099146135,1.3842725020925346
consumer_cyclical_revenue_20m,Consumer Cyclical companies with revenue >= $20M,MB,1,0.7362589825595194,0.623166233324846,-2.4736095271247382,0.01590237948877221,-0.9593861383154141,0.17610196793103144,0.46967887915879153,-0.5800692824967126,-1.6507936362390503
consumer_cyclical_revenue_20m,Consumer Cyclical companies with revenue >= $20M,MCFT,1,18.53821604432059,1.384653346264216,2.110600314824692,-0.028664224893899318,6.111198935403797,-0.11604618572961262,-0.1954405277809223,2.6702752274845163,1.4863710519158022
consumer_cyclical_revenue_20m,Consumer Cyclical companies with revenue >= $20M,MCRI,1,24.602456064695993,3.0184716053022393,1.9056712960328719,0.08388813607538337,8.627228309339726,0.9515623042368279,-1.1549392616827385,3.262706726122685,2.792598842436995
consumer_cyclical_revenue_20m,Consumer Cyclical companies with revenue >= $20M,MGIH,2,18.712785281530362,10.56023642384537,9.657279433492663,0.12295453141657173,3.0192072568856556,0.13690580542605876,0.25611624043615966,8.458270823503526,5.41621964731965
consumer_cyclical_revenue_20m,Consumer Cyclical companies with revenue >= $20M,MRM,0,16.88049290869652,0.658045608655784,1.5218305868926265,-0.06240026608102128,31.261639951348695,-1.2148258326982377,-0.02707845337573056,-0.7408587210653291,-0.26092723241424404
consumer_cyclical_revenue_20m,Consumer Cyclical companies with revenue >= $20M,MWC,0,20.606031084305407,0.7874705691988169,0.9615206149988651,-0.09239802543668907,32.411418224917526,0.3872406761274295,0.12110253267845396,0.1441120578641476,0.14049716652289998
consumer_cyclical_revenue_20m,Consumer Cyclical companies with revenue >= $20M,NAAS,2,21.20395444112659,19.210944264546445,15.241077356148335,0.3899426288356732,2.980475369532401,0.01877234230038819,-0.24132376966246613,0.5263377461401397,1.992133384080937
consumer_cyclical_revenue_20m,Consumer Cyclical companies with revenue >= $20M,NATH,1,9.894608089909601,2.2321227101350294,1.5343885218512483,-0.5105376474385811,-2.7376258100678257,-1.2030259554482747,1.3240838454123043,2.5755939599891446,1.5643403586445614
consumer_cyclical_revenue_20m,Consumer Cyclical companies with revenue >= $20M,NEGG,0,7.3455699677789585,1.087544518165152,1.1870940382551238,0.7416884157440469,15.760171921179563,-0.29336651752808934,1.028582833267636,1.014114389453967,1.0746731018075932
consumer_cyclical_revenue_20m,Consumer Cyclical companies with revenue >= $20M,NHTC,2,6.36951810470821,5.521264256969263,1.356719885673808,0.038698658130576685,3.425157111023504,0.14922310254926832,0.3113966803325296,7.700218031109972,6.781245259714555
consumer_cyclical_revenue_20m,Consumer Cyclical companies with revenue >= $20M,NIU,0,21.51447202001588,1.038761201784537,0.9387142180894195,0.18981373266422985,32.33526999337775,-0.5906329439193005,0.7865708377503111,0.6092154115005393,0.4616923013344224
consumer_cyclical_revenue_20m,Consumer Cyclical companies with revenue >= $20M,NPT,0,22.100918161543312,1.1122025375736277,1.3513021700577958,0.7534750549773305,32.28444458547859,-1.5633961595077612,0.23652340241205355,1.181050517315819,1.0002487858018627
consumer_cyclical_revenue_20m,Consumer Cyclical companies with revenue >= $20M,ORBS,2,11.62766845781271,18.398982448741126,15.54250416237388,0.6280817311264405,-18.701708881224434,-1.7082895326451453,-0.37689322665815406,10.27674292167774,6.482653715216541
consumer_cyclical_revenue_20m,Consumer Cyclical companies with revenue >= $20M,ORLY,1,23.958976210434585,2.7368560295787017,2.7351117642680873,-0.02297083377897119,8.569017509160261,1.0331333817622927,0.14163733114057886,1.9788496479528912,1.6720732735187327
consumer_cyclical_revenue_20m,Consumer Cyclical companies with revenue >= $20M,PASW,2,5.562670417954049,18.402034098737712,9.207688416778133,0.4804307155566637,-17.628963445494758,-0.5970712845505957,-0.2712279657756124,8.398871110624395,6.4853136528733675
consumer_cyclical_revenue_20m,Consumer Cyclical companies with revenue >= $20M,PDD,0,19.74991504356127,0.25322787102228994,1.0809065977722772,-0.21084738815237408,32.45770280782884,1.059786787649334,1.333854087717704,-0.9137318806289507,-1.056051107081848
consumer_cyclical_revenue_20m,Consumer Cyclical companies with revenue >= $20M,PENN,1,7.939055020996185,-2.0015105569016174,-1.29428780972078,-0.14225058598527335,5.766521820886897,0.5272049519985692,0.527389848179691,-0.9770689926684414,0.41778823837514767
consumer_cyclical_revenue_20m,Consumer Cyclical companies with revenue >= $20M,PLBL,2,28.674828836513647,10.27622650413726,15.241548089934854,-0.223220498648104,3.014738802626152,0.04834193472893933,0.20581636482400764,11.431655568089004,7.594126951616765
consumer_cyclical_revenue_20m,Consumer Cyclical companies with revenue >= $20M,PLBY,1,7.286111420550752,-1.0546286727981067,-0.3637118186951591,-0.1306147189154213,4.347043419819915,0.4601345792473224,0.37496201187765565,-0.1768571472084866,-1.285484339608962
consumer_cyclical_revenue_20m,Consumer Cyclical companies with revenue >= $20M,PLCE,1,2.5696174868157904,-2.7581711357621796,-3.84780549739336,0.14416892266163472,4.579016577248855,0.41365302920091296,0.49942109196003226,-0.31084360974661923,-1.2650899981854753
consumer_cyclical_revenue_20m,Consumer Cyclical companies with revenue >= $20M,PRPL,2,4.96739025379174,3.5644954610791544,8.37823239735816,-0.26503281046150867,2.976156013103237,0.07761146591003487,-0.0832975428776695,4.8794987372808825,4.3541314131947075
consumer_cyclical_revenue_20m,Consumer Cyclical companies with revenue >= $20M,PRTS,2,10.962291229056172,5.858353475310908,13.009378410033676,-0.7672059506969804,3.2326774460034935,0.09787211295845422,0.16246545850656807,4.2361782138215505,4.046976943913785
consumer_cyclical_revenue_20m,Consumer Cyclical companies with revenue >= $20M,PSNY,2,35.47778513384019,18.50004559552071,15.508448517272601,0.2541199455011062,1.9238393586243547,0.758944605310865,0.3988111645229768,10.421427325222343,6.626553502660457
consumer_cyclical_revenue_20m,Consumer Cyclical companies with revenue >= $20M,PSNYW,2,35.47778513384019,18.50004559552071,15.508448517272601,0.2541199455011062,1.9238393586243547,0.758944605310865,0.3988111645229768,10.421427325222343,6.626553502660457
consumer_cyclical_revenue_20m,Consumer Cyclical companies with revenue >= $20M,PTLE,0,15.752221660524881,-0.47017737632063783,-1.297610806053498,1.0265407053656266,31.046241308250526,1.1849922289916928,1.1173899920610224,-1.598855378573581,-1.001366280630262
consumer_cyclical_revenue_20m,Consumer Cyclical companies with revenue >= $20M,PZZA,1,19.196569520350295,1.2490351271476943,2.2005723310389538,0.11518631714614964,7.412070929982177,0.6825621356209473,0.9152714378387653,1.1829365022309293,0.323666632512674
consumer_cyclical_revenue_20m,Consumer Cyclical companies with revenue >= $20M,RIVN,2,34.063162183652345,19.20841410787168,11.723451551232284,0.41209563311496666,3.4072173199099582,0.13882195634715955,0.06648652450323855,11.429995582348592,6.59108438911975
consumer_cyclical_revenue_20m,Consumer Cyclical companies with revenue >= $20M,RRR,1,26.75725698519352,3.6170353921892873,1.6982696476214723,0.14774150041241685,8.33641540860976,1.0111077174663086,0.9701985458465937,2.8348834062527866,3.026337259962916
consumer_cyclical_revenue_20m,Consumer Cyclical companies with revenue >= $20M,SCVL,1,13.45461730552145,1.500452982231815,2.3266046371590474,0.006104038051220145,5.243672011523837,-2.0534432434134646,-0.34723366808051037,1.1776577224269444,0.4855347187905547
consumer_cyclical_revenue_20m,Consumer Cyclical companies with revenue >= $20M,SFIX,1,7.317513850609952,-2.150685121044617,-1.0243407198938375,0.23444835048698665,6.088980428480922,-0.013659044700712913,-0.4231077894327601,0.3201416188526493,-0.8295319789706673
consumer_cyclical_revenue_20m,Consumer Cyclical companies with revenue >= $20M,STRT,1,19.611128335983317,1.1316466355060228,2.35290180899664,-0.10685139471027513,8.268950513739284,-0.7092130407706503,-1.023659774390847,3.0851993974199035,1.4968860833612365
consumer_cyclical_revenue_20m,Consumer Cyclical companies with revenue >= $20M,THCH,2,17.712254079722747,12.498689955020481,15.241120116552908,-0.008039514799264305,3.2496658236986655,0.018834351090238496,-0.2412617608726177,3.445708079014663,2.421941910812938
consumer_cyclical_revenue_20m,Consumer Cyclical companies with revenue >= $20M,TILE,1,17.680883740024317,1.9019346045282641,2.425399246870143,-0.0437108663806679,6.347820565714026,-0.6931285892800318,-0.630832834987618,2.0343717760942575,1.2237617306339632
consumer_cyclical_revenue_20m,Consumer Cyclical companies with revenue >= $20M,TOUR,2,2.812341625880263,0.20234755205326893,-0.620276740384102,0.4125743634444326,3.793772392426625,0.12109214326213086,0.30138715627684076,9.922774675903113,7.5930749636932235
consumer_cyclical_revenue_20m,Consumer Cyclical companies with revenue >= $20M,TRS,1,21.892546342003673,2.1386165125112044,2.4010282357198,0.14401537340296364,8.657683221539111,-0.8617981642340468,-0.3031031160142253,2.478017877883023,2.1228182943638596
consumer_cyclical_revenue_20m,Consumer Cyclical companies with revenue >= $20M,TSLA,1,13.529535280134022,1.739731249933563,1.7986090222925144,0.08433916029560684,2.7595816637491004,-0.4845600837906033,-0.9166616378484076,1.702613570213238,1.73061422845703
consumer_cyclical_revenue_20m,Consumer Cyclical companies with revenue >= $20M,UCAR,2,32.51817436534484,19.207092565431765,8.745276593118227,0.4389060315706542,3.614024083072813,0.10591215318772086,0.30157348653456706,11.428120359527913,7.591673973696429
consumer_cyclical_revenue_20m,Consumer Cyclical companies with revenue >= $20M,ULTA,1,16.09891096345592,1.7685655041109842,2.472017422027779,-0.23174379937115563,4.109449319020174,0.3243027813750252,-0.40470936813673897,1.7968197169402538,1.1489412806575876
consumer_cyclical_revenue_20m,Consumer Cyclical companies with revenue >= $20M,UXIN,2,10.871705536808896,5.086662289028149,5.641568524509306,-0.132679960662869,4.174711675698594,0.10754921290799935,-0.13587412956003056,8.132258698807217,6.9119141068758205
consumer_cyclical_revenue_20m,Consumer Cyclical companies with revenue >= $20M,VFS,2,17.39822367778389,18.40618911969289,15.541369195421638,0.48327547020551975,-15.893375509740462,0.7557199646762086,0.2449121769619394,10.285600214169968,6.488937927191469
consumer_cyclical_revenue_20m,Consumer Cyclical companies with revenue >= $20M,VIOT,0,23.751878012826197,0.9917184979723024,1.1542929787329785,-0.045398797211750413,32.3635574458979,1.2782044302688012,1.2944151745599353,0.44284152170800883,0.5271794934640404
consumer_cyclical_revenue_20m,Consumer Cyclical companies with revenue >= $20M,VRA,2,4.601300658503492,4.32198084363086,9.818700906027166,-0.0267424622096461,2.8606058033713957,0.14350284104447997,0.15885111221485176,2.9725508857345995,3.2662556094850714
consumer_cyclical_revenue_20m,Consumer Cyclical companies with revenue >= $20M,WEN,1,20.980598211819554,3.0932429290692918,1.7488280341948759,0.1551584482697921,5.764756567264124,-0.05273972657226694,0.9955971105395768,2.4158643915457096,1.7446223506764835
consumer_cyclical_revenue_20m,Consumer Cyclical companies with revenue >= $20M,WING,0,2.068501097811602,0.1819571007924108,1.0669954067519143,-0.047373314282217915,15.780909026992111,2.163029616239255,-1.3856053259071421,-0.5839417789050181,-0.8525369013036741
consumer_cyclical_revenue_20m,Consumer Cyclical companies with revenue >= $20M,WKHS,2,38.30017628534391,19.208986966470572,15.24164188545554,0.43826747439262104,3.0664704845815907,0.09002242196620942,0.14525577728971034,11.430621089368586,7.593315066614377
consumer_cyclical_revenue_20m,Consumer Cyclical companies with revenue >= $20M,WOOF,1,15.105870731963282,0.002965791385320271,1.0072945262520658,-0.006009093146535485,7.0254516698541485,0.5380101356776856,0.1788196384916364,1.2199067806531352,0.02416317596383609
consumer_cyclical_revenue_20m,Consumer Cyclical companies with revenue >= $20M,WPRT,2,38.73197155846241,19.207107984498563,15.241938941843625,0.4388925251970588,3.3139026155127955,0.11370714911272108,0.3110219322508186,11.428115898078886,7.5916893927632225
consumer_cyclical_revenue_20m,Consumer Cyclical companies with revenue >= $20M,YJ,2,25.957256807652634,18.55928427360879,5.506908958918885,0.5974678680809059,2.9950411835171122,0.2254918749195311,-0.24884671250131363,10.513688278372065,6.7226259635319074
consumer_cyclical_revenue_20m,Consumer Cyclical companies with revenue >= $20M,YTRA,0,24.80455973270308,1.3146895462748913,1.452716028810048,-0.28034654395111014,32.242472601222396,0.5952153880001204,1.236821882108875,1.280519100351577,1.2174044624523037
consumer_cyclical_revenue_20m,Consumer Cyclical companies with revenue >= $20M,YYGH,2,23.422919687914195,18.757727279536706,15.24127312630285,-0.3120352705071772,2.628821801863525,0.04884581515632604,0.20083013064367683,2.5908840411725023,3.1809776445410436
consumer_cyclical_revenue_20m,Consumer Cyclical companies with revenue >= $20M,ACVA,1,10.642704682539078,-2.2879504374421216,-1.0484740558347632,-0.08561511531388491,6.4960466878734175,0.11185447649488792,-0.4571531561434852,1.5860581471153035,1.2126700289577497
consumer_cyclical_revenue_20m,Consumer Cyclical companies with revenue >= $20M,ADNT,1,10.914745478140738,-0.8978135818012752,-0.13527966745547093,0.08313281158435705,6.656859195350722,0.38194358311597626,-0.3028346486641516,0.5705595738395476,-0.5570898946609548
consumer_cyclical_revenue_20m,Consumer Cyclical companies with revenue >= $20M,ALH,1,20.429756734901076,3.061248985202507,1.895160979873479,0.10456380743370233,5.789794139871689,0.34933599054674036,0.611091180730724,2.1972186709071155,1.3060748735030931
consumer_cyclical_revenue_20m,Consumer Cyclical companies with revenue >= $20M,ANDG,1,19.545000717927962,-3.5838358179497467,1.2459971458583075,0.012613413820385538,6.325664873145751,-0.19861569209768082,0.6939014425750325,6.193895014882682,3.7401122308611994
consumer_cyclical_revenue_20m,Consumer Cyclical companies with revenue >= $20M,AZO,1,23.662086685512197,2.7605339651457674,2.549651611783143,0.004132673871318104,7.969446290967464,0.9178088181264035,0.46426959975919496,2.079657597657397,1.801318021369516
consumer_cyclical_revenue_20m,Consumer Cyclical companies with revenue >= $20M,BABA,0,21.841150125652188,0.9762086084897492,1.1017675956040083,-0.29616607798496475,32.380745639239244,-0.4537566484319864,1.002734604211688,0.9710042860583458,0.41354485103214533
consumer_cyclical_revenue_20m,Consumer Cyclical companies with revenue >= $20M,BARK,2,0.4101961794025941,5.362462810478057,6.168446425978543,-0.4177233315987895,3.4250814545138253,0.09558027970465838,0.143067192619573,1.9724707555168348,2.575215472985159
consumer_cyclical_revenue_20m,Consumer Cyclical companies with revenue >= $20M,BBW,1,18.064067732746253,1.9020455773791651,2.6639436432842896,-0.1561372140591816,5.718402848144271,0.18017589761558844,-0.2453098362206612,1.6862678567928742,1.1994108529779193
consumer_cyclical_revenue_20m,Consumer Cyclical companies with revenue >= $20M,BBY,1,15.683901770338732,0.8896812434985634,2.888439906261319,-0.28122397580057606,5.207276395131821,0.6414672945926978,-0.40489504350182826,1.386797063065256,0.2410907802594771
consumer_cyclical_revenue_20m,Consumer Cyclical companies with revenue >= $20M,BGSI,1,19.586632151800323,1.8541551339925333,1.8387184360422986,0.01877301187394917,7.829970246933607,-1.3084374742813947,-0.00540781616155607,2.8648686944392647,1.3787238121296526
consumer_cyclical_revenue_20m,Consumer Cyclical companies with revenue >= $20M,BH,1,23.36916524550703,0.0400300371797776,1.0166835147035993,0.07505941968391869,8.325082172100883,-0.6262267273225754,-0.24112719599449975,5.568987224143272,4.095408694180637
consumer_cyclical_revenue_20m,Consumer Cyclical companies with revenue >= $20M,BOBS,1,19.665500210376337,1.7918016707341962,2.913735019842345,-0.06281786348068562,6.307694860551952,0.8661081500556397,0.49029007970162325,1.5786787151798196,0.6647414709594484
consumer_cyclical_revenue_20m,Consumer Cyclical companies with revenue >= $20M,BOOT,1,14.726685121037523,2.1071618069046725,2.182201927037138,0.024115712259947353,3.9690665709749355,-1.0519077565708046,-0.3859511279165075,1.3937780823787649,1.3729517991373874
consumer_cyclical_revenue_20m,Consumer Cyclical companies with revenue >= $20M,BROS,1,24.126526717217644,3.174214262653452,2.1650821932959348,0.05139215377712869,9.299922725341528,0.2644985561124491,-0.20570072398204223,1.5317132850731943,2.7301361581139973
consumer_cyclical_revenue_20m,Consumer Cyclical companies with revenue >= $20M,BWMX,0,18.352658766355606,0.5977746217219364,1.0280722848485888,0.19943760524930898,32.441660406990614,-0.9285873493265676,0.05568939763473951,-0.46239054483092745,-0.3240649233660736
consumer_cyclical_revenue_20m,Consumer Cyclical companies with revenue >= $20M,BZH,0,13.731930498957713,1.074761419130683,1.223737977504773,-0.1051201280111706,19.990514227868008,3.8612901860065314,0.22609064158661293,0.8385294983871422,0.8770594090511433
consumer_cyclical_revenue_20m,Consumer Cyclical companies with revenue >= $20M,CAL,1,11.828559501190277,-0.4701165707292583,1.1665769743026726,0.012871861356449937,4.975313840273426,0.5268708087141296,0.019229312478799082,0.7272094049254458,-0.24466423696336853
consumer_cyclical_revenue_20m,Consumer Cyclical companies with revenue >= $20M,CATO,1,8.699904447613944,-2.0021390132762704,0.2429921662244719,0.0898444665261373,6.938254633095457,0.28616586297500834,-0.1525771273713804,-0.3243972016202448,-1.49350744577122
consumer_cyclical_revenue_20m,Consumer Cyclical companies with revenue >= $20M,CHH,1,14.94009595858422,2.972638460549981,1.7823979005035748,0.15627268879235368,0.13067772593641525,0.9438034174148516,0.6258173585238839,1.5356037259985191,1.6776165740326547
consumer_cyclical_revenue_20m,Consumer Cyclical companies with revenue >= $20M,CHPT,2,32.20777264079243,19.21052088166374,13.245514654846161,0.32453694046588666,3.113895984033566,0.06872027204559372,0.13280877647500672,8.180415987183238,6.845764024874486
consumer_cyclical_revenue_20m,Consumer Cyclical companies with revenue >= $20M,CMG,1,25.178469749605895,2.450123076671183,2.7438845386662605,-0.09150064215443895,9.688017494146743,0.5209624198475764,0.27550757144130444,2.5073266399079497,1.968880544247346
consumer_cyclical_revenue_20m,Consumer Cyclical companies with revenue >= $20M,CNNE,2,26.116766847768982,18.943176075651696,15.241303674606362,0.4342660849925366,2.7949636797055883,0.12391602903057068,0.24810948683341433,3.801384460080907,3.444052237663163
consumer_cyclical_revenue_20m,Consumer Cyclical companies with revenue >= $20M,COOK,2,0.6080919667333315,6.277717115642947,8.23215426824525,0.15325450052314393,4.0973880311238196,0.16452518274404448,-0.04467005242259611,-0.34825357499664544,0.9903813766686389
consumer_cyclical_revenue_20m,Consumer Cyclical companies with revenue >= $20M,CVEO,1,13.858942186404935,1.959980869255928,-0.13949682018316112,0.01810905338583285,6.894299489244633,0.1533615290471849,-0.07323770710736821,0.3180194516163868,-0.3873617856864988
consumer_cyclical_revenue_20m,Consumer Cyclical companies with revenue >= $20M,CVNA,1,7.0114743235279935,-0.09589676478599618,2.622521775436201,-0.12863841876172283,0.8731255717558435,-2.765470348696317,-0.09747769414148093,1.2862010481019193,0.201841047787561
consumer_cyclical_revenue_20m,Consumer Cyclical companies with revenue >= $20M,CWH,1,7.781228014423739,0.26401315674023096,0.4413173998072134,0.012807245731466826,4.651939464616628,0.3646051801786586,0.6103207619208498,-1.9129393276057063,-1.7661039737976048
consumer_cyclical_revenue_20m,Consumer Cyclical companies with revenue >= $20M,CYD,0,13.571987474479762,0.9252965562558753,0.8592727461800758,-0.1715486461271803,24.92208213840419,-0.30951921453426695,1.2517968374510486,0.16774394643360008,0.18179584298246887
consumer_cyclical_revenue_20m,Consumer Cyclical companies with revenue >= $20M,DAN,1,16.640362833641124,0.6582252776337321,1.5231389916416547,-0.036306616682130005,6.890011548511285,0.42495328308575053,0.011858233681101449,1.593586336149445,0.4596276727882822
consumer_cyclical_revenue_20m,Consumer Cyclical companies with revenue >= $20M,DDS,1,15.945292221219493,1.6732820957150096,2.514199006411661,-0.2631103904957991,5.847507800960791,-1.0657025228693584,-0.8145434563367778,1.9412321450027634,0.9971594359992177
consumer_cyclical_revenue_20m,Consumer Cyclical companies with revenue >= $20M,DFH,0,9.483683620654649,1.094845333774512,1.360825050934709,0.02855862655546959,19.06495624336182,0.04998456714830932,0.15039333878192,0.9076340854976805,1.0814191071662473
consumer_cyclical_revenue_20m,Consumer Cyclical companies with revenue >= $20M,DHI,0,13.414692725956748,0.7996409211338451,1.1034630273812094,-0.06928269315846144,20.851759422801994,3.887083939721597,0.9430492861605364,-0.010950738303203172,0.1648622927852535
consumer_cyclical_revenue_20m,Consumer Cyclical companies with revenue >= $20M,DKS,1,16.360681345685773,1.6389508820422733,2.45696274536546,-0.005609515480191271,4.8034567737254195,0.21892707098856087,-0.009318125685004966,1.2137251741014177,0.9283182337958299
consumer_cyclical_revenue_20m,Consumer Cyclical companies with revenue >= $20M,EAT,1,25.21734316591719,1.9846597373822308,3.4571233037181015,-0.23397644824545016,9.582055288940326,1.3410979630192377,0.4463916354847075,2.1251266392584074,1.399596939527647
consumer_cyclical_revenue_20m,Consumer Cyclical companies with revenue >= $20M,ETSY,1,11.729810549953122,1.3535691389295268,1.442705864853372,0.006707924556389189,-3.5673918578546195,0.28663144516168576,1.30608663919419,3.2325862299266754,2.5536470583539064
consumer_cyclical_revenue_20m,Consumer Cyclical companies with revenue >= $20M,FIGS,0,7.3162814592581755,0.8893016668074263,1.0064014697461536,-0.006733338843012804,14.26741161797499,3.8833475620283537,1.1404049543291883,0.1388936805367184,0.2521865792443842
consumer_cyclical_revenue_20m,Consumer Cyclical companies with revenue >= $20M,FUN,2,11.522548980053452,15.612957287168914,9.549812733935019,0.3915416886644347,3.1050874417488328,0.035733368362296146,-0.08453841016292654,2.968036642831345,-1.1416768916992344
consumer_cyclical_revenue_20m,Consumer Cyclical companies with revenue >= $20M,GCO,1,14.31956910132014,0.09645482470823885,1.7497184749677726,0.010654529504451463,5.404354311538941,0.15422853241305085,-0.12329990875718584,1.5294485967958644,0.38274163331701816
consumer_cyclical_revenue_20m,Consumer Cyclical companies with revenue >= $20M,GIL,1,24.570961237846262,2.932872516796654,1.995836027327819,0.1513420532042157,9.64818384442918,-0.39793096694281704,-0.03485809389835254,3.1625345737438777,1.9977131763537186
consumer_cyclical_revenue_20m,Consumer Cyclical companies with revenue >= $20M,GM,1,8.6010960294554,1.3336082288328959,1.478938208963444,0.08969672802296469,-2.2418280638911723,0.5782885551492545,0.025882102187075873,0.6376051243543146,1.5836370390046246
consumer_cyclical_revenue_20m,Consumer Cyclical companies with revenue >= $20M,GPC,1,12.521926717618236,-0.5336678765611237,1.1717258151963934,-0.008240288265408138,6.080091261802201,0.4533921453675251,-0.23114268595449303,0.79550454384066,-0.3210043046395221
consumer_cyclical_revenue_20m,Consumer Cyclical companies with revenue >= $20M,GRBK,0,24.79745816196697,0.6468514667246572,1.1477942733738666,-0.15216301830415763,32.425865352752204,3.888940006427643,1.0657270423254857,-0.07906078966107838,0.10843656089432126
consumer_cyclical_revenue_20m,Consumer Cyclical companies with revenue >= $20M,HGV,1,18.28520424588861,2.8139165561066237,1.863503092103319,0.05604986647744828,7.833616493709944,-1.8318517070263687,0.44373320447148773,1.4970536920075754,0.4939149412065979
consumer_cyclical_revenue_20m,Consumer Cyclical companies with revenue >= $20M,HOV,0,1.6001829362487987,0.9811160383980944,0.954156661012836,0.015284076146266562,9.598310802990378,3.0095013107952875,0.3855283843329399,0.3815852420950766,0.5296331530439493
consumer_cyclical_revenue_20m,Consumer Cyclical companies with revenue >= $20M,IBP,1,19.048584593892514,2.1859291679599657,2.4460803537710962,-0.128287505766907,7.512592393890604,-1.4830592813148789,0.05165087380899622,2.1124882173464705,1.2359222673651904
consumer_cyclical_revenue_20m,Consumer Cyclical companies with revenue >= $20M,JMIA,2,33.40546722142192,14.828523382441194,15.241784043766309,-0.17211084272126279,3.0443650574233256,0.06524950304739907,0.28943949359068877,11.429831623785645,7.592789840883874
consumer_cyclical_revenue_20m,Consumer Cyclical companies with revenue >= $20M,KBH,0,21.833757448518284,0.9823169051612743,1.1420741624968462,-0.08836489744346238,28.49973989208262,3.874605111808675,0.675479170871693,0.42752966123581876,0.5753101748708592
consumer_cyclical_revenue_20m,Consumer Cyclical companies with revenue >= $20M,LAD,1,6.1970168383002955,0.7189398912888432,1.8315807283210397,-0.09380406357508989,-2.2506479457467434,0.557626265665357,0.39729805564564724,0.43294514899204783,-0.5121893491227948
consumer_cyclical_revenue_20m,Consumer Cyclical companies with revenue >= $20M,LANV,2,37.3263746370066,19.210769217932754,15.241132388547467,0.32858444420353633,2.6551257309215237,0.018901347553178932,-0.2411947644096779,11.432494884762662,7.5949662682904195
consumer_cyclical_revenue_20m,Consumer Cyclical companies with revenue >= $20M,LEN,0,19.973011090944677,1.0718619385323778,1.2914246617967617,-0.058966321560396606,25.49479509078755,3.867551747610751,0.9280747050248942,0.7373609884672586,0.8958410128514764
consumer_cyclical_revenue_20m,Consumer Cyclical companies with revenue >= $20M,LUCK,1,22.884046477549553,4.808173234051804,1.474029100623075,0.12858922097364972,6.410847912467755,1.1733378086454809,0.9429762594433958,1.112856570401187,1.7179682641111924
consumer_cyclical_revenue_20m,Consumer Cyclical companies with revenue >= $20M,LVWR,2,38.795307595374965,19.204301271232488,15.242311583435608,0.43968390045426564,3.5200692051400697,0.2674613056882833,0.02198698022044701,11.42463119259488,7.589267037404169
consumer_cyclical_revenue_20m,Consumer Cyclical companies with revenue >= $20M,M,1,18.032530941198676,1.2238646744027046,2.382591944475185,-0.006612480220652611,7.404908591364711,0.2637865897376509,-0.22876070091369394,1.4339283053386074,0.44355591018219354
consumer_cyclical_revenue_20m,Consumer Cyclical companies with revenue >= $20M,MBC,1,17.116087071996542,0.9675934510822151,1.4927621108686244,-0.04419536819725023,7.362467206223971,0.09041289396617858,-0.11959621881374707,1.707425885781751,0.5439490042528097
consumer_cyclical_revenue_20m,Consumer Cyclical companies with revenue >= $20M,MHO,0,15.373889812756229,0.9521412096555113,1.1735228162212679,-0.09177384602201069,21.726403188482603,3.8773632350569187,0.7996254962306494,0.5001177807639594,0.6914226649333614
consumer_cyclical_revenue_20m,Consumer Cyclical companies with revenue >= $20M,MLR,1,14.105059408497837,0.8982435119378163,2.024564309208009,-0.08858112294115453,4.882573053014655,-1.602476738690461,-1.0302185459616293,2.577834906458259,1.3278519286403458
consumer_cyclical_revenue_20m,Consumer Cyclical companies with revenue >= $20M,MNSO,0,4.68448589410359,0.44836899543664277,1.1331086392290715,-0.08240648282465554,16.05519410477383,0.540800311467797,0.9431301285328098,-0.0005587445583659922,-0.09821832538751138
consumer_cyclical_revenue_20m,Consumer Cyclical companies with revenue >= $20M,MOD,1,20.113506575915363,2.1634335266463336,2.930195798721568,-0.08876547037278323,8.292418282830939,-0.04718063885689863,-0.6873894766760705,1.6559918497776818,0.7795345970126029
consumer_cyclical_revenue_20m,Consumer Cyclical companies with revenue >= $20M,MOGU,2,25.051136181239144,16.871899971994395,3.6851440421590884,0.4388596008242835,3.544758912200884,0.08841601142283531,0.31585683137982384,11.428537665863278,7.59206802618985
consumer_cyclical_revenue_20m,Consumer Cyclical companies with revenue >= $20M,MTH,0,25.180477525179008,1.0540302998959383,1.2216259148074617,-0.17701700275146676,31.3317925945904,3.869797690745721,0.6985057702349384,0.6365131420592027,0.8001618481628061
consumer_cyclical_revenue_20m,Consumer Cyclical companies with revenue >= $20M,MUSA,0,21.025347646922036,0.9690195438393494,1.3448726594382365,0.7305980049665353,32.36103590597654,-1.0799923422537985,-0.2949337012226401,0.5972702436796461,0.6524100650641548
consumer_cyclical_revenue_20m,Consumer Cyclical companies with revenue >= $20M,NIO,0,9.171419398942078,0.4405876902921866,-0.09135298383670495,-0.27654145833488686,21.768368176698683,-0.8218143252149991,0.6178113023569832,0.9914477689365182,0.797845960610308
consumer_cyclical_revenue_20m,Consumer Cyclical companies with revenue >= $20M,NVR,0,3.145935239448841,0.6274352704106119,1.1869121314341546,0.34351725011859585,10.536157085564259,3.892948627595257,0.917400223265247,-0.14865797144960685,0.04515535507634863
consumer_cyclical_revenue_20m,Consumer Cyclical companies with revenue >= $20M,OXM,1,12.278171855770074,-1.05609794784995,0.21946531467861663,-0.007198460259357262,6.5916228399498,0.39897176373572013,-0.033285828178932955,0.365772940829347,0.6836531260328504
consumer_cyclical_revenue_20m,Consumer Cyclical companies with revenue >= $20M,PACK,1,13.652980532382223,2.466441293789133,0.6527259315438148,-0.08953089827891696,5.435252204425469,-0.010521452668966633,-0.1115462944899386,-0.0781395305351831,0.27303117176482505
consumer_cyclical_revenue_20m,Consumer Cyclical companies with revenue >= $20M,PHM,0,17.106275630772974,0.6928275654638929,1.1410765201725737,-0.07217150259254107,24.629868501718178,3.889276800454453,1.073553105555113,-0.07317466020524288,0.07995203277256585
consumer_cyclical_revenue_20m,Consumer Cyclical companies with revenue >= $20M,PII,1,10.950136566149414,-1.9590667880003245,-1.638143002375759,0.03413782911910135,5.098493909251841,0.5133780588163257,-0.18559555032326175,2.7313524469118375,1.240311555917652
consumer_cyclical_revenue_20m,Consumer Cyclical companies with revenue >= $20M,PLNT,1,24.519236924465545,3.202216503214486,1.6340390991009266,0.1861096240632829,7.4006921241306785,-0.4729201450192123,1.2790915748342155,3.324805442004938,2.849934595304229
consumer_cyclical_revenue_20m,Consumer Cyclical companies with revenue >= $20M,RERE,0,25.807080565069505,1.0891452210450097,1.548690946074306,0.7423913235373849,32.309787189661655,1.1267299519762461,1.2017042801417108,0.9731298326597053,1.070434552539518
consumer_cyclical_revenue_20m,Consumer Cyclical companies with revenue >= $20M,RSI,1,5.9042524895634685,1.2699391224633496,1.4815243041012016,-0.21780655849512434,-3.8833181124640044,-0.27707436505834293,-1.1465739602813112,2.15534647488093,1.4069474775847735
consumer_cyclical_revenue_20m,Consumer Cyclical companies with revenue >= $20M,SAH,1,4.831235090551183,0.291067578134286,1.5276831777288404,-0.31048513543207723,-3.9050191693130616,0.6460232676517902,0.6257279985855424,0.9114066031083427,-0.07043733674445897
consumer_cyclical_revenue_20m,Consumer Cyclical companies with revenue >= $20M,SES,2,36.70606462841106,19.203287589383645,12.777785338905069,0.4400619824737647,3.6142276083895273,0.26312925804545956,0.3102311078397344,11.423339525450967,7.588407098718121
consumer_cyclical_revenue_20m,Consumer Cyclical companies with revenue >= $20M,SG,2,11.738885695253815,7.554552265161718,8.21816400496258,0.13409405990354423,2.6392617780807606,0.06131680659112443,0.06625725098744328,9.278701257282508,2.700943153079419
consumer_cyclical_revenue_20m,Consumer Cyclical companies with revenue >= $20M,SKY,1,18.359410541070122,1.8047492809403876,2.6714811250275807,-0.050068783841957495,7.624407856498562,-0.7361507984494434,-1.0195220562799874,2.011038408111565,0.9382074022314367
consumer_cyclical_revenue_20m,Consumer Cyclical companies with revenue >= $20M,SON,1,20.404639201045093,2.8896328639881466,2.605155508340413,0.07613123318067047,6.805815550662304,0.7227813587064931,-0.11440627676266837,1.4366488165218767,0.8676120395758791
consumer_cyclical_revenue_20m,Consumer Cyclical companies with revenue >= $20M,STLA,2,7.061845535214189,8.737458017809777,5.630948190274082,0.17598092638630636,3.280841832291864,0.056831336284027034,0.1999775308361305,4.834548491075761,3.059664091051519
consumer_cyclical_revenue_20m,Consumer Cyclical companies with revenue >= $20M,SW,1,19.77784308665821,2.548002788211458,2.05171096107771,0.03492790325295139,7.015924999861219,0.2820465609742149,-0.3307292832444063,1.6806288737875195,1.380062175905549
consumer_cyclical_revenue_20m,Consumer Cyclical companies with revenue >= $20M,TM,0,20.284817657564545,0.9349987275906351,0.9513792611740676,-0.3224134916492797,32.388910136957875,-0.46343645553134294,0.22019473219305302,0.6600741443340175,0.17004333506153776
consumer_cyclical_revenue_20m,Consumer Cyclical companies with revenue >= $20M,TMHC,0,20.174251054574036,0.7999001255615015,1.0421872652245074,-0.14177499961920223,27.92921260215035,3.8860793116759864,0.7313156270669807,0.00789888514687112,0.17436496993305545
consumer_cyclical_revenue_20m,Consumer Cyclical companies with revenue >= $20M,TOL,0,10.451983150345011,0.733595758442267,1.0470728688470645,-0.17749107743275377,18.78259693083249,3.3439751335674672,0.8519691354628143,-0.013225082693690465,0.13842221588537731
consumer_cyclical_revenue_20m,Consumer Cyclical companies with revenue >= $20M,UA,1,1.8982177354177558,-1.257121978039876,-2.4165968655024366,-0.011287057532483505,3.0168612076156713,0.11960569008129272,-0.0112437337744314,-1.0116143950794756,-1.6456532391824945
consumer_cyclical_revenue_20m,Consumer Cyclical companies with revenue >= $20M,UAA,1,1.8982177354177558,-1.257121978039876,-2.4165968655024366,-0.011287057532483505,3.0168612076156713,0.11960569008129272,-0.0112437337744314,-1.0116143950794756,-1.6456532391824945
consumer_cyclical_revenue_20m,Consumer Cyclical companies with revenue >= $20M,UFI,1,4.024434511484281,-1.1203722745577087,-0.8118498576974262,0.04181532103267441,6.310531842694306,-0.8528684833619407,-0.28903799573072775,-2.010541396269216,-2.358510751457674
consumer_cyclical_revenue_20m,Consumer Cyclical companies with revenue >= $20M,VIPS,0,21.893131980944542,0.9188693229699889,1.17789933128894,0.1270615648535739,32.387634172930646,-0.4543883561291895,1.1944292956694624,0.35966423859298846,0.43689514333411894
consumer_cyclical_revenue_20m,Consumer Cyclical companies with revenue >= $20M,VVV,1,24.616448247849508,4.141439228185953,2.3121586443759896,0.08052329940583139,8.768008767180147,1.0748057410871008,0.16028013546599965,0.9219633386406579,2.042000986675821
consumer_cyclical_revenue_20m,Consumer Cyclical companies with revenue >= $20M,WGO,1,13.903113364089291,0.5591762325034512,1.9441624573171403,-0.012455357015356674,5.285756522592752,-0.42241034794402077,-0.3329781406762914,1.5508766170376718,0.21571727344195388
consumer_cyclical_revenue_20m,Consumer Cyclical companies with revenue >= $20M,WH,1,19.562233224241183,2.9994306830762927,1.3702189533620093,0.226563832704463,2.4942033158743984,0.9555948298332352,0.40526064571812803,3.2434440100933535,2.7522488467473063
consumer_cyclical_revenue_20m,Consumer Cyclical companies with revenue >= $20M,WSM,1,19.83850157300762,2.2975902973796827,2.2368653941575674,-0.13380063402153294,6.302965346088754,0.35123036470409763,-0.5274042371385614,2.463211655614777,1.732575279390857
consumer_cyclical_revenue_20m,Consumer Cyclical companies with revenue >= $20M,XPEV,0,20.635003295291057,1.0140144623488405,0.8580696042115957,-0.18965791992081288,32.35463741211665,-0.7082533557022751,0.8724004062602125,0.41447488073122374,0.2742505378116584
consumer_cyclical_revenue_20m,Consumer Cyclical companies with revenue >= $20M,ZKH,0,21.739871452324614,1.084755050069611,1.2043333894197354,0.14716103364996086,30.07065812032282,0.20949627701370963,1.2261481882142966,1.0577109570405228,0.9945411691599717
non_financial_large_cap_revenue_1b,Non-financial companies with revenue >= $1B,IMO,1,59.29951378171462,-0.21004801478995372,-0.0027024892543443535,0.03607930516992264,91.358361379094,0.06153029339621385,0.20768945328351385,-0.0009452180569351487,-0.0784854965448687
non_financial_large_cap_revenue_1b,Non-financial companies with revenue >= $1B,LGPS,1,57.91098582918515,-0.5174242262678472,0.0031097046330827993,0.006259861138946832,91.358361379094,-0.06290044195364897,-0.35127648676486345,-0.006410116727358028,-0.4467684133842804
non_financial_large_cap_revenue_1b,Non-financial companies with revenue >= $1B,SIM,1,59.311869677100276,0.7719219665436627,-0.011937175819910384,-0.08276564528331665,91.35836137909398,-0.38758641947805217,0.26654612592108895,-0.014966294525367352,-0.5157388287689413
non_financial_large_cap_revenue_1b,Non-financial companies with revenue >= $1B,AEBI,0,50.490707601277336,0.5527047598805095,-0.006920619836641606,0.025222325810354995,17.21610493431029,0.035197348285586294,0.028711838718758154,0.009604469653813452,0.5581171138718298
non_financial_large_cap_revenue_1b,Non-financial companies with revenue >= $1B,AEP,0,30.98510533550604,-0.8398911060684968,-0.0034075388574877907,0.1383929132472087,0.18973730419731638,-0.17191286856011095,0.07521449724028983,0.015361899333645623,-0.4903551956091517
non_financial_large_cap_revenue_1b,Non-financial companies with revenue >= $1B,ALRM,0,45.787642502966044,-0.0836319949776283,0.0006830115428757555,0.0822796507812582,13.481374514275196,0.03765063679339131,0.13121501138780145,-0.0014874601736541981,0.06759370275395704
non_financial_large_cap_revenue_1b,Non-financial companies with revenue >= $1B,AMD,0,34.33299931068133,-0.015565923009127403,-7.422295041881188e-05,0.08685015350136716,2.4350512550536414,0.18045012290563356,-0.24826710180640726,-0.006336446863533296,-0.17107395673266124
non_financial_large_cap_revenue_1b,Non-financial companies with revenue >= $1B,ANDE,1,40.89862683543759,-0.6863295924203276,0.004138436463607786,0.2334460169775026,73.83686716920649,0.04052779191220035,0.07546779792753522,-0.00973712417376349,-0.5237882298727402
non_financial_large_cap_revenue_1b,Non-financial companies with revenue >= $1B,APA,1,36.327722188714716,1.4138942313252705,-0.003167408142932593,-0.07652155167630548,65.91068281565309,0.1301224761212817,0.0720157431535281,0.006739666758896923,0.9459216461046377
non_financial_large_cap_revenue_1b,Non-financial companies with revenue >= $1B,ARKO,0,41.658298133000834,0.6696915724475616,-0.006709942643603473,-0.23344601697749523,8.331474760728208,-0.002447044755649941,0.32602850145096196,0.008639110927951998,0.49310176124011484
non_financial_large_cap_revenue_1b,Non-financial companies with revenue >= $1B,BILI,1,9.453506722127589,-0.34618852197867245,0.003711341539809232,-0.02979509815405168,41.53996006927007,0.04878191283129729,0.08953803706306429,0.004794671360655256,0.2146697407782917
non_financial_large_cap_revenue_1b,Non-financial companies with revenue >= $1B,CALM,0,32.94500067380541,-0.7468149379401972,0.015207513497104475,-0.0983792312208146,1.731075206243005,0.3875864194780606,-0.015660121718507614,-0.010774979727782186,-0.38920462538826456
non_financial_large_cap_revenue_1b,Non-financial companies with revenue >= $1B,CCG,1,58.39024085382578,-0.8098632707128939,0.0091686085342223,0.22946400224685165,91.33635377547498,0.06853473724463222,0.23561162294640042,-0.01041373565708692,-0.5966494556684093
non_financial_large_cap_revenue_1b,Non-financial companies with revenue >= $1B,CDNS,0,47.154319221983116,-0.572648427754372,0.0069529446154438235,0.07265088720474833,16.00205032287165,0.1812989113289748,-0.07263651242837665,-0.014808243852638125,-0.5205060905851479
non_financial_large_cap_revenue_1b,Non-financial companies with revenue >= $1B,CVLT,0,48.46952993274651,0.45130878761191084,-0.002585948208029598,0.05160322987476429,15.857906842762171,0.043134935866102064,0.1207658711118863,-0.006812928442458621,-0.11775628841266211
non_financial_large_cap_revenue_1b,Non-financial companies with revenue >= $1B,DOYU,1,58.164758150492055,-0.7567398386637048,0.008804343778734958,0.06702659919044296,91.3583613790939,-0.1001590981890238,0.2665461259211036,-0.010466474388141855,-0.5966494556684014
non_financial_large_cap_revenue_1b,Non-financial companies with revenue >= $1B,DRH,1,59.60613843475753,0.15179547238399715,0.0030762700710832425,-0.10221417559151791,91.35836137909402,0.15417431478541443,-0.04331552393835347,0.0023266042040949175,0.15389952433169296
non_financial_large_cap_revenue_1b,Non-financial companies with revenue >= $1B,EXE,1,61.074383080549815,0.9511103518915598,-0.0009828832250020625,-0.0907054703854504,91.35836137909385,0.10248613832822029,0.13928737452510465,0.0015386499393875708,0.685252970964894
non_financial_large_cap_revenue_1b,Non-financial companies with revenue >= $1B,EXPE,0,37.579826756592446,0.06804612434898738,-0.0005305550102330248,0.05657330075931255,5.912863594660087,-0.1443250015234694,-0.0687013768848923,-0.0076782512505948475,-0.30838650908961424
non_financial_large_cap_revenue_1b,Non-financial companies with revenue >= $1B,FLWS,0,47.82901600281515,0.9011449071859854,-0.02257358399169196,-0.23344601697750306,14.55707832750825,-0.06078520373476326,0.006414897068700243,0.012567789504992155,0.5966494556684129
non_financial_large_cap_revenue_1b,Non-financial companies with revenue >= $1B,FLX,1,32.38100870495164,-0.7531131780841287,-0.003724606300939959,0.23344601697750744,65.31519257656042,-0.1036275163276168,0.26654612592109905,-0.00733080564866595,-0.4944144775631625
non_financial_large_cap_revenue_1b,Non-financial companies with revenue >= $1B,FRPT,0,39.807651705045544,0.18467488943388366,0.0028385354915448913,0.053121355884940935,7.066577759946725,0.38758641947806094,-0.05510491473874379,0.008421689867414761,0.08757053909893975
non_financial_large_cap_revenue_1b,Non-financial companies with revenue >= $1B,FWRD,0,48.21786649125346,0.5101503536839864,-0.012835472634989742,-0.006103765937674588,14.846644504910742,-0.07009579637756969,0.3512764867648741,0.008833501307754288,0.5180312489535299
non_financial_large_cap_revenue_1b,Non-financial companies with revenue >= $1B,GDS,1,29.990634521060485,1.2615381197251967,0.005987267620197856,-0.13896292092600093,60.894097416893814,-0.14240008460289733,-0.21180864809092215,-0.01859742136865672,0.412746222392559
non_financial_large_cap_revenue_1b,Non-financial companies with revenue >= $1B,GEN,0,30.01738446884307,-1.1981210952278292,0.0007317300148186323,0.11261511558281856,-0.4781997185995509,-0.17191286856010785,0.15751728906967077,-0.015211010063013841,-0.4620004039565626
non_financial_large_cap_revenue_1b,Non-financial companies with revenue >= $1B,GRVY,1,58.670206505542495,-0.09309786220714455,-0.004510287785353895,-0.026293025437544748,91.35836137909394,-0.3875864194780656,0.01566012171850273,0.0007003458326778622,-0.12106231561171388
non_financial_large_cap_revenue_1b,Non-financial companies with revenue >= $1B,HALO,1,5.073679910555224,0.793226428793127,-0.009115512883461574,-0.06641480681309642,36.209635783119644,-0.3875864194780566,-0.35127648676486556,0.011254709060159684,0.9459216461046391
non_financial_large_cap_revenue_1b,Non-financial companies with revenue >= $1B,KC,0,42.45109392359686,-0.02490159737779951,-0.01222146667607038,0.10528228913159954,11.096439484845458,-0.07719981794168962,0.034824575455730034,0.017259656626360198,-0.7603546310495709
non_financial_large_cap_revenue_1b,Non-financial companies with revenue >= $1B,KE,0,50.22179218635377,0.5962598894006432,-0.005469581145046698,-0.09805644365459038,17.58933532936244,0.08016657966110752,-0.1751288922247876,0.001184693767679379,0.16153518060344896
non_financial_large_cap_revenue_1b,Non-financial companies with revenue >= $1B,KELYB,0,39.75479619522786,0.8118400778949959,-0.022573583991708612,-0.1992364398870724,6.855530702989866,-0.01995294510733092,-0.23077648217405922,0.007164195619295377,0.4808352393009937
non_financial_large_cap_revenue_1b,Non-financial companies with revenue >= $1B,LI,1,9.331715652592548,-0.5889891708465962,0.006596518250801986,-0.0316385622975387,42.46154646170012,-0.0215854206451217,0.19292009825272732,-0.018519385570563318,-0.5966494556684064
non_financial_large_cap_revenue_1b,Non-financial companies with revenue >= $1B,LILAK,0,45.81657803958953,0.005818007195143693,-0.014210769609546259,0.1041419904376627,13.471531974173953,-0.08247533896326603,0.28867258856861044,0.0037791475585461365,-0.03264499035438628
non_financial_large_cap_revenue_1b,Non-financial companies with revenue >= $1B,LOPE,0,44.252284864094335,-0.40493516251356665,0.015207513497098146,-0.045276604015404454,12.774148671518939,0.30255701649642464,-0.19909607225874665,-0.008050189163544053,-0.2542357400497314
non_financial_large_cap_revenue_1b,Non-financial companies with revenue >= $1B,MNDY,0,47.749155492764444,0.7618775562302211,-7.238869281700477e-05,0.060093498032744,15.295362693238912,0.12717143717793655,-0.22280949338837497,-0.010937051031494671,-0.33349618938554837
non_financial_large_cap_revenue_1b,Non-financial companies with revenue >= $1B,MOMO,1,58.82103439203311,-0.1195610939484193,-0.00019117106720922816,-0.026773253792449547,91.35836137909398,-0.3875864194780495,0.26654612592109495,-0.003960273763918054,-0.1938354703490056
non_financial_large_cap_revenue_1b,Non-financial companies with revenue >= $1B,MRM,1,58.11964278367724,-0.6185910798124432,0.005121060876642991,0.027599962526474675,91.35836137909388,0.1573933548785318,-0.12302958626605931,-0.018597421368661493,-0.5966494556684117
non_financial_large_cap_revenue_1b,Non-financial companies with revenue >= $1B,MWC,1,58.78069921521663,-0.1642070761421377,-0.00013427619721861905,0.006429301435191603,91.35836137909396,-0.037926718270346105,-0.08395105623061372,-0.0032404909410118643,-0.22266641694833778
non_financial_large_cap_revenue_1b,Non-financial companies with revenue >= $1B,NIU,1,58.53386579652376,-0.7505570268916242,0.009339822396145281,0.11398527555202048,91.35836137909392,0.07595742403295402,0.10670610685885878,-0.006045337164912623,-0.30191641677079695
non_financial_large_cap_revenue_1b,Non-financial companies with revenue >= $1B,NTAP,0,43.91988170122498,-0.19854667693801886,0.0070015003876922055,0.055638976338517,12.266142232492241,-0.06416481351232539,-0.01779090749865908,-0.007074098649675564,-0.19328994197762894
non_financial_large_cap_revenue_1b,Non-financial companies with revenue >= $1B,NTES,1,25.600337528786927,0.5129596724568404,-0.012703101412478213,-0.07524082201357063,56.29988000617441,-0.27229689077353625,0.2648543197956604,0.016595144493940395,0.9382546306484866
non_financial_large_cap_revenue_1b,Non-financial companies with revenue >= $1B,NWE,0,36.37714139576419,-0.6162878823342068,-0.004719679214020611,0.13854071593463957,5.110887684707992,-0.14583051197949926,0.053098593277016604,0.015828775245845028,-0.24634173045642316
non_financial_large_cap_revenue_1b,Non-financial companies with revenue >= $1B,OMAB,1,61.5465637233346,1.4138942313252794,-0.015207513497087266,-0.07377742392678721,91.35836137909394,0.053571390885989945,-0.08082970056244743,0.016595144493947833,0.9459216461046474
non_financial_large_cap_revenue_1b,Non-financial companies with revenue >= $1B,OSIS,0,50.78258115161019,0.20812409902435025,0.0013098411632872509,0.02438474312508876,18.072903966762116,0.05646414673216915,-0.04544460847733056,0.006688744673867375,0.3861847880238217
non_financial_large_cap_revenue_1b,Non-financial companies with revenue >= $1B,OTTR,0,42.86288084236727,-0.6519041287003047,0.0016860331907050385,0.1109816936284812,11.707362982705867,0.09282735018264254,-0.055107256992939946,0.003277756419913791,-0.4182090186499151
non_financial_large_cap_revenue_1b,Non-financial companies with revenue >= $1B,PCTY,0,49.34161566134614,-0.1825959305051157,-0.0006868693490155175,0.10412607201308022,17.991593148804828,-0.08181008398050704,-0.24857888359904867,-0.007981979874822409,-0.3044152427460629
non_financial_large_cap_revenue_1b,Non-financial companies with revenue >= $1B,PDD,1,59.950927064284656,0.30101305956675617,-0.013078202349919854,-0.0400874682161072,91.35836137909394,-0.11574473978842525,0.2665461259210963,0.010408253140032242,0.2554740875001672
non_financial_large_cap_revenue_1b,Non-financial companies with revenue >= $1B,PSNYW,0,23.88040635951835,0.9011449071859676,-0.02257358399170617,0.021639395903639058,-9.886380285404204,-0.17191286856010907,0.35127648676486956,0.01859742136865472,0.5966494556684098
non_financial_large_cap_revenue_1b,Non-financial companies with revenue >= $1B,ROCK,0,45.65705238579076,0.2780896741321657,-0.011799273373742536,0.014357686014678017,13.469438839412504,0.006862144282984262,-0.25555715599702233,0.0007514383493294474,0.08294360238705778
non_financial_large_cap_revenue_1b,Non-financial companies with revenue >= $1B,ROST,0,50.87802063608023,0.22142325682756114,0.010773375678864272,-0.11459193928368155,18.577779255301614,-0.013909574743614095,-0.007074895273142645,0.0015096306731395837,0.13014609631668672
non_financial_large_cap_revenue_1b,Non-financial companies with revenue >= $1B,RYAAY,0,44.41153559463071,-0.15742305681480984,0.007066919832834251,0.01985676010486548,13.03691634406513,-0.11809002935810142,-0.22668734418900216,-1.4782376845601242e-05,-0.2220546472162086
non_financial_large_cap_revenue_1b,Non-financial companies with revenue >= $1B,SBLK,1,9.125552427727362,0.3988072322949461,0.004624866120515159,-0.12191974418115181,40.53064385114727,-0.01650541252174087,0.017381009962287197,0.0070512719750706054,0.3774347835130373
non_financial_large_cap_revenue_1b,Non-financial companies with revenue >= $1B,SHOO,0,44.4481219176879,0.610716518408533,-0.004463917039442378,-0.08687158192653033,11.529269396874767,0.03529070859490713,-0.07580216448653909,0.005526371877211278,0.3624911548021358
non_financial_large_cap_revenue_1b,Non-financial companies with revenue >= $1B,SJ,1,17.094750460438537,-0.9011449071859614,0.022573583991703172,0.1711748178358501,50.293910756014355,-0.2947739200870625,0.26654612592109306,-0.004805668046635181,-0.38676489742194686
non_financial_large_cap_revenue_1b,Non-financial companies with revenue >= $1B,SMCI,1,6.896014612019341,-0.5648838392332558,-0.0023805844307680513,0.13531335830366675,40.112660636173096,-0.3875864194780545,0.002278984796438177,-0.003708515413642366,-0.3237135781153283
non_financial_large_cap_revenue_1b,Non-financial companies with revenue >= $1B,STRL,0,43.972080192919044,0.01186372687672499,0.007078921601417654,-0.011618779216704511,12.19164399444736,-0.10147796870929016,-0.17821000729330094,-0.0024065987615856654,-0.01675852660840238
non_financial_large_cap_revenue_1b,Non-financial companies with revenue >= $1B,SYM,0,34.42234072308975,0.8828246053519386,-0.008502894983472009,-0.009697853516867694,2.327591308880886,-0.08901010066142478,-0.015660121718508835,-0.01659514449394217,-0.7205745063516794
non_financial_large_cap_revenue_1b,Non-financial companies with revenue >= $1B,THH,1,58.4713275183582,-0.22497558151489683,0.0022027028582217723,0.025687955871192325,91.35836137909386,0.11603227075527439,-0.28678416809428053,-0.008292472864353084,-0.43893913716403843
non_financial_large_cap_revenue_1b,Non-financial companies with revenue >= $1B,TRMD,0,12.42585837773312,-0.8778109112219763,0.0036985318429351155,0.09728294930958648,-18.099681461545348,-0.053418322426416975,-0.038621541089946754,-0.00201579276117847,-0.6755405049573848
non_financial_large_cap_revenue_1b,Non-financial companies with revenue >= $1B,VFS,1,57.57503449532608,-0.9011449071859614,0.022573583991708612,-0.07819705213268524,91.358361379094,0.1719128685601113,-0.3112590693811542,-0.018597421368651834,-0.596649455668404
non_financial_large_cap_revenue_1b,Non-financial companies with revenue >= $1B,VIOT,1,4.215163299510445,-0.5269640779018676,-0.00030980307165906495,0.02557645903149286,37.05171464924115,-0.14239242968708088,0.24866010268141592,-0.0055786955242643765,-0.36357747467590096
non_financial_large_cap_revenue_1b,Non-financial companies with revenue >= $1B,YB,1,60.196132822958106,0.4024742255252658,-0.015207513497101699,0.010411319143827535,91.35836137909406,-0.343770027751522,0.26654612592109184,0.01659514449394195,0.5726876006115165
non_financial_large_cap_revenue_1b,Non-financial companies with revenue >= $1B,YTRA,1,41.55693164557844,-0.6065850708125269,0.008641385368934107,-0.05662966112482326,74.7189135469776,-0.06389016090608213,0.24036096890929226,-0.015264476582713127,-0.5966494556684069
non_financial_large_cap_revenue_1b,Non-financial companies with revenue >= $1B,Z,0,48.31126453513621,0.32638479889076066,-0.007027455247236691,0.0860419740433147,15.729218997541372,0.2226496689192774,-0.22257818371658789,0.006176539612512522,0.09843276450994543
non_financial_large_cap_revenue_1b,Non-financial companies with revenue >= $1B,ZS,0,48.37427680987625,0.6428353886728195,-0.008424106184616198,0.09359405721496317,16.234875708992384,0.05229944742826098,-0.05390710414752564,-0.01257299293532066,-0.6463890197475545
non_financial_large_cap_revenue_1b,Non-financial companies with revenue >= $1B,ABBV,0,34.5540537466306,-0.3192666352266724,-0.0033717235214405505,0.08560431417258929,3.2206614491804264,-0.15368277883650272,0.13552297926981705,-0.014139732519791393,-0.4692395564706459
non_financial_large_cap_revenue_1b,Non-financial companies with revenue >= $1B,ABEV,0,13.093412825009416,-0.47498647975007735,0.006639169645098919,0.055444502198253476,-17.826639338840252,-0.10907616059741865,-0.2665461259210936,-0.00880360158787341,-0.354584570720072
non_financial_large_cap_revenue_1b,Non-financial companies with revenue >= $1B,ACEL,0,40.27718467975618,0.2623041731927458,-0.0013644280996560898,-0.06349307342211996,7.486794740084969,0.14345171921084132,0.17497238503057866,0.0061487561038566785,0.19640497707213167
non_financial_large_cap_revenue_1b,Non-financial companies with revenue >= $1B,AER,1,60.996314607522464,1.4138942313252767,0.000608934599389821,-0.13896292092600282,91.35836137909399,-0.2717320589053738,-0.22404174037974567,-0.015769432806829742,0.9459216461046374
non_financial_large_cap_revenue_1b,Non-financial companies with revenue >= $1B,AGCO,0,46.67114254197668,0.39451441361701134,0.0005313133858700914,0.008300408081975852,14.096151545124597,-0.04294650074201878,-0.10885510759043004,0.0034121574741089455,0.24806888204275446
non_financial_large_cap_revenue_1b,Non-financial companies with revenue >= $1B,AGL,1,58.399741060157254,-0.9011449071859627,0.022573583991711943,0.23344601697751616,91.35836137909394,0.10039956298663683,0.26606821309901224,-0.01134790255433249,-0.5966494556684004
non_financial_large_cap_revenue_1b,Non-financial companies with revenue >= $1B,ALC,0,46.45622761706489,-0.20764259634980187,-0.0034368391255055197,0.11084986996725066,14.843336087047096,0.06774117226973941,-0.26654612592108945,-0.0031276076744686243,-0.15691177373114362
non_financial_large_cap_revenue_1b,Non-financial companies with revenue >= $1B,ALH,0,46.96927595664897,-0.0683937156476615,-0.0028781802924982003,0.05861244807657329,14.495573498153727,-0.04262168072512185,0.2940354484601052,0.0018791002726270545,0.1611036077683735
non_financial_large_cap_revenue_1b,Non-financial companies with revenue >= $1B,APH,0,51.17510725493503,-0.3586048238105146,0.008099844316752924,0.04965268982781612,19.343770314135487,0.20026754590685347,0.07120663890892953,-0.00594475105252068,-0.2053056338806049
non_financial_large_cap_revenue_1b,Non-financial companies with revenue >= $1B,ARE,1,47.755963446726895,-0.32469432224932593,0.013141073241077161,-0.13896292092600648,79.1700892777267,0.1719128685601029,-0.026073889641306303,0.01659514449393651,0.9459216461046369
non_financial_large_cap_revenue_1b,Non-financial companies with revenue >= $1B,ASX,1,51.68096240824656,-0.040533873839800005,0.0015851220856435422,-0.03210418687313665,83.56953381984067,0.06296517147791714,0.03989375488630076,-0.012272037445682837,0.16386006869747993
non_financial_large_cap_revenue_1b,Non-financial companies with revenue >= $1B,AXIA,1,47.695586810860625,-0.46007988872932737,0.004448101370098545,-0.1389629209259935,79.6873764713939,-0.0012411089767674355,0.05694408359045222,0.01409234675915183,0.6049751569619912
non_financial_large_cap_revenue_1b,Non-financial companies with revenue >= $1B,BABA,1,59.00884355880466,-0.09327592108483662,0.00035390903761423065,-0.06978957665775487,91.35836137909392,0.06002159360986192,0.1657976097107441,-0.013318092336800369,-0.32734191198526985
non_financial_large_cap_revenue_1b,Non-financial companies with revenue >= $1B,BHE,0,51.18493918795818,0.6110492259278275,-0.005970638215097357,-0.07886381998579928,18.230539864891075,0.09279287155599214,-0.16431937095265525,0.006738682814893204,0.42100694133912275
non_financial_large_cap_revenue_1b,Non-financial companies with revenue >= $1B,BKKT,1,58.217822465631485,-0.9011449071859534,0.022573583991705726,0.23344601697750827,91.35836137909396,-0.07859510314460716,0.2665461259210961,-0.014749743770948398,-0.5966494556684035
non_financial_large_cap_revenue_1b,Non-financial companies with revenue >= $1B,BLD,0,48.14349976099661,0.09878725047154768,0.002934417066427497,0.013541442591432973,15.696980504707371,0.04013092166373411,0.11287381427243293,-0.0010521580936697639,0.10733813773444467
non_financial_large_cap_revenue_1b,Non-financial companies with revenue >= $1B,BRX,1,0.4302294549737873,1.4138942313252714,0.00194379113599763,-0.1389629209259975,30.320719644939288,0.1602904320543196,-0.2182070835708244,0.016595144493941727,0.9459216461046391
non_financial_large_cap_revenue_1b,Non-financial companies with revenue >= $1B,BWMX,1,42.98006999643052,-0.07684518355537451,-0.007133812592614586,0.1188811543715716,75.05135146548363,0.11549406951301006,-0.10299040819390526,0.0026766924728574004,-0.049398550485806214
non_financial_large_cap_revenue_1b,Non-financial companies with revenue >= $1B,CF,0,9.588607188742813,-0.9989332770923625,0.006163761948957069,0.07639917702135335,-21.013520005306365,0.259471390029291,-0.07230275642849532,-0.01115378386318333,-0.7294827481492335
non_financial_large_cap_revenue_1b,Non-financial companies with revenue >= $1B,CI,1,19.56194037721889,-0.17095139355183697,0.002550856737217333,0.16976826077533258,51.8511870215381,0.12649265809866916,0.12207485997774459,-0.0068679223620106145,-0.4603485334114602
non_financial_large_cap_revenue_1b,Non-financial companies with revenue >= $1B,CLX,0,37.8486628210158,0.04291719518021431,0.01179708959073722,-0.07765826528596864,5.666513101822944,-0.1281340077278249,0.14739632235386757,0.0006970256749403436,0.11316892882404261
non_financial_large_cap_revenue_1b,Non-financial companies with revenue >= $1B,CNC,1,1.2543906915159013,-0.8950582637009239,0.019125068122573197,0.2334460169775036,34.28800624482046,0.08792424561325385,0.09043703606290404,-0.007539348750587926,-0.4899848770464412
non_financial_large_cap_revenue_1b,Non-financial companies with revenue >= $1B,CNP,0,34.56836212842429,-0.7271144691232068,-0.004560073042606638,0.13641302360972574,3.3792095515687666,-0.11697418307239704,0.12705009462296857,0.018597421368651945,-0.31622466809047517
non_financial_large_cap_revenue_1b,Non-financial companies with revenue >= $1B,CNQ,1,20.27568378057221,1.1241609829752837,-0.008097511738695329,-0.08074955089509495,50.484968590320015,0.11086844417012498,0.13753420047748777,0.005839310658466101,0.5731247451874263
non_financial_large_cap_revenue_1b,Non-financial companies with revenue >= $1B,CNX,1,45.37544393200354,1.4138942313252723,-0.0016894873804401689,-0.12955137913422676,74.98782557563192,0.17191286856010635,0.0483452823780125,0.010750625101101141,0.945921646104637
non_financial_large_cap_revenue_1b,Non-financial companies with revenue >= $1B,CRGY,1,6.89886179945497,1.0081520139671403,0.006145422386499844,-0.11918793355486312,37.20859423207391,0.030015215127319417,-0.09746722795129159,-0.0113461381155604,0.9459216461046398
non_financial_large_cap_revenue_1b,Non-financial companies with revenue >= $1B,CVE,1,59.29549749555052,-0.03955839535932082,-0.0006716611150312524,-0.01099172184162489,91.35836137909385,0.01641927406617527,0.10113217424288479,-0.00425492294043317,-0.05297320001323513
non_financial_large_cap_revenue_1b,Non-financial companies with revenue >= $1B,CVI,1,27.511771183211852,-0.47948569596550294,0.006596792598027368,0.20793871346381154,60.50534514491914,-0.01858736910054215,-0.11583648015718118,-0.012003398800602083,-0.5102310931624631
non_financial_large_cap_revenue_1b,Non-financial companies with revenue >= $1B,CVX,1,21.853086480559018,0.07202607548521467,0.0025194052099563047,-0.0631987406973783,53.610654500956045,0.07955342782469216,0.18418194607913102,-0.0020793758389717754,0.04139467212315939
non_financial_large_cap_revenue_1b,Non-financial companies with revenue >= $1B,CYD,0,7.241549307052285,0.4994427617215713,-0.0053299930048170685,0.02293216761178496,-25.278684641210557,-0.043254662412210876,-0.23505059619363766,0.0025748055650557378,0.20695403439231208
non_financial_large_cap_revenue_1b,Non-financial companies with revenue >= $1B,DCH,0,49.674540803296246,0.3594407706145679,-0.007957860983688891,0.0023760077434166194,16.46709499349319,0.19512386623122213,0.23865909761855886,0.007265845748362643,0.34057265224775435
non_financial_large_cap_revenue_1b,Non-financial companies with revenue >= $1B,DDL,1,58.360548480254266,-0.7432635697050256,0.0033654932005807714,0.23344601697750222,91.35836137909396,0.09542556045877604,-0.002764341537828119,-0.008143385307142537,-0.5039132423437234
non_financial_large_cap_revenue_1b,Non-financial companies with revenue >= $1B,DE,0,43.682543895267656,-0.21335269520357114,-0.0012608358920476181,0.09259896408572366,11.39387149019705,0.09730268906989603,0.2220350873679937,0.00349911417031068,0.015884650889385732
non_financial_large_cap_revenue_1b,Non-financial companies with revenue >= $1B,DFH,0,15.413596692753165,0.5315822102950656,0.0001804997959169441,-0.05424118510791143,-17.817061918277776,-0.00099518133646459,0.07383611275577762,0.011681268377329967,0.5966494556684075
non_financial_large_cap_revenue_1b,Non-financial companies with revenue >= $1B,DINO,1,37.04386733265894,-0.5313906045250989,0.002903418065857033,0.14725993604730142,69.83251805315635,-0.040334667536484736,0.12501339790201088,-0.006945935696457295,-0.41319083417176017
non_financial_large_cap_revenue_1b,Non-financial companies with revenue >= $1B,DK,1,44.68733769017582,-0.5167231909067778,0.008007862994024006,0.13502384753511948,77.53860952200193,0.1312551731271216,-0.11776134695550045,-0.009373015110472838,-0.4097357319268665
non_financial_large_cap_revenue_1b,Non-financial companies with revenue >= $1B,DKS,0,45.38240112317295,0.4176226538263772,-0.0010816067993670853,-0.020232578579331806,12.565618151577329,-0.021990832750933498,0.08568355081130785,0.007453899059429392,0.27736245544532245
non_financial_large_cap_revenue_1b,Non-financial companies with revenue >= $1B,DOC,1,61.51481834594536,1.413894231325282,0.00709888283479454,-0.1389629209259945,91.35836137909388,0.14622102600023312,-0.13127366353625936,0.016595144493946612,0.9148496972422551
non_financial_large_cap_revenue_1b,Non-financial companies with revenue >= $1B,DRD,1,60.45732173143348,0.5454800696750164,-0.011124454995002808,-0.045091939964878924,91.35836137909386,0.016407163621656173,0.2665461259210965,-0.01859742136864806,0.41730624003317324
non_financial_large_cap_revenue_1b,Non-financial companies with revenue >= $1B,DRI,0,51.66285219256873,0.194882437423741,0.0035195320872828395,-0.014412754264334304,19.343770314135483,-0.1719128685601018,0.1279792997182313,0.0024786152967309905,0.10458218614889814
non_financial_large_cap_revenue_1b,Non-financial companies with revenue >= $1B,DTE,1,4.33554735714079,0.29194299242463995,0.003970671063888931,-0.11823237974094858,36.084065973242105,0.13336237032406706,-0.1206443902039196,-0.014522303045587437,0.14756985365940245
non_financial_large_cap_revenue_1b,Non-financial companies with revenue >= $1B,EDN,1,59.29584513833674,0.2485042705845104,0.0020435117620593024,-0.07312398876603077,91.358361379094,0.0924902527914182,0.11542951350390929,-0.014078408430837186,-0.3618159616194354
non_financial_large_cap_revenue_1b,Non-financial companies with revenue >= $1B,EHC,0,50.47990247232027,-0.11864270631761586,0.003050912614173673,0.009910162415471047,18.65632681246201,-0.09053539021762608,0.03315156568988453,0.0033653366539326823,-0.08868965156283765
non_financial_large_cap_revenue_1b,Non-financial companies with revenue >= $1B,ELPC,1,53.279996811799236,-0.06109285843963841,0.00164945831778196,-0.09042899710736929,85.57803439684223,0.10578379498346391,0.006293562009937359,-0.0006203811899410105,-0.18765673303438513
non_financial_large_cap_revenue_1b,Non-financial companies with revenue >= $1B,ELV,0,18.06501441672433,0.17095139355182898,-0.001370263737625832,-0.14955339128463474,-14.444039559158586,-0.02886835524651743,-0.06750446393359133,0.008042391217163103,0.5053912347334414
non_financial_large_cap_revenue_1b,Non-financial companies with revenue >= $1B,EOG,1,61.37441545868825,1.1013741623023763,-0.005214830232763257,-0.08970118957781836,91.3583613790939,0.0063430534326387455,0.15329212692520455,0.00298067528968593,0.9189455120378182
non_financial_large_cap_revenue_1b,Non-financial companies with revenue >= $1B,EQNR,1,26.044570059882346,0.6086881187664446,0.0024761691099312033,-0.01662616973137865,57.316835796445154,0.0626159889234913,0.0901346036152989,-0.004776743722202048,0.057187727058377824
non_financial_large_cap_revenue_1b,Non-financial companies with revenue >= $1B,EQT,1,45.27208600591597,1.4138942313252794,0.0010790111972480698,-0.1366530666528405,74.83199196252876,0.13967493792631647,0.13154756957551084,0.016595144493944503,0.9459216461046385
non_financial_large_cap_revenue_1b,Non-financial companies with revenue >= $1B,EXP,0,39.369116252681266,-0.47718989471523976,0.007097346501233837,0.05690453551044605,7.616465006314371,0.3039181202390767,0.10489989849480663,0.002437592107376596,-0.3173817823535961
non_financial_large_cap_revenue_1b,Non-financial companies with revenue >= $1B,FCX,0,37.81684317537588,-0.5462696228140662,-0.0025283873944029756,0.08779728640929252,6.393943119203695,0.09472704910420415,-0.13802192377145922,0.005857372105738334,-0.15062714804996236
non_financial_large_cap_revenue_1b,Non-financial companies with revenue >= $1B,FDP,0,46.11624020329801,0.6071049105219442,-0.0036238293210203443,-0.10460836949830143,13.272569357739238,0.07390333711499186,-0.1940777442218512,0.005947482538372628,0.3870596278418431
non_financial_large_cap_revenue_1b,Non-financial companies with revenue >= $1B,FLO,0,45.98839521834103,0.5345868373189466,-0.004901945294234933,-0.07346237271521239,13.175013002488571,-0.14209543948843972,0.13063078673860884,0.004436337291271131,0.2922225814186957
non_financial_large_cap_revenue_1b,Non-financial companies with revenue >= $1B,FSS,0,47.991884458247895,0.053621432367585875,0.006135634524506051,-0.004845378219208607,15.55264184278093,0.2070351225586604,-0.08040043261556784,0.0009364650455589985,0.18479434122253469
non_financial_large_cap_revenue_1b,Non-financial companies with revenue >= $1B,FUBO,1,0.8187548540563903,-0.9011449071859587,0.022573583991707502,0.12314344441572284,34.09140072510826,0.17191286856010785,-0.0064581587554030095,-0.01405781582680754,-0.5966494556684062
non_financial_large_cap_revenue_1b,Non-financial companies with revenue >= $1B,GOOS,0,45.46403625774028,0.2289911906322848,-0.005859266451952672,0.0030478179750431655,12.774148671518942,0.14639155243651591,0.08817940373590882,0.001872792455176353,0.15529866485549837
non_financial_large_cap_revenue_1b,Non-financial companies with revenue >= $1B,GPK,0,48.18985287769648,0.19700333841269124,-0.0025528325824284437,0.030862759162794795,15.575572574552385,-0.056873242250204736,0.11434729435531588,0.010083668356773323,0.24944388710629284
non_financial_large_cap_revenue_1b,Non-financial companies with revenue >= $1B,GPOR,1,42.73675010598328,1.4138942313252651,-0.011206291767236531,-0.08951830978447528,73.37130974200016,0.15202420154576768,0.07039153565983092,0.007449380768799196,-0.1056289531820449
non_financial_large_cap_revenue_1b,Non-financial companies with revenue >= $1B,GRBK,1,3.4665023655415013,-0.010874877420813167,-0.008861212600786428,-0.016344456294240417,36.00851320718225,-0.38758641947805506,0.180825573226908,-0.0010952182959581558,-0.2261088001949897
non_financial_large_cap_revenue_1b,Non-financial companies with revenue >= $1B,HAE,0,46.684158009959944,0.018561627908558087,-0.0021664087817505617,0.0656695185636762,14.360242860665316,0.19644028387411094,0.14166032859921118,-0.006400502213107839,-0.1618151292389
non_financial_large_cap_revenue_1b,Non-financial companies with revenue >= $1B,HCC,0,38.82604266098197,0.05078813448043462,-0.0048435120209190385,0.0828118129006824,6.5962847397915345,0.23280378386563283,-0.20825378838127123,0.015498814676568773,-0.011012754913507394
non_financial_large_cap_revenue_1b,Non-financial companies with revenue >= $1B,HESM,0,42.80041743323802,-1.4138942313252518,0.003124828799526913,0.10311139854097995,12.774148671518933,-0.12679836104525155,0.351276486764864,-0.016595144493942282,-0.9459216461046414
non_financial_large_cap_revenue_1b,Non-financial companies with revenue >= $1B,HOG,0,40.42157613164083,0.2230633696604123,-0.0019680205718728416,0.06582025165665151,7.814902296810027,0.06563528560425524,0.030437762929870438,0.0018484295258003325,0.14987132544285653
non_financial_large_cap_revenue_1b,Non-financial companies with revenue >= $1B,HUN,0,37.428985214907314,0.5882477899480785,-0.011096877248764625,0.007660904093514165,4.405720029102907,-0.048400930837887324,-0.02464354527515422,0.008272105426983978,0.4312603091148063
non_financial_large_cap_revenue_1b,Non-financial companies with revenue >= $1B,HUYA,1,42.21947121458507,-0.8323987544660945,0.00979865486898579,0.016570710463145955,75.61998440025465,-0.17856716871621614,0.2665461259210985,-0.013847867489239829,-0.5966494556684044
non_financial_large_cap_revenue_1b,Non-financial companies with revenue >= $1B,IDA,0,38.256334976422295,-0.7784692672411744,-0.0033601158547018617,0.13896292092599682,7.449725206091392,-0.11428500562938637,0.012459098301061955,0.018597421368651945,-0.5392607121223802
non_financial_large_cap_revenue_1b,Non-financial companies with revenue >= $1B,IFF,0,46.131731117599095,0.5221375644296629,-0.009444268807426104,0.09160002514184229,13.242705338809566,-0.03850943457839029,-0.07138924527486012,0.007447530166297622,0.3152181771296355
non_financial_large_cap_revenue_1b,Non-financial companies with revenue >= $1B,KFY,0,49.19744236733628,0.1733288573992806,0.0009059516991211103,0.034188845911011234,16.92464927927584,0.02423746550124306,-0.16614402206233014,0.0005189705641795994,0.13379158846501849
non_financial_large_cap_revenue_1b,Non-financial companies with revenue >= $1B,KLAR,0,32.95993684630349,0.19038114412951224,-0.0096444028487076,0.1389629209259905,0.26852442054715653,-0.08909581808399786,-0.2264037259863962,0.018597421368650058,0.5966494556684044
non_financial_large_cap_revenue_1b,Non-financial companies with revenue >= $1B,KNTK,1,9.9899605069915,1.413894231325274,-0.002287603467827637,-0.12695027350467125,40.22745537843035,0.15148715186206552,-0.1701360310614457,-0.005927336785055748,0.5743904207756151
non_financial_large_cap_revenue_1b,Non-financial companies with revenue >= $1B,KOS,1,50.5185662901752,-0.26870717675634204,0.022573583991702506,-0.12184799885574182,83.32206773489382,0.14198381866807575,-0.2591038290433906,-0.018597421368654055,-0.22783699077155228
non_financial_large_cap_revenue_1b,Non-financial companies with revenue >= $1B,KWR,0,48.142662838544645,0.502752840448172,-0.007683464019447861,0.042158085149342384,15.09461623958971,0.11498827591587757,-0.01677295033101034,0.005888716885921186,0.3347496643231964
non_financial_large_cap_revenue_1b,Non-financial companies with revenue >= $1B,LNG,1,60.74599427297662,1.2524168185436921,-0.007231985247738826,-0.09343257788154558,91.35836137909392,0.11205179641533636,-0.16006410152538397,0.0005979239855247176,0.35526045017559327
non_financial_large_cap_revenue_1b,Non-financial companies with revenue >= $1B,LOMA,0,45.06308898146224,-0.0010546338235952746,-0.005913405149699069,0.08753525013317554,12.774148671518944,-0.03630628305707717,-0.1553743994511686,0.00969682772344549,0.3183915229853843
non_financial_large_cap_revenue_1b,Non-financial companies with revenue >= $1B,MAX,1,58.2612178132934,-0.9011449071859685,-0.0013086681398603028,0.23344601697750222,91.35836137909395,0.07551914431493001,-0.04742922791240678,-0.004605763212210512,-0.37965473005972494
non_financial_large_cap_revenue_1b,Non-financial companies with revenue >= $1B,MCK,1,58.58191056656538,-0.7308033923503103,-0.00012417081553062204,0.23344601697750367,91.35836137909399,0.1257219493080961,0.20207159436594924,-0.00824617666512184,-0.5265512027663307
non_financial_large_cap_revenue_1b,Non-financial companies with revenue >= $1B,MDA,0,47.77757782065387,0.0629094734641309,-0.0032678383027208158,0.0796245023488672,16.184218385900554,-0.1719128685601029,-0.1869741969150186,0.0028107095820321115,-0.26179577744667293
non_financial_large_cap_revenue_1b,Non-financial companies with revenue >= $1B,MPC,1,58.600280538961634,-0.4581901946205278,0.0011574053964957809,0.13794420869942026,91.35836137909388,0.06351553347477412,-0.05551743947231902,-0.006432580866510551,-0.3685923421608023
non_financial_large_cap_revenue_1b,Non-financial companies with revenue >= $1B,MTH,1,0.22514346667191631,-0.3958301210352233,-0.00033518140836774624,-0.023489488250244883,33.541448587436925,-0.38758641947805483,0.08092611161000829,-0.008054083821237623,-0.5099705077990663
non_financial_large_cap_revenue_1b,Non-financial companies with revenue >= $1B,NCLH,0,50.214377482838316,-0.2053239486814591,-0.005069296968410852,0.0896961613802395,18.296744672779496,-0.1719128685601129,0.25739670857063623,0.018597421368647615,-0.13771679763361477
non_financial_large_cap_revenue_1b,Non-financial companies with revenue >= $1B,NLY,1,59.54616114048339,-0.17095139355183475,0.005578044574734098,-0.13896292092599138,91.35836137909398,0.028868355246526645,0.09146811506564484,-0.017300166329471733,0.4610651578927204
non_financial_large_cap_revenue_1b,Non-financial companies with revenue >= $1B,NOG,1,61.29193139846822,1.1459094638319511,0.006612739011065627,-0.09937722679509664,91.35836137909389,0.08998770765388986,-0.08391375624065833,0.0003948763913179665,0.9459216461046392
non_financial_large_cap_revenue_1b,Non-financial companies with revenue >= $1B,NOMD,0,47.178827029610325,0.32781502817679753,-0.004696804953963074,0.08120200230893904,14.565675708318457,-0.0919480182483029,0.015290253564199219,0.0026269162827293746,0.21089651357869954
non_financial_large_cap_revenue_1b,Non-financial companies with revenue >= $1B,NRG,0,22.652447425087203,0.38510356638801513,-0.0036238621290235473,-0.03321132205730415,-10.329682473709246,-0.005518273717844635,0.1918148653157733,0.007319939563710021,0.3682795548502896
non_financial_large_cap_revenue_1b,Non-financial companies with revenue >= $1B,NVO,1,28.282472285799354,1.1690346827824278,-0.01520751349709204,-0.06318523790065889,58.32599744077292,0.1340060308966513,0.08657175809977413,-0.0017705704786014076,0.7189911257067877
non_financial_large_cap_revenue_1b,Non-financial companies with revenue >= $1B,NVR,0,25.654910757871313,0.11836892614752204,0.015207513497100922,-0.17476632305305906,-6.8387023500121655,0.38758641947805417,-0.138536445938514,0.0007829800559455702,0.21300460711360136
non_financial_large_cap_revenue_1b,Non-financial companies with revenue >= $1B,OKE,1,39.800623468054724,0.09916926033946316,0.0007971351941868932,-0.07604318621044559,71.84707475437,0.1485055348151909,-0.12586375457062426,-0.0034647925086440656,-0.017586052791480733
non_financial_large_cap_revenue_1b,Non-financial companies with revenue >= $1B,ONON,0,41.332767908627815,0.34320988227848215,0.0019847244955365495,-0.03500293727013137,8.748505922359007,0.15882169129115098,-0.1350220161887949,0.0018187189375654667,0.1764864921421998
non_financial_large_cap_revenue_1b,Non-financial companies with revenue >= $1B,OSCR,1,35.57293271862186,-0.17095139355184186,0.016878242781472763,0.1915045320623841,67.61059308276727,0.028868355246514876,0.23305758419651873,-0.002039515133830716,-0.2630127391638586
non_financial_large_cap_revenue_1b,Non-financial companies with revenue >= $1B,PAC,1,61.2865613422749,1.285103499068676,-0.006860685384897924,-0.08296946218436319,91.35836137909388,0.11636718920573885,-0.21883384955198348,0.002059599401559975,0.905299103209044
non_financial_large_cap_revenue_1b,Non-financial companies with revenue >= $1B,PARR,1,20.26573363061572,-0.43339937726247335,-0.0052431548075428935,0.21083787632065237,52.91843177788413,0.0103903458110568,0.019928581769634413,-0.006127085522952935,-0.37711990299394005
non_financial_large_cap_revenue_1b,Non-financial companies with revenue >= $1B,PG,0,40.00808790388277,-0.3020677821775575,0.009390910320229429,0.04255215955498293,8.523590862672783,-0.1486446763932996,-0.05108662161711308,-0.004096425900819933,-0.13351595315921816
non_financial_large_cap_revenue_1b,Non-financial companies with revenue >= $1B,PHI,1,61.36184775466097,1.2504350738533052,0.0015635302441306953,-0.10798674078987702,91.35836137909398,0.171912868560116,-0.18795615554274858,0.003826280789577363,0.9436569490354271
non_financial_large_cap_revenue_1b,Non-financial companies with revenue >= $1B,PK,1,58.763441282450366,-0.29105471485611645,0.012450899905641077,-0.11077329317937135,91.35836137909398,0.07719127577776919,-0.1539009847926608,-0.006092772592321216,-0.050775076323651414
non_financial_large_cap_revenue_1b,Non-financial companies with revenue >= $1B,PLD,1,3.568483873854184,1.413894231325274,0.003083839959802104,-0.1389629209259995,33.29768742135625,0.11730272961621313,-0.015072787493118023,0.01659514449393995,0.9459216461046378
non_financial_large_cap_revenue_1b,Non-financial companies with revenue >= $1B,PR,1,61.779728986803406,1.413894231325275,0.0006250939818347456,-0.12016432532179822,91.35836137909396,0.13670553197663315,0.11681272094249706,-0.00046186071678810947,0.9459216461046387
non_financial_large_cap_revenue_1b,Non-financial companies with revenue >= $1B,PSX,1,58.615962030970614,-0.5136998660703478,-0.00037848064487067123,0.18090951215581025,91.35836137909386,0.05787729963528088,0.06427116858135029,-0.0076657274569652545,-0.45174782374075606
non_financial_large_cap_revenue_1b,Non-financial companies with revenue >= $1B,RIG,0,41.795224161622855,0.9011449071859583,-0.02257358399170928,0.12599068149693537,8.765426696551097,-0.017757496677542117,0.03225004053360092,-0.0033919083356652724,-0.05783060572266063
non_financial_large_cap_revenue_1b,Non-financial companies with revenue >= $1B,RITM,0,48.42847456376572,0.17095139355183697,-0.005858136489574117,0.1389629209260118,15.188919476510927,-0.028868355246514876,0.2771549568931574,0.01859742136865805,0.5966494556684113
non_financial_large_cap_revenue_1b,Non-financial companies with revenue >= $1B,RMD,0,44.58611701124449,-0.6510770286568204,0.015207513497104808,0.0511956863244849,13.614399552764558,0.2709061499267613,-0.20243652642495225,-0.016516089321437888,-0.5675276774480074
non_financial_large_cap_revenue_1b,Non-financial companies with revenue >= $1B,RRC,1,41.29147584494476,0.898416722567978,-0.004220288094045399,-0.0963323226883177,71.53154810865199,0.15353973074985316,0.13416204417810107,0.005042987113228814,0.741284293048765
non_financial_large_cap_revenue_1b,Non-financial companies with revenue >= $1B,RTO,0,51.71341935278145,0.12373263466701356,-0.0032367619836649597,0.08122141402616723,19.34377031413549,-0.07811154669595644,0.06858152232706971,0.0011285399212616065,0.10436780580124949
non_financial_large_cap_revenue_1b,Non-financial companies with revenue >= $1B,S,0,49.1560869126513,0.9011449071859712,-0.02257358399171372,0.09472787193326704,16.095434677308226,-0.043618554662027464,-0.2665461259210912,0.005168118997061488,0.3203841712187574
non_financial_large_cap_revenue_1b,Non-financial companies with revenue >= $1B,SBH,0,49.18864357223774,0.3512053032311333,0.0015038344221790512,-0.07999198565159615,16.25068590006339,0.08989463477253345,0.16979501925532736,0.005568169062285966,0.3280172664996025
non_financial_large_cap_revenue_1b,Non-financial companies with revenue >= $1B,SBS,1,22.27236444204304,0.9703579310016499,-0.0032297428485558166,-0.10370175226303202,53.28920591895546,0.084715545769244,-0.035213473328312594,-0.01859742136865561,0.16079286670803572
non_financial_large_cap_revenue_1b,Non-financial companies with revenue >= $1B,SGI,0,47.92698473690828,0.2813961044059168,-0.0031639072754762188,0.048228421050554915,15.242115438098104,-0.1298426664436787,0.19603147658749254,0.0025039607789317797,0.2177504791235645
non_financial_large_cap_revenue_1b,Non-financial companies with revenue >= $1B,SHEL,1,2.0636726900247506,0.024464835204463853,0.001162968058387559,-0.03308480228180377,34.007564081360954,0.05720730042749245,0.11783624606189763,-0.0021076834472719685,-0.03740482477654783
non_financial_large_cap_revenue_1b,Non-financial companies with revenue >= $1B,SHW,0,47.94125120887085,0.06201536526116591,0.005616616920724016,-0.004605376208319467,15.712355094756033,-0.12351046353060036,0.13199629285483871,0.0002573915227608303,0.08516085671144036
non_financial_large_cap_revenue_1b,Non-financial companies with revenue >= $1B,SKY,0,49.94662682178256,0.3187452695498778,0.004932427280300744,-0.05762994057326354,17.47950079044573,0.11257322848971618,-0.23811955714062355,0.0031528122607112907,0.2515063608872402
non_financial_large_cap_revenue_1b,Non-financial companies with revenue >= $1B,SMG,0,43.41185089431821,0.3158415227352718,-0.0005260298306796196,-0.07115099774879952,10.59148156539622,-0.06168792804585943,0.35127648676486645,0.002861824755804543,0.21178901970851371
non_financial_large_cap_revenue_1b,Non-financial companies with revenue >= $1B,SNOW,0,45.678082884631465,0.9011449071860071,-0.022573583991675972,0.07440072407577947,13.057288786961744,-0.057463399202765886,-0.03673700074043629,-0.009887819150508403,-0.30005516108940344
non_financial_large_cap_revenue_1b,Non-financial companies with revenue >= $1B,SRE,0,37.946989542923525,-0.6917400963841671,-0.005362891416211046,0.1389629209260116,6.9939579156771305,-0.012614893218585554,-0.02345856159627735,0.01859742136865694,-0.5433177030157856
non_financial_large_cap_revenue_1b,Non-financial companies with revenue >= $1B,SSL,1,58.918581786008666,-0.24467173612341053,0.00506343438642487,-0.03862202010640248,91.3583613790939,-0.030830183373404818,0.006745901676488808,-0.005156264287813572,-0.060343294674296555
non_financial_large_cap_revenue_1b,Non-financial companies with revenue >= $1B,SU,1,6.5400476912934415,0.357045889366435,-0.0011841436308702713,-0.060550408930564514,37.875006130168615,0.04290951142901622,0.15414474545563805,0.0013242746584972709,0.24331712335947797
non_financial_large_cap_revenue_1b,Non-financial companies with revenue >= $1B,SUNB,0,45.6824495790172,-0.9992684438136097,0.0016913744847841805,0.07746032454664453,14.579348693017536,-0.058239882298216084,0.11302082106946232,-0.00350007576869682,-0.10002866280353284
non_financial_large_cap_revenue_1b,Non-financial companies with revenue >= $1B,SW,0,49.0363439349388,0.2583081477257019,-0.005507577575767919,0.03908579851669225,16.51713032733153,-0.030005238530951606,-0.032633061841030764,0.006226031476158189,0.2117740772535167
non_financial_large_cap_revenue_1b,Non-financial companies with revenue >= $1B,SXC,0,42.173484034772066,0.5691113475109555,-0.010847869117364128,-0.027742375496733418,9.080955972321055,0.0668546761595954,0.03765672716794044,0.007471796665655894,0.3780583289781766
non_financial_large_cap_revenue_1b,Non-financial companies with revenue >= $1B,TEO,1,60.05941386365191,0.2892784509991513,0.008924799720966381,-0.07675402164948408,91.35836137909394,0.17191286856011617,-0.005815884929201709,-0.0006678398437619526,0.38613954228305325
non_financial_large_cap_revenue_1b,Non-financial companies with revenue >= $1B,TLK,1,60.45653714127054,1.14140838864905,-0.0005259052002416498,-0.07481639167310672,91.35836137909392,0.12912720749701634,0.06900197170827516,0.011574874960455062,-0.10562895318204635
non_financial_large_cap_revenue_1b,Non-financial companies with revenue >= $1B,TM,1,58.77498645816846,-0.21522086806751028,0.002717648634237735,-0.08087691511710093,91.35836137909395,0.061205619295275904,-0.05568724398734992,-0.009041033969134693,-0.21450669713106074
non_financial_large_cap_revenue_1b,Non-financial companies with revenue >= $1B,TME,1,49.50730577449036,0.9435394838650479,-0.006770043990812713,-0.1125778739668104,80.09915062268567,-0.08456641601438708,0.2591058087455964,0.012814179466201114,0.46857544428261383
non_financial_large_cap_revenue_1b,Non-financial companies with revenue >= $1B,TMHC,0,3.7536731531178447,0.2379543569471254,0.003008086250196773,0.012221067244854944,-29.11241991153193,0.3875864194780535,-0.08746800991075049,0.0016197057851069507,0.23920600827235228
non_financial_large_cap_revenue_1b,Non-financial companies with revenue >= $1B,TNL,0,51.50922935597664,0.13072418450449064,-0.003042461925605422,0.058105647070597954,18.517945051194456,0.34115615398708343,0.35127648676487044,-0.0011512901522994223,0.04225015395026355
non_financial_large_cap_revenue_1b,Non-financial companies with revenue >= $1B,TOST,0,38.007150336565985,0.5676624195209548,0.006890182899970343,-0.21269131985600664,5.456357047092773,0.16578222388213804,-0.26654612592109905,0.0013663808878465744,0.21636409747651464
non_financial_large_cap_revenue_1b,Non-financial companies with revenue >= $1B,TSN,0,47.87193545554107,0.6159460525360707,-0.005846418227037908,-0.1189530133044937,14.962035271964751,-0.01861513774015977,-0.08686212977817753,0.007584831561320837,0.44468056794595134
non_financial_large_cap_revenue_1b,Non-financial companies with revenue >= $1B,UGP,1,58.402238290200195,-0.587006073754845,0.0009553393563167534,0.2334460169775056,91.35836137909395,0.008402912473072566,-0.08357187116058185,-0.007375890787562178,-0.44900809141482767
non_financial_large_cap_revenue_1b,Non-financial companies with revenue >= $1B,VIPS,1,58.90254475589158,-0.40348793071661904,-0.0046456763449025384,0.09077435677384793,91.358361379094,0.060113870063515096,0.21967633357879512,-0.005228858262507963,-0.3410532877116744
non_financial_large_cap_revenue_1b,Non-financial companies with revenue >= $1B,VIST,1,22.48884511989618,1.4138942313252811,-0.005873186267803865,-0.107223551310762,52.750979337358956,0.12410075481374117,-0.10153899749413342,-0.018597421368657052,0.5050693834223632
non_financial_large_cap_revenue_1b,Non-financial companies with revenue >= $1B,VLO,1,58.63491555648871,-0.5872418691664172,0.0021827357545909365,0.233446016977509,91.35836137909395,0.004351169842168989,0.11989092440290516,-0.0060237388841168915,-0.4180856309490387
non_financial_large_cap_revenue_1b,Non-financial companies with revenue >= $1B,VTR,1,60.242019178169706,0.7115713355128257,0.006354169383976704,-0.13435283277205656,91.35836137909402,0.11011491833360271,-0.11460137188246422,0.004510831423534145,0.372026179659242
non_financial_large_cap_revenue_1b,Non-financial companies with revenue >= $1B,WELL,1,59.1719859472956,0.04108453125690925,0.0057148868782606055,-0.13896292092600881,91.35836137909392,-0.38758641947805816,0.021919178428727815,0.012180225724777505,0.33124051689983425
non_financial_large_cap_revenue_1b,Non-financial companies with revenue >= $1B,WKC,1,58.41024551825713,-0.8555639694396859,0.021493315660793377,0.2334460169775019,91.35836137909403,0.09447213544562916,0.1900268028285773,-0.008830442403721439,-0.5511942893230765
non_financial_large_cap_revenue_1b,Non-financial companies with revenue >= $1B,WPC,1,61.58041618588041,1.4138942313252731,0.0041193041576177425,-0.13896292092599682,91.35836137909402,0.1719128685601199,-0.11946003634627567,0.016595144493947278,0.9459216461046445
non_financial_large_cap_revenue_1b,Non-financial companies with revenue >= $1B,XHR,1,59.14837160473265,0.22876901441216546,0.004579386435948574,-0.10003603334200994,91.35836137909399,-0.10148678918233534,-0.14013882135310152,-0.0026111719672787803,-0.02709992878184131
non_financial_large_cap_revenue_1b,Non-financial companies with revenue >= $1B,XOM,1,44.92405983789775,0.013604574522420698,-0.000974673187052133,-0.03292723395772423,76.76930508822635,0.07984501502103608,0.2085559440107107,-0.0034540511799967533,-0.03792939497517234
non_financial_large_cap_revenue_1b,Non-financial companies with revenue >= $1B,XPO,0,50.803986479527474,0.23963921012213918,-0.002438804848983178,-0.021577636744348094,18.303561510071294,-0.09588210756938387,0.13154321996360108,0.006077323552674652,0.17109833439769428
non_financial_large_cap_revenue_1b,Non-financial companies with revenue >= $1B,YETI,0,30.6417887356752,0.22853274731329032,0.01023037057275511,-0.1243890013262356,-1.5784522182860066,0.04625468669267385,-0.13417449653928254,0.0027345529678926006,0.11908666369721899
