Scenario ID,Scenario Name,Candidate Role,Candidate ID,Method,Reference Cluster,KPI,Reference Raw Median,Median Resampled Raw Median,Empirical 10th Percentile Raw Median,Empirical 90th Percentile Raw Median,Minimum Raw Median,Maximum Raw Median,Reference Difference from Cohort Median,Median Resampled Difference from Cohort Median,Empirical 10th Percentile Difference,Empirical 90th Percentile Difference,Directional Consistency,Median Model-Space Profile,Empirical 10th Percentile Model-Space Profile,Empirical 90th Percentile Model-Space Profile,Mean Imputation Share,Maximum Imputation Share,Aligned Run Count,Expected Run Count
consumer_cyclical_revenue_20m,Consumer Cyclical companies with revenue >= $20M,Full-assignment candidate,Full Assignment|Agglomerative,Agglomerative,0,Asset Turnover,0.9731633866604024,0.8673676111959934,0.4868553973903532,1.1219468211429788,0.39789241036604744,1.3253997904365515,-0.062072522070919955,-0.17297443030313453,-0.5724110961931362,0.07303086645754923,0.85,-0.23721197551607343,-0.7813810158201414,0.10210235274250913,0.0,0.0,20,20
consumer_cyclical_revenue_20m,Consumer Cyclical companies with revenue >= $20M,Full-assignment candidate,Full Assignment|Agglomerative,Agglomerative,0,Current Ratio,1.2643899133292789,1.4638145205667499,1.2927215668220713,1.603185755290228,1.1649084155452765,1.8161457949002426,-0.23178511032586924,-0.009222813389898943,-0.22006590453316136,0.09689465503322547,0.55,-0.007578292499629004,-0.18028742103597914,0.07671136488185716,0.0,0.0,20,20
consumer_cyclical_revenue_20m,Consumer Cyclical companies with revenue >= $20M,Full-assignment candidate,Full Assignment|Agglomerative,Agglomerative,0,Debt Ratio,0.4199300148371857,0.29849846286776466,0.23348392994454376,0.4269023751184195,0.2250120543051593,0.4737948916830015,0.04853519569349907,-0.06947733581653415,-0.14049544138841705,0.04777268151627911,0.25,-0.19447176709807956,-0.4031807224464201,0.13208027804571712,0.0,0.0,20,20
consumer_cyclical_revenue_20m,Consumer Cyclical companies with revenue >= $20M,Full-assignment candidate,Full Assignment|Agglomerative,Agglomerative,0,EBITDA Margin,-0.05618972093615564,-0.28187894107107925,-0.5558112499422386,-0.03669444582263818,-0.6320811324906993,-0.015816902553356757,-0.14279872853124503,-0.36465135009711963,-0.6457764202467524,-0.12328343492866023,1.0,-2.9368036977907948,-3.81593210249276,-0.9437764395433992,0.0,0.0,20,20
consumer_cyclical_revenue_20m,Consumer Cyclical companies with revenue >= $20M,Full-assignment candidate,Full Assignment|Agglomerative,Agglomerative,0,Free Cash Flow Margin,-0.08670154434046742,-0.18243783934987687,-0.3664051596428277,-0.05442492927050307,-0.4503161989518466,-0.05320937870837481,-0.12678028181915793,-0.2220032210412009,-0.4067243132419205,-0.09712885373172238,1.0,-2.3540592509567193,-3.1014102409726454,-1.0623101550775982,0.0,0.0,20,20
consumer_cyclical_revenue_20m,Consumer Cyclical companies with revenue >= $20M,Full-assignment candidate,Full Assignment|Agglomerative,Agglomerative,0,Operating Cash Flow Margin,-0.03559707449351031,-0.15178462099075174,-0.2522992567080374,-0.02444334967502798,-0.400541993798851,-0.01462053525327253,-0.11589174576730661,-0.23084256985891402,-0.3311799560108717,-0.10368421215114344,1.0,-1.9585177212488443,-2.3492049502442005,-0.9339748577917554,0.0,0.0,20,20
consumer_cyclical_revenue_20m,Consumer Cyclical companies with revenue >= $20M,Full-assignment candidate,Full Assignment|Agglomerative,Agglomerative,0,Return on Assets,-0.17158208294183727,-0.26754640691462805,-0.4854560101255272,-0.15333563742918116,-0.5100943561611422,-0.11292270349697434,-0.1973873938475781,-0.29215593162405784,-0.511261321031268,-0.17851969516338345,1.0,-2.707768601908284,-3.301426593575686,-1.6184487239044594,0.0,0.0,20,20
consumer_cyclical_revenue_20m,Consumer Cyclical companies with revenue >= $20M,Full-assignment candidate,Full Assignment|Agglomerative,Agglomerative,0,Revenue per Employee,358824.56140350876,385398.11596600205,352440.45130252105,430240.0,285572.22222222225,592079.6089385474,-72295.43859649124,-43704.99662256782,-83468.69044398559,-6154.370691164989,0.9,-0.04011129988927342,-0.09296519135974714,0.00018460164787342066,0.04461250459045681,0.08333333333333333,20,20
consumer_cyclical_revenue_20m,Consumer Cyclical companies with revenue >= $20M,Full-assignment candidate,Full Assignment|Agglomerative,Agglomerative,1,Asset Turnover,1.047644237148679,1.0679195628560265,1.018300542748875,1.0933801016618336,1.003175121509801,1.1059952155811925,0.012408328417356618,0.030344928453024167,-0.008095823137906199,0.05293487345052814,0.85,0.04106624407104441,-0.011321386164708392,0.07468853063379549,0.0,0.0,20,20
consumer_cyclical_revenue_20m,Consumer Cyclical companies with revenue >= $20M,Full-assignment candidate,Full Assignment|Agglomerative,Agglomerative,1,Current Ratio,1.5159995891301068,1.4837361520288668,1.4053802843581982,1.52399667147567,1.401482484300545,1.6005476956269944,0.0198245654749587,-0.023060572915835187,-0.056765704269857276,0.03186572042290719,0.25,-0.018902589746954725,-0.046752320740324725,0.025393907632883576,0.0,0.0,20,20
consumer_cyclical_revenue_20m,Consumer Cyclical companies with revenue >= $20M,Full-assignment candidate,Full Assignment|Agglomerative,Agglomerative,1,Debt Ratio,0.3880135890763925,0.4000589701111332,0.38413150515118405,0.4093264586630586,0.3771353482260184,0.4112148050757127,0.016618769932705835,0.027475697105695612,0.009561865438098933,0.03608429057651943,0.95,0.06902242382280702,0.02517989017717705,0.1011814769463831,0.005698688600699788,0.008298755186721992,20,20
consumer_cyclical_revenue_20m,Consumer Cyclical companies with revenue >= $20M,Full-assignment candidate,Full Assignment|Agglomerative,Agglomerative,1,EBITDA Margin,0.1121492622789665,0.10170070414084001,0.09930242720904109,0.11357959519762656,0.09748544935200201,0.11770688637470028,0.025540254683877092,0.018087267450712145,0.010557346701945169,0.02789082636541483,1.0,0.14699482039719844,0.08311201818295165,0.21890078564195153,0.0,0.0,20,20
consumer_cyclical_revenue_20m,Consumer Cyclical companies with revenue >= $20M,Full-assignment candidate,Full Assignment|Agglomerative,Agglomerative,1,Free Cash Flow Margin,0.061639275568788295,0.052421724288190044,0.04758377386201075,0.06282216343932218,0.047160149740332516,0.06845460778669156,0.02156053809009778,0.012269706974136815,0.005259297988862115,0.02326717264838807,1.0,0.13050338473500928,0.05672195544202769,0.24558347442689038,0.0,0.0,20,20
consumer_cyclical_revenue_20m,Consumer Cyclical companies with revenue >= $20M,Full-assignment candidate,Full Assignment|Agglomerative,Agglomerative,1,Operating Cash Flow Margin,0.10360738255033557,0.09372775038221703,0.08799534946004617,0.10698447182586807,0.08690833828476766,0.11244586025167254,0.023312711276539264,0.014271638322287172,0.008054260335458484,0.02537472095182048,1.0,0.12122682865336881,0.07372013355794936,0.2171787395949125,0.0029373283810720523,0.004149377593360996,20,20
consumer_cyclical_revenue_20m,Consumer Cyclical companies with revenue >= $20M,Full-assignment candidate,Full Assignment|Agglomerative,Agglomerative,1,Return on Assets,0.04027569211813176,0.03495116058990475,0.03162157551115044,0.04163315631627517,0.02823787652779556,0.04234735156908988,0.014470381212390932,0.009926963573330845,0.00510655235544972,0.015503181554513065,1.0,0.09073118491305412,0.04574577154453969,0.15222785466346053,0.0027482214515019174,0.004149377593360996,20,20
consumer_cyclical_revenue_20m,Consumer Cyclical companies with revenue >= $20M,Full-assignment candidate,Full Assignment|Agglomerative,Agglomerative,1,Revenue per Employee,377527.8745088016,379643.9372544008,373774.93452764256,394112.9671701384,369305.15191545576,402075.5246753247,-53592.125491198385,-47734.588088905584,-59349.093514197055,-35427.45810754881,1.0,-0.06535897305358332,-0.08169775606021326,-0.03822340430057226,0.03196393761916423,0.03802281368821293,20,20
consumer_cyclical_revenue_20m,Consumer Cyclical companies with revenue >= $20M,Full-assignment candidate,Full Assignment|Agglomerative,Agglomerative,2,Asset Turnover,1.02067857665226,0.9591947728618727,0.932381483202946,0.9929276819809171,0.9220470544066999,0.9929276819809171,-0.014557332079062402,-0.07704065126696863,-0.10860832097560363,-0.04380109961615347,1.0,-0.10568520850346082,-0.15022899255591812,-0.06181289230798589,0.0,0.0,20,20
consumer_cyclical_revenue_20m,Consumer Cyclical companies with revenue >= $20M,Full-assignment candidate,Full Assignment|Agglomerative,Agglomerative,2,Current Ratio,2.0053636675497453,2.4281218697536033,1.8673324285775472,2.637763608604681,1.405813373253493,3.417617829060081,0.5091886438945972,0.9429566729135543,0.43750607627294835,1.1418315033415318,0.95,0.7680664138811483,0.37573726967628784,0.8984338417017471,0.0,0.0,20,20
consumer_cyclical_revenue_20m,Consumer Cyclical companies with revenue >= $20M,Full-assignment candidate,Full Assignment|Agglomerative,Agglomerative,2,Debt Ratio,0.17520125739312975,0.17063376221451967,0.1475316432495274,0.19067260607655323,0.1412098990217742,0.20084572405833498,-0.1961935617505569,-0.19813575371063524,-0.21611341870198467,-0.17726586387774046,1.0,-0.5640883598565687,-0.6278403104968904,-0.5036937072878062,0.0,0.0,20,20
consumer_cyclical_revenue_20m,Consumer Cyclical companies with revenue >= $20M,Full-assignment candidate,Full Assignment|Agglomerative,Agglomerative,2,EBITDA Margin,0.0696956909318657,0.07476176441693683,0.06870910990291423,0.08894361541290804,0.051429013619479984,0.0961502315838892,-0.01691331666322371,-0.0109571911365582,-0.017079949061761683,-0.0006245703468845085,0.9,-0.08864980094389349,-0.14196626881583538,-0.004847974728720256,0.0,0.0,20,20
consumer_cyclical_revenue_20m,Consumer Cyclical companies with revenue >= $20M,Full-assignment candidate,Full Assignment|Agglomerative,Agglomerative,2,Free Cash Flow Margin,0.02786005119815091,0.030789740220775755,0.019133982397690152,0.04700145969429918,0.0014673916480958697,0.0599619832473775,-0.012218686280539605,-0.008885362074453477,-0.021255590970145104,0.004018421272878728,0.8,-0.09577800759106614,-0.22368761522468206,0.043890470852986974,0.0,0.0,20,20
consumer_cyclical_revenue_20m,Consumer Cyclical companies with revenue >= $20M,Full-assignment candidate,Full Assignment|Agglomerative,Agglomerative,2,Operating Cash Flow Margin,0.04805085787401278,0.056894917284354016,0.04182085191735801,0.07860603530312513,0.03567198661027863,0.08200581359005095,-0.03224381339978352,-0.022481854211805766,-0.0395753552538227,-0.003526361239173822,0.95,-0.19905062568267795,-0.33557805738711677,-0.033186780988249946,0.0,0.0,20,20
consumer_cyclical_revenue_20m,Consumer Cyclical companies with revenue >= $20M,Full-assignment candidate,Full Assignment|Agglomerative,Agglomerative,2,Return on Assets,0.04815490767598994,0.05424886230931571,0.03758661504508562,0.05864757685235725,0.03646714362289817,0.05989573116380613,0.02234959677024911,0.030041587376223967,0.012420289228768719,0.03231771725902503,1.0,0.27099166827219934,0.11523634820593541,0.3185577056971867,0.0,0.0,20,20
consumer_cyclical_revenue_20m,Consumer Cyclical companies with revenue >= $20M,Full-assignment candidate,Full Assignment|Agglomerative,Agglomerative,2,Revenue per Employee,3030503.6312393453,3289090.609622745,2993760.05943038,3438359.1571266176,2967683.5443037977,3481203.8333333335,2599383.6312393453,2853601.0263969265,2568009.6860784655,3011717.0055422815,1.0,4.618263850289953,4.334752001868018,5.108366392747953,0.0,0.0,20,20
consumer_cyclical_revenue_20m,Consumer Cyclical companies with revenue >= $20M,Full-assignment candidate,Full Assignment|Gaussian Mixture,Gaussian Mixture,0,Asset Turnover,1.0228302085874754,0.938778269991324,0.7819712779007091,1.1065907251883877,0.6883573175269391,1.3079677283333806,-0.012405700143846898,-0.10490557230770858,-0.24340855932906139,0.06983216285624305,0.75,-0.13958381608538392,-0.34761576904096897,0.09746682747251532,0.0,0.0,20,20
consumer_cyclical_revenue_20m,Consumer Cyclical companies with revenue >= $20M,Full-assignment candidate,Full Assignment|Gaussian Mixture,Gaussian Mixture,0,Current Ratio,1.7834818339760687,1.6538379673805643,1.4182243549190774,1.706600457127378,1.2782397986448681,1.7882821246423684,0.28730681032092065,0.13720097925361996,-0.09294710581105209,0.211180310480857,0.8,0.11625632882725859,-0.07307904116401415,0.1743248518982566,0.0,0.0,20,20
consumer_cyclical_revenue_20m,Consumer Cyclical companies with revenue >= $20M,Full-assignment candidate,Full Assignment|Gaussian Mixture,Gaussian Mixture,0,Debt Ratio,0.3160458485796406,0.3392295444705399,0.3111958922721486,0.3775774782943113,0.2955760159259099,0.40497864128860395,-0.055348970564046085,-0.0373234142255692,-0.05891042335031319,0.0020377841827864175,0.85,-0.10053501537683274,-0.1662558191260761,0.0029074487860820397,0.006495854209608708,0.009259259259259259,20,20
consumer_cyclical_revenue_20m,Consumer Cyclical companies with revenue >= $20M,Full-assignment candidate,Full Assignment|Gaussian Mixture,Gaussian Mixture,0,EBITDA Margin,0.011167690686898123,0.024603157866767603,0.009318758647916193,0.04468680318476178,0.003926340477947168,0.06663682156854442,-0.07544131690819128,-0.0620086867442016,-0.07673055843889995,-0.04018225016066471,1.0,-0.5048237909303952,-0.6081869480507014,-0.3230531209105672,0.0,0.0,20,20
consumer_cyclical_revenue_20m,Consumer Cyclical companies with revenue >= $20M,Full-assignment candidate,Full Assignment|Gaussian Mixture,Gaussian Mixture,0,Free Cash Flow Margin,0.0003666193145835136,-0.0038928908170117156,-0.011286303253764247,0.005161539202815754,-0.0388122847159873,0.017064752382025518,-0.039712118164107,-0.04451840880926476,-0.050007369716496254,-0.03584929726931884,1.0,-0.48308055813335116,-0.5318255575054154,-0.39506573401027717,0.0,0.0,20,20
consumer_cyclical_revenue_20m,Consumer Cyclical companies with revenue >= $20M,Full-assignment candidate,Full Assignment|Gaussian Mixture,Gaussian Mixture,0,Operating Cash Flow Margin,0.014712506236252473,0.027142080922693157,0.011281207860305729,0.04509988440809403,0.005838571645083345,0.07184564610307184,-0.06558216503754383,-0.05401228892772483,-0.07091409663579455,-0.03258166578154474,1.0,-0.4693814814665199,-0.600893852255162,-0.28472268637632564,0.002346908698156138,0.007246376811594203,20,20
consumer_cyclical_revenue_20m,Consumer Cyclical companies with revenue >= $20M,Full-assignment candidate,Full Assignment|Gaussian Mixture,Gaussian Mixture,0,Return on Assets,-0.04863169136206828,-0.02850198346978025,-0.057483849586960664,-0.008026171539712494,-0.08714790180079057,0.009531170019122803,-0.07443700226780911,-0.05352823601944164,-0.08335753132402113,-0.03292527229589715,1.0,-0.5243973711497869,-0.75790895503917,-0.29957932522101616,0.0,0.0,20,20
consumer_cyclical_revenue_20m,Consumer Cyclical companies with revenue >= $20M,Full-assignment candidate,Full Assignment|Gaussian Mixture,Gaussian Mixture,0,Revenue per Employee,948275.8620689656,893607.6298701299,681170.2029075257,975607.120236225,453071.1111111111,1005325.6480802152,517155.86206896557,450589.8210341694,280128.06962901703,525336.9760774722,1.0,0.7337833800171294,0.4118319876407781,0.8721143435179509,0.020867306088434606,0.029411764705882353,20,20
consumer_cyclical_revenue_20m,Consumer Cyclical companies with revenue >= $20M,Full-assignment candidate,Full Assignment|Gaussian Mixture,Gaussian Mixture,1,Asset Turnover,1.047644237148679,1.0932998580817297,1.0039543057996485,1.1474406400663006,0.9689529292340111,1.1616621094489101,0.012408328417356618,0.05188764836880666,-0.03258844155762503,0.11848577597101288,0.75,0.07091230597248828,-0.045512521691716934,0.16329699781870435,0.0,0.0,20,20
consumer_cyclical_revenue_20m,Consumer Cyclical companies with revenue >= $20M,Full-assignment candidate,Full Assignment|Gaussian Mixture,Gaussian Mixture,1,Current Ratio,1.4006069109278583,1.4193166119894995,1.389503165345458,1.5321566119828207,1.388437309697922,1.5832092136136549,-0.09556811272728982,-0.052790199685585626,-0.09701344431309371,0.016091793307958072,0.8,-0.04226577543197662,-0.07931074680921037,0.012907203331407059,0.0,0.0,20,20
consumer_cyclical_revenue_20m,Consumer Cyclical companies with revenue >= $20M,Full-assignment candidate,Full Assignment|Gaussian Mixture,Gaussian Mixture,1,Debt Ratio,0.40248875335670525,0.38595706764345694,0.3745575688912264,0.40646474214445216,0.3401720579520608,0.4108626025705481,0.031093934213018593,0.018694899648284552,-0.002321439693663707,0.027472683923530396,0.85,0.04747493789322159,-0.00670426266182382,0.07755948237939193,0.003221459288915258,0.005434782608695652,20,20
consumer_cyclical_revenue_20m,Consumer Cyclical companies with revenue >= $20M,Full-assignment candidate,Full Assignment|Gaussian Mixture,Gaussian Mixture,1,EBITDA Margin,0.1117280899426298,0.10699378068134857,0.09925912265745047,0.1171484720377474,0.09633883353203783,0.11908665449966638,0.025119082347540386,0.021529118073401528,0.0133148274373392,0.028694835599700437,1.0,0.1764818439261016,0.10503871937902151,0.23463715864518284,0.0,0.0,20,20
consumer_cyclical_revenue_20m,Consumer Cyclical companies with revenue >= $20M,Full-assignment candidate,Full Assignment|Gaussian Mixture,Gaussian Mixture,1,Free Cash Flow Margin,0.052546010193382744,0.05356244809670643,0.05146442902820033,0.05713483356997571,0.047160149740332516,0.05715322008049403,0.01246727271469223,0.013354078052782985,0.01014670972396078,0.015779069699202276,1.0,0.14024569097038417,0.11378381478822777,0.16602745293643636,0.0,0.0,20,20
consumer_cyclical_revenue_20m,Consumer Cyclical companies with revenue >= $20M,Full-assignment candidate,Full Assignment|Gaussian Mixture,Gaussian Mixture,1,Operating Cash Flow Margin,0.09801687860778599,0.09442085509305141,0.08252976478722134,0.10120536729588356,0.08029879869229067,0.10209780085344042,0.017722207333989687,0.014073594301995312,0.0036599934649201196,0.019780736396246803,1.0,0.12236322210872197,0.03084423337106658,0.16690146242941978,0.0020627736012742317,0.004405286343612335,20,20
consumer_cyclical_revenue_20m,Consumer Cyclical companies with revenue >= $20M,Full-assignment candidate,Full Assignment|Gaussian Mixture,Gaussian Mixture,1,Return on Assets,0.03826941723227122,0.03814779339610063,0.034378087634415876,0.041765560833542374,0.033304341457716345,0.042531708543722485,0.012464106326530392,0.012129337666557556,0.009031984580320609,0.015339230390592665,1.0,0.11438682419398685,0.07799353376900663,0.14217681049618314,0.0033396705217172314,0.004629629629629629,20,20
consumer_cyclical_revenue_20m,Consumer Cyclical companies with revenue >= $20M,Full-assignment candidate,Full Assignment|Gaussian Mixture,Gaussian Mixture,1,Revenue per Employee,350389.3617021277,347458.24480249477,334350.5210622711,366324.46860537294,330631.5789473684,416625.7938382407,-80730.63829787233,-82900.00176473826,-100290.23021880887,-54591.15576666909,1.0,-0.12191346607477871,-0.14743055335112354,-0.06574458481376401,0.035888936947923555,0.043478260869565216,20,20
consumer_cyclical_revenue_20m,Consumer Cyclical companies with revenue >= $20M,Full-assignment candidate,Full Assignment|K-Means,K-Means,0,Asset Turnover,1.0731673432734496,1.0671117425545842,1.0352449070942267,1.078898305853205,1.0262474414711371,1.0993536424995032,0.03793143454212733,0.028503820520212275,-0.00845229182090761,0.04498525645866805,0.8,0.03910910065012013,-0.011787556774906276,0.06511017197031285,0.0,0.0,20,20
consumer_cyclical_revenue_20m,Consumer Cyclical companies with revenue >= $20M,Full-assignment candidate,Full Assignment|K-Means,K-Means,0,Current Ratio,1.438072511456646,1.4458777786776977,1.4013949269632762,1.4973591533527693,1.3896215937507397,1.548567846588801,-0.058102512198502154,-0.03953587869338382,-0.08998742727736235,-0.0039359819164463935,0.95,-0.03235699172722303,-0.07071754427988543,-0.003120036758011115,0.0,0.0,20,20
consumer_cyclical_revenue_20m,Consumer Cyclical companies with revenue >= $20M,Full-assignment candidate,Full Assignment|K-Means,K-Means,0,Debt Ratio,0.40489936869368154,0.4040833795405144,0.3939584942018379,0.4114391371763083,0.38883648814522903,0.4140608482540946,0.03350454954999488,0.03156240696938423,0.02837150050470204,0.0362100755293624,1.0,0.08574825057672976,0.07272541585643905,0.09930318305496734,0.005769406347579499,0.00749063670411985,20,20
consumer_cyclical_revenue_20m,Consumer Cyclical companies with revenue >= $20M,Full-assignment candidate,Full Assignment|K-Means,K-Means,0,EBITDA Margin,0.10563328693868582,0.10570973932274078,0.10092240170783186,0.11151014539276383,0.10079158816564522,0.11415412590351211,0.019024279343596406,0.018664943850136825,0.01569722368022454,0.024122783815915344,1.0,0.1525532652951585,0.1272487031081617,0.19167956543266873,0.0,0.0,20,20
consumer_cyclical_revenue_20m,Consumer Cyclical companies with revenue >= $20M,Full-assignment candidate,Full Assignment|K-Means,K-Means,0,Free Cash Flow Margin,0.053559807366913965,0.053567729556291355,0.05213501149111554,0.059873869766735054,0.04820811351646353,0.06214633864191079,0.013481069888223451,0.014121332577392169,0.010380183133552599,0.017847150346271694,1.0,0.15153284824422925,0.1139632499373014,0.18832097162934266,0.0,0.0,20,20
consumer_cyclical_revenue_20m,Consumer Cyclical companies with revenue >= $20M,Full-assignment candidate,Full Assignment|K-Means,K-Means,0,Operating Cash Flow Margin,0.09746038645153018,0.09780732522706811,0.09317307206737117,0.10150593214700808,0.08993295837448671,0.10494249895690236,0.01716571517773388,0.018260338399425736,0.014575088729508492,0.02028654790720471,1.0,0.15384226087256161,0.1273871665629957,0.18134913831456248,0.0029649690685285223,0.003745318352059925,20,20
consumer_cyclical_revenue_20m,Consumer Cyclical companies with revenue >= $20M,Full-assignment candidate,Full Assignment|K-Means,K-Means,0,Return on Assets,0.03481257563463282,0.03507489348983672,0.033673981664512576,0.03919111173033535,0.032380259769666415,0.04073182415539772,0.009007264728891986,0.009840720409355228,0.00830690982337607,0.012459837187489565,1.0,0.0908532622367772,0.07471729090300372,0.12267646971087869,0.002765801007882379,0.003745318352059925,20,20
consumer_cyclical_revenue_20m,Consumer Cyclical companies with revenue >= $20M,Full-assignment candidate,Full Assignment|K-Means,K-Means,0,Revenue per Employee,374652.17391304346,373481.38033052033,362908.3333333333,387107.0833333333,350106.15711252653,395077.3,-56467.82608695654,-54061.49462583722,-66675.6640536812,-42937.18457346154,1.0,-0.07974255078181182,-0.09469071811803108,-0.059981086798717116,0.03303888216987772,0.03793103448275862,20,20
consumer_cyclical_revenue_20m,Consumer Cyclical companies with revenue >= $20M,Full-assignment candidate,Full Assignment|K-Means,K-Means,1,Asset Turnover,0.8699394771508362,0.877716092547386,0.7781814156646051,1.125111059709682,0.7781814156646051,1.1287311930892052,-0.16529643158048613,-0.15376256939859223,-0.2400845795118331,0.07323810408017332,0.75,-0.2141470126735482,-0.3235550996549029,0.10221104710433426,0.0,0.0,20,20
consumer_cyclical_revenue_20m,Consumer Cyclical companies with revenue >= $20M,Full-assignment candidate,Full Assignment|K-Means,K-Means,1,Current Ratio,1.561508349115554,1.51986540727047,1.3297802395617513,1.6220523923054737,1.2637845377791148,1.6757430959990673,0.06533332546040582,0.00866564316111662,-0.15930609020935432,0.1266254963219388,0.55,0.006874273259598385,-0.12747524671799096,0.09877037573208007,0.0,0.0,20,20
consumer_cyclical_revenue_20m,Consumer Cyclical companies with revenue >= $20M,Full-assignment candidate,Full Assignment|K-Means,K-Means,1,Debt Ratio,0.29849846286776466,0.29849846286776466,0.2440661436067692,0.34196594927568014,0.2340741190254933,0.39596026225092407,-0.072896356275922,-0.0705997669317314,-0.14028675347629507,-0.02359768924833333,0.95,-0.19807153076742856,-0.38930323778060105,-0.06848636619453997,0.0,0.0,20,20
consumer_cyclical_revenue_20m,Consumer Cyclical companies with revenue >= $20M,Full-assignment candidate,Full Assignment|K-Means,K-Means,1,EBITDA Margin,-0.2704941722927118,-0.2692932735693855,-0.3335704908735488,-0.07951457827789302,-0.3557071024858991,-0.0313090794170237,-0.35710317988780116,-0.35317185485811,-0.41603420156867865,-0.17159990143834114,1.0,-2.810691043148207,-3.361333131936842,-1.3610503082006016,0.0,0.0,20,20
consumer_cyclical_revenue_20m,Consumer Cyclical companies with revenue >= $20M,Full-assignment candidate,Full Assignment|K-Means,K-Means,1,Free Cash Flow Margin,-0.16597365942182787,-0.1674963722524041,-0.19526639943270188,-0.09077815593199427,-0.2090473979217192,-0.0542330140360299,-0.20605239690051838,-0.20853109387728375,-0.23730056055508228,-0.13411413721791857,1.0,-2.2561346936468416,-2.505312216594748,-1.4359239877492236,0.0,0.0,20,20
consumer_cyclical_revenue_20m,Consumer Cyclical companies with revenue >= $20M,Full-assignment candidate,Full Assignment|K-Means,K-Means,1,Operating Cash Flow Margin,-0.12796808599302056,-0.15024414099854438,-0.15579279021615222,-0.05259917736978375,-0.1579557810801015,-0.019402767756156868,-0.20826275726681687,-0.22911233600164796,-0.23672181327481856,-0.13474452451784769,1.0,-1.9660282795699193,-2.1402809470102833,-1.205634268201495,0.0,0.0,20,20
consumer_cyclical_revenue_20m,Consumer Cyclical companies with revenue >= $20M,Full-assignment candidate,Full Assignment|K-Means,K-Means,1,Return on Assets,-0.263025529269866,-0.26719964833260473,-0.27566206482247096,-0.19612273439046973,-0.3195927037324252,-0.154147104426766,-0.28883084017560684,-0.29198255233304615,-0.30232451312714304,-0.22298451941015765,1.0,-2.6856281118845513,-2.8813669737951004,-2.14445017798002,0.0,0.0,20,20
consumer_cyclical_revenue_20m,Consumer Cyclical companies with revenue >= $20M,Full-assignment candidate,Full Assignment|K-Means,K-Means,1,Revenue per Employee,423645.21597187343,417635.4785294633,394685.8091512565,434854.71378091874,358824.56140350876,526868.2193090713,-7474.784028126567,-10172.468220657669,-32501.832529182942,11685.841290021744,0.75,-0.0022067383100412234,-0.03352878632241463,0.0022071690916359195,0.036535110887240915,0.05,20,20
consumer_cyclical_revenue_20m,Consumer Cyclical companies with revenue >= $20M,Full-assignment candidate,Full Assignment|K-Means,K-Means,2,Asset Turnover,0.9929276819809171,0.9639862030826281,0.9378534743242432,1.0197499219685633,0.9335297530691956,1.0758867686854443,-0.04230822675040524,-0.06423053715644705,-0.09761706960821374,-0.012104302896342657,0.9,-0.08974299269452754,-0.13588324309012023,-0.016514702902915835,0.0,0.0,20,20
consumer_cyclical_revenue_20m,Consumer Cyclical companies with revenue >= $20M,Full-assignment candidate,Full Assignment|K-Means,K-Means,2,Current Ratio,2.4281218697536033,2.4281218697536033,2.0293972529770516,2.601986464789399,1.9207177338844135,2.7813168485656856,0.9319468460984552,0.9091234310504607,0.5456221931636047,1.0649670880190858,1.0,0.7155677548792101,0.44724060129394433,0.8666135661827696,0.0,0.0,20,20
consumer_cyclical_revenue_20m,Consumer Cyclical companies with revenue >= $20M,Full-assignment candidate,Full Assignment|K-Means,K-Means,2,Debt Ratio,0.1716190415431944,0.1797687525717398,0.16832549684368697,0.19519399184623398,0.15300225637750883,0.20084572405833498,-0.19977577760049225,-0.19676603016818436,-0.2056636985377992,-0.1773077387641149,1.0,-0.5500578943817289,-0.5893632571955038,-0.5007547713963497,0.0,0.0,20,20
consumer_cyclical_revenue_20m,Consumer Cyclical companies with revenue >= $20M,Full-assignment candidate,Full Assignment|K-Means,K-Means,2,EBITDA Margin,0.07476176441693683,0.07476176441693683,0.06944028786135596,0.08438068766271933,0.06714166022676835,0.09020777670554603,-0.011847243178152583,-0.012633156121476342,-0.01616718086165355,-0.003864986502742283,0.95,-0.10033107690290402,-0.13269529851262823,-0.030295747461771546,0.0,0.0,20,20
consumer_cyclical_revenue_20m,Consumer Cyclical companies with revenue >= $20M,Full-assignment candidate,Full Assignment|K-Means,K-Means,2,Free Cash Flow Margin,0.032664511591805445,0.02891496884974606,0.0226679936639302,0.046523264309005836,0.008630989879364656,0.05086603184647336,-0.007414225886885069,-0.008944080412240752,-0.01936616745845019,0.005860774872889592,0.6,-0.09589530726441742,-0.20821946783758713,0.06618711769322,0.0,0.0,20,20
consumer_cyclical_revenue_20m,Consumer Cyclical companies with revenue >= $20M,Full-assignment candidate,Full Assignment|K-Means,K-Means,2,Operating Cash Flow Margin,0.0599619832473775,0.0599619832473775,0.0524765041569063,0.06476301910193712,0.0364233421588687,0.07445075073021579,-0.020332688026418806,-0.020332688026418806,-0.028676385716359772,-0.012187895675895101,1.0,-0.17165085243801703,-0.25381265107951323,-0.1062350241409302,0.0,0.0,20,20
consumer_cyclical_revenue_20m,Consumer Cyclical companies with revenue >= $20M,Full-assignment candidate,Full Assignment|K-Means,K-Means,2,Return on Assets,0.057921336436881334,0.056367944452713606,0.04798716434722038,0.05830821641269377,0.042060953042664176,0.05924177355592845,0.0321160255311405,0.030695044834664835,0.024430611797375622,0.03271909330272381,1.0,0.28345217103049025,0.23107879715432955,0.3169384379356039,0.0,0.0,20,20
consumer_cyclical_revenue_20m,Consumer Cyclical companies with revenue >= $20M,Full-assignment candidate,Full Assignment|K-Means,K-Means,2,Revenue per Employee,3064349.812478691,3055989.001627569,2726973.855209733,3290312.9032258065,2683836.3260420067,3319795.0723025585,2633229.812478691,2642633.6650673635,2296896.6401265473,2864171.1372678345,1.0,4.471217657435156,3.974581341752052,5.012352831128243,0.0,0.0,20,20
consumer_cyclical_revenue_20m,Consumer Cyclical companies with revenue >= $20M,HDBSCAN Pareto representative,HDBSCAN|mcs=10|ms=5,HDBSCAN,0,Asset Turnover,0.36241926803013996,0.36241926803013996,0.30692000591453494,0.3801558391980937,0.296642955676683,0.40916748392524266,-0.6728166407011824,-0.6801828884769585,-0.7294678730100568,-0.6376105109986334,1.0,-0.931518690795101,-1.0114860180982197,-0.8713459341527331,0.0,0.0,14,20
consumer_cyclical_revenue_20m,Consumer Cyclical companies with revenue >= $20M,HDBSCAN Pareto representative,HDBSCAN|mcs=10|ms=5,HDBSCAN,0,Current Ratio,1.5397405538968394,1.323712152506143,1.2116206004631316,1.7276389246509938,1.2045472913608763,1.864472726989748,0.0435655302416913,-0.14161186543161608,-0.2810909461053372,0.2197609252326804,0.35714285714285715,-0.12267276570417447,-0.2261247890919622,0.17791048127340633,0.0,0.0,14,20
consumer_cyclical_revenue_20m,Consumer Cyclical companies with revenue >= $20M,HDBSCAN Pareto representative,HDBSCAN|mcs=10|ms=5,HDBSCAN,0,Debt Ratio,0.3291594811426858,0.3338608148839424,0.2976452189017547,0.36227711823357917,0.21004822142659063,0.36227711823357917,-0.04223533800100088,-0.03820158428336684,-0.08002792874082798,-0.009037997734537938,1.0,-0.10676628084743103,-0.2318259282148081,-0.02538252173657804,0.0,0.0,14,20
consumer_cyclical_revenue_20m,Consumer Cyclical companies with revenue >= $20M,HDBSCAN Pareto representative,HDBSCAN|mcs=10|ms=5,HDBSCAN,0,EBITDA Margin,-0.7573160691565003,-0.7279688857407478,-0.9043248903614078,-0.5824090517165829,-0.9493570758655268,-0.5577583586693368,-0.8439250767515897,-0.8121673660523854,-0.9937193690959932,-0.6691714209549421,1.0,-3.7892133378119297,-4.012043513411931,-3.6550522248284834,0.0,0.0,14,20
consumer_cyclical_revenue_20m,Consumer Cyclical companies with revenue >= $20M,HDBSCAN Pareto representative,HDBSCAN|mcs=10|ms=5,HDBSCAN,0,Free Cash Flow Margin,-0.4620382402079079,-0.46366820447684653,-0.4726756895028138,-0.45792064798875665,-0.5522505363477375,-0.45737649352015086,-0.5021169776865985,-0.5035809849643216,-0.5124684177754624,-0.49743018074894035,1.0,-3.1287987110423723,-3.6986675114976997,-2.922763634820332,0.0,0.0,14,20
consumer_cyclical_revenue_20m,Consumer Cyclical companies with revenue >= $20M,HDBSCAN Pareto representative,HDBSCAN|mcs=10|ms=5,HDBSCAN,0,Operating Cash Flow Margin,-0.44619082071368577,-0.4493005733279251,-0.4586298311706432,-0.4145560109188137,-0.4808791146545071,-0.400541993798851,-0.5264854919874821,-0.527612673787494,-0.537282274814759,-0.49568358072210106,1.0,-2.345313641011413,-2.4878352921508897,-2.1555295776187937,0.0,0.0,14,20
consumer_cyclical_revenue_20m,Consumer Cyclical companies with revenue >= $20M,HDBSCAN Pareto representative,HDBSCAN|mcs=10|ms=5,HDBSCAN,0,Return on Assets,-0.46088011321517625,-0.46088011321517625,-0.4813934211508692,-0.3265142065000435,-0.4840168013870718,-0.3216951367840228,-0.4866854241209171,-0.48548963792460603,-0.5074166272264395,-0.35169814035465263,1.0,-3.2737628082612016,-3.5031742089044737,-3.0281516347841126,0.0,0.0,14,20
consumer_cyclical_revenue_20m,Consumer Cyclical companies with revenue >= $20M,HDBSCAN Pareto representative,HDBSCAN|mcs=10|ms=5,HDBSCAN,0,Revenue per Employee,205848.2142857143,204674.10714285716,177665.01984126985,233634.2063492064,171556.58441558442,246884.3253968254,-225271.7857142857,-217953.0437693965,-253298.5780784006,-190376.58201635713,1.0,-0.35538599260331366,-0.41050812655182145,-0.26019673096829093,0.07989569953855667,0.14285714285714285,14,20
consumer_cyclical_revenue_20m,Consumer Cyclical companies with revenue >= $20M,HDBSCAN Pareto representative,HDBSCAN|mcs=10|ms=5,HDBSCAN,1,Asset Turnover,1.0782328372312264,1.0751382768383868,1.0644095789245869,1.0942862933136879,1.0468357318721369,1.1120108337739192,0.04299692849990411,0.043029813196430955,0.031702036654382586,0.05565678477160128,1.0,0.05742350454973891,0.04315477359748143,0.07698288678749136,0.0,0.0,20,20
consumer_cyclical_revenue_20m,Consumer Cyclical companies with revenue >= $20M,HDBSCAN Pareto representative,HDBSCAN|mcs=10|ms=5,HDBSCAN,1,Current Ratio,1.401482484300545,1.4037671084265049,1.387006520402077,1.4819397175438909,1.380845491956603,1.5114015715146363,-0.0946925393546032,-0.07632998791430667,-0.10724101364428673,-0.032029677036962724,0.95,-0.062901444324522,-0.08747083087319955,-0.026909198924290754,0.0,0.0,20,20
consumer_cyclical_revenue_20m,Consumer Cyclical companies with revenue >= $20M,HDBSCAN Pareto representative,HDBSCAN|mcs=10|ms=5,HDBSCAN,1,Debt Ratio,0.3972748612045206,0.3889833302214398,0.3794413381558756,0.4056121586090593,0.37932329848287044,0.4066448293971773,0.02588004206083394,0.02043940753461354,0.01111551185466358,0.02453578503846065,1.0,0.057909905868485004,0.029186729481441256,0.06797327599495329,0.002661164217200748,0.00641025641025641,20,20
consumer_cyclical_revenue_20m,Consumer Cyclical companies with revenue >= $20M,HDBSCAN Pareto representative,HDBSCAN|mcs=10|ms=5,HDBSCAN,1,EBITDA Margin,0.10080404992314922,0.09948171302984848,0.09704553403658547,0.10297161730492684,0.08701143836017215,0.10562414249580461,0.014195042328059806,0.013084985725857222,0.009393566019312382,0.016514115407176518,1.0,0.10334016571061692,0.07539573582958597,0.13263979514957538,0.0,0.0,20,20
consumer_cyclical_revenue_20m,Consumer Cyclical companies with revenue >= $20M,HDBSCAN Pareto representative,HDBSCAN|mcs=10|ms=5,HDBSCAN,1,Free Cash Flow Margin,0.049554596317444966,0.04842128730226328,0.04662055041267189,0.05111124779648134,0.04220400847284726,0.051505438612912145,0.009475858838754452,0.007720762191887168,0.004136791197526223,0.012311166860691804,1.0,0.0833722912069205,0.04364545835017624,0.12970916449613132,0.0,0.0,20,20
consumer_cyclical_revenue_20m,Consumer Cyclical companies with revenue >= $20M,HDBSCAN Pareto representative,HDBSCAN|mcs=10|ms=5,HDBSCAN,1,Operating Cash Flow Margin,0.09153748174842337,0.08896104507996677,0.08557487684667542,0.0936225504562436,0.081517682844558,0.09746038645153018,0.011242810474627066,0.009334308708415305,0.005283924682832862,0.013793854915983061,1.0,0.0783361162825493,0.047075973684470286,0.10905514078050005,0.002858090065922381,0.0035971223021582736,20,20
consumer_cyclical_revenue_20m,Consumer Cyclical companies with revenue >= $20M,HDBSCAN Pareto representative,HDBSCAN|mcs=10|ms=5,HDBSCAN,1,Return on Assets,0.032116497107520445,0.030320607060626455,0.028234032786364063,0.03337972339787607,0.027093880314524442,0.03484837708300024,0.006311186201779614,0.005548373235989152,0.0022555824418183626,0.008236697279310933,1.0,0.0508846372107247,0.017850124180530027,0.07551426618634524,0.00270021110875866,0.0035971223021582736,20,20
consumer_cyclical_revenue_20m,Consumer Cyclical companies with revenue >= $20M,HDBSCAN Pareto representative,HDBSCAN|mcs=10|ms=5,HDBSCAN,1,Revenue per Employee,374652.17391304346,373481.38033052033,355919.8119692904,383368.64384920633,353320.89684449055,429298.3116883117,-56467.82608695654,-54140.736129433004,-70981.23261032163,-42799.837751593106,1.0,-0.08011776199973186,-0.09354805528012582,-0.05469396726063777,0.03126676304310926,0.03821656050955414,20,20
consumer_cyclical_revenue_20m,Consumer Cyclical companies with revenue >= $20M,HDBSCAN Pareto representative,HDBSCAN|mcs=10|ms=5,HDBSCAN,2,Asset Turnover,0.9247781877175079,0.9247781877175079,0.9187872965560715,0.947645513955168,0.8151719075146501,0.9591947728618727,-0.11045772101381446,-0.10800982878395665,-0.14050176732597114,-0.09044591360470973,1.0,-0.14569527223140938,-0.19144882263320767,-0.12787992293279146,0.0,0.0,20,20
consumer_cyclical_revenue_20m,Consumer Cyclical companies with revenue >= $20M,HDBSCAN Pareto representative,HDBSCAN|mcs=10|ms=5,HDBSCAN,2,Current Ratio,3.9207997264517167,4.1650621177471505,2.320349165044785,10.721174156560975,1.2814545011113527,11.244747496334703,2.4246247027965686,2.646418460367129,0.8860708953262486,9.229479047753497,0.95,2.0759730021045866,0.7620881669241117,2.5387750198765238,0.0,0.0,20,20
consumer_cyclical_revenue_20m,Consumer Cyclical companies with revenue >= $20M,HDBSCAN Pareto representative,HDBSCAN|mcs=10|ms=5,HDBSCAN,2,Debt Ratio,0.17063376221451967,0.17048234144031643,0.1576550393902081,0.20158221169951904,0.12976064466674847,0.21557547688201587,-0.200761056929167,-0.19769407719365906,-0.220230472959504,-0.16575891809167762,1.0,-0.5635217301103757,-0.6145097876464599,-0.4777135542448202,0.0,0.0,20,20
consumer_cyclical_revenue_20m,Consumer Cyclical companies with revenue >= $20M,HDBSCAN Pareto representative,HDBSCAN|mcs=10|ms=5,HDBSCAN,2,EBITDA Margin,0.10209268646223238,0.09664331423516147,0.08700287773199135,0.11664582911247619,0.05431534693405617,0.12922664115763094,0.01548367886714297,0.012745202490942166,0.0016345929422632425,0.03309368563290335,0.95,0.1023164203948306,0.012942112409867826,0.2536643934221739,0.0,0.0,20,20
consumer_cyclical_revenue_20m,Consumer Cyclical companies with revenue >= $20M,HDBSCAN Pareto representative,HDBSCAN|mcs=10|ms=5,HDBSCAN,2,Free Cash Flow Margin,0.05086603184647336,0.05541744218567546,0.04627217162436778,0.07045415514906203,0.019309739991745768,0.07554898589461093,0.010787294367782849,0.01250911479765593,0.005185986007523706,0.03194613150431754,0.95,0.13641744675378936,0.05296745998920127,0.3420430846329546,0.0,0.0,20,20
consumer_cyclical_revenue_20m,Consumer Cyclical companies with revenue >= $20M,HDBSCAN Pareto representative,HDBSCAN|mcs=10|ms=5,HDBSCAN,2,Operating Cash Flow Margin,0.08200581359005095,0.08200581359005095,0.0696599308022678,0.09995520374904428,0.05382785132133054,0.10063990799706457,0.0017111423162546463,0.003151587150753102,-0.010701311194137439,0.019712438016926983,0.55,0.027388098205289257,-0.09076876577936464,0.18209566857305326,0.0,0.0,20,20
consumer_cyclical_revenue_20m,Consumer Cyclical companies with revenue >= $20M,HDBSCAN Pareto representative,HDBSCAN|mcs=10|ms=5,HDBSCAN,2,Return on Assets,0.05924177355592845,0.05961648080304001,0.05779425247835947,0.06495517944996018,0.016815244244403078,0.07186385697868183,0.03343646265018761,0.034726611187319574,0.0320992395244588,0.03896873718856105,0.95,0.3302197037643728,0.2895410440542533,0.39243848946123494,0.0,0.0,20,20
consumer_cyclical_revenue_20m,Consumer Cyclical companies with revenue >= $20M,HDBSCAN Pareto representative,HDBSCAN|mcs=10|ms=5,HDBSCAN,2,Revenue per Employee,3064349.812478691,3064349.812478691,2694446.1318281274,3296209.337041157,2452960.022209883,5478320.936639118,2633229.812478691,2634502.650280715,2262509.2834367314,2857739.80554788,1.0,4.541970523220085,3.843213147803442,4.770832065328349,0.0,0.0,20,20
consumer_cyclical_revenue_20m,Consumer Cyclical companies with revenue >= $20M,HDBSCAN Pareto representative,HDBSCAN|mcs=15|ms=5,HDBSCAN,0,Asset Turnover,1.0782328372312264,1.075160108399893,1.0658838897765848,1.0960319768535642,1.0468357318721369,1.1120108337739192,0.04299692849990411,0.03775735273649983,0.03280742975594868,0.056253724941008935,1.0,0.05365644355334258,0.04502121327282042,0.08009879673687811,0.0,0.0,13,20
consumer_cyclical_revenue_20m,Consumer Cyclical companies with revenue >= $20M,HDBSCAN Pareto representative,HDBSCAN|mcs=15|ms=5,HDBSCAN,0,Current Ratio,1.401482484300545,1.4060517325524646,1.3879766247334677,1.4851093329354386,1.380845491956603,1.5114015715146363,-0.0946925393546032,-0.06451841038812312,-0.09593711492709608,-0.03398808949414502,1.0,-0.05097876773303018,-0.07825405229639662,-0.028651421526126944,0.0,0.0,13,20
consumer_cyclical_revenue_20m,Consumer Cyclical companies with revenue >= $20M,HDBSCAN Pareto representative,HDBSCAN|mcs=15|ms=5,HDBSCAN,0,Debt Ratio,0.3972748612045206,0.3889833302214398,0.3811923773332108,0.4049874775585885,0.37932329848287044,0.4066448293971773,0.02588004206083394,0.02043940753461354,0.01155866776971407,0.024362731378712865,1.0,0.05967166856517157,0.02944296811457604,0.06592410657535859,0.002807937224231935,0.003484320557491289,13,20
consumer_cyclical_revenue_20m,Consumer Cyclical companies with revenue >= $20M,HDBSCAN Pareto representative,HDBSCAN|mcs=15|ms=5,HDBSCAN,0,EBITDA Margin,0.10080404992314922,0.09914937817680733,0.09503567838333303,0.10250682304945434,0.08701143836017215,0.10382807014668076,0.014195042328059806,0.012298643978326251,0.0070121306646894095,0.014209459399021634,1.0,0.10113074153500906,0.0563466960490529,0.11594916017910399,0.0,0.0,13,20
consumer_cyclical_revenue_20m,Consumer Cyclical companies with revenue >= $20M,HDBSCAN Pareto representative,HDBSCAN|mcs=15|ms=5,HDBSCAN,0,Free Cash Flow Margin,0.049554596317444966,0.04765563295388362,0.04638684828471127,0.05026633105925817,0.04220400847284726,0.051095342765794007,0.009475858838754452,0.007104314184018697,0.0038970653425363364,0.010489535274067747,1.0,0.07658522441410869,0.04318938026385953,0.11350722022991477,0.0,0.0,13,20
consumer_cyclical_revenue_20m,Consumer Cyclical companies with revenue >= $20M,HDBSCAN Pareto representative,HDBSCAN|mcs=15|ms=5,HDBSCAN,0,Operating Cash Flow Margin,0.09153748174842337,0.0881343233884627,0.08452543125611117,0.09250891607424978,0.081517682844558,0.09746038645153018,0.011242810474627066,0.008859985381637167,0.004573640249537533,0.010376788200002837,1.0,0.07134734036654464,0.04005817295540082,0.09181550535594162,0.0028172487156281167,0.003484320557491289,13,20
consumer_cyclical_revenue_20m,Consumer Cyclical companies with revenue >= $20M,HDBSCAN Pareto representative,HDBSCAN|mcs=15|ms=5,HDBSCAN,0,Return on Assets,0.032116497107520445,0.029861282057362763,0.027481746784849173,0.03319951084508955,0.027093880314524442,0.03320720620085555,0.006311186201779614,0.005328899621858379,0.001979990620575588,0.007050829118264198,1.0,0.045189596076950375,0.017513318441216126,0.06225244367499038,0.0028396100016892358,0.003484320557491289,13,20
consumer_cyclical_revenue_20m,Consumer Cyclical companies with revenue >= $20M,HDBSCAN Pareto representative,HDBSCAN|mcs=15|ms=5,HDBSCAN,0,Revenue per Employee,374652.17391304346,373848.3230769231,355107.21988795523,381432.4320446175,353320.89684449055,383057.14285714284,-56467.82608695654,-52294.090013681445,-69323.41303800438,-44203.78362515919,1.0,-0.07627080331992295,-0.09907605955636464,-0.05845502456052395,0.031458714316577346,0.03821656050955414,13,20
consumer_cyclical_revenue_20m,Consumer Cyclical companies with revenue >= $20M,HDBSCAN Pareto representative,HDBSCAN|mcs=15|ms=5,HDBSCAN,1,Asset Turnover,0.9247781877175079,0.9247781877175079,0.9150869247773279,0.956628270882605,0.8151719075146501,0.9591947728618727,-0.11045772101381446,-0.11278188814801005,-0.14818633104762644,-0.09051167968243794,1.0,-0.16047089969529058,-0.19949967011567526,-0.12763637967877856,0.0,0.0,13,20
consumer_cyclical_revenue_20m,Consumer Cyclical companies with revenue >= $20M,HDBSCAN Pareto representative,HDBSCAN|mcs=15|ms=5,HDBSCAN,1,Current Ratio,3.9207997264517167,3.635264052271359,2.3971290196546877,4.1650621177471505,2.0900096012150766,4.941119936369763,2.4246247027965686,2.124635712758172,0.957586262761517,2.6810879751991825,1.0,1.7887961600976292,0.8249503261476808,2.1953120349359634,0.0,0.0,13,20
consumer_cyclical_revenue_20m,Consumer Cyclical companies with revenue >= $20M,HDBSCAN Pareto representative,HDBSCAN|mcs=15|ms=5,HDBSCAN,1,Debt Ratio,0.17063376221451967,0.17002807911770676,0.14978128683634534,0.18576056015021036,0.12976064466674847,0.20821060047017542,-0.200761056929167,-0.2056394834230271,-0.2203584044148993,-0.19084564310102978,1.0,-0.5911698126718901,-0.6169991575519156,-0.5425426551226952,0.0,0.0,13,20
consumer_cyclical_revenue_20m,Consumer Cyclical companies with revenue >= $20M,HDBSCAN Pareto representative,HDBSCAN|mcs=15|ms=5,HDBSCAN,1,EBITDA Margin,0.10209268646223238,0.0961502315838892,0.08787694108841534,0.10406501706732144,0.08438068766271933,0.12922664115763094,0.01548367886714297,0.012029447698804499,0.0017503349900774845,0.016979351215365222,1.0,0.09515031160062007,0.013931307917692263,0.13675785518430078,0.0,0.0,13,20
consumer_cyclical_revenue_20m,Consumer Cyclical companies with revenue >= $20M,HDBSCAN Pareto representative,HDBSCAN|mcs=15|ms=5,HDBSCAN,1,Free Cash Flow Margin,0.05086603184647336,0.05086603184647336,0.04629499823206215,0.0640183591858273,0.04629499823206215,0.07554898589461093,0.010787294367782849,0.007921962055264652,0.005559817412808649,0.025139708153606426,1.0,0.08539955104565802,0.05705205346388083,0.27836698069384547,0.0,0.0,13,20
consumer_cyclical_revenue_20m,Consumer Cyclical companies with revenue >= $20M,HDBSCAN Pareto representative,HDBSCAN|mcs=15|ms=5,HDBSCAN,1,Operating Cash Flow Margin,0.08200581359005095,0.08946606148732367,0.07822828216013336,0.09987912549926424,0.07445075073021579,0.10063990799706457,0.0017111423162546463,0.007948378642765666,-0.0037428598291179335,0.0194527577374475,0.6153846153846154,0.06928844970946012,-0.0340927809968129,0.17981796698594008,0.0,0.0,13,20
consumer_cyclical_revenue_20m,Consumer Cyclical companies with revenue >= $20M,HDBSCAN Pareto representative,HDBSCAN|mcs=15|ms=5,HDBSCAN,1,Return on Assets,0.05924177355592845,0.05943268732861935,0.05805338014878605,0.06342179389054702,0.05665049685166266,0.06418754861343554,0.03343646265018761,0.03446083210334176,0.032222103632888355,0.03715206216334399,1.0,0.3192951495300051,0.290168268425351,0.35635745547871295,0.0,0.0,13,20
consumer_cyclical_revenue_20m,Consumer Cyclical companies with revenue >= $20M,HDBSCAN Pareto representative,HDBSCAN|mcs=15|ms=5,HDBSCAN,1,Revenue per Employee,3064349.812478691,3107609.046024292,2956384.2730325717,3276368.440860215,2900528.5714285714,3349277.2413793104,2633229.812478691,2681232.4226476685,2550464.340354717,2839521.307102253,1.0,4.605336153766272,4.354373506644402,4.778194670035327,0.0,0.0,13,20
healthcare_revenue_50m,Healthcare companies with revenue >= $50M,Full-assignment candidate,Full Assignment|Agglomerative,Agglomerative,0,Asset Turnover,0.6331008056716247,0.6405168435625288,0.611424225141974,0.6485551467048928,0.6031348649198012,0.6539661059954117,0.05086428231056761,0.0537921802539596,0.030704066641327445,0.0618518780702885,1.0,0.10691869561852478,0.06183557416386578,0.1261484853272539,0.0,0.0,20,20
healthcare_revenue_50m,Healthcare companies with revenue >= $50M,Full-assignment candidate,Full Assignment|Agglomerative,Agglomerative,0,Current Ratio,2.143558610031564,2.174119703187623,2.062038115982973,2.2416052194406517,2.057150678681419,2.384350826065528,-0.34224109101477396,-0.3208783635631005,-0.3902693967491731,-0.24795182436501403,1.0,-0.10935311367937611,-0.13330064447504403,-0.06905541082186066,0.008601531060399896,0.010452961672473868,20,20
healthcare_revenue_50m,Healthcare companies with revenue >= $50M,Full-assignment candidate,Full Assignment|Agglomerative,Agglomerative,0,Debt Ratio,0.27809656015828327,0.28000767275493255,0.26784214147433283,0.2840835512750148,0.25379079928039067,0.28961506521647584,0.016892729230219672,0.018384632980408683,0.010151480319751983,0.02121770380889228,1.0,0.028404537915983425,0.010223405062322251,0.05314216375595936,0.016403053207963324,0.020905923344947737,20,20
healthcare_revenue_50m,Healthcare companies with revenue >= $50M,Full-assignment candidate,Full Assignment|Agglomerative,Agglomerative,0,EBITDA Margin,0.11626208003967153,0.11294182578654346,0.10729374957916915,0.11905832707455427,0.07851793144150973,0.1310655271538051,0.055117358471467044,0.05264545345654546,0.048040900535305076,0.06611743755911818,1.0,0.12159743293953182,0.10193482393812216,0.15294181000352053,0.016380051553256284,0.02054794520547945,20,20
healthcare_revenue_50m,Healthcare companies with revenue >= $50M,Full-assignment candidate,Full Assignment|Agglomerative,Agglomerative,0,Free Cash Flow Margin,0.06306066110102036,0.06123536903328734,0.056415136861433186,0.06712992020672229,0.054097698021239725,0.07137404819362224,0.02932333513300442,0.027985393706682182,0.019912845315868125,0.0327156910229233,1.0,0.09334657629609208,0.07120802061888142,0.10882325263095471,0.0,0.0,20,20
healthcare_revenue_50m,Healthcare companies with revenue >= $50M,Full-assignment candidate,Full Assignment|Agglomerative,Agglomerative,0,Operating Cash Flow Margin,0.1061747868295055,0.10261359208304517,0.09856980806013754,0.10675753198383753,0.0955554267833343,0.10809092348570984,0.032793034369501484,0.032145812845759944,0.02666686629764556,0.036200344858995065,1.0,0.10143602168389482,0.0820909242306888,0.11608393498831081,0.002474565919031646,0.003484320557491289,20,20
healthcare_revenue_50m,Healthcare companies with revenue >= $50M,Full-assignment candidate,Full Assignment|Agglomerative,Agglomerative,0,Return on Assets,0.01970588025822134,0.019225132606343072,0.009914397223561468,0.02026510391390676,0.005702421979226463,0.02183900608256762,0.02320982219289785,0.023091535370675986,0.018013751368061923,0.03175987498838371,1.0,0.10098056566782027,0.07409000328431752,0.13043666332990914,0.0024693051565857485,0.003484320557491289,20,20
healthcare_revenue_50m,Healthcare companies with revenue >= $50M,Full-assignment candidate,Full Assignment|Agglomerative,Agglomerative,0,Revenue per Employee,446941.0858923008,447495.7359813084,439813.08903797535,463127.56002746534,420030.76923076925,463840.9506398537,12201.289973933483,14414.79744619748,7833.924913302687,19425.21944533222,1.0,0.0095184684249323,0.001564175292741728,0.023690797295663868,0.022640854046066996,0.027950310559006212,20,20
healthcare_revenue_50m,Healthcare companies with revenue >= $50M,Full-assignment candidate,Full Assignment|Agglomerative,Agglomerative,1,Asset Turnover,0.2572180240010743,0.2548916627778279,0.21067218876369503,0.28692521117795844,0.1502957266703537,0.296754971822057,-0.32501849935998284,-0.3263598352467869,-0.36569983524337807,-0.3009766432990587,1.0,-0.6755172266420603,-0.7864962915800598,-0.6174817374588465,0.0,0.0,20,20
healthcare_revenue_50m,Healthcare companies with revenue >= $50M,Full-assignment candidate,Full Assignment|Agglomerative,Agglomerative,1,Current Ratio,5.14962035397015,5.10126406123159,4.9168542801204325,5.23132701654214,4.9165155777847245,6.254194167266205,2.6638206529238118,2.613930412747143,2.431271904601228,2.7720851069048127,1.0,0.9261617434480619,0.8530047110379533,1.0067710484508232,0.0,0.0,20,20
healthcare_revenue_50m,Healthcare companies with revenue >= $50M,Full-assignment candidate,Full Assignment|Agglomerative,Agglomerative,1,Debt Ratio,0.10829805812613877,0.11082532682125143,0.10086924695415603,0.12181854669880071,0.09795420574250935,0.13133732922679286,-0.15290577280192483,-0.150960542916171,-0.16258738330710507,-0.13618846454930347,1.0,-0.45815992780289216,-0.49190665468765055,-0.4206468113130495,0.012528795593152947,0.02040816326530612,20,20
healthcare_revenue_50m,Healthcare companies with revenue >= $50M,Full-assignment candidate,Full Assignment|Agglomerative,Agglomerative,1,EBITDA Margin,-1.0193831840110268,-1.0226445519485532,-1.3733605649793048,-0.9255365241624717,-1.7473711208002052,-0.8479723667890764,-1.0805279055792312,-1.0807885483893003,-1.4356759105569328,-0.9854764419278648,1.0,-2.4957763113681004,-2.581136850321934,-2.345658967851753,0.0,0.0,20,20
healthcare_revenue_50m,Healthcare companies with revenue >= $50M,Full-assignment candidate,Full Assignment|Agglomerative,Agglomerative,1,Free Cash Flow Margin,-1.047627515485611,-1.047627515485611,-1.3277227434465069,-0.9515900716811853,-1.959514170040486,-0.890254267153733,-1.081364841453627,-1.081364841453627,-1.3622299541759637,-0.9839350476442211,1.0,-3.4451113838423817,-3.7079960915835763,-3.2784082105841774,0.0,0.0,20,20
healthcare_revenue_50m,Healthcare companies with revenue >= $50M,Full-assignment candidate,Full Assignment|Agglomerative,Agglomerative,1,Operating Cash Flow Margin,-0.991942362961116,-0.991942362961116,-1.266042948235544,-0.9139499432810638,-1.8739556256962495,-0.8394332593746736,-1.0653241154211202,-1.0610691587991337,-1.3375180994182951,-0.9827737270591727,1.0,-3.362025641800154,-3.5597743038868863,-3.1021841923744673,0.0,0.0,20,20
healthcare_revenue_50m,Healthcare companies with revenue >= $50M,Full-assignment candidate,Full Assignment|Agglomerative,Agglomerative,1,Return on Assets,-0.3135473336332308,-0.31082757089733315,-0.34724930248155245,-0.30372765343079655,-0.42795652404245177,-0.27932849630614026,-0.31004339169855427,-0.30209220102083745,-0.34605393159101727,-0.296116250641994,1.0,-1.3188059676365005,-1.6131833436614238,-1.235512620747394,0.0,0.0,20,20
healthcare_revenue_50m,Healthcare companies with revenue >= $50M,Full-assignment candidate,Full Assignment|Agglomerative,Agglomerative,1,Revenue per Employee,368416.1073825503,368416.1073825503,328970.08794508793,405726.85221316566,268911.1969111969,410981.69717138103,-66323.68853581703,-62238.575835470634,-114175.39937899937,-33502.15407042884,1.0,-0.1193037464487936,-0.1986463792058177,-0.05949982338542541,0.005835023791105461,0.029411764705882353,20,20
healthcare_revenue_50m,Healthcare companies with revenue >= $50M,Full-assignment candidate,Full Assignment|Gaussian Mixture,Gaussian Mixture,0,Asset Turnover,0.6479702412026944,0.651831807914846,0.6445789656896507,0.6875102713060162,0.6253747841301732,0.7185775607742977,0.06573371784163728,0.06865675109839375,0.05422009328899785,0.1044247620957177,1.0,0.144673428805959,0.1107535852735471,0.21928908466600136,0.0,0.0,20,20
healthcare_revenue_50m,Healthcare companies with revenue >= $50M,Full-assignment candidate,Full Assignment|Gaussian Mixture,Gaussian Mixture,0,Current Ratio,2.0622953495251597,2.0583635042113526,1.9737199021500194,2.1428475428208187,1.9118715929739551,2.193157135816891,-0.42350435152117827,-0.4504147819248152,-0.5077632872688644,-0.35039123051559323,1.0,-0.15241352645832457,-0.1719369570764725,-0.11663994094139375,0.011065518700859969,0.014492753623188406,20,20
healthcare_revenue_50m,Healthcare companies with revenue >= $50M,Full-assignment candidate,Full Assignment|Gaussian Mixture,Gaussian Mixture,0,Debt Ratio,0.26796281876846273,0.2813347420320479,0.26363857058276147,0.2938472880835878,0.2618089634181676,0.29691480328332864,0.006758987840399133,0.019787781074346367,0.0011121108121221858,0.03133780141544149,1.0,0.02697054350489438,0.0,0.08519322747816054,0.02109011079023595,0.026905829596412557,20,20
healthcare_revenue_50m,Healthcare companies with revenue >= $50M,Full-assignment candidate,Full Assignment|Gaussian Mixture,Gaussian Mixture,0,EBITDA Margin,0.16323085092697182,0.15162082099075555,0.13828800376329708,0.1679776355947789,0.13403199117484832,0.17199424747290742,0.10208612935876732,0.09710796498668259,0.07869363135397495,0.11425828753621592,1.0,0.2228572140142172,0.16510237147288265,0.2562132743254113,0.021003511112657542,0.028169014084507043,20,20
healthcare_revenue_50m,Healthcare companies with revenue >= $50M,Full-assignment candidate,Full Assignment|Gaussian Mixture,Gaussian Mixture,0,Free Cash Flow Margin,0.09732711575499517,0.08662744803830112,0.07642778440362633,0.0966678480308784,0.07564425724970136,0.10525942238045546,0.06358978978697923,0.053814258637988485,0.043026894505645286,0.06399892009258483,1.0,0.17971906933126802,0.14516972704789105,0.2156484396621544,0.0,0.0,20,20
healthcare_revenue_50m,Healthcare companies with revenue >= $50M,Full-assignment candidate,Full Assignment|Gaussian Mixture,Gaussian Mixture,0,Operating Cash Flow Margin,0.1401332073506185,0.1286789945725722,0.11111536412923931,0.1411878455848467,0.10944882821735549,0.1414485772871304,0.06675145489061447,0.05858390284542808,0.04128560355340153,0.06731845937838904,1.0,0.18483769099946412,0.1318783166755303,0.21885657071623252,0.000424345949833678,0.004405286343612335,20,20
healthcare_revenue_50m,Healthcare companies with revenue >= $50M,Full-assignment candidate,Full Assignment|Gaussian Mixture,Gaussian Mixture,0,Return on Assets,0.03524772567422661,0.03265866218122922,0.027978164794269022,0.03652170701708863,0.024088684863684408,0.040613959118085914,0.038751667608903126,0.03904922462956986,0.03294269957181178,0.04696755963472627,1.0,0.16736831267476823,0.1422525393499744,0.1998505498464354,0.003197800176428596,0.004830917874396135,20,20
healthcare_revenue_50m,Healthcare companies with revenue >= $50M,Full-assignment candidate,Full Assignment|Gaussian Mixture,Gaussian Mixture,0,Revenue per Employee,463038.5126162019,466416.3043010058,448433.0490654206,489329.1488608539,419813.1034482758,509029.1054739653,28298.71669783455,38380.83470906323,19181.7037875863,49891.768307204664,1.0,0.04383390890120905,0.012276104433958327,0.08186772531616714,0.0192280552029587,0.027888446215139442,20,20
healthcare_revenue_50m,Healthcare companies with revenue >= $50M,Full-assignment candidate,Full Assignment|Gaussian Mixture,Gaussian Mixture,1,Asset Turnover,0.47359703102290907,0.45249901190965214,0.3452858963667146,0.4877823361509443,0.32229291548357697,0.5031360073968334,-0.10863949233814807,-0.13269460119091595,-0.2436897298159701,-0.10083938562365964,1.0,-0.27386457979032225,-0.5026721501352063,-0.20505709008918224,0.0,0.0,20,20
healthcare_revenue_50m,Healthcare companies with revenue >= $50M,Full-assignment candidate,Full Assignment|Gaussian Mixture,Gaussian Mixture,1,Current Ratio,3.824808892263407,4.203913371052412,3.4112269789792364,4.682190679988452,3.2631845356977713,4.8519301956636705,1.3390091912170692,1.704417787402649,0.9610423700813848,2.223200899495774,1.0,0.5885686890864272,0.34192900080266037,0.8015661540935262,0.0,0.0,20,20
healthcare_revenue_50m,Healthcare companies with revenue >= $50M,Full-assignment candidate,Full Assignment|Gaussian Mixture,Gaussian Mixture,1,Debt Ratio,0.21381848774844883,0.19088307549969236,0.1529797156254543,0.24429813713570514,0.12118634860491488,0.2604151527958908,-0.047385343179614764,-0.06181719068727769,-0.10945301261965762,-0.021284724875502436,1.0,-0.19469596492967742,-0.33879108710192407,-0.05578790207625363,0.006176598822054874,0.010752688172043012,20,20
healthcare_revenue_50m,Healthcare companies with revenue >= $50M,Full-assignment candidate,Full Assignment|Gaussian Mixture,Gaussian Mixture,1,EBITDA Margin,-0.3362778247269498,-0.38684739708610083,-0.5307180517740756,-0.3087489855081428,-0.6287357983968359,-0.2742230656973881,-0.3974225462951543,-0.4431095639493806,-0.593862266895283,-0.3741598184197188,1.0,-1.0712899435538805,-1.408586560788362,-0.8681999949951791,0.0,0.0,20,20
healthcare_revenue_50m,Healthcare companies with revenue >= $50M,Full-assignment candidate,Full Assignment|Gaussian Mixture,Gaussian Mixture,1,Free Cash Flow Margin,-0.3143738751436932,-0.37001364755126004,-0.5569765815082254,-0.2865253572122086,-0.5760634649480401,-0.24066498985409543,-0.3481112011117091,-0.4016935236160881,-0.5910170800187032,-0.32550282375545875,1.0,-1.3075485085258527,-2.065372751450829,-1.1309660759598945,0.0,0.0,20,20
healthcare_revenue_50m,Healthcare companies with revenue >= $50M,Full-assignment candidate,Full Assignment|Gaussian Mixture,Gaussian Mixture,1,Operating Cash Flow Margin,-0.2645262207961496,-0.32516286702058433,-0.46761984805956475,-0.2531681023608545,-0.5240460254409269,-0.22540424456796362,-0.3379079732561536,-0.3953278008617723,-0.5386003770010921,-0.3236860365522981,1.0,-1.2344906795850128,-1.7024570773815006,-1.0337188172313183,0.005814084563629053,0.011494252873563218,20,20
healthcare_revenue_50m,Healthcare companies with revenue >= $50M,Full-assignment candidate,Full Assignment|Gaussian Mixture,Gaussian Mixture,1,Return on Assets,-0.2286789023332486,-0.2301107962148014,-0.2578342325805627,-0.2079166295375929,-0.27846958024699636,-0.20574611799233694,-0.2251749603985721,-0.2259076968154791,-0.2523703060189283,-0.20073673476405335,1.0,-0.9986690436770442,-1.103464859796181,-0.8597409098713773,0.0,0.0,20,20
healthcare_revenue_50m,Healthcare companies with revenue >= $50M,Full-assignment candidate,Full Assignment|Gaussian Mixture,Gaussian Mixture,1,Revenue per Employee,409012.2743896119,395220.56019353005,376495.4875353287,410282.4583866945,368416.1073825503,434739.79591836734,-25727.52152875543,-38323.42997132326,-58891.25557791829,-17922.57935391333,1.0,-0.062353153406656904,-0.09006303263528069,-0.02744533072590239,0.022322316099227985,0.03361344537815126,20,20
healthcare_revenue_50m,Healthcare companies with revenue >= $50M,Full-assignment candidate,Full Assignment|K-Means,K-Means,0,Asset Turnover,0.6438150907668876,0.646253893684968,0.6189537852946403,0.6491287285536005,0.6152884478714015,0.6551072180356212,0.06157856740583045,0.05719264315910688,0.045434754057358175,0.062437218879532144,1.0,0.1175785926596377,0.09976897028979703,0.1296241267096498,0.0,0.0,20,20
healthcare_revenue_50m,Healthcare companies with revenue >= $50M,Full-assignment candidate,Full Assignment|K-Means,K-Means,0,Current Ratio,2.1210189273286115,2.135785500934799,2.0622953495251597,2.194741749368967,2.059723014103289,2.1988120703619862,-0.36478077371772644,-0.3459998794985304,-0.4022476181595823,-0.3146203229727624,1.0,-0.1129540722839478,-0.1335605725264889,-0.10521279581709657,0.008896728135296496,0.010452961672473868,20,20
healthcare_revenue_50m,Healthcare companies with revenue >= $50M,Full-assignment candidate,Full Assignment|K-Means,K-Means,0,Debt Ratio,0.27598684967874443,0.27809656015828327,0.2646856607535513,0.2836099010378795,0.26185515077965793,0.2899309532379986,0.014783018750680832,0.015743063037095606,0.009029801806894278,0.020895399511712296,1.0,0.02088037109617305,0.00742801737674373,0.05046096449311645,0.01693553062875128,0.020905923344947737,20,20
healthcare_revenue_50m,Healthcare companies with revenue >= $50M,Full-assignment candidate,Full Assignment|K-Means,K-Means,0,EBITDA Margin,0.12166307379677492,0.12007916939230782,0.11330655043669975,0.13378050128997734,0.10840196927938968,0.13403199117484832,0.06051835222857043,0.06341423107820587,0.05528747091519955,0.07276787425607903,1.0,0.14054147400936415,0.12038090227108089,0.1662280289028131,0.016935561936876526,0.020905923344947737,20,20
healthcare_revenue_50m,Healthcare companies with revenue >= $50M,Full-assignment candidate,Full Assignment|K-Means,K-Means,0,Free Cash Flow Margin,0.06760945089413802,0.06713390066226904,0.06078804007551968,0.07368217564622713,0.06023329798515376,0.07643313000015092,0.03387212492612207,0.033928658453042805,0.027717025736728323,0.03837300942597842,1.0,0.11217647048965584,0.09599905187681929,0.1290391253365321,0.0,0.0,20,20
healthcare_revenue_50m,Healthcare companies with revenue >= $50M,Full-assignment candidate,Full Assignment|K-Means,K-Means,0,Operating Cash Flow Margin,0.10731363003102667,0.10682278321440833,0.10425371028648847,0.10847403789304212,0.10347681219012059,0.1116328403281574,0.03393187757102266,0.035305097550806,0.03209910578161823,0.03772585674815483,1.0,0.11221263188250914,0.10576698300009071,0.11914268430980288,0.0025623008972231174,0.003484320557491289,20,20
healthcare_revenue_50m,Healthcare companies with revenue >= $50M,Full-assignment candidate,Full Assignment|K-Means,K-Means,0,Return on Assets,0.021036486338795565,0.020277071931352045,0.01947194369946128,0.02392762637543792,0.011782111549124797,0.02885178105888863,0.024540428273472074,0.026194753104687014,0.022909019070332083,0.032453098301822414,1.0,0.11576730285043937,0.10041724708443048,0.14182475334940278,0.002567013472331513,0.003484320557491289,20,20
healthcare_revenue_50m,Healthcare companies with revenue >= $50M,Full-assignment candidate,Full Assignment|K-Means,K-Means,0,Revenue per Employee,449561.8504177705,450791.8423587824,442656.37494475784,464109.41592086264,424928.0,476663.3333333333,14822.054499403166,17739.097457370575,10349.573700526602,26015.153709798913,1.0,0.01689700187738439,0.008928382726024989,0.03579401653144639,0.02138683378295158,0.027586206896551724,20,20
healthcare_revenue_50m,Healthcare companies with revenue >= $50M,Full-assignment candidate,Full Assignment|K-Means,K-Means,1,Asset Turnover,0.2852929796015557,0.2789583914363787,0.25449018173595417,0.2966340780270246,0.25449018173595417,0.3311013788129886,-0.29694354375950144,-0.3049134450944335,-0.3241443072884529,-0.2900728188160407,1.0,-0.6259808539238265,-0.6752586429704908,-0.566579407775264,0.0,0.0,20,20
healthcare_revenue_50m,Healthcare companies with revenue >= $50M,Full-assignment candidate,Full Assignment|K-Means,K-Means,1,Current Ratio,4.973587866108787,4.99756551320209,4.39827182292425,5.075169899603729,4.24374706434946,5.090537117058366,2.4877881650624487,2.5069568454836695,1.9491051289678936,2.609420827869146,1.0,0.8755842793037278,0.6873986635270654,0.926446543912774,0.0,0.0,20,20
healthcare_revenue_50m,Healthcare companies with revenue >= $50M,Full-assignment candidate,Full Assignment|K-Means,K-Means,1,Debt Ratio,0.1203662198728959,0.12118634860491488,0.11347320085370576,0.14982890608093485,0.10554405099672058,0.1622424023027071,-0.14083761105516768,-0.13753792827980973,-0.14717847246063756,-0.11394784777343941,1.0,-0.41313145609890944,-0.4389370953337322,-0.36205130307797884,0.011251335658617509,0.017241379310344827,20,20
healthcare_revenue_50m,Healthcare companies with revenue >= $50M,Full-assignment candidate,Full Assignment|K-Means,K-Means,1,EBITDA Margin,-0.9542951782756789,-0.9490896763534022,-1.0284279535483591,-0.8225785596788532,-1.0870381180579511,-0.7074207855150656,-1.0154398998438834,-1.0029904613816076,-1.0845560522122202,-0.875977427876654,1.0,-2.4077641155972778,-2.525810377246431,-2.156712444475534,0.0,0.0,20,20
healthcare_revenue_50m,Healthcare companies with revenue >= $50M,Full-assignment candidate,Full Assignment|K-Means,K-Means,1,Free Cash Flow Margin,-0.9537090971389413,-0.9579227123412375,-1.0436914094136347,-0.7149220078548681,-1.0448205305741043,-0.6181232847975775,-0.9874464231069572,-0.9929081698951455,-1.0762834747976757,-0.7530967017953614,1.0,-3.259373048904874,-3.6730950696040314,-2.6366745937190115,0.0,0.0,20,20
healthcare_revenue_50m,Healthcare companies with revenue >= $50M,Full-assignment candidate,Full Assignment|K-Means,K-Means,1,Operating Cash Flow Margin,-0.8881324739680845,-0.9504098328036223,-0.9748987471388663,-0.6823434145158036,-1.0225340531870937,-0.5695838606234105,-0.9615142264280885,-1.0208095680079705,-1.0451403310597236,-0.756890306424574,1.0,-3.1260505688635023,-3.3950520701442235,-2.415968300164771,0.0,0.0,20,20
healthcare_revenue_50m,Healthcare companies with revenue >= $50M,Full-assignment candidate,Full Assignment|K-Means,K-Means,1,Return on Assets,-0.3099209833187006,-0.31264074605459824,-0.3217683202383112,-0.2946139259223368,-0.33326973113616654,-0.29052428303341304,-0.3064170413840241,-0.30228622385783654,-0.3189973035376458,-0.2896513910386592,1.0,-1.3166534209615848,-1.4293907235190144,-1.240038515469335,0.0,0.0,20,20
healthcare_revenue_50m,Healthcare companies with revenue >= $50M,Full-assignment candidate,Full Assignment|K-Means,K-Means,1,Revenue per Employee,357635.97529242665,366335.421996295,341294.1975480635,395657.97081233934,328316.98034044594,397724.4094488189,-77103.82062594069,-70727.4100916092,-90697.2559761294,-45694.99990853597,1.0,-0.12744301167680172,-0.1528082049654941,-0.07255810211195572,0.015146883689976081,0.031746031746031744,20,20
healthcare_revenue_50m,Healthcare companies with revenue >= $50M,HDBSCAN Pareto representative,HDBSCAN|mcs=10|ms=15,HDBSCAN,0,Asset Turnover,0.6253747841301732,0.6063088365831433,0.5963376022680065,0.6244493648256257,0.5931943981583552,0.6462608279569231,0.04313826076911609,0.025913202538090263,0.014354285732964,0.039453784328891586,1.0,0.05364758235699117,0.029977958760467844,0.07830764533971224,0.0,0.0,19,20
healthcare_revenue_50m,Healthcare companies with revenue >= $50M,HDBSCAN Pareto representative,HDBSCAN|mcs=10|ms=15,HDBSCAN,0,Current Ratio,2.0217238962859145,2.1677738923112,2.0637781489934017,2.2441246213508332,2.0217238962859145,2.362258350214863,-0.4640758047604234,-0.3022174901580357,-0.43376639763276803,-0.2503795370970681,1.0,-0.10241959411572188,-0.1488552235411305,-0.08969040745212067,0.0028352412919417746,0.011320754716981131,19,20
healthcare_revenue_50m,Healthcare companies with revenue >= $50M,HDBSCAN Pareto representative,HDBSCAN|mcs=10|ms=15,HDBSCAN,0,Debt Ratio,0.29054366639381746,0.2913728058194232,0.2831832936891032,0.2970353531582577,0.27926464679735097,0.3011082267636396,0.02933983546575386,0.029936385805479193,0.02664590739131948,0.038118578233822864,1.0,0.08618178263942188,0.07625861208236968,0.11509471562669676,0.015054034559240967,0.01984126984126984,19,20
healthcare_revenue_50m,Healthcare companies with revenue >= $50M,HDBSCAN Pareto representative,HDBSCAN|mcs=10|ms=15,HDBSCAN,0,EBITDA Margin,0.11854900213698502,0.11359522653165127,0.10286050066025695,0.12948125198496768,0.09737952586088325,0.14081280500941837,0.05740428056878053,0.05894078506979321,0.04331996829064106,0.08033737204772255,1.0,0.13466602367981617,0.10185155817619133,0.18461197145778863,0.007812233280116223,0.01984126984126984,19,20
healthcare_revenue_50m,Healthcare companies with revenue >= $50M,HDBSCAN Pareto representative,HDBSCAN|mcs=10|ms=15,HDBSCAN,0,Free Cash Flow Margin,0.06713390066226904,0.0635164714889873,0.05768885400785919,0.07447906631866799,0.05622183708838822,0.07859732612691664,0.0333965746942531,0.029467654186746406,0.024302961162680672,0.04002068842509834,1.0,0.09913124688823695,0.08804264284679937,0.13298933591063694,0.0,0.0,19,20
healthcare_revenue_50m,Healthcare companies with revenue >= $50M,HDBSCAN Pareto representative,HDBSCAN|mcs=10|ms=15,HDBSCAN,0,Operating Cash Flow Margin,0.10744021369883824,0.10744021369883824,0.10397328341471633,0.11398136810374244,0.09633939393939393,0.12193985825359521,0.03405846123883423,0.03674059584186175,0.031101316174826366,0.04174054079215729,1.0,0.11544999677322923,0.10167918762710573,0.12962664352652875,0.0029310053586883364,0.004464285714285714,19,20
healthcare_revenue_50m,Healthcare companies with revenue >= $50M,HDBSCAN Pareto representative,HDBSCAN|mcs=10|ms=15,HDBSCAN,0,Return on Assets,0.019375464555496016,0.011774847892765047,0.007837937184460703,0.01942010788627102,0.005954638549647273,0.020232191865932222,0.022879406490172526,0.020079870529424653,0.014182860267023836,0.027587080124703456,1.0,0.08805454382968292,0.0598397487220463,0.11173815923334562,0.0029615668848290504,0.004464285714285714,19,20
healthcare_revenue_50m,Healthcare companies with revenue >= $50M,HDBSCAN Pareto representative,HDBSCAN|mcs=10|ms=15,HDBSCAN,0,Revenue per Employee,420030.76923076925,405369.68062015506,392431.39125690516,427191.98343248334,386936.1666666666,433330.3703703704,-14709.026687598089,-23082.10748339258,-33971.08442409914,-14269.96437044968,1.0,-0.03496699729839353,-0.05018014333740104,-0.008223236118185684,0.01612727580852925,0.01968503937007874,19,20
healthcare_revenue_50m,Healthcare companies with revenue >= $50M,HDBSCAN Pareto representative,HDBSCAN|mcs=10|ms=15,HDBSCAN,1,Asset Turnover,0.1503570603005765,0.1519653548820394,0.13690535090566924,0.15619502614782005,0.12204000668473483,0.19961207901179162,-0.43187946306048064,-0.4353098257635708,-0.4461414884550761,-0.4217880523253563,1.0,-0.8891198414459024,-0.9113411953505255,-0.814517617459658,0.0,0.0,19,20
healthcare_revenue_50m,Healthcare companies with revenue >= $50M,HDBSCAN Pareto representative,HDBSCAN|mcs=10|ms=15,HDBSCAN,1,Current Ratio,6.636960884026498,6.636960884026498,5.945024874516376,6.727036213220972,5.520925238345907,6.761317183951552,4.151161182980161,4.136430185762251,3.465144025942921,4.235346114482752,1.0,1.4004997570941429,1.2311066772902595,1.5037177274500144,0.0,0.0,19,20
healthcare_revenue_50m,Healthcare companies with revenue >= $50M,HDBSCAN Pareto representative,HDBSCAN|mcs=10|ms=15,HDBSCAN,1,Debt Ratio,0.09583725520997517,0.09583725520997517,0.09219319338516235,0.09795420574250935,0.0881969754329559,0.09833187006145742,-0.16536657571808844,-0.1660736238250183,-0.17157785999124991,-0.15939379624919037,1.0,-0.5103466825630436,-0.5285718723353389,-0.4879819651102697,0.03445397520636095,0.058823529411764705,19,20
healthcare_revenue_50m,Healthcare companies with revenue >= $50M,HDBSCAN Pareto representative,HDBSCAN|mcs=10|ms=15,HDBSCAN,1,EBITDA Margin,-2.0026460048885832,-1.9420767352161774,-2.322013403420696,-1.7648841443609653,-2.6228327684215973,-1.638000501546435,-2.0637907264567876,-2.003388744804372,-2.371342924810034,-1.811898486930505,1.0,-2.525455775515255,-2.648512239058794,-2.420038410980959,0.0,0.0,19,20
healthcare_revenue_50m,Healthcare companies with revenue >= $50M,HDBSCAN Pareto representative,HDBSCAN|mcs=10|ms=15,HDBSCAN,1,Free Cash Flow Margin,-2.0314316903581005,-1.995472930199293,-2.1879697537859406,-1.7384859323721376,-2.58434528075895,-1.6437056413492626,-2.0651690163261165,-2.0278956371097725,-2.2250618118277106,-1.7707223669998724,1.0,-3.505136463968741,-3.7307086698334855,-3.3671703586312174,0.0,0.0,19,20
healthcare_revenue_50m,Healthcare companies with revenue >= $50M,HDBSCAN Pareto representative,HDBSCAN|mcs=10|ms=15,HDBSCAN,1,Operating Cash Flow Margin,-1.951417004048583,-1.951417004048583,-2.050718944385756,-1.7352409749622035,-2.4989689928083134,-1.4196591703044246,-2.024798756508587,-2.025306234130268,-2.124057141874563,-1.8010454850782005,1.0,-3.3951796689080087,-3.597237091727007,-3.265769014889197,0.0,0.0,19,20
healthcare_revenue_50m,Healthcare companies with revenue >= $50M,HDBSCAN Pareto representative,HDBSCAN|mcs=10|ms=15,HDBSCAN,1,Return on Assets,-0.3440138394343182,-0.35967010509574915,-0.3830044823915125,-0.32801859672801553,-0.38457467789833893,-0.318203087359556,-0.34050989749964167,-0.34834913654315774,-0.37664053423807026,-0.31972763542937044,1.0,-1.50062137986826,-1.6302219834479617,-1.3706696281495983,0.0,0.0,19,20
healthcare_revenue_50m,Healthcare companies with revenue >= $50M,HDBSCAN Pareto representative,HDBSCAN|mcs=10|ms=15,HDBSCAN,1,Revenue per Employee,268911.1969111969,270258.46153846156,261696.1465663674,350835.05154639174,259546.15384615384,409958.9336920735,-165828.59900717041,-158897.04617149412,-177423.88783813803,-80279.54473613614,1.0,-0.30324441105740796,-0.33490694599796217,-0.14665065658945164,0.0,0.0,19,20
healthcare_revenue_50m,Healthcare companies with revenue >= $50M,HDBSCAN Pareto representative,HDBSCAN|mcs=10|ms=5,HDBSCAN,0,Asset Turnover,2.5379102766231907,2.5945189404747966,2.222036089735487,2.784893023443078,2.199186014787554,2.9186584425597535,1.9556737532621336,2.008286038453093,1.647235387999442,2.1957634682409153,1.0,2.4217908758824795,2.3830176479743868,2.6300467706381334,0.0,0.0,19,20
healthcare_revenue_50m,Healthcare companies with revenue >= $50M,HDBSCAN Pareto representative,HDBSCAN|mcs=10|ms=5,HDBSCAN,0,Current Ratio,1.0594479137842367,1.0594479137842367,0.9685767755462684,1.4742389487747998,0.9351106769159575,1.4742389487747998,-1.4263517872621012,-1.4389537386660962,-1.5478516237275355,-1.030789188505313,1.0,-0.3652789001993172,-0.4958286381010312,-0.2909373930503869,0.18687356245405778,0.23076923076923078,19,20
healthcare_revenue_50m,Healthcare companies with revenue >= $50M,HDBSCAN Pareto representative,HDBSCAN|mcs=10|ms=5,HDBSCAN,0,Debt Ratio,0.18015278648566968,0.18015278648566968,0.1605172998004593,0.2366476865545233,0.1325769570561885,0.2366476865545233,-0.08105104444239392,-0.08133051700670074,-0.1030472890687612,-0.0305044094413347,1.0,-0.18964601963092265,-0.30785525643113243,-0.052223941166422566,0.05929213974879608,0.09090909090909091,19,20
healthcare_revenue_50m,Healthcare companies with revenue >= $50M,HDBSCAN Pareto representative,HDBSCAN|mcs=10|ms=5,HDBSCAN,0,EBITDA Margin,0.012806962589494701,0.012806962589494701,0.011477899541598174,0.014954148078481382,-0.006427974124016316,0.017789951168728155,-0.04833775897870979,-0.044428177763254834,-0.0521152938101723,-0.03370206523383368,1.0,-0.08709059838887795,-0.10983600642161584,-0.05660155549173929,0.29355308004688807,0.35714285714285715,19,20
healthcare_revenue_50m,Healthcare companies with revenue >= $50M,HDBSCAN Pareto representative,HDBSCAN|mcs=10|ms=5,HDBSCAN,0,Free Cash Flow Margin,0.013410009171355625,0.011695374087897876,0.00981383440195009,0.016034506175979787,0.008311692979539757,0.020800752981861896,-0.02032731679666032,-0.02166298620204058,-0.027311253192047205,-0.016722464159946524,1.0,-0.07210393203044332,-0.09640100738721381,-0.05563903234456035,0.0,0.0,19,20
healthcare_revenue_50m,Healthcare companies with revenue >= $50M,HDBSCAN Pareto representative,HDBSCAN|mcs=10|ms=5,HDBSCAN,0,Operating Cash Flow Margin,0.015256674020276133,0.013658097698852529,0.011930495081413429,0.021544256120527308,0.010769258417273945,0.026291472376156744,-0.05812507843972788,-0.05648524806034197,-0.06210488207295735,-0.049891564013187444,1.0,-0.18087199814520458,-0.20754151256352354,-0.15501371158800453,0.0,0.0,19,20
healthcare_revenue_50m,Healthcare companies with revenue >= $50M,HDBSCAN Pareto representative,HDBSCAN|mcs=10|ms=5,HDBSCAN,0,Return on Assets,0.020292031953158655,0.020292031953158655,0.015760447613439664,0.024799526057659487,0.011855054747472143,0.026837598392327383,0.023795973887835165,0.027733671888959532,0.019318721636466172,0.033933644608190504,1.0,0.12087124623463404,0.08792509604013068,0.1462775710950294,0.0,0.0,19,20
healthcare_revenue_50m,Healthcare companies with revenue >= $50M,HDBSCAN Pareto representative,HDBSCAN|mcs=10|ms=5,HDBSCAN,0,Revenue per Employee,2657883.9779005526,2657883.9779005526,2370036.3414377538,3788694.3499303134,2135597.0795024335,4192939.4921256877,2223144.181982185,2232955.9779005526,1929427.6069320843,3353896.2276923186,1.0,3.71908166942064,3.327364820330719,4.117884760281213,0.0,0.0,19,20
healthcare_revenue_50m,Healthcare companies with revenue >= $50M,HDBSCAN Pareto representative,HDBSCAN|mcs=10|ms=5,HDBSCAN,1,Asset Turnover,0.5968657301085716,0.6004458473302661,0.5930486287888597,0.606885685516799,0.5824122009234644,0.6185381573373927,0.014629206747514445,0.014462627383752868,0.009474784965959515,0.024568135416190132,1.0,0.031109195016462247,0.019697401512870135,0.05152238351155436,0.0,0.0,20,20
healthcare_revenue_50m,Healthcare companies with revenue >= $50M,HDBSCAN Pareto representative,HDBSCAN|mcs=10|ms=5,HDBSCAN,1,Current Ratio,2.3830852737381285,2.3325766106761394,2.1985293236347316,2.401937398633092,2.1677738923112,2.4534795280988546,-0.10271442730820945,-0.1415719462403302,-0.2705518321032429,-0.0949733918136987,1.0,-0.050798521523086775,-0.09525332618382634,-0.03346516523537406,0.0,0.0,20,20
healthcare_revenue_50m,Healthcare companies with revenue >= $50M,HDBSCAN Pareto representative,HDBSCAN|mcs=10|ms=5,HDBSCAN,1,Debt Ratio,0.28190031930987414,0.28853766267509307,0.2803692397195278,0.29511434149764826,0.26675604582716367,0.2975175526579739,0.02069648838181054,0.02657404597482227,0.021047930916454367,0.02924872450576701,1.0,0.07114919939774964,0.05348544897761318,0.08611023166533122,0.013144854549622812,0.01824817518248175,20,20
healthcare_revenue_50m,Healthcare companies with revenue >= $50M,HDBSCAN Pareto representative,HDBSCAN|mcs=10|ms=5,HDBSCAN,1,EBITDA Margin,0.11328907627206906,0.11487500452376935,0.1025882721571925,0.1223806768799016,0.10231604365412805,0.1310655271538051,0.052144354703864575,0.05763726139195005,0.04646904451080666,0.06920073433968339,1.0,0.1406526682449163,0.11019689008237911,0.16102128068906396,0.003253374060868174,0.004032258064516129,20,20
healthcare_revenue_50m,Healthcare companies with revenue >= $50M,HDBSCAN Pareto representative,HDBSCAN|mcs=10|ms=5,HDBSCAN,1,Free Cash Flow Margin,0.06553084816472986,0.06609459929756496,0.05880245896871001,0.07407369872485274,0.05621028458599004,0.07581673024801902,0.031793522196713914,0.031440117975170864,0.024364784785537354,0.039180426425391046,1.0,0.10602576117656486,0.08511280072404977,0.13177688926919282,0.0,0.0,20,20
healthcare_revenue_50m,Healthcare companies with revenue >= $50M,HDBSCAN Pareto representative,HDBSCAN|mcs=10|ms=5,HDBSCAN,1,Operating Cash Flow Margin,0.1079515066594559,0.10769586017914706,0.1065536973020228,0.11379029430820821,0.10581791364760199,0.11817706019869444,0.03456975419945188,0.03745837564306776,0.03292035663342209,0.042333344269666874,1.0,0.11742482280878586,0.11046075447147242,0.13298945640943166,0.002859745220550914,0.004032258064516129,20,20
healthcare_revenue_50m,Healthcare companies with revenue >= $50M,HDBSCAN Pareto representative,HDBSCAN|mcs=10|ms=5,HDBSCAN,1,Return on Assets,0.010816638842515304,0.011410972229880913,0.006644320016754233,0.01678591720973523,0.0022762612720707872,0.01970588025822134,0.014320580777191816,0.017779036544350903,0.012271073012026684,0.024365715458222418,1.0,0.07470824549978586,0.054438940380857226,0.0987910073668843,0.0028763357420163753,0.004032258064516129,20,20
healthcare_revenue_50m,Healthcare companies with revenue >= $50M,HDBSCAN Pareto representative,HDBSCAN|mcs=10|ms=5,HDBSCAN,1,Revenue per Employee,408319.6261682243,404803.8565099106,395040.50414561474,424523.0443452761,393017.6481620405,434321.2247770282,-26420.169750143017,-21765.215951684775,-33894.996375940806,-15244.090610950923,1.0,-0.035980260287122104,-0.058836488306440504,-0.01571751342874059,0.015457071851579737,0.0199203187250996,20,20
healthcare_revenue_50m,Healthcare companies with revenue >= $50M,HDBSCAN Pareto representative,HDBSCAN|mcs=10|ms=5,HDBSCAN,2,Asset Turnover,0.1503570603005765,0.15116120759130797,0.1273845910247651,0.17693957088637777,0.10345038246935181,0.19961207901179162,-0.43187946306048064,-0.4355011090716324,-0.45114309655915796,-0.4035578689127111,1.0,-0.8806593281206052,-0.9068260291432587,-0.8154990808013309,0.0,0.0,20,20
healthcare_revenue_50m,Healthcare companies with revenue >= $50M,HDBSCAN Pareto representative,HDBSCAN|mcs=10|ms=5,HDBSCAN,2,Current Ratio,6.058295005727769,5.996978385216826,5.146129844915899,6.701547852237436,5.079810172885141,6.723227216473129,3.5724953046814307,3.5284054623225365,2.675150026060492,4.233864772478026,1.0,1.2664812172972324,0.9407797363173063,1.5160945694634853,0.0,0.0,20,20
healthcare_revenue_50m,Healthcare companies with revenue >= $50M,HDBSCAN Pareto representative,HDBSCAN|mcs=10|ms=5,HDBSCAN,2,Debt Ratio,0.09795420574250935,0.09957367308231307,0.09630649431880726,0.10554405099672058,0.09525070632393506,0.10554405099672058,-0.16324962518555425,-0.15947752767136708,-0.16442838872040266,-0.15578569149888924,1.0,-0.4948937521077285,-0.5117664996920103,-0.4766345974114977,0.024730863708558225,0.041666666666666664,20,20
healthcare_revenue_50m,Healthcare companies with revenue >= $50M,HDBSCAN Pareto representative,HDBSCAN|mcs=10|ms=5,HDBSCAN,2,EBITDA Margin,-2.0026460048885832,-1.9335906629567579,-2.321389768067365,-1.757420192068625,-2.5766811918251804,-1.4963415709206311,-2.0637907264567876,-1.9898635127997724,-2.367246162862675,-1.8099767835895533,1.0,-2.5272287841711343,-2.679628472325723,-2.427257894570006,0.0,0.0,20,20
healthcare_revenue_50m,Healthcare companies with revenue >= $50M,HDBSCAN Pareto representative,HDBSCAN|mcs=10|ms=5,HDBSCAN,2,Free Cash Flow Margin,-2.0314316903581005,-1.9774935501198896,-2.0832495347982523,-1.737156747190345,-2.4467201195778174,-1.538896149262135,-2.0651690163261165,-2.011314850978068,-2.1171384290855224,-1.7705795997897298,1.0,-3.5541322947106284,-3.7518202258433675,-3.3772122834208487,0.0,0.0,20,20
healthcare_revenue_50m,Healthcare companies with revenue >= $50M,HDBSCAN Pareto representative,HDBSCAN|mcs=10|ms=5,HDBSCAN,2,Operating Cash Flow Margin,-1.951417004048583,-1.9126863148724162,-2.0297603885282003,-1.7070287581505874,-2.250615842816009,-1.3885412245011253,-2.024798756508587,-1.9828296606316107,-2.104566364416244,-1.7772502460548452,1.0,-3.4074663435362478,-3.6590539247142924,-3.27443896784652,0.0,0.0,20,20
healthcare_revenue_50m,Healthcare companies with revenue >= $50M,HDBSCAN Pareto representative,HDBSCAN|mcs=10|ms=5,HDBSCAN,2,Return on Assets,-0.3774105690561418,-0.37828645234974473,-0.3843097647990583,-0.3236561481198113,-0.38483959099761955,-0.318203087359556,-0.3739066271214653,-0.36553361206260543,-0.3796512130969835,-0.3193641914016028,1.0,-1.5421367721774195,-1.6506557449334407,-1.3969703012808083,0.0,0.0,20,20
healthcare_revenue_50m,Healthcare companies with revenue >= $50M,HDBSCAN Pareto representative,HDBSCAN|mcs=10|ms=5,HDBSCAN,2,Revenue per Employee,268911.1969111969,272980.5525030525,259170.58226495725,350835.05154639174,228463.61518277234,388676.13879765815,-165828.59900717041,-154666.9289705804,-175844.48575765625,-81352.77614382238,1.0,-0.2979675890034385,-0.3371418619157733,-0.15851020552984957,0.0,0.0,20,20
healthcare_revenue_50m,Healthcare companies with revenue >= $50M,HDBSCAN Pareto representative,HDBSCAN|mcs=15|ms=10,HDBSCAN,0,Asset Turnover,0.6091930812514217,0.6180739851853534,0.5986061619843172,0.6271447104562877,0.5968657301085716,0.6505780370957887,0.026956557890364552,0.03138558011151493,0.019859593311862867,0.0402257229821833,1.0,0.06357949893544254,0.0434406086846042,0.0806978836945427,0.0,0.0,19,20
healthcare_revenue_50m,Healthcare companies with revenue >= $50M,HDBSCAN Pareto representative,HDBSCAN|mcs=15|ms=10,HDBSCAN,0,Current Ratio,2.143558610031564,2.135785500934799,2.056606874724644,2.2035177794446383,2.019309265820918,2.380657702500275,-0.34224109101477396,-0.370560732401894,-0.4116138326403137,-0.29334952344179477,1.0,-0.12221516442558746,-0.1433915290205159,-0.10212372475057171,0.00553601339723968,0.01171875,19,20
healthcare_revenue_50m,Healthcare companies with revenue >= $50M,HDBSCAN Pareto representative,HDBSCAN|mcs=15|ms=10,HDBSCAN,0,Debt Ratio,0.2913728058194232,0.2911563795496363,0.2792096561821806,0.29549819246438414,0.2637661119067608,0.2999492546217053,0.030168974891359612,0.029533016926345412,0.017713801281089014,0.0346384483139761,1.0,0.08560880475037663,0.033858667235209756,0.09518243079047983,0.015551426264017775,0.022727272727272728,19,20
healthcare_revenue_50m,Healthcare companies with revenue >= $50M,HDBSCAN Pareto representative,HDBSCAN|mcs=15|ms=10,HDBSCAN,0,EBITDA Margin,0.12017531821456753,0.11228842504143566,0.09247236357255659,0.1350065571238199,0.08352719620852747,0.14081280500941837,0.059030596646363044,0.05613465680889309,0.03678504169001339,0.07853026584114181,1.0,0.13116955185597814,0.07411302123491627,0.1804762192698088,0.012249225838956698,0.0234375,19,20
healthcare_revenue_50m,Healthcare companies with revenue >= $50M,HDBSCAN Pareto representative,HDBSCAN|mcs=15|ms=10,HDBSCAN,0,Free Cash Flow Margin,0.07313220454052521,0.06453796682838768,0.05589155075235483,0.07511767015645247,0.05442635853279999,0.07761703624412761,0.03939487857250927,0.03012971448425803,0.02146601401930589,0.04100137851035903,1.0,0.09930487039239605,0.07547143615426957,0.13353820290482793,0.0,0.0,19,20
healthcare_revenue_50m,Healthcare companies with revenue >= $50M,HDBSCAN Pareto representative,HDBSCAN|mcs=15|ms=10,HDBSCAN,0,Operating Cash Flow Margin,0.11261261261261261,0.1072609853927203,0.10088858228816336,0.11770280167684405,0.09772032905959893,0.11876988335100742,0.0392308601526086,0.0361283942833157,0.029879575683380503,0.044985512071092824,1.0,0.11506127986107709,0.09675455958542653,0.13701555717791689,0.0029172861943126136,0.004347826086956522,19,20
healthcare_revenue_50m,Healthcare companies with revenue >= $50M,HDBSCAN Pareto representative,HDBSCAN|mcs=15|ms=10,HDBSCAN,0,Return on Assets,0.014533302246055802,0.014533302246055802,0.009693401973914996,0.01961306617420155,0.005631630574455557,0.019821897863246073,0.018037244180732312,0.021908581244513864,0.01466764483044407,0.02716603083853475,1.0,0.08964441394894831,0.06265478505122055,0.11032123193941062,0.0029765266335014836,0.004464285714285714,19,20
healthcare_revenue_50m,Healthcare companies with revenue >= $50M,HDBSCAN Pareto representative,HDBSCAN|mcs=15|ms=10,HDBSCAN,0,Revenue per Employee,402412.5,416040.0,394354.45436359086,442239.6938695591,386000.0,443681.8181818182,-32327.295918367337,-12990.032786885218,-36627.64051758037,-2737.5997303213694,1.0,-0.016546088655693438,-0.06412497588117291,0.0,0.01612197002155835,0.02100840336134454,19,20
healthcare_revenue_50m,Healthcare companies with revenue >= $50M,HDBSCAN Pareto representative,HDBSCAN|mcs=15|ms=10,HDBSCAN,1,Asset Turnover,0.1503570603005765,0.1503570603005765,0.13690535090566924,0.15584824975160486,0.11389464483175415,0.19496334062627657,-0.43187946306048064,-0.4374962497846909,-0.44776214482895815,-0.42323146228197317,1.0,-0.8873915425824118,-0.9130993161581995,-0.8155246056117014,0.0,0.0,19,20
healthcare_revenue_50m,Healthcare companies with revenue >= $50M,HDBSCAN Pareto representative,HDBSCAN|mcs=15|ms=10,HDBSCAN,1,Current Ratio,6.636960884026498,6.680094050249814,5.945024874516376,6.8405049948373815,5.538759898723267,6.9501647797059505,4.151161182980161,4.17637753823792,3.4835328267828056,4.333578909107793,1.0,1.46959464245954,1.2387500313284185,1.5410717316033926,0.0,0.0,19,20
healthcare_revenue_50m,Healthcare companies with revenue >= $50M,HDBSCAN Pareto representative,HDBSCAN|mcs=15|ms=10,HDBSCAN,1,Debt Ratio,0.09700017275978828,0.09757654142356129,0.09372194985454871,0.09802973860629896,0.09372194985454871,0.101937960529089,-0.1642036581682753,-0.1643849389779409,-0.16870384709949499,-0.15921263731086688,1.0,-0.5035026395350919,-0.5194744869913741,-0.48874100586313723,0.0296402743132901,0.047619047619047616,19,20
healthcare_revenue_50m,Healthcare companies with revenue >= $50M,HDBSCAN Pareto representative,HDBSCAN|mcs=15|ms=10,HDBSCAN,1,EBITDA Margin,-2.0026460048885832,-2.0026460048885832,-2.3468557022515304,-1.7793774669721094,-2.665230592276595,-1.69268581117332,-2.0637907264567876,-2.050895209604152,-2.4064722852153597,-1.8263918095416491,1.0,-2.525455775515255,-2.648512239058794,-2.420038410980959,0.0,0.0,19,20
healthcare_revenue_50m,Healthcare companies with revenue >= $50M,HDBSCAN Pareto representative,HDBSCAN|mcs=15|ms=10,HDBSCAN,1,Free Cash Flow Margin,-2.0314316903581005,-2.0314316903581005,-2.2431072069761475,-1.9036219240799597,-2.4606699006939783,-1.8067632734641972,-2.0651690163261165,-2.062923035854857,-2.276617153537317,-1.9419775614463604,1.0,-3.505136463968741,-3.7307086698334855,-3.3671703586312174,0.0,0.0,19,20
healthcare_revenue_50m,Healthcare companies with revenue >= $50M,HDBSCAN Pareto representative,HDBSCAN|mcs=15|ms=10,HDBSCAN,1,Operating Cash Flow Margin,-1.951417004048583,-1.951417004048583,-2.031684015981301,-1.8107865126671003,-2.392253815881321,-1.7414291873000773,-2.024798756508587,-2.022073128698085,-2.1047649984217975,-1.8846539757362277,1.0,-3.3951796689080087,-3.597237091727007,-3.265769014889197,0.0,0.0,19,20
healthcare_revenue_50m,Healthcare companies with revenue >= $50M,HDBSCAN Pareto representative,HDBSCAN|mcs=15|ms=10,HDBSCAN,1,Return on Assets,-0.3440138394343182,-0.3440138394343182,-0.38125366848740405,-0.31737487695547045,-0.3843097647990583,-0.3140620353391283,-0.34050989749964167,-0.3331178602422254,-0.37473900838093616,-0.3134633491550224,1.0,-1.440785864674997,-1.624793371243159,-1.3310393790333956,0.0,0.0,19,20
healthcare_revenue_50m,Healthcare companies with revenue >= $50M,HDBSCAN Pareto representative,HDBSCAN|mcs=15|ms=10,HDBSCAN,1,Revenue per Employee,268911.1969111969,268911.1969111969,261696.1465663674,296842.57621035445,255790.43803418803,366426.50321050594,-165828.59900717041,-168935.0489508625,-177498.0006195704,-130757.580474005,1.0,-0.31103835856208617,-0.33756859126187977,-0.241238195704526,0.0,0.0,19,20
industrials_revenue_20m,Industrials companies with revenue >= $20M,Full-assignment candidate,Full Assignment|Agglomerative,Agglomerative,0,Asset Turnover,0.7918016288570143,0.8073982645251234,0.7845521471608249,0.8404218435071872,0.757674340489222,0.8458345544413999,0.01759036382985868,0.029604656588720468,0.012095813379326614,0.047635649484942304,1.0,0.04801414200660746,0.01919126891072919,0.07749664229907641,0.0,0.0,20,20
industrials_revenue_20m,Industrials companies with revenue >= $20M,Full-assignment candidate,Full Assignment|Agglomerative,Agglomerative,0,Current Ratio,1.8118532019623632,1.7872852358712263,1.7153780940617167,1.830648640401672,1.702162101655803,1.8690387245784552,0.014348937659012906,-0.0021954290615677774,-0.030122754314524023,0.025996799292321758,0.35,-0.0006005094268326675,-0.015780753657162853,0.015863943380568128,0.002236658819051565,0.0029940119760479044,20,20
industrials_revenue_20m,Industrials companies with revenue >= $20M,Full-assignment candidate,Full Assignment|Agglomerative,Agglomerative,0,Debt Ratio,0.272796944936605,0.2746525870165488,0.26678354018223305,0.28301281472292156,0.26445654659261353,0.2850295772827605,-0.0017740015989700653,0.0,-0.005427075940413251,0.004440075577571873,0.45,0.0,-0.011480909973369913,0.0035068001279139806,0.010182307696397698,0.014450867052023121,20,20
industrials_revenue_20m,Industrials companies with revenue >= $20M,Full-assignment candidate,Full Assignment|Agglomerative,Agglomerative,0,EBITDA Margin,0.13134591791652642,0.13190242112175918,0.12799872754566782,0.13528577569626218,0.1223406279733587,0.1556384314251763,0.014900794183636615,0.015266121896983911,0.012443005140471856,0.01897394737792344,1.0,0.08841177641808991,0.06687610175513213,0.11304114282234479,0.0,0.0,20,20
industrials_revenue_20m,Industrials companies with revenue >= $20M,Full-assignment candidate,Full Assignment|Agglomerative,Agglomerative,0,Free Cash Flow Margin,0.0617160545577661,0.06273105032460866,0.05961733574263524,0.0680391039865872,0.05438253747604914,0.07043587024797777,0.012011228573667765,0.012798802400339516,0.010067181844070117,0.018509425191752225,1.0,0.08935762960081502,0.0727395727057496,0.12364306622535753,0.0023870231985134577,0.0029940119760479044,20,20
industrials_revenue_20m,Industrials companies with revenue >= $20M,Full-assignment candidate,Full Assignment|Agglomerative,Agglomerative,0,Operating Cash Flow Margin,0.1108514364367284,0.1122629780705019,0.10687051860492384,0.11523659354952308,0.1059352778741951,0.12092821418425459,0.018788552135057396,0.01773499425999129,0.015166562391600061,0.02213859922339062,1.0,0.11121076733786733,0.0979442382398277,0.1451591827208859,0.00686361164433925,0.008902077151335312,20,20
industrials_revenue_20m,Industrials companies with revenue >= $20M,Full-assignment candidate,Full Assignment|Agglomerative,Agglomerative,0,Return on Assets,0.041240901901547035,0.04165994360914206,0.040458579881656805,0.0459570783992704,0.03767427920364944,0.04675171052572674,0.008321867389765661,0.009866254467263708,0.007682913753401399,0.012350689683959793,1.0,0.10278823923655073,0.07795629231945558,0.12415356475625201,0.0,0.0,20,20
industrials_revenue_20m,Industrials companies with revenue >= $20M,Full-assignment candidate,Full Assignment|Agglomerative,Agglomerative,0,Revenue per Employee,367543.6979839532,367543.6979839532,361307.70674598875,377967.9015131607,356095.2380952381,379015.037593985,-21875.26839838497,-20500.626501988765,-29834.72704892066,-15598.245688607629,1.0,-0.026237765018904964,-0.05076034642552349,-0.004294712377260945,0.052097026275368094,0.06069364161849711,20,20
industrials_revenue_20m,Industrials companies with revenue >= $20M,Full-assignment candidate,Full Assignment|Agglomerative,Agglomerative,1,Asset Turnover,0.5218839448347645,0.5218839448347645,0.4180306525978641,0.6164065318133758,0.2343877144159961,0.6999518490637695,-0.2523273201923911,-0.2633796489542694,-0.3620948650082524,-0.15640544644560075,1.0,-0.4141995327932847,-0.5635442645834668,-0.24854858482945885,0.0,0.0,20,20
industrials_revenue_20m,Industrials companies with revenue >= $20M,Full-assignment candidate,Full Assignment|Agglomerative,Agglomerative,1,Current Ratio,1.7592431100591062,1.8329325572198802,1.6215629923478272,2.1224031895095643,1.5766686291791936,4.334103053690489,-0.038261154244244144,0.08851256540886177,-0.18543080832806588,0.3728011041858951,0.4,0.05691738444587717,-0.12050447228386602,0.2428244606295922,0.0,0.0,20,20
industrials_revenue_20m,Industrials companies with revenue >= $20M,Full-assignment candidate,Full Assignment|Agglomerative,Agglomerative,1,Debt Ratio,0.22085474829304935,0.22984880095302768,0.1967021034015571,0.2816667939931254,0.19413859979584008,0.353367151979817,-0.053716198242525715,-0.046138415086492454,-0.07805264862496429,0.013880232790463326,0.8,-0.1252760468810274,-0.238265250537986,0.00923393508481614,0.030547269700175288,0.08333333333333333,20,20
industrials_revenue_20m,Industrials companies with revenue >= $20M,Full-assignment candidate,Full Assignment|Agglomerative,Agglomerative,1,EBITDA Margin,-0.630588121306075,-0.420805010622965,-0.6364036873893765,-0.25845421360080467,-0.8071936441886172,-0.24096485844176846,-0.7470332450389648,-0.5365634600845304,-0.7533042033278963,-0.3722325895685765,1.0,-3.1524792795616983,-4.12493758048907,-2.120746360798275,0.0,0.0,20,20
industrials_revenue_20m,Industrials companies with revenue >= $20M,Full-assignment candidate,Full Assignment|Agglomerative,Agglomerative,1,Free Cash Flow Margin,-0.38090291282576344,-0.3344047543869267,-0.3863713922522741,-0.25974208128623716,-0.9332210629499904,-0.16142331344846392,-0.43060773880986175,-0.3807083762457169,-0.436316629286413,-0.30798521308262256,1.0,-2.5783729610221995,-3.0240895420326197,-2.119445607464758,0.0,0.0,20,20
industrials_revenue_20m,Industrials companies with revenue >= $20M,Full-assignment candidate,Full Assignment|Agglomerative,Agglomerative,1,Operating Cash Flow Margin,-0.2998631654836307,-0.22788816280642943,-0.2677803528884003,-0.14427072406930494,-0.6701127333868817,-0.13381277842903672,-0.39192604978530166,-0.32078550637776426,-0.36021887998158475,-0.24377174988504524,1.0,-2.1524140006113677,-2.4111384114205507,-1.657229081960253,0.0,0.0,20,20
industrials_revenue_20m,Industrials companies with revenue >= $20M,Full-assignment candidate,Full Assignment|Agglomerative,Agglomerative,1,Return on Assets,-0.34501131908784716,-0.2856044449985705,-0.34546669231964455,-0.21378007967693088,-0.36661602862628845,-0.18190479642507626,-0.3779303535996285,-0.318883233361485,-0.3807882547121139,-0.24732051870113414,1.0,-3.3211042353862354,-3.972010393504538,-2.5358037871667958,0.0,0.0,20,20
industrials_revenue_20m,Industrials companies with revenue >= $20M,Full-assignment candidate,Full Assignment|Agglomerative,Agglomerative,1,Revenue per Employee,274768.6153846154,315608.50620257424,275101.3473531844,350703.52843890054,193529.82513550133,379085.70549630845,-114650.35099772282,-73167.8338327829,-120878.80292157162,-31260.862441227862,1.0,-0.19808192097197658,-0.3439936867484158,0.0,0.09813640227590595,0.16666666666666666,20,20
industrials_revenue_20m,Industrials companies with revenue >= $20M,Full-assignment candidate,Full Assignment|Agglomerative,Agglomerative,2,Asset Turnover,0.9673079380421223,0.7393952607780345,0.6514096835554121,0.9201926295047702,0.5732848045090744,1.0825813552126398,0.1930966730149667,-0.030079515707395643,-0.11390543571766562,0.14579882379565146,0.35,-0.046255299258570665,-0.18445142147663948,0.23747727085192108,0.0,0.0,20,20
industrials_revenue_20m,Industrials companies with revenue >= $20M,Full-assignment candidate,Full Assignment|Agglomerative,Agglomerative,2,Current Ratio,1.7166495037328642,1.7323230848165356,1.6035518546386685,2.068274422678226,1.5776738515619444,2.1154801791905364,-0.08085476057048613,-0.047527172887549374,-0.16937814853932798,0.2847841745489662,0.65,-0.030684091468014037,-0.10461353409264636,0.17787597502406644,0.0,0.0,20,20
industrials_revenue_20m,Industrials companies with revenue >= $20M,Full-assignment candidate,Full Assignment|Agglomerative,Agglomerative,2,Debt Ratio,0.3715736902083742,0.3721540954067638,0.32303853617965067,0.3783736818975734,0.2835954985372981,0.3919290085011383,0.09700274367279915,0.09455172567633041,0.055875668484448186,0.10380534905384957,1.0,0.3264962706374707,0.15336632799078084,0.36914461184700825,0.024803255718198133,0.05555555555555555,20,20
industrials_revenue_20m,Industrials companies with revenue >= $20M,Full-assignment candidate,Full Assignment|Agglomerative,Agglomerative,2,EBITDA Margin,0.12146690842654835,0.14532557864425233,0.12249815715026383,0.2801394891907181,0.09608086489631552,0.2990222524778524,0.005021784693658549,0.0300344774378452,0.0061209224857392015,0.1576640071235724,0.95,0.1776119614950065,0.033162400747726375,0.8885509842990647,0.0,0.0,20,20
industrials_revenue_20m,Industrials companies with revenue >= $20M,Full-assignment candidate,Full Assignment|Agglomerative,Agglomerative,2,Free Cash Flow Margin,0.038983528233660525,0.04610079033688846,0.037562488541562064,0.07498361320232126,0.024773131312675865,0.07960457856399583,-0.010721297750437807,-0.002483044270514965,-0.01396629344482239,0.02524896613199301,0.65,-0.016914403932611812,-0.09306384140906321,0.1725826229437386,0.0,0.0,20,20
industrials_revenue_20m,Industrials companies with revenue >= $20M,Full-assignment candidate,Full Assignment|Agglomerative,Agglomerative,2,Operating Cash Flow Margin,0.07066925294268445,0.10031332610913093,0.06834440956998264,0.15331734712467154,0.04740585527092433,0.24376260561208313,-0.02139363135898656,0.005367367564989761,-0.033916336827999806,0.05303210618370749,0.45,0.03786822656014857,-0.2246863903102758,0.3765035829402791,0.0,0.0,20,20
industrials_revenue_20m,Industrials companies with revenue >= $20M,Full-assignment candidate,Full Assignment|Agglomerative,Agglomerative,2,Return on Assets,0.04042825924426126,0.04197992026720108,0.03957646293832699,0.0482016995884354,0.03501934620222592,0.052330379916561316,0.007509224732479884,0.009356981012725746,0.006221872090554575,0.014601534361877147,1.0,0.09872358655690794,0.06439401931867175,0.1475467334004045,0.0,0.0,20,20
industrials_revenue_20m,Industrials companies with revenue >= $20M,Full-assignment candidate,Full Assignment|Agglomerative,Agglomerative,2,Revenue per Employee,2581905.16892273,3700677.714932127,2578091.774252679,5442052.631578947,2142141.272727273,5478428.304347826,2192486.2025403916,3313049.177093277,2182908.778713346,5052132.323232437,1.0,7.163186584234303,6.512694845756239,8.269726429406916,0.0,0.0,20,20
industrials_revenue_20m,Industrials companies with revenue >= $20M,Full-assignment candidate,Full Assignment|Gaussian Mixture,Gaussian Mixture,0,Asset Turnover,0.5249863331355878,0.5241639030554884,0.4646915404424655,0.6288840125450987,0.3922593694438279,0.657210830472508,-0.2492249318915678,-0.24684851245277728,-0.3165335704453778,-0.14859002320933204,1.0,-0.3984322072774564,-0.490879799006643,-0.23925364321713122,0.0,0.0,20,20
industrials_revenue_20m,Industrials companies with revenue >= $20M,Full-assignment candidate,Full Assignment|Gaussian Mixture,Gaussian Mixture,0,Current Ratio,1.7114773865221462,2.0192211126516697,1.6474694183143932,2.1644217252667666,1.6085820447027221,2.294189916661805,-0.0860268777812041,0.1943624153035397,-0.0973325351997101,0.3962790973733444,0.45,0.12438291579899198,-0.0630175804379332,0.2591143065443265,0.0,0.0,20,20
industrials_revenue_20m,Industrials companies with revenue >= $20M,Full-assignment candidate,Full Assignment|Gaussian Mixture,Gaussian Mixture,0,Debt Ratio,0.30952912460249776,0.2759084597482328,0.2226350181291503,0.3233192895485852,0.17947034129753706,0.3320820657019057,0.034958178066922696,-0.001337171451231245,-0.051763763189135115,0.043097246228365194,0.45,0.0,-0.16643252034878447,0.09415143596174588,0.02689431357802305,0.046052631578947366,20,20
industrials_revenue_20m,Industrials companies with revenue >= $20M,Full-assignment candidate,Full Assignment|Gaussian Mixture,Gaussian Mixture,0,EBITDA Margin,0.038893020905178835,0.013112583036237658,-0.032076791009867496,0.058931997233022206,-0.09319470655703949,0.07274747522095389,-0.07755210282771097,-0.10088881792629623,-0.15274605533478217,-0.05843862431720385,1.0,-0.6038798045859071,-0.8759662584658701,-0.3256778929762822,0.0,0.0,20,20
industrials_revenue_20m,Industrials companies with revenue >= $20M,Full-assignment candidate,Full Assignment|Gaussian Mixture,Gaussian Mixture,0,Free Cash Flow Margin,-0.04571162175753686,-0.04817561583333172,-0.11115724643026222,-0.008892586177428764,-0.18660015380462738,-0.004274668428329303,-0.09541644774163519,-0.0965818011443442,-0.15786261491300443,-0.05963582839242586,1.0,-0.665711283313477,-1.144613896324228,-0.4197830774689519,0.0,0.0,20,20
industrials_revenue_20m,Industrials companies with revenue >= $20M,Full-assignment candidate,Full Assignment|Gaussian Mixture,Gaussian Mixture,0,Operating Cash Flow Margin,0.027007046684283376,0.020553243406059192,0.0007120230117570128,0.041881453584252236,-0.03931825359857463,0.07604875374842808,-0.06505583761738763,-0.07120016265390489,-0.0955464150972725,-0.05237252230246461,1.0,-0.4937008068539289,-0.637040972028247,-0.3153053729609225,0.0059654890286377285,0.013245033112582781,20,20
industrials_revenue_20m,Industrials companies with revenue >= $20M,Full-assignment candidate,Full Assignment|Gaussian Mixture,Gaussian Mixture,0,Return on Assets,-0.018203972819878282,-0.02058649886543839,-0.060132312049079796,-0.018137997933446642,-0.110009324391075,-0.0038361912929177197,-0.051123007331659656,-0.05448002078316879,-0.09417066664010343,-0.050289393322312415,1.0,-0.5673667353437817,-0.9868029675149472,-0.512148977181991,0.0,0.0,20,20
industrials_revenue_20m,Industrials companies with revenue >= $20M,Full-assignment candidate,Full Assignment|Gaussian Mixture,Gaussian Mixture,0,Revenue per Employee,528946.4861379755,536110.0606060605,371645.2568715224,665247.064727955,350962.8603104213,757113.2064329475,139527.51975563727,147283.76063297634,-22395.59862575211,269343.6581345484,0.85,0.2679698178969123,0.0,0.5705016140621072,0.08627211503909535,0.1111111111111111,20,20
industrials_revenue_20m,Industrials companies with revenue >= $20M,Full-assignment candidate,Full Assignment|Gaussian Mixture,Gaussian Mixture,1,Asset Turnover,0.8764744476183747,0.8760011354699838,0.8116249456653488,0.9188816583574754,0.8079220277947299,0.940809453369569,0.10226318259121903,0.09141832622042051,0.04536958077295452,0.1407328554936261,1.0,0.14339801871084634,0.07290178740137508,0.21423000707805626,0.0,0.0,20,20
industrials_revenue_20m,Industrials companies with revenue >= $20M,Full-assignment candidate,Full Assignment|Gaussian Mixture,Gaussian Mixture,1,Current Ratio,1.822359624349073,1.765521721443882,1.7063770349539296,1.8317227779950613,1.6471958204821553,1.842379733407336,0.02485536004572264,-0.018748926425396384,-0.06714212654902038,0.05113099750174915,0.4,-0.009651406634934086,-0.043656519279460966,0.031833477980673715,0.0026533288615177685,0.0037313432835820895,20,20
industrials_revenue_20m,Industrials companies with revenue >= $20M,Full-assignment candidate,Full Assignment|Gaussian Mixture,Gaussian Mixture,1,Debt Ratio,0.2665222398931079,0.2788720630537003,0.2667529890801742,0.2848354874211443,0.2568507251217033,0.3022676453431849,-0.008048706642467152,0.0010839092324400335,-0.00788889593556561,0.01302327781653008,0.45,0.00045100262186020985,-0.02331167479581702,0.03635520869194034,0.0071167732578350015,0.012195121951219513,20,20
industrials_revenue_20m,Industrials companies with revenue >= $20M,Full-assignment candidate,Full Assignment|Gaussian Mixture,Gaussian Mixture,1,EBITDA Margin,0.12955648818257204,0.12978375148007815,0.1190814257403637,0.13623201064279786,0.11563585726094613,0.149743842972656,0.013111364449682236,0.012201288130349423,0.003157672528525264,0.01883355434936373,1.0,0.07007142596295018,0.016971251492764412,0.1143752317785794,0.0,0.0,20,20
industrials_revenue_20m,Industrials companies with revenue >= $20M,Full-assignment candidate,Full Assignment|Gaussian Mixture,Gaussian Mixture,1,Free Cash Flow Margin,0.06788504398559556,0.06404366081206586,0.06350493311127868,0.07001456367725838,0.06079406465554921,0.07274273008675938,0.018180218001497224,0.014804137654493149,0.012260650430629879,0.02237748124402594,1.0,0.10135278515757934,0.08661317585956327,0.14242089241556588,0.002814130556315247,0.0037313432835820895,20,20
industrials_revenue_20m,Industrials companies with revenue >= $20M,Full-assignment candidate,Full Assignment|Gaussian Mixture,Gaussian Mixture,1,Operating Cash Flow Margin,0.10723247893887794,0.10890402169142835,0.09550292092519773,0.11495132237714256,0.08984832265655732,0.11765650080256822,0.015169594637206935,0.0140654000347075,0.005557923378768212,0.02173629003618272,1.0,0.09328433333004693,0.018504954699290442,0.14159827208238665,0.005133225352280377,0.006968641114982578,20,20
industrials_revenue_20m,Industrials companies with revenue >= $20M,Full-assignment candidate,Full Assignment|Gaussian Mixture,Gaussian Mixture,1,Return on Assets,0.046697935567804445,0.04636988078390246,0.0430552840433564,0.04682773741869474,0.0415450884278271,0.04714871412597838,0.013778901056023071,0.01268659254367371,0.010838225540743656,0.014277622988101049,1.0,0.13404012896118783,0.10948740941688578,0.15088085138380805,0.0,0.0,20,20
industrials_revenue_20m,Industrials companies with revenue >= $20M,Full-assignment candidate,Full Assignment|Gaussian Mixture,Gaussian Mixture,1,Revenue per Employee,362061.6455803685,362381.4912696767,348905.72121397953,396702.14854111406,342536.66954270925,398551.8085106383,-27357.320801969676,-25896.616886214848,-35339.46654897147,2420.129075661075,0.85,-0.07042563567038919,-0.10262320992002577,0.0,0.03715387942796509,0.05423728813559322,20,20
industrials_revenue_20m,Industrials companies with revenue >= $20M,Full-assignment candidate,Full Assignment|K-Means,K-Means,0,Asset Turnover,0.8046253010503472,0.8933908234141541,0.675626663556169,1.0161519315557608,0.6002387540318648,1.0417804496779706,0.030414036023191593,0.11703161644524174,-0.0983238901126468,0.23103550783372365,0.7,0.18902742314778725,-0.1562888809197856,0.3703675957983519,0.0,0.0,20,20
industrials_revenue_20m,Industrials companies with revenue >= $20M,Full-assignment candidate,Full Assignment|K-Means,K-Means,0,Current Ratio,1.6457043553998372,1.6655033484826793,1.574786479844577,2.064968834738734,1.5549456938116566,2.0835562440104196,-0.15179990890351314,-0.10326561876441709,-0.22667801834415838,0.24588972740352555,0.75,-0.06620863391241529,-0.14531676675016975,0.15601457599695542,0.0,0.0,20,20
industrials_revenue_20m,Industrials companies with revenue >= $20M,Full-assignment candidate,Full Assignment|K-Means,K-Means,0,Debt Ratio,0.3782459663458209,0.37498297483790455,0.3417250680793332,0.3856402612067889,0.32303853617965067,0.39891650549485985,0.10367501981024585,0.09846556283992475,0.06624952504177285,0.11066832949366905,1.0,0.3480429548919767,0.17229076042859023,0.39857348220993505,0.020667351650051593,0.027777777777777776,20,20
industrials_revenue_20m,Industrials companies with revenue >= $20M,Full-assignment candidate,Full Assignment|K-Means,K-Means,0,EBITDA Margin,0.12296871731709284,0.1314126561916402,0.11604706675863469,0.1682679971489665,0.06954219359773711,0.27826929083041124,0.006523593584203041,0.015415131022032486,0.0027386075064275185,0.04205300411866363,0.9,0.08866353032106798,0.015467416655452539,0.23561461646587964,0.0,0.0,20,20
industrials_revenue_20m,Industrials companies with revenue >= $20M,Full-assignment candidate,Full Assignment|K-Means,K-Means,0,Free Cash Flow Margin,0.043543953730886924,0.05032488080760951,0.0350593545283659,0.07474040449907522,0.024773131312675865,0.07929490076362469,-0.006160872253211408,0.0014155351911085863,-0.01577193067960697,0.024970256111658984,0.4,0.00981720164938885,-0.11050339408109068,0.17256086903583417,0.0,0.0,20,20
industrials_revenue_20m,Industrials companies with revenue >= $20M,Full-assignment candidate,Full Assignment|K-Means,K-Means,0,Operating Cash Flow Margin,0.08655664288163045,0.09120057390877313,0.08213587006395788,0.13967548576939312,0.04740585527092433,0.14709267363907785,-0.005506241420040553,-0.00032905953471028954,-0.0166652749280613,0.044610221041892585,0.55,-0.002160100966933419,-0.11775754738074364,0.2989265431133079,0.0,0.0,20,20
industrials_revenue_20m,Industrials companies with revenue >= $20M,Full-assignment candidate,Full Assignment|K-Means,K-Means,0,Return on Assets,0.04193625536576654,0.042733918327953715,0.036588220074691986,0.04797515838992771,0.03351782150193727,0.049446185574836585,0.009017220853985167,0.009012758369773985,0.004828177592103845,0.015400345821973012,0.95,0.09231642593398695,0.0495539244988569,0.16310486629140486,0.0,0.0,20,20
industrials_revenue_20m,Industrials companies with revenue >= $20M,Full-assignment candidate,Full Assignment|K-Means,K-Means,0,Revenue per Employee,2581905.16892273,2730360.705882353,2306976.2155172415,3840779.3374152654,2046346.1538461538,5478428.304347826,2192486.2025403916,2337739.501079462,1919487.3035469349,3454882.0613657897,1.0,7.1813487576848685,6.285495757067337,8.269726429406916,0.0,0.0,20,20
industrials_revenue_20m,Industrials companies with revenue >= $20M,Full-assignment candidate,Full Assignment|K-Means,K-Means,1,Asset Turnover,0.8043994310424387,0.807041378606657,0.7935554516870783,0.8172970850586345,0.7786243467274154,0.8452522678113316,0.03018816601528307,0.03284900601852281,0.026501997555872635,0.039733735404300655,1.0,0.052478602939585575,0.0423655406770759,0.0631176298065233,0.0,0.0,20,20
industrials_revenue_20m,Industrials companies with revenue >= $20M,Full-assignment candidate,Full Assignment|K-Means,K-Means,1,Current Ratio,1.8056702108708924,1.7872852358712263,1.7189818211465187,1.8309130017822155,1.6915166501681165,1.8586620070212154,0.008165946567542104,-0.002489532484051371,-0.028124827631318027,0.03681160554162839,0.35,-0.0005120024515306354,-0.013602235624810041,0.019908745572377106,0.0022515747048125743,0.002890173410404624,20,20
industrials_revenue_20m,Industrials companies with revenue >= $20M,Full-assignment candidate,Full Assignment|K-Means,K-Means,1,Debt Ratio,0.2746525870165488,0.27868068166738313,0.2675498266428129,0.2852263012273041,0.2648742963140573,0.2887669623731493,8.164048097375476e-05,0.002711008166277673,-0.0020468938668409984,0.006344091323230152,0.75,0.0,-6.086167769806517e-05,0.012399682357819141,0.01056651714641846,0.014450867052023121,20,20
industrials_revenue_20m,Industrials companies with revenue >= $20M,Full-assignment candidate,Full Assignment|K-Means,K-Means,1,EBITDA Margin,0.13282131812612877,0.13329543482287162,0.12962695702346555,0.13557265092627224,0.1276904382364088,0.14918816683571914,0.016376194393238966,0.016210487597683385,0.014049561750163345,0.021194005982693137,1.0,0.09411347321151864,0.0786996262042253,0.11754193872546209,0.0,0.0,20,20
industrials_revenue_20m,Industrials companies with revenue >= $20M,Full-assignment candidate,Full Assignment|K-Means,K-Means,1,Free Cash Flow Margin,0.06353963957197101,0.06362205602343521,0.06161469650826169,0.06623533507978663,0.05654149111815751,0.06747521004373318,0.013834813587872676,0.013916019921482004,0.011533207813889161,0.016335486138183235,1.0,0.0947193982078052,0.07975258634283298,0.11551366931925927,0.0023924310473465134,0.002890173410404624,20,20
industrials_revenue_20m,Industrials companies with revenue >= $20M,Full-assignment candidate,Full Assignment|K-Means,K-Means,1,Operating Cash Flow Margin,0.11269361357674719,0.11305619072609364,0.11078408955626427,0.11589655721018731,0.10772097797583485,0.11829784282444336,0.020630729275076184,0.019804361656786527,0.014569432234759004,0.02290553172195279,1.0,0.12916910012882232,0.09649720425305126,0.15242849636699446,0.006901662208695395,0.008670520231213872,20,20
industrials_revenue_20m,Industrials companies with revenue >= $20M,Full-assignment candidate,Full Assignment|K-Means,K-Means,1,Return on Assets,0.04169822866958038,0.04172460626909534,0.04043388691702808,0.04632884729243524,0.03881199643526181,0.0465606264940783,0.008779194157799007,0.009681521875686733,0.007830899825783232,0.011819448910483428,1.0,0.1026509429086947,0.08050603670831628,0.12082800574393521,0.0,0.0,20,20
industrials_revenue_20m,Industrials companies with revenue >= $20M,Full-assignment candidate,Full Assignment|K-Means,K-Means,1,Revenue per Employee,367543.6979839532,365534.4305137157,362166.08205041796,374706.16351242986,358749.1714799735,379670.71034550515,-21875.26839838497,-23836.949312386976,-27173.37144927113,-18588.205250612617,1.0,-0.03150657806895614,-0.047977008355694635,-0.013565394872049946,0.051399943034804677,0.05982905982905983,20,20
industrials_revenue_20m,Industrials companies with revenue >= $20M,Full-assignment candidate,Full Assignment|K-Means,K-Means,2,Asset Turnover,0.46411825041543675,0.46700234327585666,0.34402743710410005,0.5508048872229087,0.3063981743267,0.5538798126506868,-0.3100930146117189,-0.2978091643107157,-0.4323522553701355,-0.22539292852431198,1.0,-0.47662282263504296,-0.652178229336283,-0.35742345764745703,0.0,0.0,20,20
industrials_revenue_20m,Industrials companies with revenue >= $20M,Full-assignment candidate,Full Assignment|K-Means,K-Means,2,Current Ratio,2.0800081115550424,2.0837456001354395,1.6239600414368902,2.3207093178712115,1.6101001325959552,2.944177530438032,0.2825038472516921,0.29050990679762634,-0.14560790975042587,0.5036889214247366,0.8,0.18411116897781615,-0.09495353977288083,0.3246735134932225,0.0,0.0,20,20
industrials_revenue_20m,Industrials companies with revenue >= $20M,Full-assignment candidate,Full Assignment|K-Means,K-Means,2,Debt Ratio,0.20072189683475444,0.20072189683475444,0.17705846786867654,0.23393669514134044,0.16176874807696529,0.26223934411923433,-0.07384904970082062,-0.06887663866855476,-0.10489662999204674,-0.04085714288721292,1.0,-0.18792394385305167,-0.33573938203932047,-0.07977012493275262,0.029220877584909467,0.043478260869565216,20,20
industrials_revenue_20m,Industrials companies with revenue >= $20M,Full-assignment candidate,Full Assignment|K-Means,K-Means,2,EBITDA Margin,-0.46130887323816805,-0.4183457051961824,-0.5440868903863229,-0.29159575865661513,-0.630588121306075,-0.2694496874463,-0.5777539969710579,-0.5320561692895398,-0.6569444032287082,-0.41095059725616695,1.0,-3.0763452210429474,-3.6916781208199994,-2.317833263099536,0.0,0.0,20,20
industrials_revenue_20m,Industrials companies with revenue >= $20M,Full-assignment candidate,Full Assignment|K-Means,K-Means,2,Free Cash Flow Margin,-0.3867088943104904,-0.3722379021399344,-0.3911256539111811,-0.30384234471653265,-0.45720676645493386,-0.2880161151897667,-0.4364137202945887,-0.42252269582768825,-0.4420580791415506,-0.35271287858987255,1.0,-2.8707314213659485,-3.259434505287525,-2.431164831566429,0.0,0.0,20,20
industrials_revenue_20m,Industrials companies with revenue >= $20M,Full-assignment candidate,Full Assignment|K-Means,K-Means,2,Operating Cash Flow Margin,-0.29941806660965764,-0.2491728101253816,-0.3011848905855832,-0.19246355666656678,-0.3259899983761674,-0.16811474486895456,-0.3914809509113286,-0.3432958549420317,-0.4005392614065859,-0.28380119232985784,1.0,-2.3244176549837707,-2.7275135150492384,-1.93911375822007,0.0,0.0,20,20
industrials_revenue_20m,Industrials companies with revenue >= $20M,Full-assignment candidate,Full Assignment|K-Means,K-Means,2,Return on Assets,-0.2856044449985705,-0.27968551267875325,-0.2958315790442394,-0.21787533784227986,-0.34501131908784716,-0.21165291179348883,-0.31852347951035187,-0.31310465984089175,-0.3312174060984177,-0.25030956856586317,1.0,-3.26771506823086,-3.437099280256458,-2.588451013313098,0.0,0.0,20,20
industrials_revenue_20m,Industrials companies with revenue >= $20M,Full-assignment candidate,Full Assignment|K-Means,K-Means,2,Revenue per Employee,284507.5268817204,305591.3988658482,274960.8633788255,325524.6124640546,231461.15384615384,349468.9864864865,-104911.4395006178,-85519.8021928303,-120132.44958139212,-59745.64869898814,1.0,-0.20385079474880619,-0.32297742777771554,-0.04937033466222571,0.10405986463592187,0.12962962962962962,20,20
industrials_revenue_20m,Industrials companies with revenue >= $20M,HDBSCAN Pareto representative,HDBSCAN|mcs=10|ms=10,HDBSCAN,0,Asset Turnover,0.16967513672750836,0.14722119362154404,0.1456209663710382,0.18592924765470437,0.1456209663710382,0.2343877144159961,-0.6045361282996473,-0.6222391824595459,-0.6399312111921172,-0.58411309383387,1.0,-0.9787917600425143,-0.9895272356459053,-0.882309584357154,0.0,0.0,7,20
industrials_revenue_20m,Industrials companies with revenue >= $20M,HDBSCAN Pareto representative,HDBSCAN|mcs=10|ms=10,HDBSCAN,0,Current Ratio,4.298416515794309,5.570099570624353,4.69510144162389,7.398609968700404,4.334103053690489,7.727777777777778,2.5009122514909587,3.764226408895283,2.9465005893977105,5.595300929381906,1.0,2.3928592947066427,1.922943465791748,2.925702994792046,0.0,0.0,7,20
industrials_revenue_20m,Industrials companies with revenue >= $20M,HDBSCAN Pareto representative,HDBSCAN|mcs=10|ms=10,HDBSCAN,0,Debt Ratio,0.1471184888025095,0.15443932602832602,0.10676318024057944,0.19699604352056518,0.10302922169973391,0.23884285361300606,-0.12745245773306557,-0.12387500734257767,-0.16941129689146292,-0.07168981527120416,1.0,-0.3904902021067682,-0.5485501229337242,-0.12034409300566418,0.11370653156367441,0.15384615384615385,7,20
industrials_revenue_20m,Industrials companies with revenue >= $20M,HDBSCAN Pareto representative,HDBSCAN|mcs=10|ms=10,HDBSCAN,0,EBITDA Margin,-1.3417315784761392,-1.4606224736643998,-1.7470347056606463,-1.0647187070042112,-1.8188295642926402,-0.811118380266084,-1.458176702209029,-1.5783713850030399,-1.860656879337217,-1.1791883137612422,1.0,-4.3289416471348,-4.879396728833503,-3.88728364720968,0.0,0.0,7,20
industrials_revenue_20m,Industrials companies with revenue >= $20M,HDBSCAN Pareto representative,HDBSCAN|mcs=10|ms=10,HDBSCAN,0,Free Cash Flow Margin,-1.1838481511325991,-1.3614086764516946,-1.4872853523505678,-0.9524397233756942,-1.4872853523505678,-0.9332210629499904,-1.2335529771166975,-1.408829329929271,-1.5361935644263536,-1.001975944061375,1.0,-5.191270501472745,-5.591419184286251,-4.64745118697321,0.0,0.0,7,20
industrials_revenue_20m,Industrials companies with revenue >= $20M,HDBSCAN Pareto representative,HDBSCAN|mcs=10|ms=10,HDBSCAN,0,Operating Cash Flow Margin,-0.792168788963215,-1.0370527720738005,-1.2819367551843859,-0.7227309669894968,-1.2819367551843859,-0.6466133566175282,-0.8842316732648859,-1.1278678436290799,-1.3786035646411476,-0.8126011540874319,1.0,-3.119087666222174,-3.3034085920920337,-2.859378302010655,0.0,0.0,7,20
industrials_revenue_20m,Industrials companies with revenue >= $20M,HDBSCAN Pareto representative,HDBSCAN|mcs=10|ms=10,HDBSCAN,0,Return on Assets,-0.20157679161848036,-0.20157679161848036,-0.2574942816586062,-0.1899496347523273,-0.2576226587999161,-0.1899496347523273,-0.23449582613026174,-0.23393346597028258,-0.2904136780588924,-0.22058358783665638,1.0,-2.488225572824274,-3.090147876454571,-2.261049827085117,0.0,0.0,7,20
industrials_revenue_20m,Industrials companies with revenue >= $20M,HDBSCAN Pareto representative,HDBSCAN|mcs=10|ms=10,HDBSCAN,0,Revenue per Employee,219742.45192307694,156016.9740871123,129493.60172893228,182152.33763161403,113452.8034066714,204997.64735772356,-169676.51445926126,-230038.07136743318,-258513.1479837914,-204288.37957824292,1.0,-0.7922156735171951,-0.8854824556008759,-0.6884192660550174,0.05095499738356881,0.125,7,20
industrials_revenue_20m,Industrials companies with revenue >= $20M,HDBSCAN Pareto representative,HDBSCAN|mcs=10|ms=10,HDBSCAN,1,Asset Turnover,0.8376649962333366,0.8177452382618209,0.8151799220535618,0.8376649962333366,0.7910273744054346,0.8503210755949293,0.06345373120618092,0.050958907163279665,0.040949336333065744,0.060052454219325035,1.0,0.08099125132636062,0.0657840846640182,0.0949504622943673,0.0,0.0,11,20
industrials_revenue_20m,Industrials companies with revenue >= $20M,HDBSCAN Pareto representative,HDBSCAN|mcs=10|ms=10,HDBSCAN,1,Current Ratio,1.7610594519899183,1.7592431100591062,1.7136612211648363,1.8118532019623632,1.670061099796334,1.8302649303996408,-0.036444812313431996,-0.03210100185946896,-0.05104283471333426,0.002990020116646619,0.8181818181818182,-0.018732528729954498,-0.03255073492695269,0.0018404819412428902,0.002251850265347485,0.002890173410404624,11,20
industrials_revenue_20m,Industrials companies with revenue >= $20M,HDBSCAN Pareto representative,HDBSCAN|mcs=10|ms=10,HDBSCAN,1,Debt Ratio,0.26881042126753263,0.27457094653557507,0.26857163316248384,0.2822382437274632,0.2655193583173735,0.28257770727787745,-0.005760525268042438,-0.003773578245785114,-0.005895540990337789,0.0008113183421238346,0.8181818181818182,-0.004591911907102898,-0.010001250200279872,0.0,0.009951064129970415,0.013513513513513514,11,20
industrials_revenue_20m,Industrials companies with revenue >= $20M,HDBSCAN Pareto representative,HDBSCAN|mcs=10|ms=10,HDBSCAN,1,EBITDA Margin,0.12850301525363605,0.12955648818257204,0.12749102672367985,0.13178063137331408,0.123181465302993,0.13226210822605447,0.012057891520746253,0.01052218426205484,0.009541029568247109,0.015685669879965586,1.0,0.06242973737696293,0.05439903694513196,0.09660171356124396,0.0,0.0,11,20
industrials_revenue_20m,Industrials companies with revenue >= $20M,HDBSCAN Pareto representative,HDBSCAN|mcs=10|ms=10,HDBSCAN,1,Free Cash Flow Margin,0.06447766686802192,0.06272514420104736,0.06170469305037635,0.06669143708072929,0.058957478514332515,0.06741675436858668,0.01477284088392359,0.014341870687765254,0.010683641938428433,0.015852343344668215,1.0,0.093863672126276,0.07319679180599138,0.11509960845599834,0.0024925788641122115,0.002890173410404624,11,20
industrials_revenue_20m,Industrials companies with revenue >= $20M,HDBSCAN Pareto representative,HDBSCAN|mcs=10|ms=10,HDBSCAN,1,Operating Cash Flow Margin,0.11065128638556412,0.11122628043844913,0.10723247893887794,0.11269361357674719,0.10214741024382584,0.11322114012635902,0.01858840208389312,0.013492771416878074,0.009801460860857009,0.01957600867176254,1.0,0.08499416515602129,0.05734380662651062,0.12482672182089125,0.00673446947474847,0.008670520231213872,11,20
industrials_revenue_20m,Industrials companies with revenue >= $20M,HDBSCAN Pareto representative,HDBSCAN|mcs=10|ms=10,HDBSCAN,1,Return on Assets,0.04467334675985564,0.041450615948251335,0.038985313751668894,0.044775781294828725,0.03658543292795037,0.0456550844951934,0.011754312248074265,0.008311970843345784,0.0073392715406600875,0.011405221114190858,1.0,0.08989362795370934,0.07647103837990568,0.11663751371406988,0.0,0.0,11,20
industrials_revenue_20m,Industrials companies with revenue >= $20M,HDBSCAN Pareto representative,HDBSCAN|mcs=10|ms=10,HDBSCAN,1,Revenue per Employee,364782.60869565216,369360.6721218843,362855.3854606245,379670.71034550515,362279.6771653543,392147.39420334273,-24636.35768668604,-19363.935190793476,-27239.64285714284,-5607.686467581545,1.0,-0.017984613071429602,-0.04234064208296408,0.0,0.0535719234203413,0.06299212598425197,11,20
industrials_revenue_20m,Industrials companies with revenue >= $20M,HDBSCAN Pareto representative,HDBSCAN|mcs=10|ms=10,HDBSCAN,2,Asset Turnover,0.30003454354121295,0.30003454354121295,0.2685587010479782,0.4851440965423626,0.2685587010479782,0.6102058816910949,-0.4741767214859427,-0.4537105056068087,-0.5034400193102226,-0.28780846700528573,1.0,-0.7203624503373959,-0.7945095415048139,-0.4597516679173145,0.0,0.0,8,20
industrials_revenue_20m,Industrials companies with revenue >= $20M,HDBSCAN Pareto representative,HDBSCAN|mcs=10|ms=10,HDBSCAN,2,Current Ratio,1.639190796863879,1.636061289643148,1.4973392065114277,1.7753736298757872,1.4973392065114277,1.9123965908759408,-0.15831346743947128,-0.17847092936718123,-0.28019999931892037,0.003767375883964544,0.875,-0.11043540908744612,-0.18174397193838474,0.0017518675689935717,0.0,0.0,8,20
industrials_revenue_20m,Industrials companies with revenue >= $20M,HDBSCAN Pareto representative,HDBSCAN|mcs=10|ms=10,HDBSCAN,2,Debt Ratio,0.3919290085011383,0.3884352600042775,0.32137893099614495,0.4348054085011536,0.24528638101890446,0.47157732868001134,0.11735806196556325,0.11243787451869536,0.0470682033199363,0.1515287817130973,0.875,0.40430151129485015,0.1681111911846931,0.5455904432515521,0.0,0.0,8,20
industrials_revenue_20m,Industrials companies with revenue >= $20M,HDBSCAN Pareto representative,HDBSCAN|mcs=10|ms=10,HDBSCAN,2,EBITDA Margin,0.5337577245011154,0.5297616719924818,0.33694160162759795,0.5367211370539018,0.21805731232495545,0.5367211370539018,0.4173126007682256,0.40857146893659235,0.22092114143380281,0.41912168173934716,1.0,2.116797315386278,1.3085994995475132,2.2329162880433597,0.0,0.0,8,20
industrials_revenue_20m,Industrials companies with revenue >= $20M,HDBSCAN Pareto representative,HDBSCAN|mcs=10|ms=10,HDBSCAN,2,Free Cash Flow Margin,0.2109971380653382,0.1978823828163384,0.10603039651134065,0.2269231478288362,0.10133780816671006,0.24614164962603033,0.16129231208123987,0.1492804211603544,0.059707555674072044,0.17685112834767175,1.0,1.01384764618279,0.41820204482291795,1.207422369892182,0.0,0.0,8,20
industrials_revenue_20m,Industrials companies with revenue >= $20M,HDBSCAN Pareto representative,HDBSCAN|mcs=10|ms=10,HDBSCAN,2,Operating Cash Flow Margin,0.38147015017603814,0.36141931934367727,0.25130805338217155,0.3897166700820019,0.1748735984479836,0.4081708295133283,0.28940726587436716,0.26125394366612575,0.159336923416528,0.2878156168997609,1.0,1.7900183699317838,1.0894776734993523,1.900626206530187,0.0,0.0,8,20
industrials_revenue_20m,Industrials companies with revenue >= $20M,HDBSCAN Pareto representative,HDBSCAN|mcs=10|ms=10,HDBSCAN,2,Return on Assets,0.1010828325933685,0.0806647270681014,0.051183240146661514,0.09976106630430655,0.048891503247342066,0.09976106630430655,0.06816379808158712,0.047208876339014154,0.01902007195647688,0.06518639063283328,1.0,0.4925437334926791,0.20509359038562752,0.6737868510190339,0.0,0.0,8,20
industrials_revenue_20m,Industrials companies with revenue >= $20M,HDBSCAN Pareto representative,HDBSCAN|mcs=10|ms=10,HDBSCAN,2,Revenue per Employee,22990367.301038064,17159144.43895205,10329083.442036897,27632810.917857144,6115729.786102485,27770736.39285714,22600948.334655724,16763320.995728608,9942638.838271644,27245937.650564995,1.0,7.903965141888376,6.6703204556521385,8.75300311017045,0.0,0.0,8,20
industrials_revenue_20m,Industrials companies with revenue >= $20M,HDBSCAN Pareto representative,HDBSCAN|mcs=15|ms=5,HDBSCAN,0,Asset Turnover,0.8131966116807846,0.8268216927700021,0.8087627642257146,0.8879083246235497,0.710261520513319,0.9638366757285735,0.03898534665362896,0.054596097669915356,0.03369830978917885,0.09545452345379285,0.9473684210526315,0.08792739655645643,0.053471471228821676,0.14942181528894882,0.0,0.0,19,20
industrials_revenue_20m,Industrials companies with revenue >= $20M,HDBSCAN Pareto representative,HDBSCAN|mcs=15|ms=5,HDBSCAN,0,Current Ratio,1.760087874865465,1.7193610393053622,1.6620467949605289,1.8055484403559856,1.252043220495042,1.969216632207673,-0.03741638943788539,-0.04132511425459007,-0.12211875311791641,0.0004837385857152962,0.8947368421052632,-0.026848015182770368,-0.07391751710693506,0.00038463577232165577,0.0017251286191898362,0.002857142857142857,19,20
industrials_revenue_20m,Industrials companies with revenue >= $20M,HDBSCAN Pareto representative,HDBSCAN|mcs=15|ms=5,HDBSCAN,0,Debt Ratio,0.27585624728544567,0.27585624728544567,0.26816175450860863,0.28599778454853353,0.2665222398931079,0.3083761956483655,0.0012853007498705993,0.00019156323361058103,-0.004691627850697056,0.00539389826453811,0.5263157894736842,0.0,-0.010932932230307689,0.019716734828673053,0.007828058457998034,0.015706806282722512,19,20
industrials_revenue_20m,Industrials companies with revenue >= $20M,HDBSCAN Pareto representative,HDBSCAN|mcs=15|ms=5,HDBSCAN,0,EBITDA Margin,0.13079630732393224,0.1283852019076597,0.11706575071028413,0.13125029082621595,0.10864872010876145,0.18949707975858077,0.01435118359104244,0.011416359446034696,0.0036851347432518087,0.015390352492263453,0.8947368421052632,0.06356771490881415,0.020445435016209566,0.0891587292278393,0.0,0.0,19,20
industrials_revenue_20m,Industrials companies with revenue >= $20M,HDBSCAN Pareto representative,HDBSCAN|mcs=15|ms=5,HDBSCAN,0,Free Cash Flow Margin,0.06380124510102933,0.0634778693393922,0.06039939115025665,0.06445926538655641,0.05654149111815751,0.09753069388881225,0.014096419116930999,0.013220153716146446,0.009730881423266054,0.016043523227875084,1.0,0.08951569079226271,0.06774252612454254,0.1147185387450215,0.0018550340202522439,0.002857142857142857,19,20
industrials_revenue_20m,Industrials companies with revenue >= $20M,HDBSCAN Pareto representative,HDBSCAN|mcs=15|ms=5,HDBSCAN,0,Operating Cash Flow Margin,0.11103885843758876,0.10738814324134274,0.08865463882694777,0.11269361357674719,0.08360105248274159,0.14002176559957763,0.018975974135917756,0.015169519728604808,-0.0027676814666991786,0.02009849197973236,0.8421052631578947,0.09205070341386899,-0.0183559207896567,0.1351051037878672,0.005007809592935205,0.0084985835694051,19,20
industrials_revenue_20m,Industrials companies with revenue >= $20M,HDBSCAN Pareto representative,HDBSCAN|mcs=15|ms=5,HDBSCAN,0,Return on Assets,0.0415450884278271,0.04087082134348854,0.03807301675685543,0.04412271970838812,0.03767594741613365,0.06769128336015091,0.008626053916045727,0.008068665144128837,0.005820099397313249,0.010354331677603475,1.0,0.0822716680929336,0.059774125118882325,0.10691304567658558,0.0,0.0,19,20
industrials_revenue_20m,Industrials companies with revenue >= $20M,HDBSCAN Pareto representative,HDBSCAN|mcs=15|ms=5,HDBSCAN,0,Revenue per Employee,376701.6317143776,363682.6455525607,295425.106764134,387269.4000773906,284888.8888888889,391595.7820738137,-12717.33466796059,-23605.694581280753,-99746.29032217067,-4738.128403823417,0.9473684210526315,-0.03409202947189925,-0.332819632382512,0.0,0.048893119449435994,0.08108108108108109,19,20
industrials_revenue_20m,Industrials companies with revenue >= $20M,HDBSCAN Pareto representative,HDBSCAN|mcs=15|ms=5,HDBSCAN,1,Asset Turnover,0.18977707978535754,0.16967513672750836,0.15554447605722715,0.2725194312575635,0.1488214208720499,0.46980270937434676,-0.5844341852417981,-0.5887107484319711,-0.6220048286651841,-0.5138122629622883,1.0,-0.9118124086353441,-0.959877692633499,-0.8091892124467074,0.0,0.0,15,20
industrials_revenue_20m,Industrials companies with revenue >= $20M,HDBSCAN Pareto representative,HDBSCAN|mcs=15|ms=5,HDBSCAN,1,Current Ratio,4.334103053690489,4.36978959158667,2.539859290378094,4.481675833300408,1.6853023415655217,6.331751555414953,2.536598789387139,2.5857729766798343,0.754723292081106,2.69411678631678,0.9333333333333333,1.627036193586043,0.49661358967749947,1.7462246538761315,0.0,0.0,15,20
industrials_revenue_20m,Industrials companies with revenue >= $20M,HDBSCAN Pareto representative,HDBSCAN|mcs=15|ms=5,HDBSCAN,1,Debt Ratio,0.12452506875558472,0.15443932602832602,0.09339301001082825,0.20512682837445337,0.07611979344853406,0.32303853617965067,-0.15004587777999034,-0.11835761890827898,-0.18338786475330876,-0.07448450892914117,0.9333333333333333,-0.37134326965710013,-0.5668417064363024,-0.09498954510822583,0.08115341458220714,0.125,15,20
industrials_revenue_20m,Industrials companies with revenue >= $20M,HDBSCAN Pareto representative,HDBSCAN|mcs=15|ms=5,HDBSCAN,1,EBITDA Margin,-1.1148946963080357,-0.8880578141399325,-1.4130661155890956,-0.7218540842028432,-1.6991714665726503,0.4670537504941303,-1.2313398200409256,-1.0043433913705049,-1.5284502210658668,-0.8353439799489017,0.9333333333333333,-4.173685710383995,-4.403705854476042,-3.4230460629978707,0.0,0.0,15,20
industrials_revenue_20m,Industrials companies with revenue >= $20M,HDBSCAN Pareto representative,HDBSCAN|mcs=15|ms=5,HDBSCAN,1,Free Cash Flow Margin,-0.9652521636594966,-0.9346808968020132,-1.1838481511325991,-0.7876116821213691,-1.3614086764516946,0.14134260710471802,-1.014956989643595,-0.9866730314743422,-1.22686355944664,-0.8365178361378349,0.9333333333333333,-4.804131934308997,-5.519558738423226,-4.057458869121749,0.0,0.0,15,20
industrials_revenue_20m,Industrials companies with revenue >= $20M,HDBSCAN Pareto representative,HDBSCAN|mcs=15|ms=5,HDBSCAN,1,Operating Cash Flow Margin,-0.7413895251984276,-0.7279957582184517,-0.7846916896062527,-0.5254954026600583,-1.2216291350458595,0.2842596187220271,-0.8334524095000986,-0.8188108297737311,-0.8749320373191576,-0.6146377581943262,0.9333333333333333,-3.0462300432501634,-3.208863494431679,-2.7582484415475377,0.0,0.0,15,20
industrials_revenue_20m,Industrials companies with revenue >= $20M,HDBSCAN Pareto representative,HDBSCAN|mcs=15|ms=5,HDBSCAN,1,Return on Assets,-0.25740869689773294,-0.25188741759362043,-0.2633579000062117,-0.1783353273587039,-0.290606433514615,0.052330379916561316,-0.2903277314095143,-0.2846279380364309,-0.29815242308375034,-0.2103036233893763,0.9333333333333333,-2.9027927949273638,-3.1509802607543405,-2.200121139186698,0.0,0.0,15,20
industrials_revenue_20m,Industrials companies with revenue >= $20M,HDBSCAN Pareto representative,HDBSCAN|mcs=15|ms=5,HDBSCAN,1,Revenue per Employee,201971.54471544715,183391.02786674575,166922.131147541,197644.47282794412,141810.1242937853,10854138.92529489,-187447.42166689105,-209901.83189587778,-219873.02157588047,-185656.29991593622,0.9333333333333333,-0.6907684762654953,-0.7243578214638356,-0.6127864587127663,0.123374858715416,0.1875,15,20
non_financial_large_cap_revenue_1b,Non-financial companies with revenue >= $1B,Full-assignment candidate,Full Assignment|Agglomerative,Agglomerative,0,Asset Turnover,0.6822466648525233,0.6845651611460959,0.6794128616353055,0.6881736837878905,0.6767157023321759,0.6912847387178155,0.0023437938340973297,0.005226352224246111,0.003122680755874119,0.00897788396722885,0.95,0.008410578623112596,0.0050197618911439305,0.014653969704587756,0.0,0.0,20,20
non_financial_large_cap_revenue_1b,Non-financial companies with revenue >= $1B,Full-assignment candidate,Full Assignment|Agglomerative,Agglomerative,0,Current Ratio,1.502701644316132,1.5082454659712439,1.5006061974103146,1.527341974729457,1.476724062152547,1.54343485303475,0.017514085794379852,0.02348445785542641,0.015203680731177149,0.029682142645703177,1.0,0.015454990877038572,0.008215809215020799,0.023547808246697353,0.003931106485482487,0.005172413793103448,20,20
non_financial_large_cap_revenue_1b,Non-financial companies with revenue >= $1B,Full-assignment candidate,Full Assignment|Agglomerative,Agglomerative,0,Debt Ratio,0.3276447890636567,0.3274795868284285,0.32495904784300006,0.3316839488150034,0.3237575841620394,0.3348707340792874,0.0025712530978843073,0.002254921021122458,0.0010829055579350156,0.004628623915866915,0.95,0.002508012005198992,0.00031471295561575675,0.012120685248927825,0.0079637425849282,0.009819967266775777,20,20
non_financial_large_cap_revenue_1b,Non-financial companies with revenue >= $1B,Full-assignment candidate,Full Assignment|Agglomerative,Agglomerative,0,EBITDA Margin,0.15967623252391464,0.1587246740329206,0.15688058517147466,0.16233507426248867,0.1555134402095486,0.16259793073650727,-0.0023081133204531368,-0.0030083981623578726,-0.005109943578108162,-0.0020884201951731837,1.0,-0.012976629936093682,-0.022236524564084984,-0.005133323678132715,0.003630103740965057,0.0056634304207119745,20,20
non_financial_large_cap_revenue_1b,Non-financial companies with revenue >= $1B,Full-assignment candidate,Full Assignment|Agglomerative,Agglomerative,0,Free Cash Flow Margin,0.07508638419456803,0.07559197201074386,0.07473395076008717,0.0779878199263525,0.07387187793345065,0.07803411633109619,0.00012547664684790794,0.00018006050957526665,-4.127151436144338e-05,0.0013656447568345634,0.6,0.001105550632797756,-0.00011530247638123489,0.009527846524044778,0.0008303967637066729,0.0008833922261484099,20,20
non_financial_large_cap_revenue_1b,Non-financial companies with revenue >= $1B,Full-assignment candidate,Full Assignment|Agglomerative,Agglomerative,0,Operating Cash Flow Margin,0.13919426299722654,0.1387688456401076,0.1372785888048744,0.14109002234570261,0.13658328595793065,0.1412811328586633,-0.001137420492347524,-0.0015834492377605203,-0.003159442403311599,-0.0001213693158049581,0.9,-0.0053755074278070275,-0.013246152601412117,0.0,0.005133816554984254,0.006514657980456026,20,20
non_financial_large_cap_revenue_1b,Non-financial companies with revenue >= $1B,Full-assignment candidate,Full Assignment|Agglomerative,Agglomerative,0,Return on Assets,0.04002981465539069,0.040359454002032114,0.038921019402063585,0.040614880737577755,0.03825016839205615,0.04155686485559838,-0.0004172982591425095,-0.0006088826009418985,-0.0010932048974059562,0.00013036708837261347,0.8,-0.005095625083122895,-0.013118696532902268,0.0010256276745494414,0.002161554372235668,0.00265017667844523,20,20
non_financial_large_cap_revenue_1b,Non-financial companies with revenue >= $1B,Full-assignment candidate,Full Assignment|Agglomerative,Agglomerative,0,Revenue per Employee,495310.4971988796,493577.77777777775,481062.868004419,501678.7993920972,466748.0454868515,505714.28571428574,-37685.11803817167,-38108.21612777744,-55747.196810393885,-31859.32123872907,1.0,-0.020185358289192375,-0.04767940120185159,-0.014924711823941068,0.0504628893447724,0.055315471045808126,20,20
non_financial_large_cap_revenue_1b,Non-financial companies with revenue >= $1B,Full-assignment candidate,Full Assignment|Agglomerative,Agglomerative,1,Asset Turnover,0.569281380433301,0.510797827903091,0.49574890884717476,0.604193911179723,0.470827537750957,0.6927896983771606,-0.11062149058512494,-0.16932397254980913,-0.18400460499808738,-0.07619619568353084,0.95,-0.2711720834491024,-0.2950289307505567,-0.12246543893978198,0.0,0.0,20,20
non_financial_large_cap_revenue_1b,Non-financial companies with revenue >= $1B,Full-assignment candidate,Full Assignment|Agglomerative,Agglomerative,1,Current Ratio,1.2290112316000914,1.1982891128408313,1.152067347782254,1.3254750428564466,1.0954726231867669,1.3812450245070915,-0.2561763269216608,-0.27956082615404754,-0.34101850904921127,-0.1694391654369802,1.0,-0.22662115344407152,-0.27391279172668537,-0.13393504096143066,0.019958616765745014,0.03125,20,20
non_financial_large_cap_revenue_1b,Non-financial companies with revenue >= $1B,Full-assignment candidate,Full Assignment|Agglomerative,Agglomerative,1,Debt Ratio,0.26758957654723126,0.2751199136349996,0.261638878811239,0.2971831997961768,0.2519366015356705,0.3287811728517301,-0.05748395941854112,-0.04839227286045175,-0.06305754863186469,-0.029171234844563607,1.0,-0.1619716768527546,-0.2144788581356414,-0.07921654560356745,0.01249938527745759,0.024539877300613498,20,20
non_financial_large_cap_revenue_1b,Non-financial companies with revenue >= $1B,Full-assignment candidate,Full Assignment|Agglomerative,Agglomerative,1,EBITDA Margin,0.19582567155125022,0.25324285745108616,0.1839152680609082,0.3026279958688078,0.1786053107752601,0.31578777559458937,0.03384132570688245,0.0887186564474844,0.02573732697884115,0.13828081863961056,1.0,0.34391723375182637,0.11307699027133328,0.5979894722713192,0.022770785539354882,0.031746031746031744,20,20
non_financial_large_cap_revenue_1b,Non-financial companies with revenue >= $1B,Full-assignment candidate,Full Assignment|Agglomerative,Agglomerative,1,Free Cash Flow Margin,0.07015040583845993,0.07164813061146993,0.058336426423493085,0.08440464546603399,0.05018239577390257,0.10440957409044543,-0.004810501709260201,-0.003605526959818278,-0.01663440748282101,0.0078023230576215515,0.75,-0.027991787294722258,-0.12599053038471733,0.05993240323616696,0.0,0.0,20,20
non_financial_large_cap_revenue_1b,Non-financial companies with revenue >= $1B,Full-assignment candidate,Full Assignment|Agglomerative,Agglomerative,1,Operating Cash Flow Margin,0.15683576153594425,0.19564404856029724,0.14235254665435587,0.24835638061383924,0.1293632978582935,0.27371403582126047,0.01650407804637019,0.055029500557764954,0.001408729034472323,0.10766679906434298,0.9,0.18058916217243293,0.0,0.5767068849164791,0.02326857500255964,0.03529411764705882,20,20
non_financial_large_cap_revenue_1b,Non-financial companies with revenue >= $1B,Full-assignment candidate,Full Assignment|Agglomerative,Agglomerative,1,Return on Assets,0.04820439521172056,0.04775728008333009,0.03977507020179747,0.05115210402092907,0.03795847067392566,0.05784531661868494,0.007757282297187362,0.0066235681663126406,-0.0009897823580067306,0.010927548519745572,0.8,0.09491133554676581,-0.013462707580260571,0.15634838609424256,0.0,0.0,20,20
non_financial_large_cap_revenue_1b,Non-financial companies with revenue >= $1B,Full-assignment candidate,Full Assignment|Agglomerative,Agglomerative,1,Revenue per Employee,7812727.2727272725,7626640.376984127,5366608.076371208,8912975.379794935,4194817.658349329,10587023.58490566,7279731.657490221,7091217.415572027,4833733.337276022,8384635.937051624,1.0,7.836259737733314,6.602843829446084,8.817380087068802,0.0,0.0,20,20
non_financial_large_cap_revenue_1b,Non-financial companies with revenue >= $1B,Full-assignment candidate,Full Assignment|Gaussian Mixture,Gaussian Mixture,0,Asset Turnover,0.8251405299988528,0.8187768120710488,0.8113682236342846,0.8545502317041133,0.8086357996316625,0.8716632443531828,0.14523765898042684,0.1472897774013956,0.12841390568042388,0.1742958426238949,1.0,0.2389374142109279,0.2052989662471472,0.27952388461544675,0.0,0.0,20,20
non_financial_large_cap_revenue_1b,Non-financial companies with revenue >= $1B,Full-assignment candidate,Full Assignment|Gaussian Mixture,Gaussian Mixture,0,Current Ratio,1.5770441333322869,1.5779666934249472,1.5691520908622785,1.6096923203436895,1.5488735780061,1.6146746952218076,0.09185657481053466,0.09428447031827214,0.08550861428694609,0.10297403071237204,1.0,0.07855848461348575,0.07039138725144485,0.08789948574915091,0.002547341353651636,0.0038809831824062097,20,20
non_financial_large_cap_revenue_1b,Non-financial companies with revenue >= $1B,Full-assignment candidate,Full Assignment|Gaussian Mixture,Gaussian Mixture,0,Debt Ratio,0.3251899240303878,0.32427691026006555,0.3223727703349941,0.3274364518088802,0.3211261960823606,0.3294942188085964,0.00011638806461544693,-0.0005832166335033584,-0.0021581755855266892,0.0009817163052664355,0.4,-0.00034229926657771103,-0.007380202624864584,0.0027581017175973273,0.0018710909916554996,0.00258732212160414,20,20
non_financial_large_cap_revenue_1b,Non-financial companies with revenue >= $1B,Full-assignment candidate,Full Assignment|Gaussian Mixture,Gaussian Mixture,0,EBITDA Margin,0.12881209885151035,0.1293553124994531,0.12651719128887137,0.1315286822749899,0.12572420000820955,0.13320888176397794,-0.033172246992857424,-0.033329940995518254,-0.03731446142278248,-0.029107057592551416,1.0,-0.16109465897887237,-0.1829847096299884,-0.1474867850221458,0.0007425940071070358,0.00129366106080207,20,20
non_financial_large_cap_revenue_1b,Non-financial companies with revenue >= $1B,Full-assignment candidate,Full Assignment|Gaussian Mixture,Gaussian Mixture,0,Free Cash Flow Margin,0.07245671870118323,0.07290818099804941,0.06991086337506203,0.07407029027853014,0.0675579744439186,0.07496348584747477,-0.0025041888465369005,-0.0025835843238461303,-0.005778739307922061,-0.0007832964034264489,1.0,-0.018827530413199366,-0.04208020249808826,-0.005596200246973506,0.0012467976815557199,0.0013568521031207597,20,20
non_financial_large_cap_revenue_1b,Non-financial companies with revenue >= $1B,Full-assignment candidate,Full Assignment|Gaussian Mixture,Gaussian Mixture,0,Operating Cash Flow Margin,0.11219491971360307,0.11231162936660125,0.11037932090878791,0.11524454364220435,0.10739677295956496,0.11571225745385708,-0.02813676377597099,-0.027892610716886063,-0.03213356751069681,-0.025309840322046532,1.0,-0.1607858079363001,-0.1814918552436212,-0.14611062739528624,0.003240949961131428,0.004070556309362279,20,20
non_financial_large_cap_revenue_1b,Non-financial companies with revenue >= $1B,Full-assignment candidate,Full Assignment|Gaussian Mixture,Gaussian Mixture,0,Return on Assets,0.04135614346867557,0.041622349601232136,0.040519368923652876,0.04247934145779857,0.0402353258578021,0.043849437330228946,0.000909030554142369,0.0009866036737322913,-0.00013917279173875086,0.002004975854013285,0.85,0.013944456273051173,-0.0019516649531051938,0.027793648392877776,0.0,0.0,20,20
non_financial_large_cap_revenue_1b,Non-financial companies with revenue >= $1B,Full-assignment candidate,Full Assignment|Gaussian Mixture,Gaussian Mixture,0,Revenue per Employee,404440.34201321413,408638.9285714286,402454.24927197484,415142.85714285716,396506.7679558011,415321.3369844698,-128555.27322383714,-126729.71034132599,-132872.72420117052,-119840.92343117595,1.0,-0.16122098524797118,-0.16794958930206777,-0.1534544250517242,0.030870780376402267,0.03617571059431524,20,20
non_financial_large_cap_revenue_1b,Non-financial companies with revenue >= $1B,Full-assignment candidate,Full Assignment|Gaussian Mixture,Gaussian Mixture,1,Asset Turnover,0.4669549483291062,0.4655716188143557,0.4517995181784423,0.4686492703220874,0.44780696338996157,0.46980270937434676,-0.21294792268931972,-0.21546708073923196,-0.2280452045591845,-0.20831357392277858,1.0,-0.3430379491056121,-0.3632318374811929,-0.3343185554898679,0.0,0.0,20,20
non_financial_large_cap_revenue_1b,Non-financial companies with revenue >= $1B,Full-assignment candidate,Full Assignment|Gaussian Mixture,Gaussian Mixture,1,Current Ratio,1.2980485612091717,1.2940924842075416,1.2819994571619182,1.3204879879979152,1.274335866318064,1.3266634605475593,-0.18713899731258055,-0.19183093185040567,-0.21607120735911128,-0.16777469434246503,1.0,-0.15831947856485468,-0.17415778664240214,-0.13918428670324648,0.009576565080758706,0.012244897959183673,20,20
non_financial_large_cap_revenue_1b,Non-financial companies with revenue >= $1B,Full-assignment candidate,Full Assignment|Gaussian Mixture,Gaussian Mixture,1,Debt Ratio,0.3242698897097198,0.325042631430455,0.3218366027161026,0.3365823847904135,0.32002302700439605,0.3415778613250392,-0.0008036462560525592,0.0018080805503179476,-0.003000618686975831,0.010709874860786872,0.4,0.0,-0.000763626462273377,0.02547100379825422,0.018663445891820733,0.022448979591836733,20,20
non_financial_large_cap_revenue_1b,Non-financial companies with revenue >= $1B,Full-assignment candidate,Full Assignment|Gaussian Mixture,Gaussian Mixture,1,EBITDA Margin,0.30221911198229867,0.3061887592296131,0.28637760530707246,0.318852886206266,0.2743446336340942,0.32614831233936736,0.1402347661379309,0.14340304021961453,0.12646777863186995,0.1534495773168333,1.0,0.6858787800007211,0.592927264581457,0.7207080134915566,0.012495152186348165,0.014625228519195612,20,20
non_financial_large_cap_revenue_1b,Non-financial companies with revenue >= $1B,Full-assignment candidate,Full Assignment|Gaussian Mixture,Gaussian Mixture,1,Free Cash Flow Margin,0.0910724103077418,0.0901856170980555,0.08064819804922962,0.09854136164312616,0.0780214441861272,0.1075531433740389,0.01611150276002167,0.014860414474854602,0.006748932928204477,0.023591312824633746,1.0,0.1121623115561559,0.05165086352361308,0.1778438502343485,0.0,0.0,20,20
non_financial_large_cap_revenue_1b,Non-financial companies with revenue >= $1B,Full-assignment candidate,Full Assignment|Gaussian Mixture,Gaussian Mixture,1,Operating Cash Flow Margin,0.25322320247773655,0.2549222894605513,0.2481907502796562,0.2633570249609076,0.2411542955216382,0.26867190851024825,0.11289151898816249,0.11359531045803317,0.10818116868278711,0.12298683608382967,1.0,0.6445690580517899,0.6081508331032449,0.6814666258641925,0.01182015385222318,0.016293279022403257,20,20
non_financial_large_cap_revenue_1b,Non-financial companies with revenue >= $1B,Full-assignment candidate,Full Assignment|Gaussian Mixture,Gaussian Mixture,1,Return on Assets,0.039376747168879726,0.0391879883708467,0.03760877578028142,0.04057882112710981,0.034885249168394,0.04236156709794764,-0.0010703657456534732,-0.0017696424310995364,-0.0029869140606434874,0.00012490720214900693,0.85,-0.020841035771330653,-0.03297334559072925,9.369058068035828e-05,0.005020132059890739,0.006109979633401222,20,20
non_financial_large_cap_revenue_1b,Non-financial companies with revenue >= $1B,Full-assignment candidate,Full Assignment|Gaussian Mixture,Gaussian Mixture,1,Revenue per Employee,1473731.753622165,1474475.219135116,1341373.723433229,1526429.197353233,1295371.4285714286,1580245.9221525602,940736.1383851137,937284.4370111031,817378.5520936366,996338.6843023328,1.0,1.125750849327738,0.9791441004320688,1.235115325343314,0.06963701649013185,0.08163265306122448,20,20
non_financial_large_cap_revenue_1b,Non-financial companies with revenue >= $1B,Full-assignment candidate,Full Assignment|K-Means,K-Means,0,Asset Turnover,0.684999118632117,0.6847380036309989,0.679902871018426,0.6891894454781036,0.6770153650227727,0.6952288218111002,0.005096247613691096,0.005588545227311503,0.0026465465645651334,0.008695701644178171,1.0,0.009040522664430693,0.004249134186100704,0.014140152325304592,0.0,0.0,20,20
non_financial_large_cap_revenue_1b,Non-financial companies with revenue >= $1B,Full-assignment candidate,Full Assignment|K-Means,K-Means,0,Current Ratio,1.5084746113111278,1.5082454659712439,1.5008924964984287,1.5322155755614428,1.4847974266676878,1.5493679874687818,0.023287052789375595,0.028233866516421235,0.01972083764950332,0.033095570140967784,1.0,0.020123535433605032,0.013034784979613955,0.024539997707695396,0.00385655218392989,0.0050335570469798654,20,20
non_financial_large_cap_revenue_1b,Non-financial companies with revenue >= $1B,Full-assignment candidate,Full Assignment|K-Means,K-Means,0,Debt Ratio,0.32741330322501616,0.3275290461443364,0.3250735359657724,0.33125084406577576,0.32437175364828097,0.33403543113109335,0.0023397672592437857,0.00245402194288033,0.0019018558100245165,0.0035665161338027662,1.0,0.003754218150042594,0.0005733332120611398,0.007392099419498453,0.007925039338772925,0.010067114093959731,20,20
non_financial_large_cap_revenue_1b,Non-financial companies with revenue >= $1B,Full-assignment candidate,Full Assignment|K-Means,K-Means,0,EBITDA Margin,0.15806449690531638,0.15897980035606943,0.1569285756554086,0.16138388267224074,0.15593796524656003,0.16160944694925472,-0.003919848939051396,-0.0034266268479524187,-0.005151590675351703,-0.0021226507634363677,1.0,-0.01501668002217102,-0.022054886131733422,-0.008665947849100249,0.0031859999340171697,0.0042158516020236085,20,20
non_financial_large_cap_revenue_1b,Non-financial companies with revenue >= $1B,Full-assignment candidate,Full Assignment|K-Means,K-Means,0,Free Cash Flow Margin,0.0753537046612657,0.07550276729630225,0.07496064971774466,0.07704874538940085,0.07473274780483317,0.0780277802586117,0.000392797113545576,0.0006034887405077446,3.078521625666242e-05,0.001078155179040076,0.9,0.004112328834259427,0.0,0.008310028381874304,0.0008384114698489467,0.0008438818565400844,20,20
non_financial_large_cap_revenue_1b,Non-financial companies with revenue >= $1B,Full-assignment candidate,Full Assignment|K-Means,K-Means,0,Operating Cash Flow Margin,0.13829180140764694,0.13868948345981763,0.13749502782418221,0.14029211434345684,0.13678258410408223,0.1406427252477912,-0.0020398820819271246,-0.0018844805628788763,-0.002778747608212481,-0.0012371431510141853,1.0,-0.0067442654502690835,-0.010514412396614593,-0.001876613225902785,0.005241259680797203,0.00672834314550042,20,20
non_financial_large_cap_revenue_1b,Non-financial companies with revenue >= $1B,Full-assignment candidate,Full Assignment|K-Means,K-Means,0,Return on Assets,0.040084863000832416,0.04025968164744122,0.03931293367508907,0.04113908902337169,0.03834717698945592,0.041648907584763764,-0.0003622499137007837,-0.00024794245922510685,-0.0010754695032955757,-0.00011603059983985364,0.95,-0.002068182606757993,-0.01420847821413398,0.0,0.0021796588902297707,0.002531645569620253,20,20
non_financial_large_cap_revenue_1b,Non-financial companies with revenue >= $1B,Full-assignment candidate,Full Assignment|K-Means,K-Means,0,Revenue per Employee,485414.0425531915,486970.0854700855,483270.57251246565,492417.15687990433,479786.70634920633,495310.4971988796,-47581.57268385979,-46037.511377400864,-50423.81844385515,-40947.93325918307,1.0,-0.0352416382707288,-0.0403946292471023,-0.02923387088319584,0.05093371656509784,0.05564924114671164,20,20
non_financial_large_cap_revenue_1b,Non-financial companies with revenue >= $1B,Full-assignment candidate,Full Assignment|K-Means,K-Means,1,Asset Turnover,0.5484918928266771,0.5261554243081953,0.5086637151059191,0.6022440104729372,0.5086637151059191,0.6022440104729372,-0.13141097819174885,-0.15139342932066563,-0.16900461791169777,-0.08232867071523108,1.0,-0.24124569200142001,-0.2705365282509807,-0.12928153587394203,0.0,0.0,20,20
non_financial_large_cap_revenue_1b,Non-financial companies with revenue >= $1B,Full-assignment candidate,Full Assignment|K-Means,K-Means,1,Current Ratio,1.231475331255349,1.231475331255349,1.215340553162314,1.2654936592174602,1.1994472343896705,1.2722188633615477,-0.2537122272664032,-0.2494416455556353,-0.28370893692533183,-0.2160964990026346,1.0,-0.19639931442857667,-0.23858612307031038,-0.1759787904725313,0.01883947629386018,0.025423728813559324,20,20
non_financial_large_cap_revenue_1b,Non-financial companies with revenue >= $1B,Full-assignment candidate,Full Assignment|K-Means,K-Means,1,Debt Ratio,0.2813382297727183,0.2739857622277573,0.26383135732756313,0.31074839123914116,0.26117366629650846,0.31502400008183207,-0.0437353061930541,-0.050402242327873964,-0.05971237463658011,-0.017483186636064713,1.0,-0.15718970437214444,-0.21127017903342232,-0.05259279787656122,0.013335216572605146,0.01694915254237288,20,20
non_financial_large_cap_revenue_1b,Non-financial companies with revenue >= $1B,Full-assignment candidate,Full Assignment|K-Means,K-Means,1,EBITDA Margin,0.2352823832627679,0.25603903437012526,0.20342885099030883,0.27530370604689763,0.20342885099030883,0.28237456031157704,0.07329803741840013,0.09310379586261795,0.04430799339783179,0.10939665623993444,1.0,0.3427110183843778,0.18581467650887215,0.4806001402981949,0.02545048226343184,0.03389830508474576,20,20
non_financial_large_cap_revenue_1b,Non-financial companies with revenue >= $1B,Full-assignment candidate,Full Assignment|K-Means,K-Means,1,Free Cash Flow Margin,0.06817645653925461,0.06895776838792855,0.058388684188103536,0.07587733252495224,0.05629890806638877,0.08666192301165968,-0.006784451008465517,-0.0053766318642115354,-0.016261886582019734,-0.0010279856959573364,0.9,-0.042470043179942685,-0.12304540377847321,-0.007636974776246225,0.0,0.0,20,20
non_financial_large_cap_revenue_1b,Non-financial companies with revenue >= $1B,Full-assignment candidate,Full Assignment|K-Means,K-Means,1,Operating Cash Flow Margin,0.18401904224863364,0.18949007427182676,0.1617960880207372,0.21782065892995164,0.15663124754033844,0.22040904218644014,0.043687358759059575,0.04775791149426575,0.02289033003637776,0.07729649274293987,1.0,0.2269067523232023,0.11018716849769278,0.35707292270911506,0.019143286546874402,0.025423728813559324,20,20
non_financial_large_cap_revenue_1b,Non-financial companies with revenue >= $1B,Full-assignment candidate,Full Assignment|K-Means,K-Means,1,Return on Assets,0.04474481690357044,0.04450282561511437,0.040569842222494504,0.04858001625058519,0.040569842222494504,0.05031954040057969,0.004297703989037241,0.0031097807914739137,0.00013698554372681276,0.00783340588537142,0.95,0.04326700623933566,0.0019387705919513723,0.11065110719491557,0.0,0.0,20,20
non_financial_large_cap_revenue_1b,Non-financial companies with revenue >= $1B,Full-assignment candidate,Full Assignment|K-Means,K-Means,1,Revenue per Employee,6650555.398321165,6867425.790754258,5961035.7882540375,7183417.368329554,5460992.998027613,7360210.0588386785,6117559.783084113,6340108.754094647,5423449.29930439,6644752.7160984175,1.0,8.175003512464338,7.275615260457474,8.84458866347641,0.0,0.0,20,20
non_financial_large_cap_revenue_1b,Non-financial companies with revenue >= $1B,HDBSCAN Pareto representative,HDBSCAN|mcs=10|ms=15,HDBSCAN,0,Asset Turnover,0.6882778275829919,0.6881392792041805,0.682449867427507,0.698012601730812,0.6794027718846802,0.7004068047337279,0.008374956564565994,0.008469925528613587,0.005666788603376505,0.015260844667345766,1.0,0.013643117871992894,0.008889537125083767,0.024248409555693507,0.0,0.0,20,20
non_financial_large_cap_revenue_1b,Non-financial companies with revenue >= $1B,HDBSCAN Pareto representative,HDBSCAN|mcs=10|ms=15,HDBSCAN,0,Current Ratio,1.5017230166478552,1.502701644316132,1.4840553544677604,1.5289723636838966,1.4660846886333332,1.5449723144566403,0.01653545812610302,0.0175118403195742,0.010037747190604596,0.027606630498572482,1.0,0.012281679030639887,0.004748903114851535,0.01907433528401022,0.003910369688715542,0.005150214592274678,20,20
non_financial_large_cap_revenue_1b,Non-financial companies with revenue >= $1B,HDBSCAN Pareto representative,HDBSCAN|mcs=10|ms=15,HDBSCAN,0,Debt Ratio,0.3273550250557315,0.3275290461443364,0.32500951640101844,0.3301923735297323,0.32406466890516017,0.3316018294095437,0.002281489089959121,0.00200327586435331,0.0008906406867771277,0.0034179910648279356,1.0,0.0034080638171859953,0.0,0.0097806761844855,0.007305153009379543,0.00933786078098472,20,20
non_financial_large_cap_revenue_1b,Non-financial companies with revenue >= $1B,HDBSCAN Pareto representative,HDBSCAN|mcs=10|ms=15,HDBSCAN,0,EBITDA Margin,0.156980056980057,0.1579976336967124,0.1566816122556297,0.16055299128946082,0.15475982563159724,0.16171955311116257,-0.005004288864310785,-0.004404843427550015,-0.005651158485114466,-0.003147319520050481,1.0,-0.02120469622528906,-0.02583341733773614,-0.013513155331465576,0.003272020973866807,0.004251700680272109,20,20
non_financial_large_cap_revenue_1b,Non-financial companies with revenue >= $1B,HDBSCAN Pareto representative,HDBSCAN|mcs=10|ms=15,HDBSCAN,0,Free Cash Flow Margin,0.0755471444705595,0.07550694651161591,0.07495358648905545,0.07701359053703187,0.07447844954345191,0.07898522296325357,0.0005862369228393782,0.0005825053814859926,-1.190506427508896e-05,0.0012000130767360804,0.85,0.00377875036627646,-1.767316106062972e-05,0.008526123600772957,0.0008502084747194882,0.0008756567425569177,20,20
non_financial_large_cap_revenue_1b,Non-financial companies with revenue >= $1B,HDBSCAN Pareto representative,HDBSCAN|mcs=10|ms=15,HDBSCAN,0,Operating Cash Flow Margin,0.13797445685803644,0.1385490857634022,0.13732847218534014,0.14036715375931552,0.13647788883908613,0.14128510597579064,-0.002357226631537618,-0.0018864795687405095,-0.00291665221095386,-0.0012448605030942188,1.0,-0.006776026629902659,-0.013757035975493591,-0.0032671667486231497,0.005316193318267133,0.0069084628670120895,20,20
non_financial_large_cap_revenue_1b,Non-financial companies with revenue >= $1B,HDBSCAN Pareto representative,HDBSCAN|mcs=10|ms=15,HDBSCAN,0,Return on Assets,0.04027569211813176,0.040452846398095,0.0398027453157461,0.04166865378721991,0.03841391052597784,0.04178603378070929,-0.00017142079640143637,-4.8739166181147736e-05,-0.0006158515627477504,0.0004066084000506414,0.6,0.0,-0.006764221911442887,0.0030060532602226905,0.0022101848759715622,0.002626970227670753,20,20
non_financial_large_cap_revenue_1b,Non-financial companies with revenue >= $1B,HDBSCAN Pareto representative,HDBSCAN|mcs=10|ms=15,HDBSCAN,0,Revenue per Employee,484830.03246753244,485113.6018237082,479644.3993506493,489453.00905405526,470651.5,496517.85714285716,-48165.582769518835,-48670.81262568047,-55911.73638535563,-43265.62734849398,1.0,-0.03900438877053967,-0.05024788095869912,-0.033829555064697786,0.049308981825169726,0.0542832909245123,20,20
non_financial_large_cap_revenue_1b,Non-financial companies with revenue >= $1B,HDBSCAN Pareto representative,HDBSCAN|mcs=10|ms=15,HDBSCAN,1,Asset Turnover,0.5028421774621865,0.5083621390899926,0.4833892356014073,0.5482412198929223,0.4803244158812223,0.798166414908255,-0.17706069355623943,-0.17062526780304804,-0.1887387935766676,-0.1312586636499067,0.95,-0.27617665497396426,-0.31161413213224226,-0.20835008965841897,0.0,0.0,20,20
non_financial_large_cap_revenue_1b,Non-financial companies with revenue >= $1B,HDBSCAN Pareto representative,HDBSCAN|mcs=10|ms=15,HDBSCAN,1,Current Ratio,1.0866653192235018,1.0825859243474418,1.0603079994512565,1.17050535273959,1.0512083781496848,1.181006048209581,-0.39852223929825037,-0.38233031377445403,-0.4334928537425557,-0.32031821192888876,1.0,-0.3309724253919839,-0.3717696662611361,-0.27035389420400596,0.009471514688031042,0.021739130434782608,20,20
non_financial_large_cap_revenue_1b,Non-financial companies with revenue >= $1B,HDBSCAN Pareto representative,HDBSCAN|mcs=10|ms=15,HDBSCAN,1,Debt Ratio,0.2914194815308607,0.2940283538823367,0.27130467112666845,0.31232737930019955,0.26624474431023526,0.32024934223171964,-0.03365405443491165,-0.033027120153436035,-0.053597848278387275,-0.012657583990563067,1.0,-0.11983333952093242,-0.20046913004381894,-0.04579061128016043,0.0,0.0,20,20
non_financial_large_cap_revenue_1b,Non-financial companies with revenue >= $1B,HDBSCAN Pareto representative,HDBSCAN|mcs=10|ms=15,HDBSCAN,1,EBITDA Margin,0.2315560974159208,0.2150276915557832,0.19504491598745327,0.2677311945071862,0.1512485408999484,0.310586028667082,0.06957175157155301,0.04866921523381146,0.032811269341863694,0.10377982968066156,0.95,0.2247906233295081,0.1586902529838084,0.4924117211392464,0.011652565344691456,0.024390243902439025,20,20
non_financial_large_cap_revenue_1b,Non-financial companies with revenue >= $1B,HDBSCAN Pareto representative,HDBSCAN|mcs=10|ms=15,HDBSCAN,1,Free Cash Flow Margin,0.072831247895369,0.07314585538447993,0.06650654074042216,0.09473548931189936,0.05086603184647336,0.1090580989462489,-0.0021296596523511235,-0.001805404973667421,-0.008527313957625727,0.01976350360031814,0.65,-0.013494663374307929,-0.06760194943118192,0.15075369465885904,0.0,0.0,20,20
non_financial_large_cap_revenue_1b,Non-financial companies with revenue >= $1B,HDBSCAN Pareto representative,HDBSCAN|mcs=10|ms=15,HDBSCAN,1,Operating Cash Flow Margin,0.16507970416453346,0.16044827958815086,0.15082312064245743,0.19485486767531507,0.1067668781458823,0.25454969203043604,0.024748020674959403,0.019085966733375995,0.012264143971420128,0.054922667125772796,0.95,0.09268989226387744,0.0273341906524277,0.1615778200414441,0.0327104998771043,0.05084745762711865,20,20
non_financial_large_cap_revenue_1b,Non-financial companies with revenue >= $1B,HDBSCAN Pareto representative,HDBSCAN|mcs=10|ms=15,HDBSCAN,1,Return on Assets,0.04652322210370616,0.04797400400320069,0.04408663599774215,0.04953204174083727,0.03989175438773891,0.05643702215779986,0.006076109189172958,0.0065665893340562664,0.003468019863589476,0.008928244434040488,0.9,0.09375566177703071,0.04879882187914626,0.1267371020576694,0.0,0.0,20,20
non_financial_large_cap_revenue_1b,Non-financial companies with revenue >= $1B,HDBSCAN Pareto representative,HDBSCAN|mcs=10|ms=15,HDBSCAN,1,Revenue per Employee,8718020.417070702,9114980.340871362,7932927.215189873,10591812.850617051,7702468.959661347,10808969.831651134,8185024.80183365,8581228.033464665,7402897.30819958,10052159.774694918,1.0,8.175003512464338,7.277459832109346,8.84458866347641,0.0,0.0,20,20
non_financial_large_cap_revenue_1b,Non-financial companies with revenue >= $1B,HDBSCAN Pareto representative,HDBSCAN|mcs=10|ms=5,HDBSCAN,0,Asset Turnover,0.690343064311226,0.6902067811582842,0.6851086448441264,0.7026495136062971,0.6835271523433291,0.7789232018079444,0.010440193292800104,0.012989879890768385,0.00777191198027769,0.02296885007989624,1.0,0.020199078583053948,0.012697131568623711,0.037244903363171517,0.0,0.0,20,20
non_financial_large_cap_revenue_1b,Non-financial companies with revenue >= $1B,HDBSCAN Pareto representative,HDBSCAN|mcs=10|ms=5,HDBSCAN,0,Current Ratio,1.4998921925312665,1.5013487691937444,1.472411481979988,1.5105721082887411,1.4471030255091952,1.5438143676370615,0.014704634009514272,0.012685290141313366,-0.0028842294629455086,0.022813485903847668,0.8,0.006691212600427902,-0.00010110637461781252,0.014044676302603622,0.003972759139493534,0.005194805194805195,20,20
non_financial_large_cap_revenue_1b,Non-financial companies with revenue >= $1B,HDBSCAN Pareto representative,HDBSCAN|mcs=10|ms=5,HDBSCAN,0,Debt Ratio,0.32741330322501616,0.3268964855841436,0.3247708148825652,0.33054000079460455,0.3241622540854041,0.33250507184031053,0.0023397672592437857,0.0018889779480934232,0.000780784466118989,0.003223978863522259,0.95,0.0030449063682573426,0.0,0.00774751068417076,0.006479058019254987,0.009515570934256055,20,20
non_financial_large_cap_revenue_1b,Non-financial companies with revenue >= $1B,HDBSCAN Pareto representative,HDBSCAN|mcs=10|ms=5,HDBSCAN,0,EBITDA Margin,0.1575220854728376,0.15762950511605409,0.15539292176305028,0.1602092855260986,0.14353820456237792,0.16106965466907885,-0.004462260371530163,-0.005243891102504131,-0.006787014175519723,-0.003264758311126349,1.0,-0.023891163964459096,-0.029758516348387776,-0.015390953612282173,0.0031327160736328817,0.004340277777777778,20,20
non_financial_large_cap_revenue_1b,Non-financial companies with revenue >= $1B,HDBSCAN Pareto representative,HDBSCAN|mcs=10|ms=5,HDBSCAN,0,Free Cash Flow Margin,0.07532279941517378,0.07536167021739809,0.07467782103460513,0.07710781393342438,0.072761751211127,0.0780277802586117,0.00036189186745365365,0.0003053816086394309,-0.00017735496710812162,0.0009572795522538592,0.75,0.002053745733868022,-0.0007977423242416963,0.006556444778415432,0.0008294809501071361,0.0009551098376313276,20,20
non_financial_large_cap_revenue_1b,Non-financial companies with revenue >= $1B,HDBSCAN Pareto representative,HDBSCAN|mcs=10|ms=5,HDBSCAN,0,Operating Cash Flow Margin,0.1374854070801234,0.13765597359742732,0.13635065573929833,0.13984730854386765,0.1191589385616259,0.1406427252477912,-0.0028462764094506487,-0.0025712584490870383,-0.004441188071424257,-0.0018990877781224652,1.0,-0.010434328966717882,-0.02185505467022814,-0.00453363468757615,0.005024532398933617,0.006944444444444444,20,20
non_financial_large_cap_revenue_1b,Non-financial companies with revenue >= $1B,HDBSCAN Pareto representative,HDBSCAN|mcs=10|ms=5,HDBSCAN,0,Return on Assets,0.040435645947409594,0.04050825053441355,0.0398102591867055,0.041778510305496015,0.0383423702556158,0.04458529846489448,-1.1466967123605065e-05,-0.00018317912083322396,-0.0008384495994853559,0.0008480017078776506,0.6,-0.0015601008454956134,-0.008962915045501558,0.009705124551298436,0.0017817138084685903,0.002617801047120419,20,20
non_financial_large_cap_revenue_1b,Non-financial companies with revenue >= $1B,HDBSCAN Pareto representative,HDBSCAN|mcs=10|ms=5,HDBSCAN,0,Revenue per Employee,481870.3333333333,479822.20944468735,459413.71514054027,488697.4388493496,393326.1339092873,493409.5785440613,-51125.28190371796,-52868.78546077019,-76607.67925453829,-46524.85780264587,1.0,-0.04728846681620658,-0.07369400575883418,-0.0398531694372613,0.04819298687067562,0.053800170794193,20,20
non_financial_large_cap_revenue_1b,Non-financial companies with revenue >= $1B,HDBSCAN Pareto representative,HDBSCAN|mcs=10|ms=5,HDBSCAN,1,Asset Turnover,0.5034266280745101,0.5016395232630213,0.4658503982393296,0.6405571611138811,0.37851687003653417,0.798166414908255,-0.17647624294391584,-0.17842047120432797,-0.212463013937609,-0.04382666230431184,0.95,-0.2810980814952948,-0.34508380913471465,-0.068336492433789,0.0,0.0,20,20
non_financial_large_cap_revenue_1b,Non-financial companies with revenue >= $1B,HDBSCAN Pareto representative,HDBSCAN|mcs=10|ms=5,HDBSCAN,1,Current Ratio,1.0785065294713818,1.0759965944043806,0.9836686111960089,1.1746708401156578,0.9491646627843127,1.2132559343744038,-0.4066810290503704,-0.40745349138371245,-0.5018772825698287,-0.3205659930877951,1.0,-0.3473699235806335,-0.4257923987241966,-0.26728671639154045,0.002370062857678957,0.017543859649122806,20,20
non_financial_large_cap_revenue_1b,Non-financial companies with revenue >= $1B,HDBSCAN Pareto representative,HDBSCAN|mcs=10|ms=5,HDBSCAN,1,Debt Ratio,0.2914194815308607,0.28274616073071407,0.26603227039185523,0.3356148572541058,0.26233806946945804,0.378599357831262,-0.03365405443491165,-0.04287300113263942,-0.05745415307053098,0.009381281356855554,0.85,-0.15614637501696665,-0.21019919870647247,0.019711022964070374,0.0008928571428571428,0.017857142857142856,20,20
non_financial_large_cap_revenue_1b,Non-financial companies with revenue >= $1B,HDBSCAN Pareto representative,HDBSCAN|mcs=10|ms=5,HDBSCAN,1,EBITDA Margin,0.2065812910660067,0.23439149410346172,0.18149129566405695,0.2941413092041901,0.15058238587263534,0.38928518781346527,0.04459694522163893,0.07227373537515257,0.022055194064010134,0.12784321057650347,0.95,0.3582854481148505,0.11060018804936984,0.6189711572264263,0.0031276386152547147,0.030303030303030304,20,20
non_financial_large_cap_revenue_1b,Non-financial companies with revenue >= $1B,HDBSCAN Pareto representative,HDBSCAN|mcs=10|ms=5,HDBSCAN,1,Free Cash Flow Margin,0.07314585538447993,0.07380862245830865,0.05484237484641014,0.11522609018819623,0.05086603184647336,0.1416421328099444,-0.0018150521632401967,-0.0010803541334076239,-0.02018143906732065,0.03838317978538386,0.55,-0.008200924846819203,-0.1604095543130884,0.29192469555483647,0.0,0.0,20,20
non_financial_large_cap_revenue_1b,Non-financial companies with revenue >= $1B,HDBSCAN Pareto representative,HDBSCAN|mcs=10|ms=5,HDBSCAN,1,Operating Cash Flow Margin,0.16044827958815086,0.16205724132397809,0.12956058742790597,0.26389007044870444,0.1067668781458823,0.30587942201191465,0.0201165960985768,0.02149795990240433,-0.010392010361867888,0.1211039912769456,0.85,0.11344977521275756,-0.0030853202189640738,0.653888893591165,0.025462869043040126,0.038461538461538464,20,20
non_financial_large_cap_revenue_1b,Non-financial companies with revenue >= $1B,HDBSCAN Pareto representative,HDBSCAN|mcs=10|ms=5,HDBSCAN,1,Return on Assets,0.04849926347886055,0.04812759814221394,0.04474481690357044,0.051081315131191844,0.039292372678354275,0.055308403381014656,0.00805215056432735,0.007620477698147485,0.003611693626042236,0.011113516318987493,0.95,0.10671008709557347,0.05089559224645992,0.15782729191830766,0.0,0.0,20,20
non_financial_large_cap_revenue_1b,Non-financial companies with revenue >= $1B,HDBSCAN Pareto representative,HDBSCAN|mcs=10|ms=5,HDBSCAN,1,Revenue per Employee,9114980.340871362,9114980.340871362,8000336.361658969,10239040.70251562,7702468.959661347,18678702.479338843,8581984.72563431,8581228.033464665,7479063.49997072,9708993.416843763,1.0,8.175003512464338,7.277459832109346,8.84458866347641,0.0,0.0,20,20
technology_revenue_25m,Technology companies with revenue >= $25M,Full-assignment candidate,Full Assignment|Agglomerative,Agglomerative,0,Asset Turnover,0.6362428265097018,0.6350610349346725,0.6187502335885542,0.6517381583742368,0.610460531068531,0.6540909581272057,0.02477997241291574,0.023371268271790646,0.01325187579100059,0.02988024447482107,1.0,0.046644954212254085,0.024453977710184868,0.05633640712959213,0.0,0.0,20,20
technology_revenue_25m,Technology companies with revenue >= $25M,Full-assignment candidate,Full Assignment|Agglomerative,Agglomerative,0,Current Ratio,1.7470992502684448,1.822413889640936,1.7389930883749005,1.9221688621916102,1.7142355455452378,1.9248290071032426,-0.037581139621788884,0.012270977136593864,-0.01705702354925389,0.05083236618432605,0.25,0.006406920753094472,-0.008928377935640785,0.03067906389618735,0.001529559819706069,0.0028653295128939827,20,20
technology_revenue_25m,Technology companies with revenue >= $25M,Full-assignment candidate,Full Assignment|Agglomerative,Agglomerative,0,Debt Ratio,0.1854500554015071,0.183373683628753,0.16799258937188813,0.19444809160390553,0.16190682306771126,0.1965677786140393,0.004417982611387261,0.002672954485717749,-0.006043170257633018,0.011763424213136083,0.7,0.0,-0.002618717065704813,0.013938684963992587,0.02197467542199961,0.027707808564231738,20,20
technology_revenue_25m,Technology companies with revenue >= $25M,Full-assignment candidate,Full Assignment|Agglomerative,Agglomerative,0,EBITDA Margin,0.11062472073309143,0.12533530091028172,0.10562593680861972,0.13947799631363633,0.09369941256724373,0.14978291813422384,0.017584885764038466,0.03314655746860065,0.014389500819255812,0.047928254153226005,1.0,0.14314128922392302,0.061846792018205504,0.20919010178574693,0.00035439590576163635,0.002403846153846154,20,20
technology_revenue_25m,Technology companies with revenue >= $25M,Full-assignment candidate,Full Assignment|Agglomerative,Agglomerative,0,Free Cash Flow Margin,0.10715248264973622,0.12443185432308264,0.10573074068415074,0.1404747313786678,0.09691539888469114,0.14107622740817066,0.018270898505488478,0.03558607479373333,0.019040135616794334,0.049150840165559956,1.0,0.17576735610486188,0.09953115504818459,0.24097499760927893,0.0024147874258884333,0.0028653295128939827,20,20
technology_revenue_25m,Technology companies with revenue >= $25M,Full-assignment candidate,Full Assignment|Agglomerative,Agglomerative,0,Operating Cash Flow Margin,0.16036276890869847,0.16742254270395562,0.15879012864665384,0.17945648886453172,0.1484091610165314,0.1832038341931657,0.020340403362352294,0.026450076123695015,0.018450558066223508,0.03546714140562349,1.0,0.12139655223034523,0.08497791655615276,0.16646637696645522,0.0060782957293860585,0.008310249307479225,20,20
technology_revenue_25m,Technology companies with revenue >= $25M,Full-assignment candidate,Full Assignment|Agglomerative,Agglomerative,0,Return on Assets,0.02669341791151724,0.03125602274287831,0.02480898316868872,0.039487048463985756,0.02098404950753944,0.04049549447575515,0.008345448359922788,0.013823626000890986,0.007095763266272451,0.021447782939188302,1.0,0.10330922038056675,0.05468996247206754,0.16240929230412562,0.0,0.0,20,20
technology_revenue_25m,Technology companies with revenue >= $25M,Full-assignment candidate,Full Assignment|Agglomerative,Agglomerative,0,Revenue per Employee,393644.5868945869,395114.7703842549,384496.1019441675,404536.1771932264,380387.3971423653,408690.0,15035.397705397743,12969.392468811217,5890.746738211077,24930.25780507713,1.0,0.005638020591056179,0.0,0.04409707931372995,0.041392858184019325,0.05301204819277108,20,20
technology_revenue_25m,Technology companies with revenue >= $25M,Full-assignment candidate,Full Assignment|Agglomerative,Agglomerative,1,Asset Turnover,0.3802845216130474,0.49231156157269385,0.38018011919625516,0.5187118919326722,0.3792404974451253,0.5387164947496013,-0.23117833248373865,-0.11434389497424907,-0.232454247528948,-0.07941884611484876,1.0,-0.2170735532211588,-0.4545272390263535,-0.147905289793808,0.0,0.0,20,20
technology_revenue_25m,Technology companies with revenue >= $25M,Full-assignment candidate,Full Assignment|Agglomerative,Agglomerative,1,Current Ratio,2.462675288319787,1.730061694514458,1.659083305154542,2.0870458399440484,1.614919229543141,2.701103090578988,0.6779948984295534,-0.0740472865574825,-0.17496374664184186,0.2767907319798499,0.35,-0.04665215570998792,-0.10455340089940293,0.1786018817167435,0.0,0.0,20,20
technology_revenue_25m,Technology companies with revenue >= $25M,Full-assignment candidate,Full Assignment|Agglomerative,Agglomerative,1,Debt Ratio,0.1133915115385763,0.13325531263311116,0.11150885924440641,0.21013400927000075,0.09843649684655766,0.2112130996216157,-0.06764056125154355,-0.04333504615153086,-0.07014685347483618,0.028324622791607367,0.7,-0.1480411924299393,-0.240063725749722,0.09427018568674281,0.0015214961446251539,0.011363636363636364,20,20
technology_revenue_25m,Technology companies with revenue >= $25M,Full-assignment candidate,Full Assignment|Agglomerative,Agglomerative,1,EBITDA Margin,-0.5662247444431445,-0.33007952740331303,-0.56612648241388,-0.28419918537907035,-0.829268036436253,-0.1902741542903505,-0.6592645794121975,-0.4251356393465948,-0.6562869183148918,-0.3756095329918972,1.0,-1.9065697243236066,-2.8851528019950754,-1.603341498470329,0.006393314724990921,0.014285714285714285,20,20
technology_revenue_25m,Technology companies with revenue >= $25M,Full-assignment candidate,Full Assignment|Agglomerative,Agglomerative,1,Free Cash Flow Margin,-0.5961915030359755,-0.355873246133953,-0.6375200427562646,-0.18084589529261283,-0.9932524935686138,-0.14126441751671107,-0.6850730871802232,-0.4421951634960105,-0.7223379920193447,-0.27156054455454265,1.0,-2.178809033757841,-3.6767540047953045,-1.3981418931483782,0.0,0.0,20,20
technology_revenue_25m,Technology companies with revenue >= $25M,Full-assignment candidate,Full Assignment|Agglomerative,Agglomerative,1,Operating Cash Flow Margin,-0.46874338347220845,-0.2505422284158217,-0.515068896877895,-0.11719648492223388,-0.678170107059253,-0.08187356740729439,-0.6087657490185546,-0.39341277582986917,-0.6464368332843535,-0.2600713570292655,1.0,-1.8597193062517579,-2.6991660530582298,-1.2473990901487402,0.0,0.0,20,20
technology_revenue_25m,Technology companies with revenue >= $25M,Full-assignment candidate,Full Assignment|Agglomerative,Agglomerative,1,Return on Assets,-0.2340771259551095,-0.23368680177993043,-0.28300549589495716,-0.20172628369211273,-0.3376009525086294,-0.15797568836769388,-0.25242509550670394,-0.2534871959672531,-0.30282016793907723,-0.2210070772945491,1.0,-1.9883439739175466,-2.3776072869650116,-1.688307374867591,0.0,0.0,20,20
technology_revenue_25m,Technology companies with revenue >= $25M,Full-assignment candidate,Full Assignment|Agglomerative,Agglomerative,1,Revenue per Employee,220504.31778929188,307045.99034884374,219993.8787932504,344665.1886600324,208468.471197444,360273.0,-158104.8713998973,-71020.06057082306,-155385.0051633953,-35153.19619052675,1.0,-0.14207450295703222,-0.3507601810523028,-0.0437165556462825,0.09889198566946898,0.1282051282051282,20,20
technology_revenue_25m,Technology companies with revenue >= $25M,Full-assignment candidate,Full Assignment|Gaussian Mixture,Gaussian Mixture,0,Asset Turnover,0.5088058168742835,0.5094238110638287,0.4728571345584913,0.5222638668151973,0.45954127294534836,0.5232397021678652,-0.10265703722250252,-0.10246307072026173,-0.13548641697958883,-0.09091274574668112,1.0,-0.1960896051948929,-0.2797739968040398,-0.17572935177047205,0.0,0.0,20,20
technology_revenue_25m,Technology companies with revenue >= $25M,Full-assignment candidate,Full Assignment|Gaussian Mixture,Gaussian Mixture,0,Current Ratio,2.1453234010617894,2.0277143719893447,1.8108882998397462,2.5179849834119086,1.7287331835859874,2.5748550279263758,0.3606430111715557,0.2561919923381597,0.041318483942202215,0.6656435053530468,0.95,0.16250696863099287,0.02431270016389101,0.3917295867066239,0.0008952946852864819,0.006289308176100629,20,20
technology_revenue_25m,Technology companies with revenue >= $25M,Full-assignment candidate,Full Assignment|Gaussian Mixture,Gaussian Mixture,0,Debt Ratio,0.1455342256401923,0.14668757715671646,0.1200731784733918,0.16758906488402875,0.09815823740556162,0.18541820230299444,-0.03549784714992754,-0.02853176279453659,-0.05877687615582855,-0.008863759531641204,0.95,-0.07246859964551884,-0.16235550696017642,-0.011786713537886375,0.021606892738630566,0.03225806451612903,20,20
technology_revenue_25m,Technology companies with revenue >= $25M,Full-assignment candidate,Full Assignment|Gaussian Mixture,Gaussian Mixture,0,EBITDA Margin,0.0319757567803403,0.01585870826261675,-0.04497564098162985,0.06492401215805471,-0.14432035190003584,0.06671556199321323,-0.061064078188712664,-0.07496251054332029,-0.13586556898620833,-0.02718546347674083,1.0,-0.3077202773022839,-0.5778200408535755,-0.11999445026025199,0.004374770796598318,0.007575757575757576,20,20
technology_revenue_25m,Technology companies with revenue >= $25M,Full-assignment candidate,Full Assignment|Gaussian Mixture,Gaussian Mixture,0,Free Cash Flow Margin,-0.005370953973682374,-0.019924672238556148,-0.051868238029135885,0.008737160848204048,-0.11614845830322121,0.010909329181288476,-0.09425253811793011,-0.11252581865202935,-0.14129058626370458,-0.08373161812062607,1.0,-0.5471627174616925,-0.6934621209239774,-0.437002158335813,0.005914537908354065,0.007575757575757576,20,20
technology_revenue_25m,Technology companies with revenue >= $25M,Full-assignment candidate,Full Assignment|Gaussian Mixture,Gaussian Mixture,0,Operating Cash Flow Margin,0.07170940652189199,0.04618397370374404,0.019822893149690688,0.09895489490213503,-0.03104914228507534,0.1082233003292574,-0.06831295902445418,-0.09862646485848975,-0.11306640793903092,-0.0428171951165631,1.0,-0.43863889860772926,-0.5282994778948487,-0.17342977495168438,0.014873404889003563,0.01935483870967742,20,20
technology_revenue_25m,Technology companies with revenue >= $25M,Full-assignment candidate,Full Assignment|Gaussian Mixture,Gaussian Mixture,0,Return on Assets,-0.0203524404473875,-0.025514227593262176,-0.04349838666345874,0.012680475240721764,-0.15797568836769388,0.015223480696626476,-0.03870040999898196,-0.04366381966316762,-0.060807629201311574,-0.005156489857004567,1.0,-0.3413394774491151,-0.4755009935522669,-0.04056976900729423,0.0,0.0,20,20
technology_revenue_25m,Technology companies with revenue >= $25M,Full-assignment candidate,Full Assignment|Gaussian Mixture,Gaussian Mixture,0,Revenue per Employee,620516.780185419,622757.9746613179,427185.7656454264,706630.1582333075,364604.27310729213,740725.6235827664,241907.59099622985,244262.27640151823,56257.70352696438,327737.99299417646,0.95,0.5312972224983938,0.0,0.870240915927266,0.0665018417855352,0.11363636363636363,20,20
technology_revenue_25m,Technology companies with revenue >= $25M,Full-assignment candidate,Full Assignment|Gaussian Mixture,Gaussian Mixture,1,Asset Turnover,0.662541206521778,0.6548775691918305,0.6361537600532391,0.6854326514101453,0.6346408789538341,0.6924860497048935,0.051078352424991924,0.04434285961564388,0.029696333545349875,0.06564956952173949,1.0,0.08476640029059038,0.059053962886837424,0.13510377083218764,0.0,0.0,20,20
technology_revenue_25m,Technology companies with revenue >= $25M,Full-assignment candidate,Full Assignment|Gaussian Mixture,Gaussian Mixture,1,Current Ratio,1.6693583723289933,1.7144038136517583,1.6427073813235848,1.7912399010010915,1.6066175861766219,1.8731566120754906,-0.11532201756124039,-0.0815176798610946,-0.16678706704709323,0.0,0.85,-0.05068819927800655,-0.10602417761881379,0.0,0.001455344638164894,0.003424657534246575,20,20
technology_revenue_25m,Technology companies with revenue >= $25M,Full-assignment candidate,Full Assignment|Gaussian Mixture,Gaussian Mixture,1,Debt Ratio,0.19493422927340381,0.1938206702866367,0.1796951200917013,0.20647117253122477,0.17615711156876077,0.2238748219519025,0.013902156483283967,0.01226224540949522,0.004351219696981554,0.02991774087816115,0.95,0.03221368115243641,0.0,0.09318226157255709,0.017328375669953676,0.02702702702702703,20,20
technology_revenue_25m,Technology companies with revenue >= $25M,Full-assignment candidate,Full Assignment|Gaussian Mixture,Gaussian Mixture,1,EBITDA Margin,0.11133403651173886,0.11287644091918753,0.09766075659058505,0.11657994614819539,0.09447329173379582,0.11887853914968183,0.018294201542685892,0.01782342772973556,0.005686889310782763,0.02523054546645606,1.0,0.08097187691747584,0.02492037355659018,0.11189674189179626,0.0,0.0,20,20
technology_revenue_25m,Technology companies with revenue >= $25M,Full-assignment candidate,Full Assignment|Gaussian Mixture,Gaussian Mixture,1,Free Cash Flow Margin,0.12868359792579726,0.131441424402979,0.1184524993500925,0.1349671237378563,0.112160281756239,0.14043083324331868,0.03980201378154952,0.04301050572564682,0.03052461899327647,0.04903563226369523,1.0,0.21538491558154954,0.1600939687646756,0.2440987582947768,0.0,0.0,20,20
technology_revenue_25m,Technology companies with revenue >= $25M,Full-assignment candidate,Full Assignment|Gaussian Mixture,Gaussian Mixture,1,Operating Cash Flow Margin,0.15559325197029078,0.16038211579549366,0.14898427274500978,0.16509245085473068,0.14301069464564262,0.16813021652323556,0.015570886423944608,0.01818280985361645,0.007841966037649263,0.02500632319198746,1.0,0.08546487346715473,0.038034798340848434,0.11775198477193838,0.0,0.0,20,20
technology_revenue_25m,Technology companies with revenue >= $25M,Full-assignment candidate,Full Assignment|Gaussian Mixture,Gaussian Mixture,1,Return on Assets,0.026855348308726226,0.02757905885704646,0.021816727758392447,0.02870151584041389,0.019278103990582458,0.03288361822342156,0.008507378757131773,0.008236773490408526,0.002626461060411159,0.011224491102049363,1.0,0.06466900963189279,0.02020686799541277,0.08317754396094897,0.0,0.0,20,20
technology_revenue_25m,Technology companies with revenue >= $25M,Full-assignment candidate,Full Assignment|Gaussian Mixture,Gaussian Mixture,1,Revenue per Employee,350546.59166115156,350962.34985691926,345158.83699237,365791.2360255078,337827.144255549,377685.04832291073,-28062.597528037615,-28316.558367918362,-38187.05748138721,-5136.826092954276,0.95,-0.055239451634548645,-0.08009304753759285,0.0,0.04209232046652682,0.06168831168831169,20,20
technology_revenue_25m,Technology companies with revenue >= $25M,Full-assignment candidate,Full Assignment|K-Means,K-Means,0,Asset Turnover,0.6354478755621231,0.633867197698933,0.6263927439621407,0.6444656324074315,0.611725717446424,0.6532637300770885,0.023985021465337097,0.025207802591129314,0.012830590636048012,0.029804509259331546,1.0,0.04811175725327331,0.02462751959925801,0.05782941813069191,0.0,0.0,20,20
technology_revenue_25m,Technology companies with revenue >= $25M,Full-assignment candidate,Full Assignment|K-Means,K-Means,0,Current Ratio,1.8316879383052915,1.8200392304777697,1.7240245966135483,1.8530026023563066,1.7192104601458387,1.9181371271126681,0.04700754841505783,0.0022063302828745357,-0.027434255594772413,0.058361784877377226,0.55,0.0008341503948355803,-0.016012683650100158,0.029405447883712268,0.001545002051021275,0.0026954177897574125,20,20
technology_revenue_25m,Technology companies with revenue >= $25M,Full-assignment candidate,Full Assignment|K-Means,K-Means,0,Debt Ratio,0.18211710785435864,0.18271019047008272,0.1738115533884129,0.1857891233588142,0.17222085610954876,0.1965677786140393,0.001085035064238793,0.003548107426720515,0.00020046881723162225,0.006620246656656389,0.9,0.0,0.0,0.0005519265456908687,0.02102157053528504,0.02680965147453083,20,20
technology_revenue_25m,Technology companies with revenue >= $25M,Full-assignment candidate,Full Assignment|K-Means,K-Means,0,EBITDA Margin,0.13457621384651297,0.1268990225293981,0.12105357762790916,0.13926174410888234,0.10937065779605437,0.1411600292522639,0.041536378877460006,0.03584270195318436,0.026891340011683303,0.04468678484273617,1.0,0.15805192784930355,0.11558094794866974,0.1954340714599316,0.0,0.0,20,20
technology_revenue_25m,Technology companies with revenue >= $25M,Full-assignment candidate,Full Assignment|K-Means,K-Means,0,Free Cash Flow Margin,0.1329996391536654,0.12815983838234069,0.11870116794737583,0.13871224336687443,0.11272801047603238,0.13955890635252122,0.04411805500941765,0.04122226550590682,0.0348870838162571,0.046905819486142995,1.0,0.21213256312865103,0.16306043786109783,0.23604805474199606,0.002460714013263423,0.0026954177897574125,20,20
technology_revenue_25m,Technology companies with revenue >= $25M,Full-assignment candidate,Full Assignment|K-Means,K-Means,0,Operating Cash Flow Margin,0.173097290361134,0.1703801664346703,0.16567483192977775,0.17776812748814194,0.1626975005192827,0.18106933670561268,0.033074924814787826,0.030369098522210647,0.02653150673930697,0.03572690347989611,1.0,0.1415495251507058,0.11954232378283856,0.16802236438334078,0.006098198527857861,0.008086253369272238,20,20
technology_revenue_25m,Technology companies with revenue >= $25M,Full-assignment candidate,Full Assignment|K-Means,K-Means,0,Return on Assets,0.037185734416148544,0.03409864921919134,0.029345965635606215,0.03913207345246598,0.02633507455433294,0.03963397648561846,0.01883776486455409,0.017322459255338873,0.011681047296649542,0.019506136864776365,1.0,0.13157333319106085,0.09390896134291735,0.15452043082568864,0.0,0.0,20,20
technology_revenue_25m,Technology companies with revenue >= $25M,Full-assignment candidate,Full Assignment|K-Means,K-Means,0,Revenue per Employee,390092.8799486961,388986.37192079413,384543.15513115824,395220.85926573427,384233.4979716025,398731.25,11483.69075950695,9335.623469950282,6247.755351764028,13236.750041954256,1.0,0.0,0.0,0.005072959864535992,0.04106072016261139,0.05121293800539083,20,20
technology_revenue_25m,Technology companies with revenue >= $25M,Full-assignment candidate,Full Assignment|K-Means,K-Means,1,Asset Turnover,0.5142120969977658,0.4937477247443154,0.44939218532016456,0.5414155763947938,0.43639176823480275,0.5427766733846762,-0.0972507570990202,-0.11400060823783104,-0.15199307065508164,-0.07700038385462583,1.0,-0.21951084724206832,-0.29567037038593164,-0.14616132847667793,0.0,0.0,20,20
technology_revenue_25m,Technology companies with revenue >= $25M,Full-assignment candidate,Full Assignment|K-Means,K-Means,1,Current Ratio,1.6815954863605294,1.7706914414182218,1.674534755766314,2.0467521635598125,1.6592858239340356,2.226532070340409,-0.10308490352970434,-0.047317063589599306,-0.11079708950948261,0.26490554997698196,0.55,-0.029543830434340702,-0.06923879970585067,0.16412251019866228,0.0,0.0,20,20
technology_revenue_25m,Technology companies with revenue >= $25M,Full-assignment candidate,Full Assignment|K-Means,K-Means,1,Debt Ratio,0.16495623703572487,0.15800335667049387,0.12921023755670943,0.1827472106686634,0.12351981728959235,0.18845725013257278,-0.016075835754394974,-0.026590753880048265,-0.049220991334886825,-9.248517153908877e-05,0.9,-0.08145710878394735,-0.14421774795329878,-0.0008694782246663913,0.009047519864772808,0.015384615384615385,20,20
technology_revenue_25m,Technology companies with revenue >= $25M,Full-assignment candidate,Full Assignment|K-Means,K-Means,1,EBITDA Margin,-0.3138039295030639,-0.33821374140845245,-0.44742150492568356,-0.29429840572832494,-0.49098254606769165,-0.23921911197562462,-0.4068437644721169,-0.4325992824179304,-0.5349222948448936,-0.38750332221718065,1.0,-1.962305737662744,-2.3087917312493027,-1.6316777633359276,0.008358421064152806,0.015873015873015872,20,20
technology_revenue_25m,Technology companies with revenue >= $25M,Full-assignment candidate,Full Assignment|K-Means,K-Means,1,Free Cash Flow Margin,-0.26967933562396973,-0.32267697456464,-0.44446337260519636,-0.2030212243749258,-0.4727141382868937,-0.1952283185840708,-0.35856091976821747,-0.4047559929907679,-0.538971987665139,-0.2914744991488786,1.0,-2.0086773644022635,-2.6508684435055128,-1.5090677601130493,0.0,0.0,20,20
technology_revenue_25m,Technology companies with revenue >= $25M,Full-assignment candidate,Full Assignment|K-Means,K-Means,1,Operating Cash Flow Margin,-0.1416370153486601,-0.20440063620780763,-0.3496427428815186,-0.12509632782680996,-0.37122821929451766,-0.12486563661576586,-0.2816593808950063,-0.3446827647127081,-0.48636642202719554,-0.26615486554722456,1.0,-1.6231137680211862,-2.2599239999805762,-1.3030179704736062,0.0005154639175257732,0.010309278350515464,20,20
technology_revenue_25m,Technology companies with revenue >= $25M,Full-assignment candidate,Full Assignment|K-Means,K-Means,1,Return on Assets,-0.23293485747860584,-0.252362748412789,-0.28765903991704683,-0.217990764114347,-0.31344505166167375,-0.21005008259242497,-0.2512828270302003,-0.2709248427029869,-0.3067344336922615,-0.23625642417444906,1.0,-2.060158194343119,-2.4594935997039244,-1.87611169484284,0.0,0.0,20,20
technology_revenue_25m,Technology companies with revenue >= $25M,Full-assignment candidate,Full Assignment|K-Means,K-Means,1,Revenue per Employee,343082.0895522388,322652.9889707256,302608.6326477528,363352.1050228311,298082.0346320346,364204.1385375019,-35527.099636950355,-57541.01274188995,-74981.72086141614,-18575.787250934565,1.0,-0.07867747978970993,-0.16766977338967498,0.0,0.09274235946652916,0.10526315789473684,20,20
technology_revenue_25m,Technology companies with revenue >= $25M,HDBSCAN Pareto representative,HDBSCAN|mcs=10|ms=10,HDBSCAN,0,Asset Turnover,0.6362321916633631,0.633867197698933,0.6285211926492136,0.6419235001983162,0.6163348027070168,0.7182313244641156,0.024769337566577065,0.0214633650083339,0.01289802316235067,0.031360621805385125,1.0,0.04428516488905284,0.02462111425438899,0.06518187510778027,0.0,0.0,11,20
technology_revenue_25m,Technology companies with revenue >= $25M,HDBSCAN Pareto representative,HDBSCAN|mcs=10|ms=10,HDBSCAN,0,Current Ratio,1.7876499130275565,1.8003056626626242,1.7198835325719206,1.8444735030604569,1.5011022553840936,1.8459722343342218,0.0029695231373227937,-0.010637626631435415,-0.02743534867409303,0.02106066234976489,0.36363636363636365,-0.005486245513585668,-0.0161910404760483,0.009572490949839679,0.001440972365629481,0.0027472527472527475,11,20
technology_revenue_25m,Technology companies with revenue >= $25M,HDBSCAN Pareto representative,HDBSCAN|mcs=10|ms=10,HDBSCAN,0,Debt Ratio,0.18553594769825046,0.18553594769825046,0.17789672776338356,0.190599460909525,0.17424337644341886,0.31309724564362,0.004503874908130617,0.00401192245961593,0.002533861399442894,0.010460398841311058,1.0,0.0027269749905272154,0.0,0.016989454441700347,0.01941656003961254,0.028277634961439587,11,20
technology_revenue_25m,Technology companies with revenue >= $25M,HDBSCAN Pareto representative,HDBSCAN|mcs=10|ms=10,HDBSCAN,0,EBITDA Margin,0.11350304206124685,0.11445606892829036,0.10937065779605437,0.11625255568364935,0.10322665575379678,0.11887853914968183,0.02046320709219389,0.01925957433487112,0.01681463716285775,0.023652383839104743,1.0,0.08467355341373839,0.06605719254238585,0.09954656499976008,0.0019223805226958963,0.0027472527472527475,11,20
technology_revenue_25m,Technology companies with revenue >= $25M,HDBSCAN Pareto representative,HDBSCAN|mcs=10|ms=10,HDBSCAN,0,Free Cash Flow Margin,0.11773504273504273,0.11704445186062135,0.10232788275764573,0.12331365846857162,0.10232788275764573,0.12448798217844254,0.028853458590794995,0.024504475759579092,0.01493623635194713,0.03941436997822656,1.0,0.11877768524432311,0.0766975957711217,0.1909296477381438,0.0024028470512522378,0.0027472527472527475,11,20
technology_revenue_25m,Technology companies with revenue >= $25M,HDBSCAN Pareto representative,HDBSCAN|mcs=10|ms=10,HDBSCAN,0,Operating Cash Flow Margin,0.16111540836719834,0.1614427263688415,0.1490080705168565,0.16525708744023987,0.12505514141954727,0.16655688879712677,0.02109304282085217,0.019843872301714305,0.010693097864232115,0.023587254679338227,0.9090909090909091,0.09529323608595569,0.05062695682885934,0.10368136091528593,0.00407249414051274,0.00546448087431694,11,20
technology_revenue_25m,Technology companies with revenue >= $25M,HDBSCAN Pareto representative,HDBSCAN|mcs=10|ms=10,HDBSCAN,0,Return on Assets,0.02788644060890506,0.027722741625905517,0.025652870402730663,0.0295384272448311,0.022939961514876137,0.04769830628631313,0.009538471057310607,0.008633412915791588,0.007686081353450884,0.011619943710719241,1.0,0.0682349489791632,0.060921512358004345,0.08562170324189497,0.0,0.0,11,20
technology_revenue_25m,Technology companies with revenue >= $25M,HDBSCAN Pareto representative,HDBSCAN|mcs=10|ms=10,HDBSCAN,0,Revenue per Employee,365040.0,365019.83684210526,360661.0661764706,370241.8604651163,310474.79376718606,378260.45454545453,-13569.189189189172,-15622.983615930425,-24061.010969811992,-5102.63307176379,0.9090909090909091,-0.020291523990495774,-0.03268192998978713,0.0,0.04060702980596377,0.05093833780160858,11,20
technology_revenue_25m,Technology companies with revenue >= $25M,HDBSCAN Pareto representative,HDBSCAN|mcs=10|ms=10,HDBSCAN,1,Asset Turnover,0.5057713407943822,0.49117626360232913,0.4342045168384406,0.5104137567062432,0.41451925427118086,0.5142120969977658,-0.10569151330240378,-0.12488333069583943,-0.16877393680715508,-0.09692900211851889,1.0,-0.2446557257165175,-0.34733862798928944,-0.18662111651683302,0.0,0.0,10,20
technology_revenue_25m,Technology companies with revenue >= $25M,HDBSCAN Pareto representative,HDBSCAN|mcs=10|ms=10,HDBSCAN,1,Current Ratio,1.5575286870892648,1.6025548066704873,1.4890586677097735,1.7832361514726416,1.4330377427629168,1.9953133699746217,-0.22715170280096886,-0.22591080955563447,-0.3071499730628204,0.0024631486818861917,0.9,-0.1377560900532672,-0.19416488537813886,0.0013941819032278046,0.0,0.0,10,20
technology_revenue_25m,Technology companies with revenue >= $25M,HDBSCAN Pareto representative,HDBSCAN|mcs=10|ms=10,HDBSCAN,1,Debt Ratio,0.16801247065338182,0.1580959845476851,0.10911693556023247,0.19149165264831297,0.07064575175513797,0.21070189246234752,-0.013019602136738029,-0.02402112330667354,-0.06105908719007357,0.016095924021084188,0.6,-0.08144590050765241,-0.20824916886987227,0.054964359224584425,0.0,0.0,10,20
technology_revenue_25m,Technology companies with revenue >= $25M,HDBSCAN Pareto representative,HDBSCAN|mcs=10|ms=10,HDBSCAN,1,EBITDA Margin,-0.8093214336308259,-0.8067806448170104,-1.0671059365751254,-0.7956023342029009,-1.278020529893189,-0.7635988366489326,-0.9023612685998789,-0.9023614634627497,-1.161444293330215,-0.8868387701922649,1.0,-3.6781912625288493,-3.844716466467275,-3.23177910215229,0.0,0.0,10,20
technology_revenue_25m,Technology companies with revenue >= $25M,HDBSCAN Pareto representative,HDBSCAN|mcs=10|ms=10,HDBSCAN,1,Free Cash Flow Margin,-0.5474438665482684,-0.5287614344829247,-0.6746906052099066,-0.5063425160045123,-0.9663080407701019,-0.4727141382868937,-0.6363254506925161,-0.620239619529663,-0.7565149940166986,-0.5899366088420979,1.0,-3.2098571770694555,-3.571546784251142,-2.860353242966323,0.0,0.0,10,20
technology_revenue_25m,Technology companies with revenue >= $25M,HDBSCAN Pareto representative,HDBSCAN|mcs=10|ms=10,HDBSCAN,1,Operating Cash Flow Margin,-0.5376442978561461,-0.5104179650747218,-0.6110553029995311,-0.4740274529993323,-0.83869086817343,-0.42873896673044876,-0.6776666634024923,-0.654310185368834,-0.7512999270937821,-0.608477145152563,1.0,-2.718423057797158,-3.073996784878852,-2.524458687765326,0.0,0.0,10,20
technology_revenue_25m,Technology companies with revenue >= $25M,HDBSCAN Pareto representative,HDBSCAN|mcs=10|ms=10,HDBSCAN,1,Return on Assets,-0.6100872389440689,-0.6065533264541156,-0.6115281487676236,-0.5149275509927637,-0.6115281487676236,-0.4486351562724515,-0.6284352084956634,-0.6245667234766183,-0.6308759414969212,-0.5314443400729224,1.0,-3.262723935172793,-3.4775043375779977,-3.0211968129776325,0.0,0.0,10,20
technology_revenue_25m,Technology companies with revenue >= $25M,HDBSCAN Pareto representative,HDBSCAN|mcs=10|ms=10,HDBSCAN,1,Revenue per Employee,207939.91416309014,210209.2348336787,207399.2906224288,214373.4040208969,202533.67875647667,215734.99642325006,-170669.27502609903,-171691.04275574564,-176249.4122924072,-163852.76028741506,1.0,-0.46753894867234197,-0.5179187627448361,-0.43310758891374845,0.1148917748917749,0.18181818181818182,10,20
technology_revenue_25m,Technology companies with revenue >= $25M,HDBSCAN Pareto representative,HDBSCAN|mcs=10|ms=5,HDBSCAN,0,Asset Turnover,0.6366658231240431,0.6359406742530445,0.6218275775390131,0.7589452255005903,0.42499150844076317,0.7652987569622738,0.02520296902725705,0.026002828769425,0.009581077558230178,0.13537220535198197,0.95,0.04904537362308148,0.017554326297128726,0.2583578977983096,0.0,0.0,20,20
technology_revenue_25m,Technology companies with revenue >= $25M,HDBSCAN Pareto representative,HDBSCAN|mcs=10|ms=5,HDBSCAN,0,Current Ratio,1.8003056626626242,1.7296488011486026,1.5525002929209422,1.821095140833086,1.3110787443370162,1.9248290071032426,0.015625272772390453,-0.018831643689017685,-0.27942300930784686,0.01513329240716108,0.35,-0.00701094205665365,-0.16769549761306346,0.006596801532488178,0.0007589533071810304,0.0028169014084507044,20,20
technology_revenue_25m,Technology companies with revenue >= $25M,HDBSCAN Pareto representative,HDBSCAN|mcs=10|ms=5,HDBSCAN,0,Debt Ratio,0.17963634395800637,0.18225564444372272,0.1726997180242814,0.24417452972090659,0.09228819417774023,0.3023446013967721,-0.0013957288321134742,0.003849530439803933,-0.003204762738153152,0.06758961229976586,0.25,0.0,0.0,0.2223059026464178,0.019317402284151654,0.037037037037037035,20,20
technology_revenue_25m,Technology companies with revenue >= $25M,HDBSCAN Pareto representative,HDBSCAN|mcs=10|ms=5,HDBSCAN,0,EBITDA Margin,0.11386738284767375,0.11452311867973625,0.10449849482819362,0.14473626314408808,0.09769512622292842,0.2135818583123904,0.02082754787862079,0.02070095545319125,0.01241677840076089,0.05084595504666946,1.0,0.08938703653747265,0.052847870709073784,0.22023525071587158,0.0006185539444343195,0.002551020408163265,20,20
technology_revenue_25m,Technology companies with revenue >= $25M,HDBSCAN Pareto representative,HDBSCAN|mcs=10|ms=5,HDBSCAN,0,Free Cash Flow Margin,0.11773504273504273,0.11389803879317194,0.09171533421225028,0.12604601075326027,0.07742359496056489,0.2514119094976248,0.028853458590794995,0.02711318127163393,0.0033070522357186434,0.039736104214259174,0.9,0.12995479165634843,0.016835080659066734,0.19242801311908983,0.001543176847570142,0.0028169014084507044,20,20
technology_revenue_25m,Technology companies with revenue >= $25M,HDBSCAN Pareto representative,HDBSCAN|mcs=10|ms=5,HDBSCAN,0,Operating Cash Flow Margin,0.16207011344406208,0.15549727421058634,0.12725848633109674,0.16525708744023987,0.11963933545498587,0.2783141438978496,0.022047747897715908,0.018642834261844668,-0.012335138577196756,0.022402915180636092,0.8,0.08995514696055848,-0.060362507696694746,0.10450801509044047,0.0027052962756793962,0.005633802816901409,20,20
technology_revenue_25m,Technology companies with revenue >= $25M,HDBSCAN Pareto representative,HDBSCAN|mcs=10|ms=5,HDBSCAN,0,Return on Assets,0.027749775673726912,0.028286969514206846,0.023993892048934946,0.03622054261193164,0.019158848987930972,0.04432812418430039,0.009401806122132459,0.00908006244920819,0.006351442124398528,0.016054482369124053,1.0,0.07458458469844002,0.05036046836011504,0.12515888073070341,0.0,0.0,20,20
technology_revenue_25m,Technology companies with revenue >= $25M,HDBSCAN Pareto representative,HDBSCAN|mcs=10|ms=5,HDBSCAN,0,Revenue per Employee,366101.21457489877,364703.1232515217,289730.5132815477,377425.4826463385,263106.2001227747,378260.45454545453,-12507.974614290404,-18152.041421197122,-88456.08493681687,-4036.3690850181565,0.95,-0.027542866133018096,-0.25167349717184423,0.0,0.028828391199968294,0.051470588235294115,20,20
technology_revenue_25m,Technology companies with revenue >= $25M,HDBSCAN Pareto representative,HDBSCAN|mcs=10|ms=5,HDBSCAN,1,Asset Turnover,0.368493789380393,0.3779632329201358,0.35902434584065024,0.5133680213774274,0.35902434584065024,0.8380131372069699,-0.242969064716393,-0.22347867620191753,-0.2480798223734017,-0.09922946709833869,0.9166666666666666,-0.4178107736201866,-0.5026037915854441,-0.18847742195203696,0.0,0.0,12,20
technology_revenue_25m,Technology companies with revenue >= $25M,HDBSCAN Pareto representative,HDBSCAN|mcs=10|ms=5,HDBSCAN,1,Current Ratio,2.298403009313746,1.7706914414182218,1.5575286870892648,2.355899760492416,1.199802098794365,2.3702739482870836,0.5137226194235125,-0.04410487895510562,-0.24957580573574592,0.5260633107396712,0.5,-0.023637914190974912,-0.14823729578713615,0.33127753036997226,0.0,0.0,12,20
technology_revenue_25m,Technology companies with revenue >= $25M,HDBSCAN Pareto representative,HDBSCAN|mcs=10|ms=5,HDBSCAN,1,Debt Ratio,0.05655313463645517,0.13026570948029031,0.08454112430084781,0.20981380422932447,0.07064575175513797,0.259062980030722,-0.12447893815366468,-0.0462966119367111,-0.09662783178865302,0.028031649265189952,0.8333333333333334,-0.15318514354364965,-0.32259561223591865,0.0938096421251586,0.0,0.0,12,20
technology_revenue_25m,Technology companies with revenue >= $25M,HDBSCAN Pareto representative,HDBSCAN|mcs=10|ms=5,HDBSCAN,1,EBITDA Margin,-1.3296547736799815,-1.278020529893189,-1.4277739471724116,-0.7361675987931536,-1.4496126006157137,0.33885143773478554,-1.4226946086490344,-1.3720002791214658,-1.5210893815974682,-0.8262779584480929,0.9166666666666666,-3.6694217033418095,-3.823175538868572,-2.9832015102786444,0.0,0.0,12,20
technology_revenue_25m,Technology companies with revenue >= $25M,HDBSCAN Pareto representative,HDBSCAN|mcs=10|ms=5,HDBSCAN,1,Free Cash Flow Margin,-0.7296940008260147,-0.6422886679254405,-0.9494725914909901,-0.48018711111303114,-0.9984153813648848,0.31945730660053406,-0.8185755849702624,-0.7270557883084268,-1.0341605013313822,-0.5685522674645136,0.9166666666666666,-3.572062951490777,-3.6633854088075135,-3.006242069980745,0.0,0.0,12,20
technology_revenue_25m,Technology companies with revenue >= $25M,HDBSCAN Pareto representative,HDBSCAN|mcs=10|ms=5,HDBSCAN,1,Operating Cash Flow Margin,-0.6838800799441032,-0.5865988430689278,-0.781500777869876,-0.43962949984301847,-0.83869086817343,0.34921638552371737,-0.8239024454904493,-0.7277913767865535,-0.9145209510751805,-0.5808956596533728,0.9166666666666666,-2.7162972160656746,-3.082171681944222,-2.425308343258106,0.0,0.0,12,20
technology_revenue_25m,Technology companies with revenue >= $25M,HDBSCAN Pareto representative,HDBSCAN|mcs=10|ms=5,HDBSCAN,1,Return on Assets,-0.3765670006627142,-0.38469384064523127,-0.6093804564460783,-0.3370514440321582,-0.6129690585911785,0.19621265770992902,-0.39491497021430866,-0.40081530973701407,-0.6280876049256131,-0.3565218134828794,0.9166666666666666,-3.1116944120046632,-3.2254950597699428,-2.7956834699670927,0.0,0.0,12,20
technology_revenue_25m,Technology companies with revenue >= $25M,HDBSCAN Pareto representative,HDBSCAN|mcs=10|ms=5,HDBSCAN,1,Revenue per Employee,169838.70967741936,182705.5801781639,169478.6078098472,210814.38701250232,162584.37946925155,2830091.677273645,-208770.4795117698,-196780.02670586816,-208736.73664085794,-178817.23124475908,0.9166666666666666,-0.5270877599047208,-0.5850222111059019,-0.4914039655733041,0.08274845149130046,0.15384615384615385,12,20
