Scenario ID,Scenario Name,Method,Method Type,Solution ID,Seed,Population,Cluster,KPI,N Companies in Cluster,Imputed Observations,Imputation Rate
technology_revenue_25m,Technology companies with revenue >= $25M,Agglomerative,Traditional full-assignment,Agglomerative|K=2,,All eligible companies,0,EBITDA Margin,533,1,0.001876172607879925
technology_revenue_25m,Technology companies with revenue >= $25M,Agglomerative,Traditional full-assignment,Agglomerative|K=2,,All eligible companies,0,Return on Assets,533,0,0.0
technology_revenue_25m,Technology companies with revenue >= $25M,Agglomerative,Traditional full-assignment,Agglomerative|K=2,,All eligible companies,0,Asset Turnover,533,0,0.0
technology_revenue_25m,Technology companies with revenue >= $25M,Agglomerative,Traditional full-assignment,Agglomerative|K=2,,All eligible companies,0,Revenue per Employee,533,25,0.04690431519699812
technology_revenue_25m,Technology companies with revenue >= $25M,Agglomerative,Traditional full-assignment,Agglomerative|K=2,,All eligible companies,0,Current Ratio,533,1,0.001876172607879925
technology_revenue_25m,Technology companies with revenue >= $25M,Agglomerative,Traditional full-assignment,Agglomerative|K=2,,All eligible companies,0,Debt Ratio,533,11,0.020637898686679174
technology_revenue_25m,Technology companies with revenue >= $25M,Agglomerative,Traditional full-assignment,Agglomerative|K=2,,All eligible companies,0,Free Cash Flow Margin,533,1,0.001876172607879925
technology_revenue_25m,Technology companies with revenue >= $25M,Agglomerative,Traditional full-assignment,Agglomerative|K=2,,All eligible companies,0,Operating Cash Flow Margin,533,3,0.005628517823639775
technology_revenue_25m,Technology companies with revenue >= $25M,Agglomerative,Traditional full-assignment,Agglomerative|K=2,,All eligible companies,1,EBITDA Margin,54,0,0.0
technology_revenue_25m,Technology companies with revenue >= $25M,Agglomerative,Traditional full-assignment,Agglomerative|K=2,,All eligible companies,1,Return on Assets,54,0,0.0
technology_revenue_25m,Technology companies with revenue >= $25M,Agglomerative,Traditional full-assignment,Agglomerative|K=2,,All eligible companies,1,Asset Turnover,54,0,0.0
technology_revenue_25m,Technology companies with revenue >= $25M,Agglomerative,Traditional full-assignment,Agglomerative|K=2,,All eligible companies,1,Revenue per Employee,54,5,0.09259259259259259
technology_revenue_25m,Technology companies with revenue >= $25M,Agglomerative,Traditional full-assignment,Agglomerative|K=2,,All eligible companies,1,Current Ratio,54,0,0.0
technology_revenue_25m,Technology companies with revenue >= $25M,Agglomerative,Traditional full-assignment,Agglomerative|K=2,,All eligible companies,1,Debt Ratio,54,0,0.0
technology_revenue_25m,Technology companies with revenue >= $25M,Agglomerative,Traditional full-assignment,Agglomerative|K=2,,All eligible companies,1,Free Cash Flow Margin,54,0,0.0
technology_revenue_25m,Technology companies with revenue >= $25M,Agglomerative,Traditional full-assignment,Agglomerative|K=2,,All eligible companies,1,Operating Cash Flow Margin,54,0,0.0
technology_revenue_25m,Technology companies with revenue >= $25M,K-Means,Traditional full-assignment,K-Means|K=2,,All eligible companies,0,EBITDA Margin,472,0,0.0
technology_revenue_25m,Technology companies with revenue >= $25M,K-Means,Traditional full-assignment,K-Means|K=2,,All eligible companies,0,Return on Assets,472,0,0.0
technology_revenue_25m,Technology companies with revenue >= $25M,K-Means,Traditional full-assignment,K-Means|K=2,,All eligible companies,0,Asset Turnover,472,0,0.0
technology_revenue_25m,Technology companies with revenue >= $25M,K-Means,Traditional full-assignment,K-Means|K=2,,All eligible companies,0,Revenue per Employee,472,20,0.0423728813559322
technology_revenue_25m,Technology companies with revenue >= $25M,K-Means,Traditional full-assignment,K-Means|K=2,,All eligible companies,0,Current Ratio,472,1,0.00211864406779661
technology_revenue_25m,Technology companies with revenue >= $25M,K-Means,Traditional full-assignment,K-Means|K=2,,All eligible companies,0,Debt Ratio,472,10,0.0211864406779661
technology_revenue_25m,Technology companies with revenue >= $25M,K-Means,Traditional full-assignment,K-Means|K=2,,All eligible companies,0,Free Cash Flow Margin,472,1,0.00211864406779661
technology_revenue_25m,Technology companies with revenue >= $25M,K-Means,Traditional full-assignment,K-Means|K=2,,All eligible companies,0,Operating Cash Flow Margin,472,3,0.006355932203389831
technology_revenue_25m,Technology companies with revenue >= $25M,K-Means,Traditional full-assignment,K-Means|K=2,,All eligible companies,1,EBITDA Margin,115,1,0.008695652173913044
technology_revenue_25m,Technology companies with revenue >= $25M,K-Means,Traditional full-assignment,K-Means|K=2,,All eligible companies,1,Return on Assets,115,0,0.0
technology_revenue_25m,Technology companies with revenue >= $25M,K-Means,Traditional full-assignment,K-Means|K=2,,All eligible companies,1,Asset Turnover,115,0,0.0
technology_revenue_25m,Technology companies with revenue >= $25M,K-Means,Traditional full-assignment,K-Means|K=2,,All eligible companies,1,Revenue per Employee,115,10,0.08695652173913043
technology_revenue_25m,Technology companies with revenue >= $25M,K-Means,Traditional full-assignment,K-Means|K=2,,All eligible companies,1,Current Ratio,115,0,0.0
technology_revenue_25m,Technology companies with revenue >= $25M,K-Means,Traditional full-assignment,K-Means|K=2,,All eligible companies,1,Debt Ratio,115,1,0.008695652173913044
technology_revenue_25m,Technology companies with revenue >= $25M,K-Means,Traditional full-assignment,K-Means|K=2,,All eligible companies,1,Free Cash Flow Margin,115,0,0.0
technology_revenue_25m,Technology companies with revenue >= $25M,K-Means,Traditional full-assignment,K-Means|K=2,,All eligible companies,1,Operating Cash Flow Margin,115,0,0.0
technology_revenue_25m,Technology companies with revenue >= $25M,Gaussian Mixture,Traditional full-assignment,Gaussian Mixture|K=2,,All eligible companies,0,EBITDA Margin,219,1,0.0045662100456621
technology_revenue_25m,Technology companies with revenue >= $25M,Gaussian Mixture,Traditional full-assignment,Gaussian Mixture|K=2,,All eligible companies,0,Return on Assets,219,0,0.0
technology_revenue_25m,Technology companies with revenue >= $25M,Gaussian Mixture,Traditional full-assignment,Gaussian Mixture|K=2,,All eligible companies,0,Asset Turnover,219,0,0.0
technology_revenue_25m,Technology companies with revenue >= $25M,Gaussian Mixture,Traditional full-assignment,Gaussian Mixture|K=2,,All eligible companies,0,Revenue per Employee,219,15,0.0684931506849315
technology_revenue_25m,Technology companies with revenue >= $25M,Gaussian Mixture,Traditional full-assignment,Gaussian Mixture|K=2,,All eligible companies,0,Current Ratio,219,0,0.0
technology_revenue_25m,Technology companies with revenue >= $25M,Gaussian Mixture,Traditional full-assignment,Gaussian Mixture|K=2,,All eligible companies,0,Debt Ratio,219,5,0.0228310502283105
technology_revenue_25m,Technology companies with revenue >= $25M,Gaussian Mixture,Traditional full-assignment,Gaussian Mixture|K=2,,All eligible companies,0,Free Cash Flow Margin,219,1,0.0045662100456621
technology_revenue_25m,Technology companies with revenue >= $25M,Gaussian Mixture,Traditional full-assignment,Gaussian Mixture|K=2,,All eligible companies,0,Operating Cash Flow Margin,219,3,0.0136986301369863
technology_revenue_25m,Technology companies with revenue >= $25M,Gaussian Mixture,Traditional full-assignment,Gaussian Mixture|K=2,,All eligible companies,1,EBITDA Margin,368,0,0.0
technology_revenue_25m,Technology companies with revenue >= $25M,Gaussian Mixture,Traditional full-assignment,Gaussian Mixture|K=2,,All eligible companies,1,Return on Assets,368,0,0.0
technology_revenue_25m,Technology companies with revenue >= $25M,Gaussian Mixture,Traditional full-assignment,Gaussian Mixture|K=2,,All eligible companies,1,Asset Turnover,368,0,0.0
technology_revenue_25m,Technology companies with revenue >= $25M,Gaussian Mixture,Traditional full-assignment,Gaussian Mixture|K=2,,All eligible companies,1,Revenue per Employee,368,15,0.04076086956521739
technology_revenue_25m,Technology companies with revenue >= $25M,Gaussian Mixture,Traditional full-assignment,Gaussian Mixture|K=2,,All eligible companies,1,Current Ratio,368,1,0.002717391304347826
technology_revenue_25m,Technology companies with revenue >= $25M,Gaussian Mixture,Traditional full-assignment,Gaussian Mixture|K=2,,All eligible companies,1,Debt Ratio,368,6,0.016304347826086956
technology_revenue_25m,Technology companies with revenue >= $25M,Gaussian Mixture,Traditional full-assignment,Gaussian Mixture|K=2,,All eligible companies,1,Free Cash Flow Margin,368,0,0.0
technology_revenue_25m,Technology companies with revenue >= $25M,Gaussian Mixture,Traditional full-assignment,Gaussian Mixture|K=2,,All eligible companies,1,Operating Cash Flow Margin,368,0,0.0
technology_revenue_25m,Technology companies with revenue >= $25M,HDBSCAN,Density-based,HDBSCAN|mcs=10|ms=5,,All companies including noise,-1,EBITDA Margin,113,1,0.008849557522123894
technology_revenue_25m,Technology companies with revenue >= $25M,HDBSCAN,Density-based,HDBSCAN|mcs=10|ms=5,,All companies including noise,-1,Return on Assets,113,0,0.0
technology_revenue_25m,Technology companies with revenue >= $25M,HDBSCAN,Density-based,HDBSCAN|mcs=10|ms=5,,All companies including noise,-1,Asset Turnover,113,0,0.0
technology_revenue_25m,Technology companies with revenue >= $25M,HDBSCAN,Density-based,HDBSCAN|mcs=10|ms=5,,All companies including noise,-1,Revenue per Employee,113,8,0.07079646017699115
technology_revenue_25m,Technology companies with revenue >= $25M,HDBSCAN,Density-based,HDBSCAN|mcs=10|ms=5,,All companies including noise,-1,Current Ratio,113,0,0.0
technology_revenue_25m,Technology companies with revenue >= $25M,HDBSCAN,Density-based,HDBSCAN|mcs=10|ms=5,,All companies including noise,-1,Debt Ratio,113,2,0.017699115044247787
technology_revenue_25m,Technology companies with revenue >= $25M,HDBSCAN,Density-based,HDBSCAN|mcs=10|ms=5,,All companies including noise,-1,Free Cash Flow Margin,113,0,0.0
technology_revenue_25m,Technology companies with revenue >= $25M,HDBSCAN,Density-based,HDBSCAN|mcs=10|ms=5,,All companies including noise,-1,Operating Cash Flow Margin,113,1,0.008849557522123894
technology_revenue_25m,Technology companies with revenue >= $25M,HDBSCAN,Density-based,HDBSCAN|mcs=10|ms=5,,All companies including noise,0,EBITDA Margin,456,0,0.0
technology_revenue_25m,Technology companies with revenue >= $25M,HDBSCAN,Density-based,HDBSCAN|mcs=10|ms=5,,All companies including noise,0,Return on Assets,456,0,0.0
technology_revenue_25m,Technology companies with revenue >= $25M,HDBSCAN,Density-based,HDBSCAN|mcs=10|ms=5,,All companies including noise,0,Asset Turnover,456,0,0.0
technology_revenue_25m,Technology companies with revenue >= $25M,HDBSCAN,Density-based,HDBSCAN|mcs=10|ms=5,,All companies including noise,0,Revenue per Employee,456,21,0.046052631578947366
technology_revenue_25m,Technology companies with revenue >= $25M,HDBSCAN,Density-based,HDBSCAN|mcs=10|ms=5,,All companies including noise,0,Current Ratio,456,1,0.0021929824561403508
technology_revenue_25m,Technology companies with revenue >= $25M,HDBSCAN,Density-based,HDBSCAN|mcs=10|ms=5,,All companies including noise,0,Debt Ratio,456,9,0.019736842105263157
technology_revenue_25m,Technology companies with revenue >= $25M,HDBSCAN,Density-based,HDBSCAN|mcs=10|ms=5,,All companies including noise,0,Free Cash Flow Margin,456,1,0.0021929824561403508
technology_revenue_25m,Technology companies with revenue >= $25M,HDBSCAN,Density-based,HDBSCAN|mcs=10|ms=5,,All companies including noise,0,Operating Cash Flow Margin,456,2,0.0043859649122807015
technology_revenue_25m,Technology companies with revenue >= $25M,HDBSCAN,Density-based,HDBSCAN|mcs=10|ms=5,,All companies including noise,1,EBITDA Margin,18,0,0.0
technology_revenue_25m,Technology companies with revenue >= $25M,HDBSCAN,Density-based,HDBSCAN|mcs=10|ms=5,,All companies including noise,1,Return on Assets,18,0,0.0
technology_revenue_25m,Technology companies with revenue >= $25M,HDBSCAN,Density-based,HDBSCAN|mcs=10|ms=5,,All companies including noise,1,Asset Turnover,18,0,0.0
technology_revenue_25m,Technology companies with revenue >= $25M,HDBSCAN,Density-based,HDBSCAN|mcs=10|ms=5,,All companies including noise,1,Revenue per Employee,18,1,0.05555555555555555
technology_revenue_25m,Technology companies with revenue >= $25M,HDBSCAN,Density-based,HDBSCAN|mcs=10|ms=5,,All companies including noise,1,Current Ratio,18,0,0.0
technology_revenue_25m,Technology companies with revenue >= $25M,HDBSCAN,Density-based,HDBSCAN|mcs=10|ms=5,,All companies including noise,1,Debt Ratio,18,0,0.0
technology_revenue_25m,Technology companies with revenue >= $25M,HDBSCAN,Density-based,HDBSCAN|mcs=10|ms=5,,All companies including noise,1,Free Cash Flow Margin,18,0,0.0
technology_revenue_25m,Technology companies with revenue >= $25M,HDBSCAN,Density-based,HDBSCAN|mcs=10|ms=5,,All companies including noise,1,Operating Cash Flow Margin,18,0,0.0
technology_revenue_25m,Technology companies with revenue >= $25M,HDBSCAN,Density-based,HDBSCAN|mcs=10|ms=5,,HDBSCAN assigned subset,0,EBITDA Margin,456,0,0.0
technology_revenue_25m,Technology companies with revenue >= $25M,HDBSCAN,Density-based,HDBSCAN|mcs=10|ms=5,,HDBSCAN assigned subset,0,Return on Assets,456,0,0.0
technology_revenue_25m,Technology companies with revenue >= $25M,HDBSCAN,Density-based,HDBSCAN|mcs=10|ms=5,,HDBSCAN assigned subset,0,Asset Turnover,456,0,0.0
technology_revenue_25m,Technology companies with revenue >= $25M,HDBSCAN,Density-based,HDBSCAN|mcs=10|ms=5,,HDBSCAN assigned subset,0,Revenue per Employee,456,21,0.046052631578947366
technology_revenue_25m,Technology companies with revenue >= $25M,HDBSCAN,Density-based,HDBSCAN|mcs=10|ms=5,,HDBSCAN assigned subset,0,Current Ratio,456,1,0.0021929824561403508
technology_revenue_25m,Technology companies with revenue >= $25M,HDBSCAN,Density-based,HDBSCAN|mcs=10|ms=5,,HDBSCAN assigned subset,0,Debt Ratio,456,9,0.019736842105263157
technology_revenue_25m,Technology companies with revenue >= $25M,HDBSCAN,Density-based,HDBSCAN|mcs=10|ms=5,,HDBSCAN assigned subset,0,Free Cash Flow Margin,456,1,0.0021929824561403508
technology_revenue_25m,Technology companies with revenue >= $25M,HDBSCAN,Density-based,HDBSCAN|mcs=10|ms=5,,HDBSCAN assigned subset,0,Operating Cash Flow Margin,456,2,0.0043859649122807015
technology_revenue_25m,Technology companies with revenue >= $25M,HDBSCAN,Density-based,HDBSCAN|mcs=10|ms=5,,HDBSCAN assigned subset,1,EBITDA Margin,18,0,0.0
technology_revenue_25m,Technology companies with revenue >= $25M,HDBSCAN,Density-based,HDBSCAN|mcs=10|ms=5,,HDBSCAN assigned subset,1,Return on Assets,18,0,0.0
technology_revenue_25m,Technology companies with revenue >= $25M,HDBSCAN,Density-based,HDBSCAN|mcs=10|ms=5,,HDBSCAN assigned subset,1,Asset Turnover,18,0,0.0
technology_revenue_25m,Technology companies with revenue >= $25M,HDBSCAN,Density-based,HDBSCAN|mcs=10|ms=5,,HDBSCAN assigned subset,1,Revenue per Employee,18,1,0.05555555555555555
technology_revenue_25m,Technology companies with revenue >= $25M,HDBSCAN,Density-based,HDBSCAN|mcs=10|ms=5,,HDBSCAN assigned subset,1,Current Ratio,18,0,0.0
technology_revenue_25m,Technology companies with revenue >= $25M,HDBSCAN,Density-based,HDBSCAN|mcs=10|ms=5,,HDBSCAN assigned subset,1,Debt Ratio,18,0,0.0
technology_revenue_25m,Technology companies with revenue >= $25M,HDBSCAN,Density-based,HDBSCAN|mcs=10|ms=5,,HDBSCAN assigned subset,1,Free Cash Flow Margin,18,0,0.0
technology_revenue_25m,Technology companies with revenue >= $25M,HDBSCAN,Density-based,HDBSCAN|mcs=10|ms=5,,HDBSCAN assigned subset,1,Operating Cash Flow Margin,18,0,0.0
technology_revenue_25m,Technology companies with revenue >= $25M,HDBSCAN,Density-based,HDBSCAN|mcs=10|ms=10,,All companies including noise,-1,EBITDA Margin,106,0,0.0
technology_revenue_25m,Technology companies with revenue >= $25M,HDBSCAN,Density-based,HDBSCAN|mcs=10|ms=10,,All companies including noise,-1,Return on Assets,106,0,0.0
technology_revenue_25m,Technology companies with revenue >= $25M,HDBSCAN,Density-based,HDBSCAN|mcs=10|ms=10,,All companies including noise,-1,Asset Turnover,106,0,0.0
technology_revenue_25m,Technology companies with revenue >= $25M,HDBSCAN,Density-based,HDBSCAN|mcs=10|ms=10,,All companies including noise,-1,Revenue per Employee,106,7,0.0660377358490566
technology_revenue_25m,Technology companies with revenue >= $25M,HDBSCAN,Density-based,HDBSCAN|mcs=10|ms=10,,All companies including noise,-1,Current Ratio,106,0,0.0
technology_revenue_25m,Technology companies with revenue >= $25M,HDBSCAN,Density-based,HDBSCAN|mcs=10|ms=10,,All companies including noise,-1,Debt Ratio,106,2,0.018867924528301886
technology_revenue_25m,Technology companies with revenue >= $25M,HDBSCAN,Density-based,HDBSCAN|mcs=10|ms=10,,All companies including noise,-1,Free Cash Flow Margin,106,0,0.0
technology_revenue_25m,Technology companies with revenue >= $25M,HDBSCAN,Density-based,HDBSCAN|mcs=10|ms=10,,All companies including noise,-1,Operating Cash Flow Margin,106,1,0.009433962264150943
technology_revenue_25m,Technology companies with revenue >= $25M,HDBSCAN,Density-based,HDBSCAN|mcs=10|ms=10,,All companies including noise,0,EBITDA Margin,468,1,0.002136752136752137
technology_revenue_25m,Technology companies with revenue >= $25M,HDBSCAN,Density-based,HDBSCAN|mcs=10|ms=10,,All companies including noise,0,Return on Assets,468,0,0.0
technology_revenue_25m,Technology companies with revenue >= $25M,HDBSCAN,Density-based,HDBSCAN|mcs=10|ms=10,,All companies including noise,0,Asset Turnover,468,0,0.0
technology_revenue_25m,Technology companies with revenue >= $25M,HDBSCAN,Density-based,HDBSCAN|mcs=10|ms=10,,All companies including noise,0,Revenue per Employee,468,21,0.04487179487179487
technology_revenue_25m,Technology companies with revenue >= $25M,HDBSCAN,Density-based,HDBSCAN|mcs=10|ms=10,,All companies including noise,0,Current Ratio,468,1,0.002136752136752137
technology_revenue_25m,Technology companies with revenue >= $25M,HDBSCAN,Density-based,HDBSCAN|mcs=10|ms=10,,All companies including noise,0,Debt Ratio,468,9,0.019230769230769232
technology_revenue_25m,Technology companies with revenue >= $25M,HDBSCAN,Density-based,HDBSCAN|mcs=10|ms=10,,All companies including noise,0,Free Cash Flow Margin,468,1,0.002136752136752137
technology_revenue_25m,Technology companies with revenue >= $25M,HDBSCAN,Density-based,HDBSCAN|mcs=10|ms=10,,All companies including noise,0,Operating Cash Flow Margin,468,2,0.004273504273504274
technology_revenue_25m,Technology companies with revenue >= $25M,HDBSCAN,Density-based,HDBSCAN|mcs=10|ms=10,,All companies including noise,1,EBITDA Margin,13,0,0.0
technology_revenue_25m,Technology companies with revenue >= $25M,HDBSCAN,Density-based,HDBSCAN|mcs=10|ms=10,,All companies including noise,1,Return on Assets,13,0,0.0
technology_revenue_25m,Technology companies with revenue >= $25M,HDBSCAN,Density-based,HDBSCAN|mcs=10|ms=10,,All companies including noise,1,Asset Turnover,13,0,0.0
technology_revenue_25m,Technology companies with revenue >= $25M,HDBSCAN,Density-based,HDBSCAN|mcs=10|ms=10,,All companies including noise,1,Revenue per Employee,13,2,0.15384615384615385
technology_revenue_25m,Technology companies with revenue >= $25M,HDBSCAN,Density-based,HDBSCAN|mcs=10|ms=10,,All companies including noise,1,Current Ratio,13,0,0.0
technology_revenue_25m,Technology companies with revenue >= $25M,HDBSCAN,Density-based,HDBSCAN|mcs=10|ms=10,,All companies including noise,1,Debt Ratio,13,0,0.0
technology_revenue_25m,Technology companies with revenue >= $25M,HDBSCAN,Density-based,HDBSCAN|mcs=10|ms=10,,All companies including noise,1,Free Cash Flow Margin,13,0,0.0
technology_revenue_25m,Technology companies with revenue >= $25M,HDBSCAN,Density-based,HDBSCAN|mcs=10|ms=10,,All companies including noise,1,Operating Cash Flow Margin,13,0,0.0
technology_revenue_25m,Technology companies with revenue >= $25M,HDBSCAN,Density-based,HDBSCAN|mcs=10|ms=10,,HDBSCAN assigned subset,0,EBITDA Margin,468,1,0.002136752136752137
technology_revenue_25m,Technology companies with revenue >= $25M,HDBSCAN,Density-based,HDBSCAN|mcs=10|ms=10,,HDBSCAN assigned subset,0,Return on Assets,468,0,0.0
technology_revenue_25m,Technology companies with revenue >= $25M,HDBSCAN,Density-based,HDBSCAN|mcs=10|ms=10,,HDBSCAN assigned subset,0,Asset Turnover,468,0,0.0
technology_revenue_25m,Technology companies with revenue >= $25M,HDBSCAN,Density-based,HDBSCAN|mcs=10|ms=10,,HDBSCAN assigned subset,0,Revenue per Employee,468,21,0.04487179487179487
technology_revenue_25m,Technology companies with revenue >= $25M,HDBSCAN,Density-based,HDBSCAN|mcs=10|ms=10,,HDBSCAN assigned subset,0,Current Ratio,468,1,0.002136752136752137
technology_revenue_25m,Technology companies with revenue >= $25M,HDBSCAN,Density-based,HDBSCAN|mcs=10|ms=10,,HDBSCAN assigned subset,0,Debt Ratio,468,9,0.019230769230769232
technology_revenue_25m,Technology companies with revenue >= $25M,HDBSCAN,Density-based,HDBSCAN|mcs=10|ms=10,,HDBSCAN assigned subset,0,Free Cash Flow Margin,468,1,0.002136752136752137
technology_revenue_25m,Technology companies with revenue >= $25M,HDBSCAN,Density-based,HDBSCAN|mcs=10|ms=10,,HDBSCAN assigned subset,0,Operating Cash Flow Margin,468,2,0.004273504273504274
technology_revenue_25m,Technology companies with revenue >= $25M,HDBSCAN,Density-based,HDBSCAN|mcs=10|ms=10,,HDBSCAN assigned subset,1,EBITDA Margin,13,0,0.0
technology_revenue_25m,Technology companies with revenue >= $25M,HDBSCAN,Density-based,HDBSCAN|mcs=10|ms=10,,HDBSCAN assigned subset,1,Return on Assets,13,0,0.0
technology_revenue_25m,Technology companies with revenue >= $25M,HDBSCAN,Density-based,HDBSCAN|mcs=10|ms=10,,HDBSCAN assigned subset,1,Asset Turnover,13,0,0.0
technology_revenue_25m,Technology companies with revenue >= $25M,HDBSCAN,Density-based,HDBSCAN|mcs=10|ms=10,,HDBSCAN assigned subset,1,Revenue per Employee,13,2,0.15384615384615385
technology_revenue_25m,Technology companies with revenue >= $25M,HDBSCAN,Density-based,HDBSCAN|mcs=10|ms=10,,HDBSCAN assigned subset,1,Current Ratio,13,0,0.0
technology_revenue_25m,Technology companies with revenue >= $25M,HDBSCAN,Density-based,HDBSCAN|mcs=10|ms=10,,HDBSCAN assigned subset,1,Debt Ratio,13,0,0.0
technology_revenue_25m,Technology companies with revenue >= $25M,HDBSCAN,Density-based,HDBSCAN|mcs=10|ms=10,,HDBSCAN assigned subset,1,Free Cash Flow Margin,13,0,0.0
technology_revenue_25m,Technology companies with revenue >= $25M,HDBSCAN,Density-based,HDBSCAN|mcs=10|ms=10,,HDBSCAN assigned subset,1,Operating Cash Flow Margin,13,0,0.0
technology_revenue_25m,Technology companies with revenue >= $25M,HDBSCAN,Density-based,HDBSCAN|mcs=15|ms=5,,All companies including noise,-1,EBITDA Margin,113,1,0.008849557522123894
technology_revenue_25m,Technology companies with revenue >= $25M,HDBSCAN,Density-based,HDBSCAN|mcs=15|ms=5,,All companies including noise,-1,Return on Assets,113,0,0.0
technology_revenue_25m,Technology companies with revenue >= $25M,HDBSCAN,Density-based,HDBSCAN|mcs=15|ms=5,,All companies including noise,-1,Asset Turnover,113,0,0.0
technology_revenue_25m,Technology companies with revenue >= $25M,HDBSCAN,Density-based,HDBSCAN|mcs=15|ms=5,,All companies including noise,-1,Revenue per Employee,113,8,0.07079646017699115
technology_revenue_25m,Technology companies with revenue >= $25M,HDBSCAN,Density-based,HDBSCAN|mcs=15|ms=5,,All companies including noise,-1,Current Ratio,113,0,0.0
technology_revenue_25m,Technology companies with revenue >= $25M,HDBSCAN,Density-based,HDBSCAN|mcs=15|ms=5,,All companies including noise,-1,Debt Ratio,113,2,0.017699115044247787
technology_revenue_25m,Technology companies with revenue >= $25M,HDBSCAN,Density-based,HDBSCAN|mcs=15|ms=5,,All companies including noise,-1,Free Cash Flow Margin,113,0,0.0
technology_revenue_25m,Technology companies with revenue >= $25M,HDBSCAN,Density-based,HDBSCAN|mcs=15|ms=5,,All companies including noise,-1,Operating Cash Flow Margin,113,1,0.008849557522123894
technology_revenue_25m,Technology companies with revenue >= $25M,HDBSCAN,Density-based,HDBSCAN|mcs=15|ms=5,,All companies including noise,0,EBITDA Margin,456,0,0.0
technology_revenue_25m,Technology companies with revenue >= $25M,HDBSCAN,Density-based,HDBSCAN|mcs=15|ms=5,,All companies including noise,0,Return on Assets,456,0,0.0
technology_revenue_25m,Technology companies with revenue >= $25M,HDBSCAN,Density-based,HDBSCAN|mcs=15|ms=5,,All companies including noise,0,Asset Turnover,456,0,0.0
technology_revenue_25m,Technology companies with revenue >= $25M,HDBSCAN,Density-based,HDBSCAN|mcs=15|ms=5,,All companies including noise,0,Revenue per Employee,456,21,0.046052631578947366
technology_revenue_25m,Technology companies with revenue >= $25M,HDBSCAN,Density-based,HDBSCAN|mcs=15|ms=5,,All companies including noise,0,Current Ratio,456,1,0.0021929824561403508
technology_revenue_25m,Technology companies with revenue >= $25M,HDBSCAN,Density-based,HDBSCAN|mcs=15|ms=5,,All companies including noise,0,Debt Ratio,456,9,0.019736842105263157
technology_revenue_25m,Technology companies with revenue >= $25M,HDBSCAN,Density-based,HDBSCAN|mcs=15|ms=5,,All companies including noise,0,Free Cash Flow Margin,456,1,0.0021929824561403508
technology_revenue_25m,Technology companies with revenue >= $25M,HDBSCAN,Density-based,HDBSCAN|mcs=15|ms=5,,All companies including noise,0,Operating Cash Flow Margin,456,2,0.0043859649122807015
technology_revenue_25m,Technology companies with revenue >= $25M,HDBSCAN,Density-based,HDBSCAN|mcs=15|ms=5,,All companies including noise,1,EBITDA Margin,18,0,0.0
technology_revenue_25m,Technology companies with revenue >= $25M,HDBSCAN,Density-based,HDBSCAN|mcs=15|ms=5,,All companies including noise,1,Return on Assets,18,0,0.0
technology_revenue_25m,Technology companies with revenue >= $25M,HDBSCAN,Density-based,HDBSCAN|mcs=15|ms=5,,All companies including noise,1,Asset Turnover,18,0,0.0
technology_revenue_25m,Technology companies with revenue >= $25M,HDBSCAN,Density-based,HDBSCAN|mcs=15|ms=5,,All companies including noise,1,Revenue per Employee,18,1,0.05555555555555555
technology_revenue_25m,Technology companies with revenue >= $25M,HDBSCAN,Density-based,HDBSCAN|mcs=15|ms=5,,All companies including noise,1,Current Ratio,18,0,0.0
technology_revenue_25m,Technology companies with revenue >= $25M,HDBSCAN,Density-based,HDBSCAN|mcs=15|ms=5,,All companies including noise,1,Debt Ratio,18,0,0.0
technology_revenue_25m,Technology companies with revenue >= $25M,HDBSCAN,Density-based,HDBSCAN|mcs=15|ms=5,,All companies including noise,1,Free Cash Flow Margin,18,0,0.0
technology_revenue_25m,Technology companies with revenue >= $25M,HDBSCAN,Density-based,HDBSCAN|mcs=15|ms=5,,All companies including noise,1,Operating Cash Flow Margin,18,0,0.0
technology_revenue_25m,Technology companies with revenue >= $25M,HDBSCAN,Density-based,HDBSCAN|mcs=15|ms=5,,HDBSCAN assigned subset,0,EBITDA Margin,456,0,0.0
technology_revenue_25m,Technology companies with revenue >= $25M,HDBSCAN,Density-based,HDBSCAN|mcs=15|ms=5,,HDBSCAN assigned subset,0,Return on Assets,456,0,0.0
technology_revenue_25m,Technology companies with revenue >= $25M,HDBSCAN,Density-based,HDBSCAN|mcs=15|ms=5,,HDBSCAN assigned subset,0,Asset Turnover,456,0,0.0
technology_revenue_25m,Technology companies with revenue >= $25M,HDBSCAN,Density-based,HDBSCAN|mcs=15|ms=5,,HDBSCAN assigned subset,0,Revenue per Employee,456,21,0.046052631578947366
technology_revenue_25m,Technology companies with revenue >= $25M,HDBSCAN,Density-based,HDBSCAN|mcs=15|ms=5,,HDBSCAN assigned subset,0,Current Ratio,456,1,0.0021929824561403508
technology_revenue_25m,Technology companies with revenue >= $25M,HDBSCAN,Density-based,HDBSCAN|mcs=15|ms=5,,HDBSCAN assigned subset,0,Debt Ratio,456,9,0.019736842105263157
technology_revenue_25m,Technology companies with revenue >= $25M,HDBSCAN,Density-based,HDBSCAN|mcs=15|ms=5,,HDBSCAN assigned subset,0,Free Cash Flow Margin,456,1,0.0021929824561403508
technology_revenue_25m,Technology companies with revenue >= $25M,HDBSCAN,Density-based,HDBSCAN|mcs=15|ms=5,,HDBSCAN assigned subset,0,Operating Cash Flow Margin,456,2,0.0043859649122807015
technology_revenue_25m,Technology companies with revenue >= $25M,HDBSCAN,Density-based,HDBSCAN|mcs=15|ms=5,,HDBSCAN assigned subset,1,EBITDA Margin,18,0,0.0
technology_revenue_25m,Technology companies with revenue >= $25M,HDBSCAN,Density-based,HDBSCAN|mcs=15|ms=5,,HDBSCAN assigned subset,1,Return on Assets,18,0,0.0
technology_revenue_25m,Technology companies with revenue >= $25M,HDBSCAN,Density-based,HDBSCAN|mcs=15|ms=5,,HDBSCAN assigned subset,1,Asset Turnover,18,0,0.0
technology_revenue_25m,Technology companies with revenue >= $25M,HDBSCAN,Density-based,HDBSCAN|mcs=15|ms=5,,HDBSCAN assigned subset,1,Revenue per Employee,18,1,0.05555555555555555
technology_revenue_25m,Technology companies with revenue >= $25M,HDBSCAN,Density-based,HDBSCAN|mcs=15|ms=5,,HDBSCAN assigned subset,1,Current Ratio,18,0,0.0
technology_revenue_25m,Technology companies with revenue >= $25M,HDBSCAN,Density-based,HDBSCAN|mcs=15|ms=5,,HDBSCAN assigned subset,1,Debt Ratio,18,0,0.0
technology_revenue_25m,Technology companies with revenue >= $25M,HDBSCAN,Density-based,HDBSCAN|mcs=15|ms=5,,HDBSCAN assigned subset,1,Free Cash Flow Margin,18,0,0.0
technology_revenue_25m,Technology companies with revenue >= $25M,HDBSCAN,Density-based,HDBSCAN|mcs=15|ms=5,,HDBSCAN assigned subset,1,Operating Cash Flow Margin,18,0,0.0
technology_revenue_25m,Technology companies with revenue >= $25M,Autoencoder + K-Means,Neural full-assignment,Autoencoder + K-Means|K=4,42.0,All eligible companies,0,EBITDA Margin,54,0,0.0
technology_revenue_25m,Technology companies with revenue >= $25M,Autoencoder + K-Means,Neural full-assignment,Autoencoder + K-Means|K=4,42.0,All eligible companies,0,Return on Assets,54,0,0.0
technology_revenue_25m,Technology companies with revenue >= $25M,Autoencoder + K-Means,Neural full-assignment,Autoencoder + K-Means|K=4,42.0,All eligible companies,0,Asset Turnover,54,0,0.0
technology_revenue_25m,Technology companies with revenue >= $25M,Autoencoder + K-Means,Neural full-assignment,Autoencoder + K-Means|K=4,42.0,All eligible companies,0,Revenue per Employee,54,0,0.0
technology_revenue_25m,Technology companies with revenue >= $25M,Autoencoder + K-Means,Neural full-assignment,Autoencoder + K-Means|K=4,42.0,All eligible companies,0,Current Ratio,54,0,0.0
technology_revenue_25m,Technology companies with revenue >= $25M,Autoencoder + K-Means,Neural full-assignment,Autoencoder + K-Means|K=4,42.0,All eligible companies,0,Debt Ratio,54,2,0.037037037037037035
technology_revenue_25m,Technology companies with revenue >= $25M,Autoencoder + K-Means,Neural full-assignment,Autoencoder + K-Means|K=4,42.0,All eligible companies,0,Free Cash Flow Margin,54,0,0.0
technology_revenue_25m,Technology companies with revenue >= $25M,Autoencoder + K-Means,Neural full-assignment,Autoencoder + K-Means|K=4,42.0,All eligible companies,0,Operating Cash Flow Margin,54,1,0.018518518518518517
technology_revenue_25m,Technology companies with revenue >= $25M,Autoencoder + K-Means,Neural full-assignment,Autoencoder + K-Means|K=4,42.0,All eligible companies,1,EBITDA Margin,359,1,0.002785515320334262
technology_revenue_25m,Technology companies with revenue >= $25M,Autoencoder + K-Means,Neural full-assignment,Autoencoder + K-Means|K=4,42.0,All eligible companies,1,Return on Assets,359,0,0.0
technology_revenue_25m,Technology companies with revenue >= $25M,Autoencoder + K-Means,Neural full-assignment,Autoencoder + K-Means|K=4,42.0,All eligible companies,1,Asset Turnover,359,0,0.0
technology_revenue_25m,Technology companies with revenue >= $25M,Autoencoder + K-Means,Neural full-assignment,Autoencoder + K-Means|K=4,42.0,All eligible companies,1,Revenue per Employee,359,22,0.06128133704735376
technology_revenue_25m,Technology companies with revenue >= $25M,Autoencoder + K-Means,Neural full-assignment,Autoencoder + K-Means|K=4,42.0,All eligible companies,1,Current Ratio,359,1,0.002785515320334262
technology_revenue_25m,Technology companies with revenue >= $25M,Autoencoder + K-Means,Neural full-assignment,Autoencoder + K-Means|K=4,42.0,All eligible companies,1,Debt Ratio,359,5,0.013927576601671309
technology_revenue_25m,Technology companies with revenue >= $25M,Autoencoder + K-Means,Neural full-assignment,Autoencoder + K-Means|K=4,42.0,All eligible companies,1,Free Cash Flow Margin,359,0,0.0
technology_revenue_25m,Technology companies with revenue >= $25M,Autoencoder + K-Means,Neural full-assignment,Autoencoder + K-Means|K=4,42.0,All eligible companies,1,Operating Cash Flow Margin,359,1,0.002785515320334262
technology_revenue_25m,Technology companies with revenue >= $25M,Autoencoder + K-Means,Neural full-assignment,Autoencoder + K-Means|K=4,42.0,All eligible companies,2,EBITDA Margin,57,0,0.0
technology_revenue_25m,Technology companies with revenue >= $25M,Autoencoder + K-Means,Neural full-assignment,Autoencoder + K-Means|K=4,42.0,All eligible companies,2,Return on Assets,57,0,0.0
technology_revenue_25m,Technology companies with revenue >= $25M,Autoencoder + K-Means,Neural full-assignment,Autoencoder + K-Means|K=4,42.0,All eligible companies,2,Asset Turnover,57,0,0.0
technology_revenue_25m,Technology companies with revenue >= $25M,Autoencoder + K-Means,Neural full-assignment,Autoencoder + K-Means|K=4,42.0,All eligible companies,2,Revenue per Employee,57,5,0.08771929824561403
technology_revenue_25m,Technology companies with revenue >= $25M,Autoencoder + K-Means,Neural full-assignment,Autoencoder + K-Means|K=4,42.0,All eligible companies,2,Current Ratio,57,0,0.0
technology_revenue_25m,Technology companies with revenue >= $25M,Autoencoder + K-Means,Neural full-assignment,Autoencoder + K-Means|K=4,42.0,All eligible companies,2,Debt Ratio,57,0,0.0
technology_revenue_25m,Technology companies with revenue >= $25M,Autoencoder + K-Means,Neural full-assignment,Autoencoder + K-Means|K=4,42.0,All eligible companies,2,Free Cash Flow Margin,57,0,0.0
technology_revenue_25m,Technology companies with revenue >= $25M,Autoencoder + K-Means,Neural full-assignment,Autoencoder + K-Means|K=4,42.0,All eligible companies,2,Operating Cash Flow Margin,57,0,0.0
technology_revenue_25m,Technology companies with revenue >= $25M,Autoencoder + K-Means,Neural full-assignment,Autoencoder + K-Means|K=4,42.0,All eligible companies,3,EBITDA Margin,117,0,0.0
technology_revenue_25m,Technology companies with revenue >= $25M,Autoencoder + K-Means,Neural full-assignment,Autoencoder + K-Means|K=4,42.0,All eligible companies,3,Return on Assets,117,0,0.0
technology_revenue_25m,Technology companies with revenue >= $25M,Autoencoder + K-Means,Neural full-assignment,Autoencoder + K-Means|K=4,42.0,All eligible companies,3,Asset Turnover,117,0,0.0
technology_revenue_25m,Technology companies with revenue >= $25M,Autoencoder + K-Means,Neural full-assignment,Autoencoder + K-Means|K=4,42.0,All eligible companies,3,Revenue per Employee,117,3,0.02564102564102564
technology_revenue_25m,Technology companies with revenue >= $25M,Autoencoder + K-Means,Neural full-assignment,Autoencoder + K-Means|K=4,42.0,All eligible companies,3,Current Ratio,117,0,0.0
technology_revenue_25m,Technology companies with revenue >= $25M,Autoencoder + K-Means,Neural full-assignment,Autoencoder + K-Means|K=4,42.0,All eligible companies,3,Debt Ratio,117,4,0.03418803418803419
technology_revenue_25m,Technology companies with revenue >= $25M,Autoencoder + K-Means,Neural full-assignment,Autoencoder + K-Means|K=4,42.0,All eligible companies,3,Free Cash Flow Margin,117,1,0.008547008547008548
technology_revenue_25m,Technology companies with revenue >= $25M,Autoencoder + K-Means,Neural full-assignment,Autoencoder + K-Means|K=4,42.0,All eligible companies,3,Operating Cash Flow Margin,117,1,0.008547008547008548
technology_revenue_25m,Technology companies with revenue >= $25M,DEC,Neural full-assignment,DEC|K=4,42.0,All eligible companies,0,EBITDA Margin,73,0,0.0
technology_revenue_25m,Technology companies with revenue >= $25M,DEC,Neural full-assignment,DEC|K=4,42.0,All eligible companies,0,Return on Assets,73,0,0.0
technology_revenue_25m,Technology companies with revenue >= $25M,DEC,Neural full-assignment,DEC|K=4,42.0,All eligible companies,0,Asset Turnover,73,0,0.0
technology_revenue_25m,Technology companies with revenue >= $25M,DEC,Neural full-assignment,DEC|K=4,42.0,All eligible companies,0,Revenue per Employee,73,0,0.0
technology_revenue_25m,Technology companies with revenue >= $25M,DEC,Neural full-assignment,DEC|K=4,42.0,All eligible companies,0,Current Ratio,73,0,0.0
technology_revenue_25m,Technology companies with revenue >= $25M,DEC,Neural full-assignment,DEC|K=4,42.0,All eligible companies,0,Debt Ratio,73,3,0.0410958904109589
technology_revenue_25m,Technology companies with revenue >= $25M,DEC,Neural full-assignment,DEC|K=4,42.0,All eligible companies,0,Free Cash Flow Margin,73,0,0.0
technology_revenue_25m,Technology companies with revenue >= $25M,DEC,Neural full-assignment,DEC|K=4,42.0,All eligible companies,0,Operating Cash Flow Margin,73,1,0.0136986301369863
technology_revenue_25m,Technology companies with revenue >= $25M,DEC,Neural full-assignment,DEC|K=4,42.0,All eligible companies,1,EBITDA Margin,298,0,0.0
technology_revenue_25m,Technology companies with revenue >= $25M,DEC,Neural full-assignment,DEC|K=4,42.0,All eligible companies,1,Return on Assets,298,0,0.0
technology_revenue_25m,Technology companies with revenue >= $25M,DEC,Neural full-assignment,DEC|K=4,42.0,All eligible companies,1,Asset Turnover,298,0,0.0
technology_revenue_25m,Technology companies with revenue >= $25M,DEC,Neural full-assignment,DEC|K=4,42.0,All eligible companies,1,Revenue per Employee,298,16,0.053691275167785234
technology_revenue_25m,Technology companies with revenue >= $25M,DEC,Neural full-assignment,DEC|K=4,42.0,All eligible companies,1,Current Ratio,298,1,0.003355704697986577
technology_revenue_25m,Technology companies with revenue >= $25M,DEC,Neural full-assignment,DEC|K=4,42.0,All eligible companies,1,Debt Ratio,298,5,0.016778523489932886
technology_revenue_25m,Technology companies with revenue >= $25M,DEC,Neural full-assignment,DEC|K=4,42.0,All eligible companies,1,Free Cash Flow Margin,298,0,0.0
technology_revenue_25m,Technology companies with revenue >= $25M,DEC,Neural full-assignment,DEC|K=4,42.0,All eligible companies,1,Operating Cash Flow Margin,298,1,0.003355704697986577
technology_revenue_25m,Technology companies with revenue >= $25M,DEC,Neural full-assignment,DEC|K=4,42.0,All eligible companies,2,EBITDA Margin,97,1,0.010309278350515464
technology_revenue_25m,Technology companies with revenue >= $25M,DEC,Neural full-assignment,DEC|K=4,42.0,All eligible companies,2,Return on Assets,97,0,0.0
technology_revenue_25m,Technology companies with revenue >= $25M,DEC,Neural full-assignment,DEC|K=4,42.0,All eligible companies,2,Asset Turnover,97,0,0.0
technology_revenue_25m,Technology companies with revenue >= $25M,DEC,Neural full-assignment,DEC|K=4,42.0,All eligible companies,2,Revenue per Employee,97,12,0.12371134020618557
technology_revenue_25m,Technology companies with revenue >= $25M,DEC,Neural full-assignment,DEC|K=4,42.0,All eligible companies,2,Current Ratio,97,0,0.0
technology_revenue_25m,Technology companies with revenue >= $25M,DEC,Neural full-assignment,DEC|K=4,42.0,All eligible companies,2,Debt Ratio,97,0,0.0
technology_revenue_25m,Technology companies with revenue >= $25M,DEC,Neural full-assignment,DEC|K=4,42.0,All eligible companies,2,Free Cash Flow Margin,97,0,0.0
technology_revenue_25m,Technology companies with revenue >= $25M,DEC,Neural full-assignment,DEC|K=4,42.0,All eligible companies,2,Operating Cash Flow Margin,97,0,0.0
technology_revenue_25m,Technology companies with revenue >= $25M,DEC,Neural full-assignment,DEC|K=4,42.0,All eligible companies,3,EBITDA Margin,119,0,0.0
technology_revenue_25m,Technology companies with revenue >= $25M,DEC,Neural full-assignment,DEC|K=4,42.0,All eligible companies,3,Return on Assets,119,0,0.0
technology_revenue_25m,Technology companies with revenue >= $25M,DEC,Neural full-assignment,DEC|K=4,42.0,All eligible companies,3,Asset Turnover,119,0,0.0
technology_revenue_25m,Technology companies with revenue >= $25M,DEC,Neural full-assignment,DEC|K=4,42.0,All eligible companies,3,Revenue per Employee,119,2,0.01680672268907563
technology_revenue_25m,Technology companies with revenue >= $25M,DEC,Neural full-assignment,DEC|K=4,42.0,All eligible companies,3,Current Ratio,119,0,0.0
technology_revenue_25m,Technology companies with revenue >= $25M,DEC,Neural full-assignment,DEC|K=4,42.0,All eligible companies,3,Debt Ratio,119,3,0.025210084033613446
technology_revenue_25m,Technology companies with revenue >= $25M,DEC,Neural full-assignment,DEC|K=4,42.0,All eligible companies,3,Free Cash Flow Margin,119,1,0.008403361344537815
technology_revenue_25m,Technology companies with revenue >= $25M,DEC,Neural full-assignment,DEC|K=4,42.0,All eligible companies,3,Operating Cash Flow Margin,119,1,0.008403361344537815
technology_revenue_25m,Technology companies with revenue >= $25M,Autoencoder + K-Means,Neural full-assignment,Autoencoder + K-Means|K=4,456.0,All eligible companies,0,EBITDA Margin,72,0,0.0
technology_revenue_25m,Technology companies with revenue >= $25M,Autoencoder + K-Means,Neural full-assignment,Autoencoder + K-Means|K=4,456.0,All eligible companies,0,Return on Assets,72,0,0.0
technology_revenue_25m,Technology companies with revenue >= $25M,Autoencoder + K-Means,Neural full-assignment,Autoencoder + K-Means|K=4,456.0,All eligible companies,0,Asset Turnover,72,0,0.0
technology_revenue_25m,Technology companies with revenue >= $25M,Autoencoder + K-Means,Neural full-assignment,Autoencoder + K-Means|K=4,456.0,All eligible companies,0,Revenue per Employee,72,2,0.027777777777777776
technology_revenue_25m,Technology companies with revenue >= $25M,Autoencoder + K-Means,Neural full-assignment,Autoencoder + K-Means|K=4,456.0,All eligible companies,0,Current Ratio,72,0,0.0
technology_revenue_25m,Technology companies with revenue >= $25M,Autoencoder + K-Means,Neural full-assignment,Autoencoder + K-Means|K=4,456.0,All eligible companies,0,Debt Ratio,72,4,0.05555555555555555
technology_revenue_25m,Technology companies with revenue >= $25M,Autoencoder + K-Means,Neural full-assignment,Autoencoder + K-Means|K=4,456.0,All eligible companies,0,Free Cash Flow Margin,72,1,0.013888888888888888
technology_revenue_25m,Technology companies with revenue >= $25M,Autoencoder + K-Means,Neural full-assignment,Autoencoder + K-Means|K=4,456.0,All eligible companies,0,Operating Cash Flow Margin,72,1,0.013888888888888888
technology_revenue_25m,Technology companies with revenue >= $25M,Autoencoder + K-Means,Neural full-assignment,Autoencoder + K-Means|K=4,456.0,All eligible companies,1,EBITDA Margin,347,0,0.0
technology_revenue_25m,Technology companies with revenue >= $25M,Autoencoder + K-Means,Neural full-assignment,Autoencoder + K-Means|K=4,456.0,All eligible companies,1,Return on Assets,347,0,0.0
technology_revenue_25m,Technology companies with revenue >= $25M,Autoencoder + K-Means,Neural full-assignment,Autoencoder + K-Means|K=4,456.0,All eligible companies,1,Asset Turnover,347,0,0.0
technology_revenue_25m,Technology companies with revenue >= $25M,Autoencoder + K-Means,Neural full-assignment,Autoencoder + K-Means|K=4,456.0,All eligible companies,1,Revenue per Employee,347,14,0.040345821325648415
technology_revenue_25m,Technology companies with revenue >= $25M,Autoencoder + K-Means,Neural full-assignment,Autoencoder + K-Means|K=4,456.0,All eligible companies,1,Current Ratio,347,1,0.002881844380403458
technology_revenue_25m,Technology companies with revenue >= $25M,Autoencoder + K-Means,Neural full-assignment,Autoencoder + K-Means|K=4,456.0,All eligible companies,1,Debt Ratio,347,7,0.020172910662824207
technology_revenue_25m,Technology companies with revenue >= $25M,Autoencoder + K-Means,Neural full-assignment,Autoencoder + K-Means|K=4,456.0,All eligible companies,1,Free Cash Flow Margin,347,0,0.0
technology_revenue_25m,Technology companies with revenue >= $25M,Autoencoder + K-Means,Neural full-assignment,Autoencoder + K-Means|K=4,456.0,All eligible companies,1,Operating Cash Flow Margin,347,2,0.005763688760806916
technology_revenue_25m,Technology companies with revenue >= $25M,Autoencoder + K-Means,Neural full-assignment,Autoencoder + K-Means|K=4,456.0,All eligible companies,2,EBITDA Margin,54,0,0.0
technology_revenue_25m,Technology companies with revenue >= $25M,Autoencoder + K-Means,Neural full-assignment,Autoencoder + K-Means|K=4,456.0,All eligible companies,2,Return on Assets,54,0,0.0
technology_revenue_25m,Technology companies with revenue >= $25M,Autoencoder + K-Means,Neural full-assignment,Autoencoder + K-Means|K=4,456.0,All eligible companies,2,Asset Turnover,54,0,0.0
technology_revenue_25m,Technology companies with revenue >= $25M,Autoencoder + K-Means,Neural full-assignment,Autoencoder + K-Means|K=4,456.0,All eligible companies,2,Revenue per Employee,54,5,0.09259259259259259
technology_revenue_25m,Technology companies with revenue >= $25M,Autoencoder + K-Means,Neural full-assignment,Autoencoder + K-Means|K=4,456.0,All eligible companies,2,Current Ratio,54,0,0.0
technology_revenue_25m,Technology companies with revenue >= $25M,Autoencoder + K-Means,Neural full-assignment,Autoencoder + K-Means|K=4,456.0,All eligible companies,2,Debt Ratio,54,0,0.0
technology_revenue_25m,Technology companies with revenue >= $25M,Autoencoder + K-Means,Neural full-assignment,Autoencoder + K-Means|K=4,456.0,All eligible companies,2,Free Cash Flow Margin,54,0,0.0
technology_revenue_25m,Technology companies with revenue >= $25M,Autoencoder + K-Means,Neural full-assignment,Autoencoder + K-Means|K=4,456.0,All eligible companies,2,Operating Cash Flow Margin,54,0,0.0
technology_revenue_25m,Technology companies with revenue >= $25M,Autoencoder + K-Means,Neural full-assignment,Autoencoder + K-Means|K=4,456.0,All eligible companies,3,EBITDA Margin,114,1,0.008771929824561403
technology_revenue_25m,Technology companies with revenue >= $25M,Autoencoder + K-Means,Neural full-assignment,Autoencoder + K-Means|K=4,456.0,All eligible companies,3,Return on Assets,114,0,0.0
technology_revenue_25m,Technology companies with revenue >= $25M,Autoencoder + K-Means,Neural full-assignment,Autoencoder + K-Means|K=4,456.0,All eligible companies,3,Asset Turnover,114,0,0.0
technology_revenue_25m,Technology companies with revenue >= $25M,Autoencoder + K-Means,Neural full-assignment,Autoencoder + K-Means|K=4,456.0,All eligible companies,3,Revenue per Employee,114,9,0.07894736842105263
technology_revenue_25m,Technology companies with revenue >= $25M,Autoencoder + K-Means,Neural full-assignment,Autoencoder + K-Means|K=4,456.0,All eligible companies,3,Current Ratio,114,0,0.0
technology_revenue_25m,Technology companies with revenue >= $25M,Autoencoder + K-Means,Neural full-assignment,Autoencoder + K-Means|K=4,456.0,All eligible companies,3,Debt Ratio,114,0,0.0
technology_revenue_25m,Technology companies with revenue >= $25M,Autoencoder + K-Means,Neural full-assignment,Autoencoder + K-Means|K=4,456.0,All eligible companies,3,Free Cash Flow Margin,114,0,0.0
technology_revenue_25m,Technology companies with revenue >= $25M,Autoencoder + K-Means,Neural full-assignment,Autoencoder + K-Means|K=4,456.0,All eligible companies,3,Operating Cash Flow Margin,114,0,0.0
technology_revenue_25m,Technology companies with revenue >= $25M,DEC,Neural full-assignment,DEC|K=4,456.0,All eligible companies,0,EBITDA Margin,108,0,0.0
technology_revenue_25m,Technology companies with revenue >= $25M,DEC,Neural full-assignment,DEC|K=4,456.0,All eligible companies,0,Return on Assets,108,0,0.0
technology_revenue_25m,Technology companies with revenue >= $25M,DEC,Neural full-assignment,DEC|K=4,456.0,All eligible companies,0,Asset Turnover,108,0,0.0
technology_revenue_25m,Technology companies with revenue >= $25M,DEC,Neural full-assignment,DEC|K=4,456.0,All eligible companies,0,Revenue per Employee,108,2,0.018518518518518517
technology_revenue_25m,Technology companies with revenue >= $25M,DEC,Neural full-assignment,DEC|K=4,456.0,All eligible companies,0,Current Ratio,108,0,0.0
technology_revenue_25m,Technology companies with revenue >= $25M,DEC,Neural full-assignment,DEC|K=4,456.0,All eligible companies,0,Debt Ratio,108,6,0.05555555555555555
technology_revenue_25m,Technology companies with revenue >= $25M,DEC,Neural full-assignment,DEC|K=4,456.0,All eligible companies,0,Free Cash Flow Margin,108,1,0.009259259259259259
technology_revenue_25m,Technology companies with revenue >= $25M,DEC,Neural full-assignment,DEC|K=4,456.0,All eligible companies,0,Operating Cash Flow Margin,108,1,0.009259259259259259
technology_revenue_25m,Technology companies with revenue >= $25M,DEC,Neural full-assignment,DEC|K=4,456.0,All eligible companies,1,EBITDA Margin,235,0,0.0
technology_revenue_25m,Technology companies with revenue >= $25M,DEC,Neural full-assignment,DEC|K=4,456.0,All eligible companies,1,Return on Assets,235,0,0.0
technology_revenue_25m,Technology companies with revenue >= $25M,DEC,Neural full-assignment,DEC|K=4,456.0,All eligible companies,1,Asset Turnover,235,0,0.0
technology_revenue_25m,Technology companies with revenue >= $25M,DEC,Neural full-assignment,DEC|K=4,456.0,All eligible companies,1,Revenue per Employee,235,12,0.05106382978723404
technology_revenue_25m,Technology companies with revenue >= $25M,DEC,Neural full-assignment,DEC|K=4,456.0,All eligible companies,1,Current Ratio,235,1,0.00425531914893617
technology_revenue_25m,Technology companies with revenue >= $25M,DEC,Neural full-assignment,DEC|K=4,456.0,All eligible companies,1,Debt Ratio,235,4,0.01702127659574468
technology_revenue_25m,Technology companies with revenue >= $25M,DEC,Neural full-assignment,DEC|K=4,456.0,All eligible companies,1,Free Cash Flow Margin,235,0,0.0
technology_revenue_25m,Technology companies with revenue >= $25M,DEC,Neural full-assignment,DEC|K=4,456.0,All eligible companies,1,Operating Cash Flow Margin,235,1,0.00425531914893617
technology_revenue_25m,Technology companies with revenue >= $25M,DEC,Neural full-assignment,DEC|K=4,456.0,All eligible companies,2,EBITDA Margin,93,0,0.0
technology_revenue_25m,Technology companies with revenue >= $25M,DEC,Neural full-assignment,DEC|K=4,456.0,All eligible companies,2,Return on Assets,93,0,0.0
technology_revenue_25m,Technology companies with revenue >= $25M,DEC,Neural full-assignment,DEC|K=4,456.0,All eligible companies,2,Asset Turnover,93,0,0.0
technology_revenue_25m,Technology companies with revenue >= $25M,DEC,Neural full-assignment,DEC|K=4,456.0,All eligible companies,2,Revenue per Employee,93,8,0.08602150537634409
technology_revenue_25m,Technology companies with revenue >= $25M,DEC,Neural full-assignment,DEC|K=4,456.0,All eligible companies,2,Current Ratio,93,0,0.0
technology_revenue_25m,Technology companies with revenue >= $25M,DEC,Neural full-assignment,DEC|K=4,456.0,All eligible companies,2,Debt Ratio,93,0,0.0
technology_revenue_25m,Technology companies with revenue >= $25M,DEC,Neural full-assignment,DEC|K=4,456.0,All eligible companies,2,Free Cash Flow Margin,93,0,0.0
technology_revenue_25m,Technology companies with revenue >= $25M,DEC,Neural full-assignment,DEC|K=4,456.0,All eligible companies,2,Operating Cash Flow Margin,93,0,0.0
technology_revenue_25m,Technology companies with revenue >= $25M,DEC,Neural full-assignment,DEC|K=4,456.0,All eligible companies,3,EBITDA Margin,151,1,0.006622516556291391
technology_revenue_25m,Technology companies with revenue >= $25M,DEC,Neural full-assignment,DEC|K=4,456.0,All eligible companies,3,Return on Assets,151,0,0.0
technology_revenue_25m,Technology companies with revenue >= $25M,DEC,Neural full-assignment,DEC|K=4,456.0,All eligible companies,3,Asset Turnover,151,0,0.0
technology_revenue_25m,Technology companies with revenue >= $25M,DEC,Neural full-assignment,DEC|K=4,456.0,All eligible companies,3,Revenue per Employee,151,8,0.052980132450331126
technology_revenue_25m,Technology companies with revenue >= $25M,DEC,Neural full-assignment,DEC|K=4,456.0,All eligible companies,3,Current Ratio,151,0,0.0
technology_revenue_25m,Technology companies with revenue >= $25M,DEC,Neural full-assignment,DEC|K=4,456.0,All eligible companies,3,Debt Ratio,151,1,0.006622516556291391
technology_revenue_25m,Technology companies with revenue >= $25M,DEC,Neural full-assignment,DEC|K=4,456.0,All eligible companies,3,Free Cash Flow Margin,151,0,0.0
technology_revenue_25m,Technology companies with revenue >= $25M,DEC,Neural full-assignment,DEC|K=4,456.0,All eligible companies,3,Operating Cash Flow Margin,151,1,0.006622516556291391
technology_revenue_25m,Technology companies with revenue >= $25M,Autoencoder + K-Means,Neural full-assignment,Autoencoder + K-Means|K=4,2026.0,All eligible companies,0,EBITDA Margin,394,0,0.0
technology_revenue_25m,Technology companies with revenue >= $25M,Autoencoder + K-Means,Neural full-assignment,Autoencoder + K-Means|K=4,2026.0,All eligible companies,0,Return on Assets,394,0,0.0
technology_revenue_25m,Technology companies with revenue >= $25M,Autoencoder + K-Means,Neural full-assignment,Autoencoder + K-Means|K=4,2026.0,All eligible companies,0,Asset Turnover,394,0,0.0
technology_revenue_25m,Technology companies with revenue >= $25M,Autoencoder + K-Means,Neural full-assignment,Autoencoder + K-Means|K=4,2026.0,All eligible companies,0,Revenue per Employee,394,18,0.04568527918781726
technology_revenue_25m,Technology companies with revenue >= $25M,Autoencoder + K-Means,Neural full-assignment,Autoencoder + K-Means|K=4,2026.0,All eligible companies,0,Current Ratio,394,1,0.0025380710659898475
technology_revenue_25m,Technology companies with revenue >= $25M,Autoencoder + K-Means,Neural full-assignment,Autoencoder + K-Means|K=4,2026.0,All eligible companies,0,Debt Ratio,394,9,0.02284263959390863
technology_revenue_25m,Technology companies with revenue >= $25M,Autoencoder + K-Means,Neural full-assignment,Autoencoder + K-Means|K=4,2026.0,All eligible companies,0,Free Cash Flow Margin,394,1,0.0025380710659898475
technology_revenue_25m,Technology companies with revenue >= $25M,Autoencoder + K-Means,Neural full-assignment,Autoencoder + K-Means|K=4,2026.0,All eligible companies,0,Operating Cash Flow Margin,394,2,0.005076142131979695
technology_revenue_25m,Technology companies with revenue >= $25M,Autoencoder + K-Means,Neural full-assignment,Autoencoder + K-Means|K=4,2026.0,All eligible companies,1,EBITDA Margin,83,1,0.012048192771084338
technology_revenue_25m,Technology companies with revenue >= $25M,Autoencoder + K-Means,Neural full-assignment,Autoencoder + K-Means|K=4,2026.0,All eligible companies,1,Return on Assets,83,0,0.0
technology_revenue_25m,Technology companies with revenue >= $25M,Autoencoder + K-Means,Neural full-assignment,Autoencoder + K-Means|K=4,2026.0,All eligible companies,1,Asset Turnover,83,0,0.0
technology_revenue_25m,Technology companies with revenue >= $25M,Autoencoder + K-Means,Neural full-assignment,Autoencoder + K-Means|K=4,2026.0,All eligible companies,1,Revenue per Employee,83,8,0.0963855421686747
technology_revenue_25m,Technology companies with revenue >= $25M,Autoencoder + K-Means,Neural full-assignment,Autoencoder + K-Means|K=4,2026.0,All eligible companies,1,Current Ratio,83,0,0.0
technology_revenue_25m,Technology companies with revenue >= $25M,Autoencoder + K-Means,Neural full-assignment,Autoencoder + K-Means|K=4,2026.0,All eligible companies,1,Debt Ratio,83,0,0.0
technology_revenue_25m,Technology companies with revenue >= $25M,Autoencoder + K-Means,Neural full-assignment,Autoencoder + K-Means|K=4,2026.0,All eligible companies,1,Free Cash Flow Margin,83,0,0.0
technology_revenue_25m,Technology companies with revenue >= $25M,Autoencoder + K-Means,Neural full-assignment,Autoencoder + K-Means|K=4,2026.0,All eligible companies,1,Operating Cash Flow Margin,83,0,0.0
technology_revenue_25m,Technology companies with revenue >= $25M,Autoencoder + K-Means,Neural full-assignment,Autoencoder + K-Means|K=4,2026.0,All eligible companies,2,EBITDA Margin,47,0,0.0
technology_revenue_25m,Technology companies with revenue >= $25M,Autoencoder + K-Means,Neural full-assignment,Autoencoder + K-Means|K=4,2026.0,All eligible companies,2,Return on Assets,47,0,0.0
technology_revenue_25m,Technology companies with revenue >= $25M,Autoencoder + K-Means,Neural full-assignment,Autoencoder + K-Means|K=4,2026.0,All eligible companies,2,Asset Turnover,47,0,0.0
technology_revenue_25m,Technology companies with revenue >= $25M,Autoencoder + K-Means,Neural full-assignment,Autoencoder + K-Means|K=4,2026.0,All eligible companies,2,Revenue per Employee,47,4,0.0851063829787234
technology_revenue_25m,Technology companies with revenue >= $25M,Autoencoder + K-Means,Neural full-assignment,Autoencoder + K-Means|K=4,2026.0,All eligible companies,2,Current Ratio,47,0,0.0
technology_revenue_25m,Technology companies with revenue >= $25M,Autoencoder + K-Means,Neural full-assignment,Autoencoder + K-Means|K=4,2026.0,All eligible companies,2,Debt Ratio,47,0,0.0
technology_revenue_25m,Technology companies with revenue >= $25M,Autoencoder + K-Means,Neural full-assignment,Autoencoder + K-Means|K=4,2026.0,All eligible companies,2,Free Cash Flow Margin,47,0,0.0
technology_revenue_25m,Technology companies with revenue >= $25M,Autoencoder + K-Means,Neural full-assignment,Autoencoder + K-Means|K=4,2026.0,All eligible companies,2,Operating Cash Flow Margin,47,0,0.0
technology_revenue_25m,Technology companies with revenue >= $25M,Autoencoder + K-Means,Neural full-assignment,Autoencoder + K-Means|K=4,2026.0,All eligible companies,3,EBITDA Margin,63,0,0.0
technology_revenue_25m,Technology companies with revenue >= $25M,Autoencoder + K-Means,Neural full-assignment,Autoencoder + K-Means|K=4,2026.0,All eligible companies,3,Return on Assets,63,0,0.0
technology_revenue_25m,Technology companies with revenue >= $25M,Autoencoder + K-Means,Neural full-assignment,Autoencoder + K-Means|K=4,2026.0,All eligible companies,3,Asset Turnover,63,0,0.0
technology_revenue_25m,Technology companies with revenue >= $25M,Autoencoder + K-Means,Neural full-assignment,Autoencoder + K-Means|K=4,2026.0,All eligible companies,3,Revenue per Employee,63,0,0.0
technology_revenue_25m,Technology companies with revenue >= $25M,Autoencoder + K-Means,Neural full-assignment,Autoencoder + K-Means|K=4,2026.0,All eligible companies,3,Current Ratio,63,0,0.0
technology_revenue_25m,Technology companies with revenue >= $25M,Autoencoder + K-Means,Neural full-assignment,Autoencoder + K-Means|K=4,2026.0,All eligible companies,3,Debt Ratio,63,2,0.031746031746031744
technology_revenue_25m,Technology companies with revenue >= $25M,Autoencoder + K-Means,Neural full-assignment,Autoencoder + K-Means|K=4,2026.0,All eligible companies,3,Free Cash Flow Margin,63,0,0.0
technology_revenue_25m,Technology companies with revenue >= $25M,Autoencoder + K-Means,Neural full-assignment,Autoencoder + K-Means|K=4,2026.0,All eligible companies,3,Operating Cash Flow Margin,63,1,0.015873015873015872
technology_revenue_25m,Technology companies with revenue >= $25M,DEC,Neural full-assignment,DEC|K=4,2026.0,All eligible companies,0,EBITDA Margin,278,0,0.0
technology_revenue_25m,Technology companies with revenue >= $25M,DEC,Neural full-assignment,DEC|K=4,2026.0,All eligible companies,0,Return on Assets,278,0,0.0
technology_revenue_25m,Technology companies with revenue >= $25M,DEC,Neural full-assignment,DEC|K=4,2026.0,All eligible companies,0,Asset Turnover,278,0,0.0
technology_revenue_25m,Technology companies with revenue >= $25M,DEC,Neural full-assignment,DEC|K=4,2026.0,All eligible companies,0,Revenue per Employee,278,14,0.050359712230215826
technology_revenue_25m,Technology companies with revenue >= $25M,DEC,Neural full-assignment,DEC|K=4,2026.0,All eligible companies,0,Current Ratio,278,1,0.0035971223021582736
technology_revenue_25m,Technology companies with revenue >= $25M,DEC,Neural full-assignment,DEC|K=4,2026.0,All eligible companies,0,Debt Ratio,278,7,0.025179856115107913
technology_revenue_25m,Technology companies with revenue >= $25M,DEC,Neural full-assignment,DEC|K=4,2026.0,All eligible companies,0,Free Cash Flow Margin,278,1,0.0035971223021582736
technology_revenue_25m,Technology companies with revenue >= $25M,DEC,Neural full-assignment,DEC|K=4,2026.0,All eligible companies,0,Operating Cash Flow Margin,278,1,0.0035971223021582736
technology_revenue_25m,Technology companies with revenue >= $25M,DEC,Neural full-assignment,DEC|K=4,2026.0,All eligible companies,1,EBITDA Margin,139,1,0.007194244604316547
technology_revenue_25m,Technology companies with revenue >= $25M,DEC,Neural full-assignment,DEC|K=4,2026.0,All eligible companies,1,Return on Assets,139,0,0.0
technology_revenue_25m,Technology companies with revenue >= $25M,DEC,Neural full-assignment,DEC|K=4,2026.0,All eligible companies,1,Asset Turnover,139,0,0.0
technology_revenue_25m,Technology companies with revenue >= $25M,DEC,Neural full-assignment,DEC|K=4,2026.0,All eligible companies,1,Revenue per Employee,139,6,0.04316546762589928
technology_revenue_25m,Technology companies with revenue >= $25M,DEC,Neural full-assignment,DEC|K=4,2026.0,All eligible companies,1,Current Ratio,139,0,0.0
technology_revenue_25m,Technology companies with revenue >= $25M,DEC,Neural full-assignment,DEC|K=4,2026.0,All eligible companies,1,Debt Ratio,139,2,0.014388489208633094
technology_revenue_25m,Technology companies with revenue >= $25M,DEC,Neural full-assignment,DEC|K=4,2026.0,All eligible companies,1,Free Cash Flow Margin,139,0,0.0
technology_revenue_25m,Technology companies with revenue >= $25M,DEC,Neural full-assignment,DEC|K=4,2026.0,All eligible companies,1,Operating Cash Flow Margin,139,1,0.007194244604316547
technology_revenue_25m,Technology companies with revenue >= $25M,DEC,Neural full-assignment,DEC|K=4,2026.0,All eligible companies,2,EBITDA Margin,106,0,0.0
technology_revenue_25m,Technology companies with revenue >= $25M,DEC,Neural full-assignment,DEC|K=4,2026.0,All eligible companies,2,Return on Assets,106,0,0.0
technology_revenue_25m,Technology companies with revenue >= $25M,DEC,Neural full-assignment,DEC|K=4,2026.0,All eligible companies,2,Asset Turnover,106,0,0.0
technology_revenue_25m,Technology companies with revenue >= $25M,DEC,Neural full-assignment,DEC|K=4,2026.0,All eligible companies,2,Revenue per Employee,106,10,0.09433962264150944
technology_revenue_25m,Technology companies with revenue >= $25M,DEC,Neural full-assignment,DEC|K=4,2026.0,All eligible companies,2,Current Ratio,106,0,0.0
technology_revenue_25m,Technology companies with revenue >= $25M,DEC,Neural full-assignment,DEC|K=4,2026.0,All eligible companies,2,Debt Ratio,106,0,0.0
technology_revenue_25m,Technology companies with revenue >= $25M,DEC,Neural full-assignment,DEC|K=4,2026.0,All eligible companies,2,Free Cash Flow Margin,106,0,0.0
technology_revenue_25m,Technology companies with revenue >= $25M,DEC,Neural full-assignment,DEC|K=4,2026.0,All eligible companies,2,Operating Cash Flow Margin,106,0,0.0
technology_revenue_25m,Technology companies with revenue >= $25M,DEC,Neural full-assignment,DEC|K=4,2026.0,All eligible companies,3,EBITDA Margin,64,0,0.0
technology_revenue_25m,Technology companies with revenue >= $25M,DEC,Neural full-assignment,DEC|K=4,2026.0,All eligible companies,3,Return on Assets,64,0,0.0
technology_revenue_25m,Technology companies with revenue >= $25M,DEC,Neural full-assignment,DEC|K=4,2026.0,All eligible companies,3,Asset Turnover,64,0,0.0
technology_revenue_25m,Technology companies with revenue >= $25M,DEC,Neural full-assignment,DEC|K=4,2026.0,All eligible companies,3,Revenue per Employee,64,0,0.0
technology_revenue_25m,Technology companies with revenue >= $25M,DEC,Neural full-assignment,DEC|K=4,2026.0,All eligible companies,3,Current Ratio,64,0,0.0
technology_revenue_25m,Technology companies with revenue >= $25M,DEC,Neural full-assignment,DEC|K=4,2026.0,All eligible companies,3,Debt Ratio,64,2,0.03125
technology_revenue_25m,Technology companies with revenue >= $25M,DEC,Neural full-assignment,DEC|K=4,2026.0,All eligible companies,3,Free Cash Flow Margin,64,0,0.0
technology_revenue_25m,Technology companies with revenue >= $25M,DEC,Neural full-assignment,DEC|K=4,2026.0,All eligible companies,3,Operating Cash Flow Margin,64,1,0.015625
healthcare_revenue_50m,Healthcare companies with revenue >= $50M,Agglomerative,Traditional full-assignment,Agglomerative|K=2,,All eligible companies,0,EBITDA Margin,375,6,0.016
healthcare_revenue_50m,Healthcare companies with revenue >= $50M,Agglomerative,Traditional full-assignment,Agglomerative|K=2,,All eligible companies,0,Return on Assets,375,1,0.0026666666666666666
healthcare_revenue_50m,Healthcare companies with revenue >= $50M,Agglomerative,Traditional full-assignment,Agglomerative|K=2,,All eligible companies,0,Asset Turnover,375,0,0.0
healthcare_revenue_50m,Healthcare companies with revenue >= $50M,Agglomerative,Traditional full-assignment,Agglomerative|K=2,,All eligible companies,0,Revenue per Employee,375,9,0.024
healthcare_revenue_50m,Healthcare companies with revenue >= $50M,Agglomerative,Traditional full-assignment,Agglomerative|K=2,,All eligible companies,0,Current Ratio,375,3,0.008
healthcare_revenue_50m,Healthcare companies with revenue >= $50M,Agglomerative,Traditional full-assignment,Agglomerative|K=2,,All eligible companies,0,Debt Ratio,375,6,0.016
healthcare_revenue_50m,Healthcare companies with revenue >= $50M,Agglomerative,Traditional full-assignment,Agglomerative|K=2,,All eligible companies,0,Free Cash Flow Margin,375,0,0.0
healthcare_revenue_50m,Healthcare companies with revenue >= $50M,Agglomerative,Traditional full-assignment,Agglomerative|K=2,,All eligible companies,0,Operating Cash Flow Margin,375,1,0.0026666666666666666
healthcare_revenue_50m,Healthcare companies with revenue >= $50M,Agglomerative,Traditional full-assignment,Agglomerative|K=2,,All eligible companies,1,EBITDA Margin,69,0,0.0
healthcare_revenue_50m,Healthcare companies with revenue >= $50M,Agglomerative,Traditional full-assignment,Agglomerative|K=2,,All eligible companies,1,Return on Assets,69,0,0.0
healthcare_revenue_50m,Healthcare companies with revenue >= $50M,Agglomerative,Traditional full-assignment,Agglomerative|K=2,,All eligible companies,1,Asset Turnover,69,0,0.0
healthcare_revenue_50m,Healthcare companies with revenue >= $50M,Agglomerative,Traditional full-assignment,Agglomerative|K=2,,All eligible companies,1,Revenue per Employee,69,0,0.0
healthcare_revenue_50m,Healthcare companies with revenue >= $50M,Agglomerative,Traditional full-assignment,Agglomerative|K=2,,All eligible companies,1,Current Ratio,69,0,0.0
healthcare_revenue_50m,Healthcare companies with revenue >= $50M,Agglomerative,Traditional full-assignment,Agglomerative|K=2,,All eligible companies,1,Debt Ratio,69,1,0.014492753623188406
healthcare_revenue_50m,Healthcare companies with revenue >= $50M,Agglomerative,Traditional full-assignment,Agglomerative|K=2,,All eligible companies,1,Free Cash Flow Margin,69,0,0.0
healthcare_revenue_50m,Healthcare companies with revenue >= $50M,Agglomerative,Traditional full-assignment,Agglomerative|K=2,,All eligible companies,1,Operating Cash Flow Margin,69,0,0.0
healthcare_revenue_50m,Healthcare companies with revenue >= $50M,K-Means,Traditional full-assignment,K-Means|K=2,,All eligible companies,0,EBITDA Margin,79,0,0.0
healthcare_revenue_50m,Healthcare companies with revenue >= $50M,K-Means,Traditional full-assignment,K-Means|K=2,,All eligible companies,0,Return on Assets,79,0,0.0
healthcare_revenue_50m,Healthcare companies with revenue >= $50M,K-Means,Traditional full-assignment,K-Means|K=2,,All eligible companies,0,Asset Turnover,79,0,0.0
healthcare_revenue_50m,Healthcare companies with revenue >= $50M,K-Means,Traditional full-assignment,K-Means|K=2,,All eligible companies,0,Revenue per Employee,79,1,0.012658227848101266
healthcare_revenue_50m,Healthcare companies with revenue >= $50M,K-Means,Traditional full-assignment,K-Means|K=2,,All eligible companies,0,Current Ratio,79,0,0.0
healthcare_revenue_50m,Healthcare companies with revenue >= $50M,K-Means,Traditional full-assignment,K-Means|K=2,,All eligible companies,0,Debt Ratio,79,1,0.012658227848101266
healthcare_revenue_50m,Healthcare companies with revenue >= $50M,K-Means,Traditional full-assignment,K-Means|K=2,,All eligible companies,0,Free Cash Flow Margin,79,0,0.0
healthcare_revenue_50m,Healthcare companies with revenue >= $50M,K-Means,Traditional full-assignment,K-Means|K=2,,All eligible companies,0,Operating Cash Flow Margin,79,0,0.0
healthcare_revenue_50m,Healthcare companies with revenue >= $50M,K-Means,Traditional full-assignment,K-Means|K=2,,All eligible companies,1,EBITDA Margin,365,6,0.01643835616438356
healthcare_revenue_50m,Healthcare companies with revenue >= $50M,K-Means,Traditional full-assignment,K-Means|K=2,,All eligible companies,1,Return on Assets,365,1,0.0027397260273972603
healthcare_revenue_50m,Healthcare companies with revenue >= $50M,K-Means,Traditional full-assignment,K-Means|K=2,,All eligible companies,1,Asset Turnover,365,0,0.0
healthcare_revenue_50m,Healthcare companies with revenue >= $50M,K-Means,Traditional full-assignment,K-Means|K=2,,All eligible companies,1,Revenue per Employee,365,8,0.021917808219178082
healthcare_revenue_50m,Healthcare companies with revenue >= $50M,K-Means,Traditional full-assignment,K-Means|K=2,,All eligible companies,1,Current Ratio,365,3,0.00821917808219178
healthcare_revenue_50m,Healthcare companies with revenue >= $50M,K-Means,Traditional full-assignment,K-Means|K=2,,All eligible companies,1,Debt Ratio,365,6,0.01643835616438356
healthcare_revenue_50m,Healthcare companies with revenue >= $50M,K-Means,Traditional full-assignment,K-Means|K=2,,All eligible companies,1,Free Cash Flow Margin,365,0,0.0
healthcare_revenue_50m,Healthcare companies with revenue >= $50M,K-Means,Traditional full-assignment,K-Means|K=2,,All eligible companies,1,Operating Cash Flow Margin,365,1,0.0027397260273972603
healthcare_revenue_50m,Healthcare companies with revenue >= $50M,Gaussian Mixture,Traditional full-assignment,Gaussian Mixture|K=2,,All eligible companies,0,EBITDA Margin,168,0,0.0
healthcare_revenue_50m,Healthcare companies with revenue >= $50M,Gaussian Mixture,Traditional full-assignment,Gaussian Mixture|K=2,,All eligible companies,0,Return on Assets,168,0,0.0
healthcare_revenue_50m,Healthcare companies with revenue >= $50M,Gaussian Mixture,Traditional full-assignment,Gaussian Mixture|K=2,,All eligible companies,0,Asset Turnover,168,0,0.0
healthcare_revenue_50m,Healthcare companies with revenue >= $50M,Gaussian Mixture,Traditional full-assignment,Gaussian Mixture|K=2,,All eligible companies,0,Revenue per Employee,168,4,0.023809523809523808
healthcare_revenue_50m,Healthcare companies with revenue >= $50M,Gaussian Mixture,Traditional full-assignment,Gaussian Mixture|K=2,,All eligible companies,0,Current Ratio,168,0,0.0
healthcare_revenue_50m,Healthcare companies with revenue >= $50M,Gaussian Mixture,Traditional full-assignment,Gaussian Mixture|K=2,,All eligible companies,0,Debt Ratio,168,1,0.005952380952380952
healthcare_revenue_50m,Healthcare companies with revenue >= $50M,Gaussian Mixture,Traditional full-assignment,Gaussian Mixture|K=2,,All eligible companies,0,Free Cash Flow Margin,168,0,0.0
healthcare_revenue_50m,Healthcare companies with revenue >= $50M,Gaussian Mixture,Traditional full-assignment,Gaussian Mixture|K=2,,All eligible companies,0,Operating Cash Flow Margin,168,1,0.005952380952380952
healthcare_revenue_50m,Healthcare companies with revenue >= $50M,Gaussian Mixture,Traditional full-assignment,Gaussian Mixture|K=2,,All eligible companies,1,EBITDA Margin,276,6,0.021739130434782608
healthcare_revenue_50m,Healthcare companies with revenue >= $50M,Gaussian Mixture,Traditional full-assignment,Gaussian Mixture|K=2,,All eligible companies,1,Return on Assets,276,1,0.0036231884057971015
healthcare_revenue_50m,Healthcare companies with revenue >= $50M,Gaussian Mixture,Traditional full-assignment,Gaussian Mixture|K=2,,All eligible companies,1,Asset Turnover,276,0,0.0
healthcare_revenue_50m,Healthcare companies with revenue >= $50M,Gaussian Mixture,Traditional full-assignment,Gaussian Mixture|K=2,,All eligible companies,1,Revenue per Employee,276,5,0.018115942028985508
healthcare_revenue_50m,Healthcare companies with revenue >= $50M,Gaussian Mixture,Traditional full-assignment,Gaussian Mixture|K=2,,All eligible companies,1,Current Ratio,276,3,0.010869565217391304
healthcare_revenue_50m,Healthcare companies with revenue >= $50M,Gaussian Mixture,Traditional full-assignment,Gaussian Mixture|K=2,,All eligible companies,1,Debt Ratio,276,6,0.021739130434782608
healthcare_revenue_50m,Healthcare companies with revenue >= $50M,Gaussian Mixture,Traditional full-assignment,Gaussian Mixture|K=2,,All eligible companies,1,Free Cash Flow Margin,276,0,0.0
healthcare_revenue_50m,Healthcare companies with revenue >= $50M,Gaussian Mixture,Traditional full-assignment,Gaussian Mixture|K=2,,All eligible companies,1,Operating Cash Flow Margin,276,0,0.0
healthcare_revenue_50m,Healthcare companies with revenue >= $50M,HDBSCAN,Density-based,HDBSCAN|mcs=10|ms=5,,All companies including noise,-1,EBITDA Margin,60,0,0.0
healthcare_revenue_50m,Healthcare companies with revenue >= $50M,HDBSCAN,Density-based,HDBSCAN|mcs=10|ms=5,,All companies including noise,-1,Return on Assets,60,0,0.0
healthcare_revenue_50m,Healthcare companies with revenue >= $50M,HDBSCAN,Density-based,HDBSCAN|mcs=10|ms=5,,All companies including noise,-1,Asset Turnover,60,0,0.0
healthcare_revenue_50m,Healthcare companies with revenue >= $50M,HDBSCAN,Density-based,HDBSCAN|mcs=10|ms=5,,All companies including noise,-1,Revenue per Employee,60,4,0.06666666666666667
healthcare_revenue_50m,Healthcare companies with revenue >= $50M,HDBSCAN,Density-based,HDBSCAN|mcs=10|ms=5,,All companies including noise,-1,Current Ratio,60,0,0.0
healthcare_revenue_50m,Healthcare companies with revenue >= $50M,HDBSCAN,Density-based,HDBSCAN|mcs=10|ms=5,,All companies including noise,-1,Debt Ratio,60,1,0.016666666666666666
healthcare_revenue_50m,Healthcare companies with revenue >= $50M,HDBSCAN,Density-based,HDBSCAN|mcs=10|ms=5,,All companies including noise,-1,Free Cash Flow Margin,60,0,0.0
healthcare_revenue_50m,Healthcare companies with revenue >= $50M,HDBSCAN,Density-based,HDBSCAN|mcs=10|ms=5,,All companies including noise,-1,Operating Cash Flow Margin,60,0,0.0
healthcare_revenue_50m,Healthcare companies with revenue >= $50M,HDBSCAN,Density-based,HDBSCAN|mcs=10|ms=5,,All companies including noise,0,EBITDA Margin,17,5,0.29411764705882354
healthcare_revenue_50m,Healthcare companies with revenue >= $50M,HDBSCAN,Density-based,HDBSCAN|mcs=10|ms=5,,All companies including noise,0,Return on Assets,17,0,0.0
healthcare_revenue_50m,Healthcare companies with revenue >= $50M,HDBSCAN,Density-based,HDBSCAN|mcs=10|ms=5,,All companies including noise,0,Asset Turnover,17,0,0.0
healthcare_revenue_50m,Healthcare companies with revenue >= $50M,HDBSCAN,Density-based,HDBSCAN|mcs=10|ms=5,,All companies including noise,0,Revenue per Employee,17,0,0.0
healthcare_revenue_50m,Healthcare companies with revenue >= $50M,HDBSCAN,Density-based,HDBSCAN|mcs=10|ms=5,,All companies including noise,0,Current Ratio,17,3,0.17647058823529413
healthcare_revenue_50m,Healthcare companies with revenue >= $50M,HDBSCAN,Density-based,HDBSCAN|mcs=10|ms=5,,All companies including noise,0,Debt Ratio,17,1,0.058823529411764705
healthcare_revenue_50m,Healthcare companies with revenue >= $50M,HDBSCAN,Density-based,HDBSCAN|mcs=10|ms=5,,All companies including noise,0,Free Cash Flow Margin,17,0,0.0
healthcare_revenue_50m,Healthcare companies with revenue >= $50M,HDBSCAN,Density-based,HDBSCAN|mcs=10|ms=5,,All companies including noise,0,Operating Cash Flow Margin,17,0,0.0
healthcare_revenue_50m,Healthcare companies with revenue >= $50M,HDBSCAN,Density-based,HDBSCAN|mcs=10|ms=5,,All companies including noise,1,EBITDA Margin,334,1,0.0029940119760479044
healthcare_revenue_50m,Healthcare companies with revenue >= $50M,HDBSCAN,Density-based,HDBSCAN|mcs=10|ms=5,,All companies including noise,1,Return on Assets,334,1,0.0029940119760479044
healthcare_revenue_50m,Healthcare companies with revenue >= $50M,HDBSCAN,Density-based,HDBSCAN|mcs=10|ms=5,,All companies including noise,1,Asset Turnover,334,0,0.0
healthcare_revenue_50m,Healthcare companies with revenue >= $50M,HDBSCAN,Density-based,HDBSCAN|mcs=10|ms=5,,All companies including noise,1,Revenue per Employee,334,5,0.014970059880239521
healthcare_revenue_50m,Healthcare companies with revenue >= $50M,HDBSCAN,Density-based,HDBSCAN|mcs=10|ms=5,,All companies including noise,1,Current Ratio,334,0,0.0
healthcare_revenue_50m,Healthcare companies with revenue >= $50M,HDBSCAN,Density-based,HDBSCAN|mcs=10|ms=5,,All companies including noise,1,Debt Ratio,334,4,0.011976047904191617
healthcare_revenue_50m,Healthcare companies with revenue >= $50M,HDBSCAN,Density-based,HDBSCAN|mcs=10|ms=5,,All companies including noise,1,Free Cash Flow Margin,334,0,0.0
healthcare_revenue_50m,Healthcare companies with revenue >= $50M,HDBSCAN,Density-based,HDBSCAN|mcs=10|ms=5,,All companies including noise,1,Operating Cash Flow Margin,334,1,0.0029940119760479044
healthcare_revenue_50m,Healthcare companies with revenue >= $50M,HDBSCAN,Density-based,HDBSCAN|mcs=10|ms=5,,All companies including noise,2,EBITDA Margin,33,0,0.0
healthcare_revenue_50m,Healthcare companies with revenue >= $50M,HDBSCAN,Density-based,HDBSCAN|mcs=10|ms=5,,All companies including noise,2,Return on Assets,33,0,0.0
healthcare_revenue_50m,Healthcare companies with revenue >= $50M,HDBSCAN,Density-based,HDBSCAN|mcs=10|ms=5,,All companies including noise,2,Asset Turnover,33,0,0.0
healthcare_revenue_50m,Healthcare companies with revenue >= $50M,HDBSCAN,Density-based,HDBSCAN|mcs=10|ms=5,,All companies including noise,2,Revenue per Employee,33,0,0.0
healthcare_revenue_50m,Healthcare companies with revenue >= $50M,HDBSCAN,Density-based,HDBSCAN|mcs=10|ms=5,,All companies including noise,2,Current Ratio,33,0,0.0
healthcare_revenue_50m,Healthcare companies with revenue >= $50M,HDBSCAN,Density-based,HDBSCAN|mcs=10|ms=5,,All companies including noise,2,Debt Ratio,33,1,0.030303030303030304
healthcare_revenue_50m,Healthcare companies with revenue >= $50M,HDBSCAN,Density-based,HDBSCAN|mcs=10|ms=5,,All companies including noise,2,Free Cash Flow Margin,33,0,0.0
healthcare_revenue_50m,Healthcare companies with revenue >= $50M,HDBSCAN,Density-based,HDBSCAN|mcs=10|ms=5,,All companies including noise,2,Operating Cash Flow Margin,33,0,0.0
healthcare_revenue_50m,Healthcare companies with revenue >= $50M,HDBSCAN,Density-based,HDBSCAN|mcs=10|ms=5,,HDBSCAN assigned subset,0,EBITDA Margin,17,5,0.29411764705882354
healthcare_revenue_50m,Healthcare companies with revenue >= $50M,HDBSCAN,Density-based,HDBSCAN|mcs=10|ms=5,,HDBSCAN assigned subset,0,Return on Assets,17,0,0.0
healthcare_revenue_50m,Healthcare companies with revenue >= $50M,HDBSCAN,Density-based,HDBSCAN|mcs=10|ms=5,,HDBSCAN assigned subset,0,Asset Turnover,17,0,0.0
healthcare_revenue_50m,Healthcare companies with revenue >= $50M,HDBSCAN,Density-based,HDBSCAN|mcs=10|ms=5,,HDBSCAN assigned subset,0,Revenue per Employee,17,0,0.0
healthcare_revenue_50m,Healthcare companies with revenue >= $50M,HDBSCAN,Density-based,HDBSCAN|mcs=10|ms=5,,HDBSCAN assigned subset,0,Current Ratio,17,3,0.17647058823529413
healthcare_revenue_50m,Healthcare companies with revenue >= $50M,HDBSCAN,Density-based,HDBSCAN|mcs=10|ms=5,,HDBSCAN assigned subset,0,Debt Ratio,17,1,0.058823529411764705
healthcare_revenue_50m,Healthcare companies with revenue >= $50M,HDBSCAN,Density-based,HDBSCAN|mcs=10|ms=5,,HDBSCAN assigned subset,0,Free Cash Flow Margin,17,0,0.0
healthcare_revenue_50m,Healthcare companies with revenue >= $50M,HDBSCAN,Density-based,HDBSCAN|mcs=10|ms=5,,HDBSCAN assigned subset,0,Operating Cash Flow Margin,17,0,0.0
healthcare_revenue_50m,Healthcare companies with revenue >= $50M,HDBSCAN,Density-based,HDBSCAN|mcs=10|ms=5,,HDBSCAN assigned subset,1,EBITDA Margin,334,1,0.0029940119760479044
healthcare_revenue_50m,Healthcare companies with revenue >= $50M,HDBSCAN,Density-based,HDBSCAN|mcs=10|ms=5,,HDBSCAN assigned subset,1,Return on Assets,334,1,0.0029940119760479044
healthcare_revenue_50m,Healthcare companies with revenue >= $50M,HDBSCAN,Density-based,HDBSCAN|mcs=10|ms=5,,HDBSCAN assigned subset,1,Asset Turnover,334,0,0.0
healthcare_revenue_50m,Healthcare companies with revenue >= $50M,HDBSCAN,Density-based,HDBSCAN|mcs=10|ms=5,,HDBSCAN assigned subset,1,Revenue per Employee,334,5,0.014970059880239521
healthcare_revenue_50m,Healthcare companies with revenue >= $50M,HDBSCAN,Density-based,HDBSCAN|mcs=10|ms=5,,HDBSCAN assigned subset,1,Current Ratio,334,0,0.0
healthcare_revenue_50m,Healthcare companies with revenue >= $50M,HDBSCAN,Density-based,HDBSCAN|mcs=10|ms=5,,HDBSCAN assigned subset,1,Debt Ratio,334,4,0.011976047904191617
healthcare_revenue_50m,Healthcare companies with revenue >= $50M,HDBSCAN,Density-based,HDBSCAN|mcs=10|ms=5,,HDBSCAN assigned subset,1,Free Cash Flow Margin,334,0,0.0
healthcare_revenue_50m,Healthcare companies with revenue >= $50M,HDBSCAN,Density-based,HDBSCAN|mcs=10|ms=5,,HDBSCAN assigned subset,1,Operating Cash Flow Margin,334,1,0.0029940119760479044
healthcare_revenue_50m,Healthcare companies with revenue >= $50M,HDBSCAN,Density-based,HDBSCAN|mcs=10|ms=5,,HDBSCAN assigned subset,2,EBITDA Margin,33,0,0.0
healthcare_revenue_50m,Healthcare companies with revenue >= $50M,HDBSCAN,Density-based,HDBSCAN|mcs=10|ms=5,,HDBSCAN assigned subset,2,Return on Assets,33,0,0.0
healthcare_revenue_50m,Healthcare companies with revenue >= $50M,HDBSCAN,Density-based,HDBSCAN|mcs=10|ms=5,,HDBSCAN assigned subset,2,Asset Turnover,33,0,0.0
healthcare_revenue_50m,Healthcare companies with revenue >= $50M,HDBSCAN,Density-based,HDBSCAN|mcs=10|ms=5,,HDBSCAN assigned subset,2,Revenue per Employee,33,0,0.0
healthcare_revenue_50m,Healthcare companies with revenue >= $50M,HDBSCAN,Density-based,HDBSCAN|mcs=10|ms=5,,HDBSCAN assigned subset,2,Current Ratio,33,0,0.0
healthcare_revenue_50m,Healthcare companies with revenue >= $50M,HDBSCAN,Density-based,HDBSCAN|mcs=10|ms=5,,HDBSCAN assigned subset,2,Debt Ratio,33,1,0.030303030303030304
healthcare_revenue_50m,Healthcare companies with revenue >= $50M,HDBSCAN,Density-based,HDBSCAN|mcs=10|ms=5,,HDBSCAN assigned subset,2,Free Cash Flow Margin,33,0,0.0
healthcare_revenue_50m,Healthcare companies with revenue >= $50M,HDBSCAN,Density-based,HDBSCAN|mcs=10|ms=5,,HDBSCAN assigned subset,2,Operating Cash Flow Margin,33,0,0.0
healthcare_revenue_50m,Healthcare companies with revenue >= $50M,HDBSCAN,Density-based,HDBSCAN|mcs=10|ms=15,,All companies including noise,-1,EBITDA Margin,113,0,0.0
healthcare_revenue_50m,Healthcare companies with revenue >= $50M,HDBSCAN,Density-based,HDBSCAN|mcs=10|ms=15,,All companies including noise,-1,Return on Assets,113,0,0.0
healthcare_revenue_50m,Healthcare companies with revenue >= $50M,HDBSCAN,Density-based,HDBSCAN|mcs=10|ms=15,,All companies including noise,-1,Asset Turnover,113,0,0.0
healthcare_revenue_50m,Healthcare companies with revenue >= $50M,HDBSCAN,Density-based,HDBSCAN|mcs=10|ms=15,,All companies including noise,-1,Revenue per Employee,113,4,0.035398230088495575
healthcare_revenue_50m,Healthcare companies with revenue >= $50M,HDBSCAN,Density-based,HDBSCAN|mcs=10|ms=15,,All companies including noise,-1,Current Ratio,113,0,0.0
healthcare_revenue_50m,Healthcare companies with revenue >= $50M,HDBSCAN,Density-based,HDBSCAN|mcs=10|ms=15,,All companies including noise,-1,Debt Ratio,113,2,0.017699115044247787
healthcare_revenue_50m,Healthcare companies with revenue >= $50M,HDBSCAN,Density-based,HDBSCAN|mcs=10|ms=15,,All companies including noise,-1,Free Cash Flow Margin,113,0,0.0
healthcare_revenue_50m,Healthcare companies with revenue >= $50M,HDBSCAN,Density-based,HDBSCAN|mcs=10|ms=15,,All companies including noise,-1,Operating Cash Flow Margin,113,0,0.0
healthcare_revenue_50m,Healthcare companies with revenue >= $50M,HDBSCAN,Density-based,HDBSCAN|mcs=10|ms=15,,All companies including noise,0,EBITDA Margin,302,6,0.019867549668874173
healthcare_revenue_50m,Healthcare companies with revenue >= $50M,HDBSCAN,Density-based,HDBSCAN|mcs=10|ms=15,,All companies including noise,0,Return on Assets,302,1,0.0033112582781456954
healthcare_revenue_50m,Healthcare companies with revenue >= $50M,HDBSCAN,Density-based,HDBSCAN|mcs=10|ms=15,,All companies including noise,0,Asset Turnover,302,0,0.0
healthcare_revenue_50m,Healthcare companies with revenue >= $50M,HDBSCAN,Density-based,HDBSCAN|mcs=10|ms=15,,All companies including noise,0,Revenue per Employee,302,5,0.016556291390728478
healthcare_revenue_50m,Healthcare companies with revenue >= $50M,HDBSCAN,Density-based,HDBSCAN|mcs=10|ms=15,,All companies including noise,0,Current Ratio,302,3,0.009933774834437087
healthcare_revenue_50m,Healthcare companies with revenue >= $50M,HDBSCAN,Density-based,HDBSCAN|mcs=10|ms=15,,All companies including noise,0,Debt Ratio,302,4,0.013245033112582781
healthcare_revenue_50m,Healthcare companies with revenue >= $50M,HDBSCAN,Density-based,HDBSCAN|mcs=10|ms=15,,All companies including noise,0,Free Cash Flow Margin,302,0,0.0
healthcare_revenue_50m,Healthcare companies with revenue >= $50M,HDBSCAN,Density-based,HDBSCAN|mcs=10|ms=15,,All companies including noise,0,Operating Cash Flow Margin,302,1,0.0033112582781456954
healthcare_revenue_50m,Healthcare companies with revenue >= $50M,HDBSCAN,Density-based,HDBSCAN|mcs=10|ms=15,,All companies including noise,1,EBITDA Margin,29,0,0.0
healthcare_revenue_50m,Healthcare companies with revenue >= $50M,HDBSCAN,Density-based,HDBSCAN|mcs=10|ms=15,,All companies including noise,1,Return on Assets,29,0,0.0
healthcare_revenue_50m,Healthcare companies with revenue >= $50M,HDBSCAN,Density-based,HDBSCAN|mcs=10|ms=15,,All companies including noise,1,Asset Turnover,29,0,0.0
healthcare_revenue_50m,Healthcare companies with revenue >= $50M,HDBSCAN,Density-based,HDBSCAN|mcs=10|ms=15,,All companies including noise,1,Revenue per Employee,29,0,0.0
healthcare_revenue_50m,Healthcare companies with revenue >= $50M,HDBSCAN,Density-based,HDBSCAN|mcs=10|ms=15,,All companies including noise,1,Current Ratio,29,0,0.0
healthcare_revenue_50m,Healthcare companies with revenue >= $50M,HDBSCAN,Density-based,HDBSCAN|mcs=10|ms=15,,All companies including noise,1,Debt Ratio,29,1,0.034482758620689655
healthcare_revenue_50m,Healthcare companies with revenue >= $50M,HDBSCAN,Density-based,HDBSCAN|mcs=10|ms=15,,All companies including noise,1,Free Cash Flow Margin,29,0,0.0
healthcare_revenue_50m,Healthcare companies with revenue >= $50M,HDBSCAN,Density-based,HDBSCAN|mcs=10|ms=15,,All companies including noise,1,Operating Cash Flow Margin,29,0,0.0
healthcare_revenue_50m,Healthcare companies with revenue >= $50M,HDBSCAN,Density-based,HDBSCAN|mcs=10|ms=15,,HDBSCAN assigned subset,0,EBITDA Margin,302,6,0.019867549668874173
healthcare_revenue_50m,Healthcare companies with revenue >= $50M,HDBSCAN,Density-based,HDBSCAN|mcs=10|ms=15,,HDBSCAN assigned subset,0,Return on Assets,302,1,0.0033112582781456954
healthcare_revenue_50m,Healthcare companies with revenue >= $50M,HDBSCAN,Density-based,HDBSCAN|mcs=10|ms=15,,HDBSCAN assigned subset,0,Asset Turnover,302,0,0.0
healthcare_revenue_50m,Healthcare companies with revenue >= $50M,HDBSCAN,Density-based,HDBSCAN|mcs=10|ms=15,,HDBSCAN assigned subset,0,Revenue per Employee,302,5,0.016556291390728478
healthcare_revenue_50m,Healthcare companies with revenue >= $50M,HDBSCAN,Density-based,HDBSCAN|mcs=10|ms=15,,HDBSCAN assigned subset,0,Current Ratio,302,3,0.009933774834437087
healthcare_revenue_50m,Healthcare companies with revenue >= $50M,HDBSCAN,Density-based,HDBSCAN|mcs=10|ms=15,,HDBSCAN assigned subset,0,Debt Ratio,302,4,0.013245033112582781
healthcare_revenue_50m,Healthcare companies with revenue >= $50M,HDBSCAN,Density-based,HDBSCAN|mcs=10|ms=15,,HDBSCAN assigned subset,0,Free Cash Flow Margin,302,0,0.0
healthcare_revenue_50m,Healthcare companies with revenue >= $50M,HDBSCAN,Density-based,HDBSCAN|mcs=10|ms=15,,HDBSCAN assigned subset,0,Operating Cash Flow Margin,302,1,0.0033112582781456954
healthcare_revenue_50m,Healthcare companies with revenue >= $50M,HDBSCAN,Density-based,HDBSCAN|mcs=10|ms=15,,HDBSCAN assigned subset,1,EBITDA Margin,29,0,0.0
healthcare_revenue_50m,Healthcare companies with revenue >= $50M,HDBSCAN,Density-based,HDBSCAN|mcs=10|ms=15,,HDBSCAN assigned subset,1,Return on Assets,29,0,0.0
healthcare_revenue_50m,Healthcare companies with revenue >= $50M,HDBSCAN,Density-based,HDBSCAN|mcs=10|ms=15,,HDBSCAN assigned subset,1,Asset Turnover,29,0,0.0
healthcare_revenue_50m,Healthcare companies with revenue >= $50M,HDBSCAN,Density-based,HDBSCAN|mcs=10|ms=15,,HDBSCAN assigned subset,1,Revenue per Employee,29,0,0.0
healthcare_revenue_50m,Healthcare companies with revenue >= $50M,HDBSCAN,Density-based,HDBSCAN|mcs=10|ms=15,,HDBSCAN assigned subset,1,Current Ratio,29,0,0.0
healthcare_revenue_50m,Healthcare companies with revenue >= $50M,HDBSCAN,Density-based,HDBSCAN|mcs=10|ms=15,,HDBSCAN assigned subset,1,Debt Ratio,29,1,0.034482758620689655
healthcare_revenue_50m,Healthcare companies with revenue >= $50M,HDBSCAN,Density-based,HDBSCAN|mcs=10|ms=15,,HDBSCAN assigned subset,1,Free Cash Flow Margin,29,0,0.0
healthcare_revenue_50m,Healthcare companies with revenue >= $50M,HDBSCAN,Density-based,HDBSCAN|mcs=10|ms=15,,HDBSCAN assigned subset,1,Operating Cash Flow Margin,29,0,0.0
healthcare_revenue_50m,Healthcare companies with revenue >= $50M,HDBSCAN,Density-based,HDBSCAN|mcs=15|ms=5,,All companies including noise,-1,EBITDA Margin,60,0,0.0
healthcare_revenue_50m,Healthcare companies with revenue >= $50M,HDBSCAN,Density-based,HDBSCAN|mcs=15|ms=5,,All companies including noise,-1,Return on Assets,60,0,0.0
healthcare_revenue_50m,Healthcare companies with revenue >= $50M,HDBSCAN,Density-based,HDBSCAN|mcs=15|ms=5,,All companies including noise,-1,Asset Turnover,60,0,0.0
healthcare_revenue_50m,Healthcare companies with revenue >= $50M,HDBSCAN,Density-based,HDBSCAN|mcs=15|ms=5,,All companies including noise,-1,Revenue per Employee,60,4,0.06666666666666667
healthcare_revenue_50m,Healthcare companies with revenue >= $50M,HDBSCAN,Density-based,HDBSCAN|mcs=15|ms=5,,All companies including noise,-1,Current Ratio,60,0,0.0
healthcare_revenue_50m,Healthcare companies with revenue >= $50M,HDBSCAN,Density-based,HDBSCAN|mcs=15|ms=5,,All companies including noise,-1,Debt Ratio,60,1,0.016666666666666666
healthcare_revenue_50m,Healthcare companies with revenue >= $50M,HDBSCAN,Density-based,HDBSCAN|mcs=15|ms=5,,All companies including noise,-1,Free Cash Flow Margin,60,0,0.0
healthcare_revenue_50m,Healthcare companies with revenue >= $50M,HDBSCAN,Density-based,HDBSCAN|mcs=15|ms=5,,All companies including noise,-1,Operating Cash Flow Margin,60,0,0.0
healthcare_revenue_50m,Healthcare companies with revenue >= $50M,HDBSCAN,Density-based,HDBSCAN|mcs=15|ms=5,,All companies including noise,0,EBITDA Margin,17,5,0.29411764705882354
healthcare_revenue_50m,Healthcare companies with revenue >= $50M,HDBSCAN,Density-based,HDBSCAN|mcs=15|ms=5,,All companies including noise,0,Return on Assets,17,0,0.0
healthcare_revenue_50m,Healthcare companies with revenue >= $50M,HDBSCAN,Density-based,HDBSCAN|mcs=15|ms=5,,All companies including noise,0,Asset Turnover,17,0,0.0
healthcare_revenue_50m,Healthcare companies with revenue >= $50M,HDBSCAN,Density-based,HDBSCAN|mcs=15|ms=5,,All companies including noise,0,Revenue per Employee,17,0,0.0
healthcare_revenue_50m,Healthcare companies with revenue >= $50M,HDBSCAN,Density-based,HDBSCAN|mcs=15|ms=5,,All companies including noise,0,Current Ratio,17,3,0.17647058823529413
healthcare_revenue_50m,Healthcare companies with revenue >= $50M,HDBSCAN,Density-based,HDBSCAN|mcs=15|ms=5,,All companies including noise,0,Debt Ratio,17,1,0.058823529411764705
healthcare_revenue_50m,Healthcare companies with revenue >= $50M,HDBSCAN,Density-based,HDBSCAN|mcs=15|ms=5,,All companies including noise,0,Free Cash Flow Margin,17,0,0.0
healthcare_revenue_50m,Healthcare companies with revenue >= $50M,HDBSCAN,Density-based,HDBSCAN|mcs=15|ms=5,,All companies including noise,0,Operating Cash Flow Margin,17,0,0.0
healthcare_revenue_50m,Healthcare companies with revenue >= $50M,HDBSCAN,Density-based,HDBSCAN|mcs=15|ms=5,,All companies including noise,1,EBITDA Margin,334,1,0.0029940119760479044
healthcare_revenue_50m,Healthcare companies with revenue >= $50M,HDBSCAN,Density-based,HDBSCAN|mcs=15|ms=5,,All companies including noise,1,Return on Assets,334,1,0.0029940119760479044
healthcare_revenue_50m,Healthcare companies with revenue >= $50M,HDBSCAN,Density-based,HDBSCAN|mcs=15|ms=5,,All companies including noise,1,Asset Turnover,334,0,0.0
healthcare_revenue_50m,Healthcare companies with revenue >= $50M,HDBSCAN,Density-based,HDBSCAN|mcs=15|ms=5,,All companies including noise,1,Revenue per Employee,334,5,0.014970059880239521
healthcare_revenue_50m,Healthcare companies with revenue >= $50M,HDBSCAN,Density-based,HDBSCAN|mcs=15|ms=5,,All companies including noise,1,Current Ratio,334,0,0.0
healthcare_revenue_50m,Healthcare companies with revenue >= $50M,HDBSCAN,Density-based,HDBSCAN|mcs=15|ms=5,,All companies including noise,1,Debt Ratio,334,4,0.011976047904191617
healthcare_revenue_50m,Healthcare companies with revenue >= $50M,HDBSCAN,Density-based,HDBSCAN|mcs=15|ms=5,,All companies including noise,1,Free Cash Flow Margin,334,0,0.0
healthcare_revenue_50m,Healthcare companies with revenue >= $50M,HDBSCAN,Density-based,HDBSCAN|mcs=15|ms=5,,All companies including noise,1,Operating Cash Flow Margin,334,1,0.0029940119760479044
healthcare_revenue_50m,Healthcare companies with revenue >= $50M,HDBSCAN,Density-based,HDBSCAN|mcs=15|ms=5,,All companies including noise,2,EBITDA Margin,33,0,0.0
healthcare_revenue_50m,Healthcare companies with revenue >= $50M,HDBSCAN,Density-based,HDBSCAN|mcs=15|ms=5,,All companies including noise,2,Return on Assets,33,0,0.0
healthcare_revenue_50m,Healthcare companies with revenue >= $50M,HDBSCAN,Density-based,HDBSCAN|mcs=15|ms=5,,All companies including noise,2,Asset Turnover,33,0,0.0
healthcare_revenue_50m,Healthcare companies with revenue >= $50M,HDBSCAN,Density-based,HDBSCAN|mcs=15|ms=5,,All companies including noise,2,Revenue per Employee,33,0,0.0
healthcare_revenue_50m,Healthcare companies with revenue >= $50M,HDBSCAN,Density-based,HDBSCAN|mcs=15|ms=5,,All companies including noise,2,Current Ratio,33,0,0.0
healthcare_revenue_50m,Healthcare companies with revenue >= $50M,HDBSCAN,Density-based,HDBSCAN|mcs=15|ms=5,,All companies including noise,2,Debt Ratio,33,1,0.030303030303030304
healthcare_revenue_50m,Healthcare companies with revenue >= $50M,HDBSCAN,Density-based,HDBSCAN|mcs=15|ms=5,,All companies including noise,2,Free Cash Flow Margin,33,0,0.0
healthcare_revenue_50m,Healthcare companies with revenue >= $50M,HDBSCAN,Density-based,HDBSCAN|mcs=15|ms=5,,All companies including noise,2,Operating Cash Flow Margin,33,0,0.0
healthcare_revenue_50m,Healthcare companies with revenue >= $50M,HDBSCAN,Density-based,HDBSCAN|mcs=15|ms=5,,HDBSCAN assigned subset,0,EBITDA Margin,17,5,0.29411764705882354
healthcare_revenue_50m,Healthcare companies with revenue >= $50M,HDBSCAN,Density-based,HDBSCAN|mcs=15|ms=5,,HDBSCAN assigned subset,0,Return on Assets,17,0,0.0
healthcare_revenue_50m,Healthcare companies with revenue >= $50M,HDBSCAN,Density-based,HDBSCAN|mcs=15|ms=5,,HDBSCAN assigned subset,0,Asset Turnover,17,0,0.0
healthcare_revenue_50m,Healthcare companies with revenue >= $50M,HDBSCAN,Density-based,HDBSCAN|mcs=15|ms=5,,HDBSCAN assigned subset,0,Revenue per Employee,17,0,0.0
healthcare_revenue_50m,Healthcare companies with revenue >= $50M,HDBSCAN,Density-based,HDBSCAN|mcs=15|ms=5,,HDBSCAN assigned subset,0,Current Ratio,17,3,0.17647058823529413
healthcare_revenue_50m,Healthcare companies with revenue >= $50M,HDBSCAN,Density-based,HDBSCAN|mcs=15|ms=5,,HDBSCAN assigned subset,0,Debt Ratio,17,1,0.058823529411764705
healthcare_revenue_50m,Healthcare companies with revenue >= $50M,HDBSCAN,Density-based,HDBSCAN|mcs=15|ms=5,,HDBSCAN assigned subset,0,Free Cash Flow Margin,17,0,0.0
healthcare_revenue_50m,Healthcare companies with revenue >= $50M,HDBSCAN,Density-based,HDBSCAN|mcs=15|ms=5,,HDBSCAN assigned subset,0,Operating Cash Flow Margin,17,0,0.0
healthcare_revenue_50m,Healthcare companies with revenue >= $50M,HDBSCAN,Density-based,HDBSCAN|mcs=15|ms=5,,HDBSCAN assigned subset,1,EBITDA Margin,334,1,0.0029940119760479044
healthcare_revenue_50m,Healthcare companies with revenue >= $50M,HDBSCAN,Density-based,HDBSCAN|mcs=15|ms=5,,HDBSCAN assigned subset,1,Return on Assets,334,1,0.0029940119760479044
healthcare_revenue_50m,Healthcare companies with revenue >= $50M,HDBSCAN,Density-based,HDBSCAN|mcs=15|ms=5,,HDBSCAN assigned subset,1,Asset Turnover,334,0,0.0
healthcare_revenue_50m,Healthcare companies with revenue >= $50M,HDBSCAN,Density-based,HDBSCAN|mcs=15|ms=5,,HDBSCAN assigned subset,1,Revenue per Employee,334,5,0.014970059880239521
healthcare_revenue_50m,Healthcare companies with revenue >= $50M,HDBSCAN,Density-based,HDBSCAN|mcs=15|ms=5,,HDBSCAN assigned subset,1,Current Ratio,334,0,0.0
healthcare_revenue_50m,Healthcare companies with revenue >= $50M,HDBSCAN,Density-based,HDBSCAN|mcs=15|ms=5,,HDBSCAN assigned subset,1,Debt Ratio,334,4,0.011976047904191617
healthcare_revenue_50m,Healthcare companies with revenue >= $50M,HDBSCAN,Density-based,HDBSCAN|mcs=15|ms=5,,HDBSCAN assigned subset,1,Free Cash Flow Margin,334,0,0.0
healthcare_revenue_50m,Healthcare companies with revenue >= $50M,HDBSCAN,Density-based,HDBSCAN|mcs=15|ms=5,,HDBSCAN assigned subset,1,Operating Cash Flow Margin,334,1,0.0029940119760479044
healthcare_revenue_50m,Healthcare companies with revenue >= $50M,HDBSCAN,Density-based,HDBSCAN|mcs=15|ms=5,,HDBSCAN assigned subset,2,EBITDA Margin,33,0,0.0
healthcare_revenue_50m,Healthcare companies with revenue >= $50M,HDBSCAN,Density-based,HDBSCAN|mcs=15|ms=5,,HDBSCAN assigned subset,2,Return on Assets,33,0,0.0
healthcare_revenue_50m,Healthcare companies with revenue >= $50M,HDBSCAN,Density-based,HDBSCAN|mcs=15|ms=5,,HDBSCAN assigned subset,2,Asset Turnover,33,0,0.0
healthcare_revenue_50m,Healthcare companies with revenue >= $50M,HDBSCAN,Density-based,HDBSCAN|mcs=15|ms=5,,HDBSCAN assigned subset,2,Revenue per Employee,33,0,0.0
healthcare_revenue_50m,Healthcare companies with revenue >= $50M,HDBSCAN,Density-based,HDBSCAN|mcs=15|ms=5,,HDBSCAN assigned subset,2,Current Ratio,33,0,0.0
healthcare_revenue_50m,Healthcare companies with revenue >= $50M,HDBSCAN,Density-based,HDBSCAN|mcs=15|ms=5,,HDBSCAN assigned subset,2,Debt Ratio,33,1,0.030303030303030304
healthcare_revenue_50m,Healthcare companies with revenue >= $50M,HDBSCAN,Density-based,HDBSCAN|mcs=15|ms=5,,HDBSCAN assigned subset,2,Free Cash Flow Margin,33,0,0.0
healthcare_revenue_50m,Healthcare companies with revenue >= $50M,HDBSCAN,Density-based,HDBSCAN|mcs=15|ms=5,,HDBSCAN assigned subset,2,Operating Cash Flow Margin,33,0,0.0
healthcare_revenue_50m,Healthcare companies with revenue >= $50M,HDBSCAN,Density-based,HDBSCAN|mcs=15|ms=10,,All companies including noise,-1,EBITDA Margin,119,5,0.04201680672268908
healthcare_revenue_50m,Healthcare companies with revenue >= $50M,HDBSCAN,Density-based,HDBSCAN|mcs=15|ms=10,,All companies including noise,-1,Return on Assets,119,0,0.0
healthcare_revenue_50m,Healthcare companies with revenue >= $50M,HDBSCAN,Density-based,HDBSCAN|mcs=15|ms=10,,All companies including noise,-1,Asset Turnover,119,0,0.0
healthcare_revenue_50m,Healthcare companies with revenue >= $50M,HDBSCAN,Density-based,HDBSCAN|mcs=15|ms=10,,All companies including noise,-1,Revenue per Employee,119,4,0.03361344537815126
healthcare_revenue_50m,Healthcare companies with revenue >= $50M,HDBSCAN,Density-based,HDBSCAN|mcs=15|ms=10,,All companies including noise,-1,Current Ratio,119,3,0.025210084033613446
healthcare_revenue_50m,Healthcare companies with revenue >= $50M,HDBSCAN,Density-based,HDBSCAN|mcs=15|ms=10,,All companies including noise,-1,Debt Ratio,119,2,0.01680672268907563
healthcare_revenue_50m,Healthcare companies with revenue >= $50M,HDBSCAN,Density-based,HDBSCAN|mcs=15|ms=10,,All companies including noise,-1,Free Cash Flow Margin,119,0,0.0
healthcare_revenue_50m,Healthcare companies with revenue >= $50M,HDBSCAN,Density-based,HDBSCAN|mcs=15|ms=10,,All companies including noise,-1,Operating Cash Flow Margin,119,0,0.0
healthcare_revenue_50m,Healthcare companies with revenue >= $50M,HDBSCAN,Density-based,HDBSCAN|mcs=15|ms=10,,All companies including noise,0,EBITDA Margin,294,1,0.003401360544217687
healthcare_revenue_50m,Healthcare companies with revenue >= $50M,HDBSCAN,Density-based,HDBSCAN|mcs=15|ms=10,,All companies including noise,0,Return on Assets,294,1,0.003401360544217687
healthcare_revenue_50m,Healthcare companies with revenue >= $50M,HDBSCAN,Density-based,HDBSCAN|mcs=15|ms=10,,All companies including noise,0,Asset Turnover,294,0,0.0
healthcare_revenue_50m,Healthcare companies with revenue >= $50M,HDBSCAN,Density-based,HDBSCAN|mcs=15|ms=10,,All companies including noise,0,Revenue per Employee,294,5,0.017006802721088437
healthcare_revenue_50m,Healthcare companies with revenue >= $50M,HDBSCAN,Density-based,HDBSCAN|mcs=15|ms=10,,All companies including noise,0,Current Ratio,294,0,0.0
healthcare_revenue_50m,Healthcare companies with revenue >= $50M,HDBSCAN,Density-based,HDBSCAN|mcs=15|ms=10,,All companies including noise,0,Debt Ratio,294,4,0.013605442176870748
healthcare_revenue_50m,Healthcare companies with revenue >= $50M,HDBSCAN,Density-based,HDBSCAN|mcs=15|ms=10,,All companies including noise,0,Free Cash Flow Margin,294,0,0.0
healthcare_revenue_50m,Healthcare companies with revenue >= $50M,HDBSCAN,Density-based,HDBSCAN|mcs=15|ms=10,,All companies including noise,0,Operating Cash Flow Margin,294,1,0.003401360544217687
healthcare_revenue_50m,Healthcare companies with revenue >= $50M,HDBSCAN,Density-based,HDBSCAN|mcs=15|ms=10,,All companies including noise,1,EBITDA Margin,31,0,0.0
healthcare_revenue_50m,Healthcare companies with revenue >= $50M,HDBSCAN,Density-based,HDBSCAN|mcs=15|ms=10,,All companies including noise,1,Return on Assets,31,0,0.0
healthcare_revenue_50m,Healthcare companies with revenue >= $50M,HDBSCAN,Density-based,HDBSCAN|mcs=15|ms=10,,All companies including noise,1,Asset Turnover,31,0,0.0
healthcare_revenue_50m,Healthcare companies with revenue >= $50M,HDBSCAN,Density-based,HDBSCAN|mcs=15|ms=10,,All companies including noise,1,Revenue per Employee,31,0,0.0
healthcare_revenue_50m,Healthcare companies with revenue >= $50M,HDBSCAN,Density-based,HDBSCAN|mcs=15|ms=10,,All companies including noise,1,Current Ratio,31,0,0.0
healthcare_revenue_50m,Healthcare companies with revenue >= $50M,HDBSCAN,Density-based,HDBSCAN|mcs=15|ms=10,,All companies including noise,1,Debt Ratio,31,1,0.03225806451612903
healthcare_revenue_50m,Healthcare companies with revenue >= $50M,HDBSCAN,Density-based,HDBSCAN|mcs=15|ms=10,,All companies including noise,1,Free Cash Flow Margin,31,0,0.0
healthcare_revenue_50m,Healthcare companies with revenue >= $50M,HDBSCAN,Density-based,HDBSCAN|mcs=15|ms=10,,All companies including noise,1,Operating Cash Flow Margin,31,0,0.0
healthcare_revenue_50m,Healthcare companies with revenue >= $50M,HDBSCAN,Density-based,HDBSCAN|mcs=15|ms=10,,HDBSCAN assigned subset,0,EBITDA Margin,294,1,0.003401360544217687
healthcare_revenue_50m,Healthcare companies with revenue >= $50M,HDBSCAN,Density-based,HDBSCAN|mcs=15|ms=10,,HDBSCAN assigned subset,0,Return on Assets,294,1,0.003401360544217687
healthcare_revenue_50m,Healthcare companies with revenue >= $50M,HDBSCAN,Density-based,HDBSCAN|mcs=15|ms=10,,HDBSCAN assigned subset,0,Asset Turnover,294,0,0.0
healthcare_revenue_50m,Healthcare companies with revenue >= $50M,HDBSCAN,Density-based,HDBSCAN|mcs=15|ms=10,,HDBSCAN assigned subset,0,Revenue per Employee,294,5,0.017006802721088437
healthcare_revenue_50m,Healthcare companies with revenue >= $50M,HDBSCAN,Density-based,HDBSCAN|mcs=15|ms=10,,HDBSCAN assigned subset,0,Current Ratio,294,0,0.0
healthcare_revenue_50m,Healthcare companies with revenue >= $50M,HDBSCAN,Density-based,HDBSCAN|mcs=15|ms=10,,HDBSCAN assigned subset,0,Debt Ratio,294,4,0.013605442176870748
healthcare_revenue_50m,Healthcare companies with revenue >= $50M,HDBSCAN,Density-based,HDBSCAN|mcs=15|ms=10,,HDBSCAN assigned subset,0,Free Cash Flow Margin,294,0,0.0
healthcare_revenue_50m,Healthcare companies with revenue >= $50M,HDBSCAN,Density-based,HDBSCAN|mcs=15|ms=10,,HDBSCAN assigned subset,0,Operating Cash Flow Margin,294,1,0.003401360544217687
healthcare_revenue_50m,Healthcare companies with revenue >= $50M,HDBSCAN,Density-based,HDBSCAN|mcs=15|ms=10,,HDBSCAN assigned subset,1,EBITDA Margin,31,0,0.0
healthcare_revenue_50m,Healthcare companies with revenue >= $50M,HDBSCAN,Density-based,HDBSCAN|mcs=15|ms=10,,HDBSCAN assigned subset,1,Return on Assets,31,0,0.0
healthcare_revenue_50m,Healthcare companies with revenue >= $50M,HDBSCAN,Density-based,HDBSCAN|mcs=15|ms=10,,HDBSCAN assigned subset,1,Asset Turnover,31,0,0.0
healthcare_revenue_50m,Healthcare companies with revenue >= $50M,HDBSCAN,Density-based,HDBSCAN|mcs=15|ms=10,,HDBSCAN assigned subset,1,Revenue per Employee,31,0,0.0
healthcare_revenue_50m,Healthcare companies with revenue >= $50M,HDBSCAN,Density-based,HDBSCAN|mcs=15|ms=10,,HDBSCAN assigned subset,1,Current Ratio,31,0,0.0
healthcare_revenue_50m,Healthcare companies with revenue >= $50M,HDBSCAN,Density-based,HDBSCAN|mcs=15|ms=10,,HDBSCAN assigned subset,1,Debt Ratio,31,1,0.03225806451612903
healthcare_revenue_50m,Healthcare companies with revenue >= $50M,HDBSCAN,Density-based,HDBSCAN|mcs=15|ms=10,,HDBSCAN assigned subset,1,Free Cash Flow Margin,31,0,0.0
healthcare_revenue_50m,Healthcare companies with revenue >= $50M,HDBSCAN,Density-based,HDBSCAN|mcs=15|ms=10,,HDBSCAN assigned subset,1,Operating Cash Flow Margin,31,0,0.0
healthcare_revenue_50m,Healthcare companies with revenue >= $50M,HDBSCAN,Density-based,HDBSCAN|mcs=15|ms=15,,All companies including noise,-1,EBITDA Margin,113,0,0.0
healthcare_revenue_50m,Healthcare companies with revenue >= $50M,HDBSCAN,Density-based,HDBSCAN|mcs=15|ms=15,,All companies including noise,-1,Return on Assets,113,0,0.0
healthcare_revenue_50m,Healthcare companies with revenue >= $50M,HDBSCAN,Density-based,HDBSCAN|mcs=15|ms=15,,All companies including noise,-1,Asset Turnover,113,0,0.0
healthcare_revenue_50m,Healthcare companies with revenue >= $50M,HDBSCAN,Density-based,HDBSCAN|mcs=15|ms=15,,All companies including noise,-1,Revenue per Employee,113,4,0.035398230088495575
healthcare_revenue_50m,Healthcare companies with revenue >= $50M,HDBSCAN,Density-based,HDBSCAN|mcs=15|ms=15,,All companies including noise,-1,Current Ratio,113,0,0.0
healthcare_revenue_50m,Healthcare companies with revenue >= $50M,HDBSCAN,Density-based,HDBSCAN|mcs=15|ms=15,,All companies including noise,-1,Debt Ratio,113,2,0.017699115044247787
healthcare_revenue_50m,Healthcare companies with revenue >= $50M,HDBSCAN,Density-based,HDBSCAN|mcs=15|ms=15,,All companies including noise,-1,Free Cash Flow Margin,113,0,0.0
healthcare_revenue_50m,Healthcare companies with revenue >= $50M,HDBSCAN,Density-based,HDBSCAN|mcs=15|ms=15,,All companies including noise,-1,Operating Cash Flow Margin,113,0,0.0
healthcare_revenue_50m,Healthcare companies with revenue >= $50M,HDBSCAN,Density-based,HDBSCAN|mcs=15|ms=15,,All companies including noise,0,EBITDA Margin,302,6,0.019867549668874173
healthcare_revenue_50m,Healthcare companies with revenue >= $50M,HDBSCAN,Density-based,HDBSCAN|mcs=15|ms=15,,All companies including noise,0,Return on Assets,302,1,0.0033112582781456954
healthcare_revenue_50m,Healthcare companies with revenue >= $50M,HDBSCAN,Density-based,HDBSCAN|mcs=15|ms=15,,All companies including noise,0,Asset Turnover,302,0,0.0
healthcare_revenue_50m,Healthcare companies with revenue >= $50M,HDBSCAN,Density-based,HDBSCAN|mcs=15|ms=15,,All companies including noise,0,Revenue per Employee,302,5,0.016556291390728478
healthcare_revenue_50m,Healthcare companies with revenue >= $50M,HDBSCAN,Density-based,HDBSCAN|mcs=15|ms=15,,All companies including noise,0,Current Ratio,302,3,0.009933774834437087
healthcare_revenue_50m,Healthcare companies with revenue >= $50M,HDBSCAN,Density-based,HDBSCAN|mcs=15|ms=15,,All companies including noise,0,Debt Ratio,302,4,0.013245033112582781
healthcare_revenue_50m,Healthcare companies with revenue >= $50M,HDBSCAN,Density-based,HDBSCAN|mcs=15|ms=15,,All companies including noise,0,Free Cash Flow Margin,302,0,0.0
healthcare_revenue_50m,Healthcare companies with revenue >= $50M,HDBSCAN,Density-based,HDBSCAN|mcs=15|ms=15,,All companies including noise,0,Operating Cash Flow Margin,302,1,0.0033112582781456954
healthcare_revenue_50m,Healthcare companies with revenue >= $50M,HDBSCAN,Density-based,HDBSCAN|mcs=15|ms=15,,All companies including noise,1,EBITDA Margin,29,0,0.0
healthcare_revenue_50m,Healthcare companies with revenue >= $50M,HDBSCAN,Density-based,HDBSCAN|mcs=15|ms=15,,All companies including noise,1,Return on Assets,29,0,0.0
healthcare_revenue_50m,Healthcare companies with revenue >= $50M,HDBSCAN,Density-based,HDBSCAN|mcs=15|ms=15,,All companies including noise,1,Asset Turnover,29,0,0.0
healthcare_revenue_50m,Healthcare companies with revenue >= $50M,HDBSCAN,Density-based,HDBSCAN|mcs=15|ms=15,,All companies including noise,1,Revenue per Employee,29,0,0.0
healthcare_revenue_50m,Healthcare companies with revenue >= $50M,HDBSCAN,Density-based,HDBSCAN|mcs=15|ms=15,,All companies including noise,1,Current Ratio,29,0,0.0
healthcare_revenue_50m,Healthcare companies with revenue >= $50M,HDBSCAN,Density-based,HDBSCAN|mcs=15|ms=15,,All companies including noise,1,Debt Ratio,29,1,0.034482758620689655
healthcare_revenue_50m,Healthcare companies with revenue >= $50M,HDBSCAN,Density-based,HDBSCAN|mcs=15|ms=15,,All companies including noise,1,Free Cash Flow Margin,29,0,0.0
healthcare_revenue_50m,Healthcare companies with revenue >= $50M,HDBSCAN,Density-based,HDBSCAN|mcs=15|ms=15,,All companies including noise,1,Operating Cash Flow Margin,29,0,0.0
healthcare_revenue_50m,Healthcare companies with revenue >= $50M,HDBSCAN,Density-based,HDBSCAN|mcs=15|ms=15,,HDBSCAN assigned subset,0,EBITDA Margin,302,6,0.019867549668874173
healthcare_revenue_50m,Healthcare companies with revenue >= $50M,HDBSCAN,Density-based,HDBSCAN|mcs=15|ms=15,,HDBSCAN assigned subset,0,Return on Assets,302,1,0.0033112582781456954
healthcare_revenue_50m,Healthcare companies with revenue >= $50M,HDBSCAN,Density-based,HDBSCAN|mcs=15|ms=15,,HDBSCAN assigned subset,0,Asset Turnover,302,0,0.0
healthcare_revenue_50m,Healthcare companies with revenue >= $50M,HDBSCAN,Density-based,HDBSCAN|mcs=15|ms=15,,HDBSCAN assigned subset,0,Revenue per Employee,302,5,0.016556291390728478
healthcare_revenue_50m,Healthcare companies with revenue >= $50M,HDBSCAN,Density-based,HDBSCAN|mcs=15|ms=15,,HDBSCAN assigned subset,0,Current Ratio,302,3,0.009933774834437087
healthcare_revenue_50m,Healthcare companies with revenue >= $50M,HDBSCAN,Density-based,HDBSCAN|mcs=15|ms=15,,HDBSCAN assigned subset,0,Debt Ratio,302,4,0.013245033112582781
healthcare_revenue_50m,Healthcare companies with revenue >= $50M,HDBSCAN,Density-based,HDBSCAN|mcs=15|ms=15,,HDBSCAN assigned subset,0,Free Cash Flow Margin,302,0,0.0
healthcare_revenue_50m,Healthcare companies with revenue >= $50M,HDBSCAN,Density-based,HDBSCAN|mcs=15|ms=15,,HDBSCAN assigned subset,0,Operating Cash Flow Margin,302,1,0.0033112582781456954
healthcare_revenue_50m,Healthcare companies with revenue >= $50M,HDBSCAN,Density-based,HDBSCAN|mcs=15|ms=15,,HDBSCAN assigned subset,1,EBITDA Margin,29,0,0.0
healthcare_revenue_50m,Healthcare companies with revenue >= $50M,HDBSCAN,Density-based,HDBSCAN|mcs=15|ms=15,,HDBSCAN assigned subset,1,Return on Assets,29,0,0.0
healthcare_revenue_50m,Healthcare companies with revenue >= $50M,HDBSCAN,Density-based,HDBSCAN|mcs=15|ms=15,,HDBSCAN assigned subset,1,Asset Turnover,29,0,0.0
healthcare_revenue_50m,Healthcare companies with revenue >= $50M,HDBSCAN,Density-based,HDBSCAN|mcs=15|ms=15,,HDBSCAN assigned subset,1,Revenue per Employee,29,0,0.0
healthcare_revenue_50m,Healthcare companies with revenue >= $50M,HDBSCAN,Density-based,HDBSCAN|mcs=15|ms=15,,HDBSCAN assigned subset,1,Current Ratio,29,0,0.0
healthcare_revenue_50m,Healthcare companies with revenue >= $50M,HDBSCAN,Density-based,HDBSCAN|mcs=15|ms=15,,HDBSCAN assigned subset,1,Debt Ratio,29,1,0.034482758620689655
healthcare_revenue_50m,Healthcare companies with revenue >= $50M,HDBSCAN,Density-based,HDBSCAN|mcs=15|ms=15,,HDBSCAN assigned subset,1,Free Cash Flow Margin,29,0,0.0
healthcare_revenue_50m,Healthcare companies with revenue >= $50M,HDBSCAN,Density-based,HDBSCAN|mcs=15|ms=15,,HDBSCAN assigned subset,1,Operating Cash Flow Margin,29,0,0.0
healthcare_revenue_50m,Healthcare companies with revenue >= $50M,HDBSCAN,Density-based,HDBSCAN|mcs=20|ms=5,,All companies including noise,-1,EBITDA Margin,77,5,0.06493506493506493
healthcare_revenue_50m,Healthcare companies with revenue >= $50M,HDBSCAN,Density-based,HDBSCAN|mcs=20|ms=5,,All companies including noise,-1,Return on Assets,77,0,0.0
healthcare_revenue_50m,Healthcare companies with revenue >= $50M,HDBSCAN,Density-based,HDBSCAN|mcs=20|ms=5,,All companies including noise,-1,Asset Turnover,77,0,0.0
healthcare_revenue_50m,Healthcare companies with revenue >= $50M,HDBSCAN,Density-based,HDBSCAN|mcs=20|ms=5,,All companies including noise,-1,Revenue per Employee,77,4,0.05194805194805195
healthcare_revenue_50m,Healthcare companies with revenue >= $50M,HDBSCAN,Density-based,HDBSCAN|mcs=20|ms=5,,All companies including noise,-1,Current Ratio,77,3,0.03896103896103896
healthcare_revenue_50m,Healthcare companies with revenue >= $50M,HDBSCAN,Density-based,HDBSCAN|mcs=20|ms=5,,All companies including noise,-1,Debt Ratio,77,2,0.025974025974025976
healthcare_revenue_50m,Healthcare companies with revenue >= $50M,HDBSCAN,Density-based,HDBSCAN|mcs=20|ms=5,,All companies including noise,-1,Free Cash Flow Margin,77,0,0.0
healthcare_revenue_50m,Healthcare companies with revenue >= $50M,HDBSCAN,Density-based,HDBSCAN|mcs=20|ms=5,,All companies including noise,-1,Operating Cash Flow Margin,77,0,0.0
healthcare_revenue_50m,Healthcare companies with revenue >= $50M,HDBSCAN,Density-based,HDBSCAN|mcs=20|ms=5,,All companies including noise,0,EBITDA Margin,334,1,0.0029940119760479044
healthcare_revenue_50m,Healthcare companies with revenue >= $50M,HDBSCAN,Density-based,HDBSCAN|mcs=20|ms=5,,All companies including noise,0,Return on Assets,334,1,0.0029940119760479044
healthcare_revenue_50m,Healthcare companies with revenue >= $50M,HDBSCAN,Density-based,HDBSCAN|mcs=20|ms=5,,All companies including noise,0,Asset Turnover,334,0,0.0
healthcare_revenue_50m,Healthcare companies with revenue >= $50M,HDBSCAN,Density-based,HDBSCAN|mcs=20|ms=5,,All companies including noise,0,Revenue per Employee,334,5,0.014970059880239521
healthcare_revenue_50m,Healthcare companies with revenue >= $50M,HDBSCAN,Density-based,HDBSCAN|mcs=20|ms=5,,All companies including noise,0,Current Ratio,334,0,0.0
healthcare_revenue_50m,Healthcare companies with revenue >= $50M,HDBSCAN,Density-based,HDBSCAN|mcs=20|ms=5,,All companies including noise,0,Debt Ratio,334,4,0.011976047904191617
healthcare_revenue_50m,Healthcare companies with revenue >= $50M,HDBSCAN,Density-based,HDBSCAN|mcs=20|ms=5,,All companies including noise,0,Free Cash Flow Margin,334,0,0.0
healthcare_revenue_50m,Healthcare companies with revenue >= $50M,HDBSCAN,Density-based,HDBSCAN|mcs=20|ms=5,,All companies including noise,0,Operating Cash Flow Margin,334,1,0.0029940119760479044
healthcare_revenue_50m,Healthcare companies with revenue >= $50M,HDBSCAN,Density-based,HDBSCAN|mcs=20|ms=5,,All companies including noise,1,EBITDA Margin,33,0,0.0
healthcare_revenue_50m,Healthcare companies with revenue >= $50M,HDBSCAN,Density-based,HDBSCAN|mcs=20|ms=5,,All companies including noise,1,Return on Assets,33,0,0.0
healthcare_revenue_50m,Healthcare companies with revenue >= $50M,HDBSCAN,Density-based,HDBSCAN|mcs=20|ms=5,,All companies including noise,1,Asset Turnover,33,0,0.0
healthcare_revenue_50m,Healthcare companies with revenue >= $50M,HDBSCAN,Density-based,HDBSCAN|mcs=20|ms=5,,All companies including noise,1,Revenue per Employee,33,0,0.0
healthcare_revenue_50m,Healthcare companies with revenue >= $50M,HDBSCAN,Density-based,HDBSCAN|mcs=20|ms=5,,All companies including noise,1,Current Ratio,33,0,0.0
healthcare_revenue_50m,Healthcare companies with revenue >= $50M,HDBSCAN,Density-based,HDBSCAN|mcs=20|ms=5,,All companies including noise,1,Debt Ratio,33,1,0.030303030303030304
healthcare_revenue_50m,Healthcare companies with revenue >= $50M,HDBSCAN,Density-based,HDBSCAN|mcs=20|ms=5,,All companies including noise,1,Free Cash Flow Margin,33,0,0.0
healthcare_revenue_50m,Healthcare companies with revenue >= $50M,HDBSCAN,Density-based,HDBSCAN|mcs=20|ms=5,,All companies including noise,1,Operating Cash Flow Margin,33,0,0.0
healthcare_revenue_50m,Healthcare companies with revenue >= $50M,HDBSCAN,Density-based,HDBSCAN|mcs=20|ms=5,,HDBSCAN assigned subset,0,EBITDA Margin,334,1,0.0029940119760479044
healthcare_revenue_50m,Healthcare companies with revenue >= $50M,HDBSCAN,Density-based,HDBSCAN|mcs=20|ms=5,,HDBSCAN assigned subset,0,Return on Assets,334,1,0.0029940119760479044
healthcare_revenue_50m,Healthcare companies with revenue >= $50M,HDBSCAN,Density-based,HDBSCAN|mcs=20|ms=5,,HDBSCAN assigned subset,0,Asset Turnover,334,0,0.0
healthcare_revenue_50m,Healthcare companies with revenue >= $50M,HDBSCAN,Density-based,HDBSCAN|mcs=20|ms=5,,HDBSCAN assigned subset,0,Revenue per Employee,334,5,0.014970059880239521
healthcare_revenue_50m,Healthcare companies with revenue >= $50M,HDBSCAN,Density-based,HDBSCAN|mcs=20|ms=5,,HDBSCAN assigned subset,0,Current Ratio,334,0,0.0
healthcare_revenue_50m,Healthcare companies with revenue >= $50M,HDBSCAN,Density-based,HDBSCAN|mcs=20|ms=5,,HDBSCAN assigned subset,0,Debt Ratio,334,4,0.011976047904191617
healthcare_revenue_50m,Healthcare companies with revenue >= $50M,HDBSCAN,Density-based,HDBSCAN|mcs=20|ms=5,,HDBSCAN assigned subset,0,Free Cash Flow Margin,334,0,0.0
healthcare_revenue_50m,Healthcare companies with revenue >= $50M,HDBSCAN,Density-based,HDBSCAN|mcs=20|ms=5,,HDBSCAN assigned subset,0,Operating Cash Flow Margin,334,1,0.0029940119760479044
healthcare_revenue_50m,Healthcare companies with revenue >= $50M,HDBSCAN,Density-based,HDBSCAN|mcs=20|ms=5,,HDBSCAN assigned subset,1,EBITDA Margin,33,0,0.0
healthcare_revenue_50m,Healthcare companies with revenue >= $50M,HDBSCAN,Density-based,HDBSCAN|mcs=20|ms=5,,HDBSCAN assigned subset,1,Return on Assets,33,0,0.0
healthcare_revenue_50m,Healthcare companies with revenue >= $50M,HDBSCAN,Density-based,HDBSCAN|mcs=20|ms=5,,HDBSCAN assigned subset,1,Asset Turnover,33,0,0.0
healthcare_revenue_50m,Healthcare companies with revenue >= $50M,HDBSCAN,Density-based,HDBSCAN|mcs=20|ms=5,,HDBSCAN assigned subset,1,Revenue per Employee,33,0,0.0
healthcare_revenue_50m,Healthcare companies with revenue >= $50M,HDBSCAN,Density-based,HDBSCAN|mcs=20|ms=5,,HDBSCAN assigned subset,1,Current Ratio,33,0,0.0
healthcare_revenue_50m,Healthcare companies with revenue >= $50M,HDBSCAN,Density-based,HDBSCAN|mcs=20|ms=5,,HDBSCAN assigned subset,1,Debt Ratio,33,1,0.030303030303030304
healthcare_revenue_50m,Healthcare companies with revenue >= $50M,HDBSCAN,Density-based,HDBSCAN|mcs=20|ms=5,,HDBSCAN assigned subset,1,Free Cash Flow Margin,33,0,0.0
healthcare_revenue_50m,Healthcare companies with revenue >= $50M,HDBSCAN,Density-based,HDBSCAN|mcs=20|ms=5,,HDBSCAN assigned subset,1,Operating Cash Flow Margin,33,0,0.0
healthcare_revenue_50m,Healthcare companies with revenue >= $50M,HDBSCAN,Density-based,HDBSCAN|mcs=20|ms=10,,All companies including noise,-1,EBITDA Margin,119,5,0.04201680672268908
healthcare_revenue_50m,Healthcare companies with revenue >= $50M,HDBSCAN,Density-based,HDBSCAN|mcs=20|ms=10,,All companies including noise,-1,Return on Assets,119,0,0.0
healthcare_revenue_50m,Healthcare companies with revenue >= $50M,HDBSCAN,Density-based,HDBSCAN|mcs=20|ms=10,,All companies including noise,-1,Asset Turnover,119,0,0.0
healthcare_revenue_50m,Healthcare companies with revenue >= $50M,HDBSCAN,Density-based,HDBSCAN|mcs=20|ms=10,,All companies including noise,-1,Revenue per Employee,119,4,0.03361344537815126
healthcare_revenue_50m,Healthcare companies with revenue >= $50M,HDBSCAN,Density-based,HDBSCAN|mcs=20|ms=10,,All companies including noise,-1,Current Ratio,119,3,0.025210084033613446
healthcare_revenue_50m,Healthcare companies with revenue >= $50M,HDBSCAN,Density-based,HDBSCAN|mcs=20|ms=10,,All companies including noise,-1,Debt Ratio,119,2,0.01680672268907563
healthcare_revenue_50m,Healthcare companies with revenue >= $50M,HDBSCAN,Density-based,HDBSCAN|mcs=20|ms=10,,All companies including noise,-1,Free Cash Flow Margin,119,0,0.0
healthcare_revenue_50m,Healthcare companies with revenue >= $50M,HDBSCAN,Density-based,HDBSCAN|mcs=20|ms=10,,All companies including noise,-1,Operating Cash Flow Margin,119,0,0.0
healthcare_revenue_50m,Healthcare companies with revenue >= $50M,HDBSCAN,Density-based,HDBSCAN|mcs=20|ms=10,,All companies including noise,0,EBITDA Margin,294,1,0.003401360544217687
healthcare_revenue_50m,Healthcare companies with revenue >= $50M,HDBSCAN,Density-based,HDBSCAN|mcs=20|ms=10,,All companies including noise,0,Return on Assets,294,1,0.003401360544217687
healthcare_revenue_50m,Healthcare companies with revenue >= $50M,HDBSCAN,Density-based,HDBSCAN|mcs=20|ms=10,,All companies including noise,0,Asset Turnover,294,0,0.0
healthcare_revenue_50m,Healthcare companies with revenue >= $50M,HDBSCAN,Density-based,HDBSCAN|mcs=20|ms=10,,All companies including noise,0,Revenue per Employee,294,5,0.017006802721088437
healthcare_revenue_50m,Healthcare companies with revenue >= $50M,HDBSCAN,Density-based,HDBSCAN|mcs=20|ms=10,,All companies including noise,0,Current Ratio,294,0,0.0
healthcare_revenue_50m,Healthcare companies with revenue >= $50M,HDBSCAN,Density-based,HDBSCAN|mcs=20|ms=10,,All companies including noise,0,Debt Ratio,294,4,0.013605442176870748
healthcare_revenue_50m,Healthcare companies with revenue >= $50M,HDBSCAN,Density-based,HDBSCAN|mcs=20|ms=10,,All companies including noise,0,Free Cash Flow Margin,294,0,0.0
healthcare_revenue_50m,Healthcare companies with revenue >= $50M,HDBSCAN,Density-based,HDBSCAN|mcs=20|ms=10,,All companies including noise,0,Operating Cash Flow Margin,294,1,0.003401360544217687
healthcare_revenue_50m,Healthcare companies with revenue >= $50M,HDBSCAN,Density-based,HDBSCAN|mcs=20|ms=10,,All companies including noise,1,EBITDA Margin,31,0,0.0
healthcare_revenue_50m,Healthcare companies with revenue >= $50M,HDBSCAN,Density-based,HDBSCAN|mcs=20|ms=10,,All companies including noise,1,Return on Assets,31,0,0.0
healthcare_revenue_50m,Healthcare companies with revenue >= $50M,HDBSCAN,Density-based,HDBSCAN|mcs=20|ms=10,,All companies including noise,1,Asset Turnover,31,0,0.0
healthcare_revenue_50m,Healthcare companies with revenue >= $50M,HDBSCAN,Density-based,HDBSCAN|mcs=20|ms=10,,All companies including noise,1,Revenue per Employee,31,0,0.0
healthcare_revenue_50m,Healthcare companies with revenue >= $50M,HDBSCAN,Density-based,HDBSCAN|mcs=20|ms=10,,All companies including noise,1,Current Ratio,31,0,0.0
healthcare_revenue_50m,Healthcare companies with revenue >= $50M,HDBSCAN,Density-based,HDBSCAN|mcs=20|ms=10,,All companies including noise,1,Debt Ratio,31,1,0.03225806451612903
healthcare_revenue_50m,Healthcare companies with revenue >= $50M,HDBSCAN,Density-based,HDBSCAN|mcs=20|ms=10,,All companies including noise,1,Free Cash Flow Margin,31,0,0.0
healthcare_revenue_50m,Healthcare companies with revenue >= $50M,HDBSCAN,Density-based,HDBSCAN|mcs=20|ms=10,,All companies including noise,1,Operating Cash Flow Margin,31,0,0.0
healthcare_revenue_50m,Healthcare companies with revenue >= $50M,HDBSCAN,Density-based,HDBSCAN|mcs=20|ms=10,,HDBSCAN assigned subset,0,EBITDA Margin,294,1,0.003401360544217687
healthcare_revenue_50m,Healthcare companies with revenue >= $50M,HDBSCAN,Density-based,HDBSCAN|mcs=20|ms=10,,HDBSCAN assigned subset,0,Return on Assets,294,1,0.003401360544217687
healthcare_revenue_50m,Healthcare companies with revenue >= $50M,HDBSCAN,Density-based,HDBSCAN|mcs=20|ms=10,,HDBSCAN assigned subset,0,Asset Turnover,294,0,0.0
healthcare_revenue_50m,Healthcare companies with revenue >= $50M,HDBSCAN,Density-based,HDBSCAN|mcs=20|ms=10,,HDBSCAN assigned subset,0,Revenue per Employee,294,5,0.017006802721088437
healthcare_revenue_50m,Healthcare companies with revenue >= $50M,HDBSCAN,Density-based,HDBSCAN|mcs=20|ms=10,,HDBSCAN assigned subset,0,Current Ratio,294,0,0.0
healthcare_revenue_50m,Healthcare companies with revenue >= $50M,HDBSCAN,Density-based,HDBSCAN|mcs=20|ms=10,,HDBSCAN assigned subset,0,Debt Ratio,294,4,0.013605442176870748
healthcare_revenue_50m,Healthcare companies with revenue >= $50M,HDBSCAN,Density-based,HDBSCAN|mcs=20|ms=10,,HDBSCAN assigned subset,0,Free Cash Flow Margin,294,0,0.0
healthcare_revenue_50m,Healthcare companies with revenue >= $50M,HDBSCAN,Density-based,HDBSCAN|mcs=20|ms=10,,HDBSCAN assigned subset,0,Operating Cash Flow Margin,294,1,0.003401360544217687
healthcare_revenue_50m,Healthcare companies with revenue >= $50M,HDBSCAN,Density-based,HDBSCAN|mcs=20|ms=10,,HDBSCAN assigned subset,1,EBITDA Margin,31,0,0.0
healthcare_revenue_50m,Healthcare companies with revenue >= $50M,HDBSCAN,Density-based,HDBSCAN|mcs=20|ms=10,,HDBSCAN assigned subset,1,Return on Assets,31,0,0.0
healthcare_revenue_50m,Healthcare companies with revenue >= $50M,HDBSCAN,Density-based,HDBSCAN|mcs=20|ms=10,,HDBSCAN assigned subset,1,Asset Turnover,31,0,0.0
healthcare_revenue_50m,Healthcare companies with revenue >= $50M,HDBSCAN,Density-based,HDBSCAN|mcs=20|ms=10,,HDBSCAN assigned subset,1,Revenue per Employee,31,0,0.0
healthcare_revenue_50m,Healthcare companies with revenue >= $50M,HDBSCAN,Density-based,HDBSCAN|mcs=20|ms=10,,HDBSCAN assigned subset,1,Current Ratio,31,0,0.0
healthcare_revenue_50m,Healthcare companies with revenue >= $50M,HDBSCAN,Density-based,HDBSCAN|mcs=20|ms=10,,HDBSCAN assigned subset,1,Debt Ratio,31,1,0.03225806451612903
healthcare_revenue_50m,Healthcare companies with revenue >= $50M,HDBSCAN,Density-based,HDBSCAN|mcs=20|ms=10,,HDBSCAN assigned subset,1,Free Cash Flow Margin,31,0,0.0
healthcare_revenue_50m,Healthcare companies with revenue >= $50M,HDBSCAN,Density-based,HDBSCAN|mcs=20|ms=10,,HDBSCAN assigned subset,1,Operating Cash Flow Margin,31,0,0.0
healthcare_revenue_50m,Healthcare companies with revenue >= $50M,HDBSCAN,Density-based,HDBSCAN|mcs=20|ms=15,,All companies including noise,-1,EBITDA Margin,113,0,0.0
healthcare_revenue_50m,Healthcare companies with revenue >= $50M,HDBSCAN,Density-based,HDBSCAN|mcs=20|ms=15,,All companies including noise,-1,Return on Assets,113,0,0.0
healthcare_revenue_50m,Healthcare companies with revenue >= $50M,HDBSCAN,Density-based,HDBSCAN|mcs=20|ms=15,,All companies including noise,-1,Asset Turnover,113,0,0.0
healthcare_revenue_50m,Healthcare companies with revenue >= $50M,HDBSCAN,Density-based,HDBSCAN|mcs=20|ms=15,,All companies including noise,-1,Revenue per Employee,113,4,0.035398230088495575
healthcare_revenue_50m,Healthcare companies with revenue >= $50M,HDBSCAN,Density-based,HDBSCAN|mcs=20|ms=15,,All companies including noise,-1,Current Ratio,113,0,0.0
healthcare_revenue_50m,Healthcare companies with revenue >= $50M,HDBSCAN,Density-based,HDBSCAN|mcs=20|ms=15,,All companies including noise,-1,Debt Ratio,113,2,0.017699115044247787
healthcare_revenue_50m,Healthcare companies with revenue >= $50M,HDBSCAN,Density-based,HDBSCAN|mcs=20|ms=15,,All companies including noise,-1,Free Cash Flow Margin,113,0,0.0
healthcare_revenue_50m,Healthcare companies with revenue >= $50M,HDBSCAN,Density-based,HDBSCAN|mcs=20|ms=15,,All companies including noise,-1,Operating Cash Flow Margin,113,0,0.0
healthcare_revenue_50m,Healthcare companies with revenue >= $50M,HDBSCAN,Density-based,HDBSCAN|mcs=20|ms=15,,All companies including noise,0,EBITDA Margin,302,6,0.019867549668874173
healthcare_revenue_50m,Healthcare companies with revenue >= $50M,HDBSCAN,Density-based,HDBSCAN|mcs=20|ms=15,,All companies including noise,0,Return on Assets,302,1,0.0033112582781456954
healthcare_revenue_50m,Healthcare companies with revenue >= $50M,HDBSCAN,Density-based,HDBSCAN|mcs=20|ms=15,,All companies including noise,0,Asset Turnover,302,0,0.0
healthcare_revenue_50m,Healthcare companies with revenue >= $50M,HDBSCAN,Density-based,HDBSCAN|mcs=20|ms=15,,All companies including noise,0,Revenue per Employee,302,5,0.016556291390728478
healthcare_revenue_50m,Healthcare companies with revenue >= $50M,HDBSCAN,Density-based,HDBSCAN|mcs=20|ms=15,,All companies including noise,0,Current Ratio,302,3,0.009933774834437087
healthcare_revenue_50m,Healthcare companies with revenue >= $50M,HDBSCAN,Density-based,HDBSCAN|mcs=20|ms=15,,All companies including noise,0,Debt Ratio,302,4,0.013245033112582781
healthcare_revenue_50m,Healthcare companies with revenue >= $50M,HDBSCAN,Density-based,HDBSCAN|mcs=20|ms=15,,All companies including noise,0,Free Cash Flow Margin,302,0,0.0
healthcare_revenue_50m,Healthcare companies with revenue >= $50M,HDBSCAN,Density-based,HDBSCAN|mcs=20|ms=15,,All companies including noise,0,Operating Cash Flow Margin,302,1,0.0033112582781456954
healthcare_revenue_50m,Healthcare companies with revenue >= $50M,HDBSCAN,Density-based,HDBSCAN|mcs=20|ms=15,,All companies including noise,1,EBITDA Margin,29,0,0.0
healthcare_revenue_50m,Healthcare companies with revenue >= $50M,HDBSCAN,Density-based,HDBSCAN|mcs=20|ms=15,,All companies including noise,1,Return on Assets,29,0,0.0
healthcare_revenue_50m,Healthcare companies with revenue >= $50M,HDBSCAN,Density-based,HDBSCAN|mcs=20|ms=15,,All companies including noise,1,Asset Turnover,29,0,0.0
healthcare_revenue_50m,Healthcare companies with revenue >= $50M,HDBSCAN,Density-based,HDBSCAN|mcs=20|ms=15,,All companies including noise,1,Revenue per Employee,29,0,0.0
healthcare_revenue_50m,Healthcare companies with revenue >= $50M,HDBSCAN,Density-based,HDBSCAN|mcs=20|ms=15,,All companies including noise,1,Current Ratio,29,0,0.0
healthcare_revenue_50m,Healthcare companies with revenue >= $50M,HDBSCAN,Density-based,HDBSCAN|mcs=20|ms=15,,All companies including noise,1,Debt Ratio,29,1,0.034482758620689655
healthcare_revenue_50m,Healthcare companies with revenue >= $50M,HDBSCAN,Density-based,HDBSCAN|mcs=20|ms=15,,All companies including noise,1,Free Cash Flow Margin,29,0,0.0
healthcare_revenue_50m,Healthcare companies with revenue >= $50M,HDBSCAN,Density-based,HDBSCAN|mcs=20|ms=15,,All companies including noise,1,Operating Cash Flow Margin,29,0,0.0
healthcare_revenue_50m,Healthcare companies with revenue >= $50M,HDBSCAN,Density-based,HDBSCAN|mcs=20|ms=15,,HDBSCAN assigned subset,0,EBITDA Margin,302,6,0.019867549668874173
healthcare_revenue_50m,Healthcare companies with revenue >= $50M,HDBSCAN,Density-based,HDBSCAN|mcs=20|ms=15,,HDBSCAN assigned subset,0,Return on Assets,302,1,0.0033112582781456954
healthcare_revenue_50m,Healthcare companies with revenue >= $50M,HDBSCAN,Density-based,HDBSCAN|mcs=20|ms=15,,HDBSCAN assigned subset,0,Asset Turnover,302,0,0.0
healthcare_revenue_50m,Healthcare companies with revenue >= $50M,HDBSCAN,Density-based,HDBSCAN|mcs=20|ms=15,,HDBSCAN assigned subset,0,Revenue per Employee,302,5,0.016556291390728478
healthcare_revenue_50m,Healthcare companies with revenue >= $50M,HDBSCAN,Density-based,HDBSCAN|mcs=20|ms=15,,HDBSCAN assigned subset,0,Current Ratio,302,3,0.009933774834437087
healthcare_revenue_50m,Healthcare companies with revenue >= $50M,HDBSCAN,Density-based,HDBSCAN|mcs=20|ms=15,,HDBSCAN assigned subset,0,Debt Ratio,302,4,0.013245033112582781
healthcare_revenue_50m,Healthcare companies with revenue >= $50M,HDBSCAN,Density-based,HDBSCAN|mcs=20|ms=15,,HDBSCAN assigned subset,0,Free Cash Flow Margin,302,0,0.0
healthcare_revenue_50m,Healthcare companies with revenue >= $50M,HDBSCAN,Density-based,HDBSCAN|mcs=20|ms=15,,HDBSCAN assigned subset,0,Operating Cash Flow Margin,302,1,0.0033112582781456954
healthcare_revenue_50m,Healthcare companies with revenue >= $50M,HDBSCAN,Density-based,HDBSCAN|mcs=20|ms=15,,HDBSCAN assigned subset,1,EBITDA Margin,29,0,0.0
healthcare_revenue_50m,Healthcare companies with revenue >= $50M,HDBSCAN,Density-based,HDBSCAN|mcs=20|ms=15,,HDBSCAN assigned subset,1,Return on Assets,29,0,0.0
healthcare_revenue_50m,Healthcare companies with revenue >= $50M,HDBSCAN,Density-based,HDBSCAN|mcs=20|ms=15,,HDBSCAN assigned subset,1,Asset Turnover,29,0,0.0
healthcare_revenue_50m,Healthcare companies with revenue >= $50M,HDBSCAN,Density-based,HDBSCAN|mcs=20|ms=15,,HDBSCAN assigned subset,1,Revenue per Employee,29,0,0.0
healthcare_revenue_50m,Healthcare companies with revenue >= $50M,HDBSCAN,Density-based,HDBSCAN|mcs=20|ms=15,,HDBSCAN assigned subset,1,Current Ratio,29,0,0.0
healthcare_revenue_50m,Healthcare companies with revenue >= $50M,HDBSCAN,Density-based,HDBSCAN|mcs=20|ms=15,,HDBSCAN assigned subset,1,Debt Ratio,29,1,0.034482758620689655
healthcare_revenue_50m,Healthcare companies with revenue >= $50M,HDBSCAN,Density-based,HDBSCAN|mcs=20|ms=15,,HDBSCAN assigned subset,1,Free Cash Flow Margin,29,0,0.0
healthcare_revenue_50m,Healthcare companies with revenue >= $50M,HDBSCAN,Density-based,HDBSCAN|mcs=20|ms=15,,HDBSCAN assigned subset,1,Operating Cash Flow Margin,29,0,0.0
healthcare_revenue_50m,Healthcare companies with revenue >= $50M,HDBSCAN,Density-based,HDBSCAN|mcs=25|ms=5,,All companies including noise,-1,EBITDA Margin,77,5,0.06493506493506493
healthcare_revenue_50m,Healthcare companies with revenue >= $50M,HDBSCAN,Density-based,HDBSCAN|mcs=25|ms=5,,All companies including noise,-1,Return on Assets,77,0,0.0
healthcare_revenue_50m,Healthcare companies with revenue >= $50M,HDBSCAN,Density-based,HDBSCAN|mcs=25|ms=5,,All companies including noise,-1,Asset Turnover,77,0,0.0
healthcare_revenue_50m,Healthcare companies with revenue >= $50M,HDBSCAN,Density-based,HDBSCAN|mcs=25|ms=5,,All companies including noise,-1,Revenue per Employee,77,4,0.05194805194805195
healthcare_revenue_50m,Healthcare companies with revenue >= $50M,HDBSCAN,Density-based,HDBSCAN|mcs=25|ms=5,,All companies including noise,-1,Current Ratio,77,3,0.03896103896103896
healthcare_revenue_50m,Healthcare companies with revenue >= $50M,HDBSCAN,Density-based,HDBSCAN|mcs=25|ms=5,,All companies including noise,-1,Debt Ratio,77,2,0.025974025974025976
healthcare_revenue_50m,Healthcare companies with revenue >= $50M,HDBSCAN,Density-based,HDBSCAN|mcs=25|ms=5,,All companies including noise,-1,Free Cash Flow Margin,77,0,0.0
healthcare_revenue_50m,Healthcare companies with revenue >= $50M,HDBSCAN,Density-based,HDBSCAN|mcs=25|ms=5,,All companies including noise,-1,Operating Cash Flow Margin,77,0,0.0
healthcare_revenue_50m,Healthcare companies with revenue >= $50M,HDBSCAN,Density-based,HDBSCAN|mcs=25|ms=5,,All companies including noise,0,EBITDA Margin,334,1,0.0029940119760479044
healthcare_revenue_50m,Healthcare companies with revenue >= $50M,HDBSCAN,Density-based,HDBSCAN|mcs=25|ms=5,,All companies including noise,0,Return on Assets,334,1,0.0029940119760479044
healthcare_revenue_50m,Healthcare companies with revenue >= $50M,HDBSCAN,Density-based,HDBSCAN|mcs=25|ms=5,,All companies including noise,0,Asset Turnover,334,0,0.0
healthcare_revenue_50m,Healthcare companies with revenue >= $50M,HDBSCAN,Density-based,HDBSCAN|mcs=25|ms=5,,All companies including noise,0,Revenue per Employee,334,5,0.014970059880239521
healthcare_revenue_50m,Healthcare companies with revenue >= $50M,HDBSCAN,Density-based,HDBSCAN|mcs=25|ms=5,,All companies including noise,0,Current Ratio,334,0,0.0
healthcare_revenue_50m,Healthcare companies with revenue >= $50M,HDBSCAN,Density-based,HDBSCAN|mcs=25|ms=5,,All companies including noise,0,Debt Ratio,334,4,0.011976047904191617
healthcare_revenue_50m,Healthcare companies with revenue >= $50M,HDBSCAN,Density-based,HDBSCAN|mcs=25|ms=5,,All companies including noise,0,Free Cash Flow Margin,334,0,0.0
healthcare_revenue_50m,Healthcare companies with revenue >= $50M,HDBSCAN,Density-based,HDBSCAN|mcs=25|ms=5,,All companies including noise,0,Operating Cash Flow Margin,334,1,0.0029940119760479044
healthcare_revenue_50m,Healthcare companies with revenue >= $50M,HDBSCAN,Density-based,HDBSCAN|mcs=25|ms=5,,All companies including noise,1,EBITDA Margin,33,0,0.0
healthcare_revenue_50m,Healthcare companies with revenue >= $50M,HDBSCAN,Density-based,HDBSCAN|mcs=25|ms=5,,All companies including noise,1,Return on Assets,33,0,0.0
healthcare_revenue_50m,Healthcare companies with revenue >= $50M,HDBSCAN,Density-based,HDBSCAN|mcs=25|ms=5,,All companies including noise,1,Asset Turnover,33,0,0.0
healthcare_revenue_50m,Healthcare companies with revenue >= $50M,HDBSCAN,Density-based,HDBSCAN|mcs=25|ms=5,,All companies including noise,1,Revenue per Employee,33,0,0.0
healthcare_revenue_50m,Healthcare companies with revenue >= $50M,HDBSCAN,Density-based,HDBSCAN|mcs=25|ms=5,,All companies including noise,1,Current Ratio,33,0,0.0
healthcare_revenue_50m,Healthcare companies with revenue >= $50M,HDBSCAN,Density-based,HDBSCAN|mcs=25|ms=5,,All companies including noise,1,Debt Ratio,33,1,0.030303030303030304
healthcare_revenue_50m,Healthcare companies with revenue >= $50M,HDBSCAN,Density-based,HDBSCAN|mcs=25|ms=5,,All companies including noise,1,Free Cash Flow Margin,33,0,0.0
healthcare_revenue_50m,Healthcare companies with revenue >= $50M,HDBSCAN,Density-based,HDBSCAN|mcs=25|ms=5,,All companies including noise,1,Operating Cash Flow Margin,33,0,0.0
healthcare_revenue_50m,Healthcare companies with revenue >= $50M,HDBSCAN,Density-based,HDBSCAN|mcs=25|ms=5,,HDBSCAN assigned subset,0,EBITDA Margin,334,1,0.0029940119760479044
healthcare_revenue_50m,Healthcare companies with revenue >= $50M,HDBSCAN,Density-based,HDBSCAN|mcs=25|ms=5,,HDBSCAN assigned subset,0,Return on Assets,334,1,0.0029940119760479044
healthcare_revenue_50m,Healthcare companies with revenue >= $50M,HDBSCAN,Density-based,HDBSCAN|mcs=25|ms=5,,HDBSCAN assigned subset,0,Asset Turnover,334,0,0.0
healthcare_revenue_50m,Healthcare companies with revenue >= $50M,HDBSCAN,Density-based,HDBSCAN|mcs=25|ms=5,,HDBSCAN assigned subset,0,Revenue per Employee,334,5,0.014970059880239521
healthcare_revenue_50m,Healthcare companies with revenue >= $50M,HDBSCAN,Density-based,HDBSCAN|mcs=25|ms=5,,HDBSCAN assigned subset,0,Current Ratio,334,0,0.0
healthcare_revenue_50m,Healthcare companies with revenue >= $50M,HDBSCAN,Density-based,HDBSCAN|mcs=25|ms=5,,HDBSCAN assigned subset,0,Debt Ratio,334,4,0.011976047904191617
healthcare_revenue_50m,Healthcare companies with revenue >= $50M,HDBSCAN,Density-based,HDBSCAN|mcs=25|ms=5,,HDBSCAN assigned subset,0,Free Cash Flow Margin,334,0,0.0
healthcare_revenue_50m,Healthcare companies with revenue >= $50M,HDBSCAN,Density-based,HDBSCAN|mcs=25|ms=5,,HDBSCAN assigned subset,0,Operating Cash Flow Margin,334,1,0.0029940119760479044
healthcare_revenue_50m,Healthcare companies with revenue >= $50M,HDBSCAN,Density-based,HDBSCAN|mcs=25|ms=5,,HDBSCAN assigned subset,1,EBITDA Margin,33,0,0.0
healthcare_revenue_50m,Healthcare companies with revenue >= $50M,HDBSCAN,Density-based,HDBSCAN|mcs=25|ms=5,,HDBSCAN assigned subset,1,Return on Assets,33,0,0.0
healthcare_revenue_50m,Healthcare companies with revenue >= $50M,HDBSCAN,Density-based,HDBSCAN|mcs=25|ms=5,,HDBSCAN assigned subset,1,Asset Turnover,33,0,0.0
healthcare_revenue_50m,Healthcare companies with revenue >= $50M,HDBSCAN,Density-based,HDBSCAN|mcs=25|ms=5,,HDBSCAN assigned subset,1,Revenue per Employee,33,0,0.0
healthcare_revenue_50m,Healthcare companies with revenue >= $50M,HDBSCAN,Density-based,HDBSCAN|mcs=25|ms=5,,HDBSCAN assigned subset,1,Current Ratio,33,0,0.0
healthcare_revenue_50m,Healthcare companies with revenue >= $50M,HDBSCAN,Density-based,HDBSCAN|mcs=25|ms=5,,HDBSCAN assigned subset,1,Debt Ratio,33,1,0.030303030303030304
healthcare_revenue_50m,Healthcare companies with revenue >= $50M,HDBSCAN,Density-based,HDBSCAN|mcs=25|ms=5,,HDBSCAN assigned subset,1,Free Cash Flow Margin,33,0,0.0
healthcare_revenue_50m,Healthcare companies with revenue >= $50M,HDBSCAN,Density-based,HDBSCAN|mcs=25|ms=5,,HDBSCAN assigned subset,1,Operating Cash Flow Margin,33,0,0.0
healthcare_revenue_50m,Healthcare companies with revenue >= $50M,HDBSCAN,Density-based,HDBSCAN|mcs=25|ms=10,,All companies including noise,-1,EBITDA Margin,119,5,0.04201680672268908
healthcare_revenue_50m,Healthcare companies with revenue >= $50M,HDBSCAN,Density-based,HDBSCAN|mcs=25|ms=10,,All companies including noise,-1,Return on Assets,119,0,0.0
healthcare_revenue_50m,Healthcare companies with revenue >= $50M,HDBSCAN,Density-based,HDBSCAN|mcs=25|ms=10,,All companies including noise,-1,Asset Turnover,119,0,0.0
healthcare_revenue_50m,Healthcare companies with revenue >= $50M,HDBSCAN,Density-based,HDBSCAN|mcs=25|ms=10,,All companies including noise,-1,Revenue per Employee,119,4,0.03361344537815126
healthcare_revenue_50m,Healthcare companies with revenue >= $50M,HDBSCAN,Density-based,HDBSCAN|mcs=25|ms=10,,All companies including noise,-1,Current Ratio,119,3,0.025210084033613446
healthcare_revenue_50m,Healthcare companies with revenue >= $50M,HDBSCAN,Density-based,HDBSCAN|mcs=25|ms=10,,All companies including noise,-1,Debt Ratio,119,2,0.01680672268907563
healthcare_revenue_50m,Healthcare companies with revenue >= $50M,HDBSCAN,Density-based,HDBSCAN|mcs=25|ms=10,,All companies including noise,-1,Free Cash Flow Margin,119,0,0.0
healthcare_revenue_50m,Healthcare companies with revenue >= $50M,HDBSCAN,Density-based,HDBSCAN|mcs=25|ms=10,,All companies including noise,-1,Operating Cash Flow Margin,119,0,0.0
healthcare_revenue_50m,Healthcare companies with revenue >= $50M,HDBSCAN,Density-based,HDBSCAN|mcs=25|ms=10,,All companies including noise,0,EBITDA Margin,294,1,0.003401360544217687
healthcare_revenue_50m,Healthcare companies with revenue >= $50M,HDBSCAN,Density-based,HDBSCAN|mcs=25|ms=10,,All companies including noise,0,Return on Assets,294,1,0.003401360544217687
healthcare_revenue_50m,Healthcare companies with revenue >= $50M,HDBSCAN,Density-based,HDBSCAN|mcs=25|ms=10,,All companies including noise,0,Asset Turnover,294,0,0.0
healthcare_revenue_50m,Healthcare companies with revenue >= $50M,HDBSCAN,Density-based,HDBSCAN|mcs=25|ms=10,,All companies including noise,0,Revenue per Employee,294,5,0.017006802721088437
healthcare_revenue_50m,Healthcare companies with revenue >= $50M,HDBSCAN,Density-based,HDBSCAN|mcs=25|ms=10,,All companies including noise,0,Current Ratio,294,0,0.0
healthcare_revenue_50m,Healthcare companies with revenue >= $50M,HDBSCAN,Density-based,HDBSCAN|mcs=25|ms=10,,All companies including noise,0,Debt Ratio,294,4,0.013605442176870748
healthcare_revenue_50m,Healthcare companies with revenue >= $50M,HDBSCAN,Density-based,HDBSCAN|mcs=25|ms=10,,All companies including noise,0,Free Cash Flow Margin,294,0,0.0
healthcare_revenue_50m,Healthcare companies with revenue >= $50M,HDBSCAN,Density-based,HDBSCAN|mcs=25|ms=10,,All companies including noise,0,Operating Cash Flow Margin,294,1,0.003401360544217687
healthcare_revenue_50m,Healthcare companies with revenue >= $50M,HDBSCAN,Density-based,HDBSCAN|mcs=25|ms=10,,All companies including noise,1,EBITDA Margin,31,0,0.0
healthcare_revenue_50m,Healthcare companies with revenue >= $50M,HDBSCAN,Density-based,HDBSCAN|mcs=25|ms=10,,All companies including noise,1,Return on Assets,31,0,0.0
healthcare_revenue_50m,Healthcare companies with revenue >= $50M,HDBSCAN,Density-based,HDBSCAN|mcs=25|ms=10,,All companies including noise,1,Asset Turnover,31,0,0.0
healthcare_revenue_50m,Healthcare companies with revenue >= $50M,HDBSCAN,Density-based,HDBSCAN|mcs=25|ms=10,,All companies including noise,1,Revenue per Employee,31,0,0.0
healthcare_revenue_50m,Healthcare companies with revenue >= $50M,HDBSCAN,Density-based,HDBSCAN|mcs=25|ms=10,,All companies including noise,1,Current Ratio,31,0,0.0
healthcare_revenue_50m,Healthcare companies with revenue >= $50M,HDBSCAN,Density-based,HDBSCAN|mcs=25|ms=10,,All companies including noise,1,Debt Ratio,31,1,0.03225806451612903
healthcare_revenue_50m,Healthcare companies with revenue >= $50M,HDBSCAN,Density-based,HDBSCAN|mcs=25|ms=10,,All companies including noise,1,Free Cash Flow Margin,31,0,0.0
healthcare_revenue_50m,Healthcare companies with revenue >= $50M,HDBSCAN,Density-based,HDBSCAN|mcs=25|ms=10,,All companies including noise,1,Operating Cash Flow Margin,31,0,0.0
healthcare_revenue_50m,Healthcare companies with revenue >= $50M,HDBSCAN,Density-based,HDBSCAN|mcs=25|ms=10,,HDBSCAN assigned subset,0,EBITDA Margin,294,1,0.003401360544217687
healthcare_revenue_50m,Healthcare companies with revenue >= $50M,HDBSCAN,Density-based,HDBSCAN|mcs=25|ms=10,,HDBSCAN assigned subset,0,Return on Assets,294,1,0.003401360544217687
healthcare_revenue_50m,Healthcare companies with revenue >= $50M,HDBSCAN,Density-based,HDBSCAN|mcs=25|ms=10,,HDBSCAN assigned subset,0,Asset Turnover,294,0,0.0
healthcare_revenue_50m,Healthcare companies with revenue >= $50M,HDBSCAN,Density-based,HDBSCAN|mcs=25|ms=10,,HDBSCAN assigned subset,0,Revenue per Employee,294,5,0.017006802721088437
healthcare_revenue_50m,Healthcare companies with revenue >= $50M,HDBSCAN,Density-based,HDBSCAN|mcs=25|ms=10,,HDBSCAN assigned subset,0,Current Ratio,294,0,0.0
healthcare_revenue_50m,Healthcare companies with revenue >= $50M,HDBSCAN,Density-based,HDBSCAN|mcs=25|ms=10,,HDBSCAN assigned subset,0,Debt Ratio,294,4,0.013605442176870748
healthcare_revenue_50m,Healthcare companies with revenue >= $50M,HDBSCAN,Density-based,HDBSCAN|mcs=25|ms=10,,HDBSCAN assigned subset,0,Free Cash Flow Margin,294,0,0.0
healthcare_revenue_50m,Healthcare companies with revenue >= $50M,HDBSCAN,Density-based,HDBSCAN|mcs=25|ms=10,,HDBSCAN assigned subset,0,Operating Cash Flow Margin,294,1,0.003401360544217687
healthcare_revenue_50m,Healthcare companies with revenue >= $50M,HDBSCAN,Density-based,HDBSCAN|mcs=25|ms=10,,HDBSCAN assigned subset,1,EBITDA Margin,31,0,0.0
healthcare_revenue_50m,Healthcare companies with revenue >= $50M,HDBSCAN,Density-based,HDBSCAN|mcs=25|ms=10,,HDBSCAN assigned subset,1,Return on Assets,31,0,0.0
healthcare_revenue_50m,Healthcare companies with revenue >= $50M,HDBSCAN,Density-based,HDBSCAN|mcs=25|ms=10,,HDBSCAN assigned subset,1,Asset Turnover,31,0,0.0
healthcare_revenue_50m,Healthcare companies with revenue >= $50M,HDBSCAN,Density-based,HDBSCAN|mcs=25|ms=10,,HDBSCAN assigned subset,1,Revenue per Employee,31,0,0.0
healthcare_revenue_50m,Healthcare companies with revenue >= $50M,HDBSCAN,Density-based,HDBSCAN|mcs=25|ms=10,,HDBSCAN assigned subset,1,Current Ratio,31,0,0.0
healthcare_revenue_50m,Healthcare companies with revenue >= $50M,HDBSCAN,Density-based,HDBSCAN|mcs=25|ms=10,,HDBSCAN assigned subset,1,Debt Ratio,31,1,0.03225806451612903
healthcare_revenue_50m,Healthcare companies with revenue >= $50M,HDBSCAN,Density-based,HDBSCAN|mcs=25|ms=10,,HDBSCAN assigned subset,1,Free Cash Flow Margin,31,0,0.0
healthcare_revenue_50m,Healthcare companies with revenue >= $50M,HDBSCAN,Density-based,HDBSCAN|mcs=25|ms=10,,HDBSCAN assigned subset,1,Operating Cash Flow Margin,31,0,0.0
healthcare_revenue_50m,Healthcare companies with revenue >= $50M,HDBSCAN,Density-based,HDBSCAN|mcs=25|ms=15,,All companies including noise,-1,EBITDA Margin,113,0,0.0
healthcare_revenue_50m,Healthcare companies with revenue >= $50M,HDBSCAN,Density-based,HDBSCAN|mcs=25|ms=15,,All companies including noise,-1,Return on Assets,113,0,0.0
healthcare_revenue_50m,Healthcare companies with revenue >= $50M,HDBSCAN,Density-based,HDBSCAN|mcs=25|ms=15,,All companies including noise,-1,Asset Turnover,113,0,0.0
healthcare_revenue_50m,Healthcare companies with revenue >= $50M,HDBSCAN,Density-based,HDBSCAN|mcs=25|ms=15,,All companies including noise,-1,Revenue per Employee,113,4,0.035398230088495575
healthcare_revenue_50m,Healthcare companies with revenue >= $50M,HDBSCAN,Density-based,HDBSCAN|mcs=25|ms=15,,All companies including noise,-1,Current Ratio,113,0,0.0
healthcare_revenue_50m,Healthcare companies with revenue >= $50M,HDBSCAN,Density-based,HDBSCAN|mcs=25|ms=15,,All companies including noise,-1,Debt Ratio,113,2,0.017699115044247787
healthcare_revenue_50m,Healthcare companies with revenue >= $50M,HDBSCAN,Density-based,HDBSCAN|mcs=25|ms=15,,All companies including noise,-1,Free Cash Flow Margin,113,0,0.0
healthcare_revenue_50m,Healthcare companies with revenue >= $50M,HDBSCAN,Density-based,HDBSCAN|mcs=25|ms=15,,All companies including noise,-1,Operating Cash Flow Margin,113,0,0.0
healthcare_revenue_50m,Healthcare companies with revenue >= $50M,HDBSCAN,Density-based,HDBSCAN|mcs=25|ms=15,,All companies including noise,0,EBITDA Margin,302,6,0.019867549668874173
healthcare_revenue_50m,Healthcare companies with revenue >= $50M,HDBSCAN,Density-based,HDBSCAN|mcs=25|ms=15,,All companies including noise,0,Return on Assets,302,1,0.0033112582781456954
healthcare_revenue_50m,Healthcare companies with revenue >= $50M,HDBSCAN,Density-based,HDBSCAN|mcs=25|ms=15,,All companies including noise,0,Asset Turnover,302,0,0.0
healthcare_revenue_50m,Healthcare companies with revenue >= $50M,HDBSCAN,Density-based,HDBSCAN|mcs=25|ms=15,,All companies including noise,0,Revenue per Employee,302,5,0.016556291390728478
healthcare_revenue_50m,Healthcare companies with revenue >= $50M,HDBSCAN,Density-based,HDBSCAN|mcs=25|ms=15,,All companies including noise,0,Current Ratio,302,3,0.009933774834437087
healthcare_revenue_50m,Healthcare companies with revenue >= $50M,HDBSCAN,Density-based,HDBSCAN|mcs=25|ms=15,,All companies including noise,0,Debt Ratio,302,4,0.013245033112582781
healthcare_revenue_50m,Healthcare companies with revenue >= $50M,HDBSCAN,Density-based,HDBSCAN|mcs=25|ms=15,,All companies including noise,0,Free Cash Flow Margin,302,0,0.0
healthcare_revenue_50m,Healthcare companies with revenue >= $50M,HDBSCAN,Density-based,HDBSCAN|mcs=25|ms=15,,All companies including noise,0,Operating Cash Flow Margin,302,1,0.0033112582781456954
healthcare_revenue_50m,Healthcare companies with revenue >= $50M,HDBSCAN,Density-based,HDBSCAN|mcs=25|ms=15,,All companies including noise,1,EBITDA Margin,29,0,0.0
healthcare_revenue_50m,Healthcare companies with revenue >= $50M,HDBSCAN,Density-based,HDBSCAN|mcs=25|ms=15,,All companies including noise,1,Return on Assets,29,0,0.0
healthcare_revenue_50m,Healthcare companies with revenue >= $50M,HDBSCAN,Density-based,HDBSCAN|mcs=25|ms=15,,All companies including noise,1,Asset Turnover,29,0,0.0
healthcare_revenue_50m,Healthcare companies with revenue >= $50M,HDBSCAN,Density-based,HDBSCAN|mcs=25|ms=15,,All companies including noise,1,Revenue per Employee,29,0,0.0
healthcare_revenue_50m,Healthcare companies with revenue >= $50M,HDBSCAN,Density-based,HDBSCAN|mcs=25|ms=15,,All companies including noise,1,Current Ratio,29,0,0.0
healthcare_revenue_50m,Healthcare companies with revenue >= $50M,HDBSCAN,Density-based,HDBSCAN|mcs=25|ms=15,,All companies including noise,1,Debt Ratio,29,1,0.034482758620689655
healthcare_revenue_50m,Healthcare companies with revenue >= $50M,HDBSCAN,Density-based,HDBSCAN|mcs=25|ms=15,,All companies including noise,1,Free Cash Flow Margin,29,0,0.0
healthcare_revenue_50m,Healthcare companies with revenue >= $50M,HDBSCAN,Density-based,HDBSCAN|mcs=25|ms=15,,All companies including noise,1,Operating Cash Flow Margin,29,0,0.0
healthcare_revenue_50m,Healthcare companies with revenue >= $50M,HDBSCAN,Density-based,HDBSCAN|mcs=25|ms=15,,HDBSCAN assigned subset,0,EBITDA Margin,302,6,0.019867549668874173
healthcare_revenue_50m,Healthcare companies with revenue >= $50M,HDBSCAN,Density-based,HDBSCAN|mcs=25|ms=15,,HDBSCAN assigned subset,0,Return on Assets,302,1,0.0033112582781456954
healthcare_revenue_50m,Healthcare companies with revenue >= $50M,HDBSCAN,Density-based,HDBSCAN|mcs=25|ms=15,,HDBSCAN assigned subset,0,Asset Turnover,302,0,0.0
healthcare_revenue_50m,Healthcare companies with revenue >= $50M,HDBSCAN,Density-based,HDBSCAN|mcs=25|ms=15,,HDBSCAN assigned subset,0,Revenue per Employee,302,5,0.016556291390728478
healthcare_revenue_50m,Healthcare companies with revenue >= $50M,HDBSCAN,Density-based,HDBSCAN|mcs=25|ms=15,,HDBSCAN assigned subset,0,Current Ratio,302,3,0.009933774834437087
healthcare_revenue_50m,Healthcare companies with revenue >= $50M,HDBSCAN,Density-based,HDBSCAN|mcs=25|ms=15,,HDBSCAN assigned subset,0,Debt Ratio,302,4,0.013245033112582781
healthcare_revenue_50m,Healthcare companies with revenue >= $50M,HDBSCAN,Density-based,HDBSCAN|mcs=25|ms=15,,HDBSCAN assigned subset,0,Free Cash Flow Margin,302,0,0.0
healthcare_revenue_50m,Healthcare companies with revenue >= $50M,HDBSCAN,Density-based,HDBSCAN|mcs=25|ms=15,,HDBSCAN assigned subset,0,Operating Cash Flow Margin,302,1,0.0033112582781456954
healthcare_revenue_50m,Healthcare companies with revenue >= $50M,HDBSCAN,Density-based,HDBSCAN|mcs=25|ms=15,,HDBSCAN assigned subset,1,EBITDA Margin,29,0,0.0
healthcare_revenue_50m,Healthcare companies with revenue >= $50M,HDBSCAN,Density-based,HDBSCAN|mcs=25|ms=15,,HDBSCAN assigned subset,1,Return on Assets,29,0,0.0
healthcare_revenue_50m,Healthcare companies with revenue >= $50M,HDBSCAN,Density-based,HDBSCAN|mcs=25|ms=15,,HDBSCAN assigned subset,1,Asset Turnover,29,0,0.0
healthcare_revenue_50m,Healthcare companies with revenue >= $50M,HDBSCAN,Density-based,HDBSCAN|mcs=25|ms=15,,HDBSCAN assigned subset,1,Revenue per Employee,29,0,0.0
healthcare_revenue_50m,Healthcare companies with revenue >= $50M,HDBSCAN,Density-based,HDBSCAN|mcs=25|ms=15,,HDBSCAN assigned subset,1,Current Ratio,29,0,0.0
healthcare_revenue_50m,Healthcare companies with revenue >= $50M,HDBSCAN,Density-based,HDBSCAN|mcs=25|ms=15,,HDBSCAN assigned subset,1,Debt Ratio,29,1,0.034482758620689655
healthcare_revenue_50m,Healthcare companies with revenue >= $50M,HDBSCAN,Density-based,HDBSCAN|mcs=25|ms=15,,HDBSCAN assigned subset,1,Free Cash Flow Margin,29,0,0.0
healthcare_revenue_50m,Healthcare companies with revenue >= $50M,HDBSCAN,Density-based,HDBSCAN|mcs=25|ms=15,,HDBSCAN assigned subset,1,Operating Cash Flow Margin,29,0,0.0
healthcare_revenue_50m,Healthcare companies with revenue >= $50M,Autoencoder + K-Means,Neural full-assignment,Autoencoder + K-Means|K=4,42.0,All eligible companies,0,EBITDA Margin,214,0,0.0
healthcare_revenue_50m,Healthcare companies with revenue >= $50M,Autoencoder + K-Means,Neural full-assignment,Autoencoder + K-Means|K=4,42.0,All eligible companies,0,Return on Assets,214,1,0.004672897196261682
healthcare_revenue_50m,Healthcare companies with revenue >= $50M,Autoencoder + K-Means,Neural full-assignment,Autoencoder + K-Means|K=4,42.0,All eligible companies,0,Asset Turnover,214,0,0.0
healthcare_revenue_50m,Healthcare companies with revenue >= $50M,Autoencoder + K-Means,Neural full-assignment,Autoencoder + K-Means|K=4,42.0,All eligible companies,0,Revenue per Employee,214,5,0.02336448598130841
healthcare_revenue_50m,Healthcare companies with revenue >= $50M,Autoencoder + K-Means,Neural full-assignment,Autoencoder + K-Means|K=4,42.0,All eligible companies,0,Current Ratio,214,0,0.0
healthcare_revenue_50m,Healthcare companies with revenue >= $50M,Autoencoder + K-Means,Neural full-assignment,Autoencoder + K-Means|K=4,42.0,All eligible companies,0,Debt Ratio,214,5,0.02336448598130841
healthcare_revenue_50m,Healthcare companies with revenue >= $50M,Autoencoder + K-Means,Neural full-assignment,Autoencoder + K-Means|K=4,42.0,All eligible companies,0,Free Cash Flow Margin,214,0,0.0
healthcare_revenue_50m,Healthcare companies with revenue >= $50M,Autoencoder + K-Means,Neural full-assignment,Autoencoder + K-Means|K=4,42.0,All eligible companies,0,Operating Cash Flow Margin,214,1,0.004672897196261682
healthcare_revenue_50m,Healthcare companies with revenue >= $50M,Autoencoder + K-Means,Neural full-assignment,Autoencoder + K-Means|K=4,42.0,All eligible companies,1,EBITDA Margin,45,5,0.1111111111111111
healthcare_revenue_50m,Healthcare companies with revenue >= $50M,Autoencoder + K-Means,Neural full-assignment,Autoencoder + K-Means|K=4,42.0,All eligible companies,1,Return on Assets,45,0,0.0
healthcare_revenue_50m,Healthcare companies with revenue >= $50M,Autoencoder + K-Means,Neural full-assignment,Autoencoder + K-Means|K=4,42.0,All eligible companies,1,Asset Turnover,45,0,0.0
healthcare_revenue_50m,Healthcare companies with revenue >= $50M,Autoencoder + K-Means,Neural full-assignment,Autoencoder + K-Means|K=4,42.0,All eligible companies,1,Revenue per Employee,45,0,0.0
healthcare_revenue_50m,Healthcare companies with revenue >= $50M,Autoencoder + K-Means,Neural full-assignment,Autoencoder + K-Means|K=4,42.0,All eligible companies,1,Current Ratio,45,3,0.06666666666666667
healthcare_revenue_50m,Healthcare companies with revenue >= $50M,Autoencoder + K-Means,Neural full-assignment,Autoencoder + K-Means|K=4,42.0,All eligible companies,1,Debt Ratio,45,1,0.022222222222222223
healthcare_revenue_50m,Healthcare companies with revenue >= $50M,Autoencoder + K-Means,Neural full-assignment,Autoencoder + K-Means|K=4,42.0,All eligible companies,1,Free Cash Flow Margin,45,0,0.0
healthcare_revenue_50m,Healthcare companies with revenue >= $50M,Autoencoder + K-Means,Neural full-assignment,Autoencoder + K-Means|K=4,42.0,All eligible companies,1,Operating Cash Flow Margin,45,0,0.0
healthcare_revenue_50m,Healthcare companies with revenue >= $50M,Autoencoder + K-Means,Neural full-assignment,Autoencoder + K-Means|K=4,42.0,All eligible companies,2,EBITDA Margin,129,1,0.007751937984496124
healthcare_revenue_50m,Healthcare companies with revenue >= $50M,Autoencoder + K-Means,Neural full-assignment,Autoencoder + K-Means|K=4,42.0,All eligible companies,2,Return on Assets,129,0,0.0
healthcare_revenue_50m,Healthcare companies with revenue >= $50M,Autoencoder + K-Means,Neural full-assignment,Autoencoder + K-Means|K=4,42.0,All eligible companies,2,Asset Turnover,129,0,0.0
healthcare_revenue_50m,Healthcare companies with revenue >= $50M,Autoencoder + K-Means,Neural full-assignment,Autoencoder + K-Means|K=4,42.0,All eligible companies,2,Revenue per Employee,129,4,0.031007751937984496
healthcare_revenue_50m,Healthcare companies with revenue >= $50M,Autoencoder + K-Means,Neural full-assignment,Autoencoder + K-Means|K=4,42.0,All eligible companies,2,Current Ratio,129,0,0.0
healthcare_revenue_50m,Healthcare companies with revenue >= $50M,Autoencoder + K-Means,Neural full-assignment,Autoencoder + K-Means|K=4,42.0,All eligible companies,2,Debt Ratio,129,0,0.0
healthcare_revenue_50m,Healthcare companies with revenue >= $50M,Autoencoder + K-Means,Neural full-assignment,Autoencoder + K-Means|K=4,42.0,All eligible companies,2,Free Cash Flow Margin,129,0,0.0
healthcare_revenue_50m,Healthcare companies with revenue >= $50M,Autoencoder + K-Means,Neural full-assignment,Autoencoder + K-Means|K=4,42.0,All eligible companies,2,Operating Cash Flow Margin,129,0,0.0
healthcare_revenue_50m,Healthcare companies with revenue >= $50M,Autoencoder + K-Means,Neural full-assignment,Autoencoder + K-Means|K=4,42.0,All eligible companies,3,EBITDA Margin,56,0,0.0
healthcare_revenue_50m,Healthcare companies with revenue >= $50M,Autoencoder + K-Means,Neural full-assignment,Autoencoder + K-Means|K=4,42.0,All eligible companies,3,Return on Assets,56,0,0.0
healthcare_revenue_50m,Healthcare companies with revenue >= $50M,Autoencoder + K-Means,Neural full-assignment,Autoencoder + K-Means|K=4,42.0,All eligible companies,3,Asset Turnover,56,0,0.0
healthcare_revenue_50m,Healthcare companies with revenue >= $50M,Autoencoder + K-Means,Neural full-assignment,Autoencoder + K-Means|K=4,42.0,All eligible companies,3,Revenue per Employee,56,0,0.0
healthcare_revenue_50m,Healthcare companies with revenue >= $50M,Autoencoder + K-Means,Neural full-assignment,Autoencoder + K-Means|K=4,42.0,All eligible companies,3,Current Ratio,56,0,0.0
healthcare_revenue_50m,Healthcare companies with revenue >= $50M,Autoencoder + K-Means,Neural full-assignment,Autoencoder + K-Means|K=4,42.0,All eligible companies,3,Debt Ratio,56,1,0.017857142857142856
healthcare_revenue_50m,Healthcare companies with revenue >= $50M,Autoencoder + K-Means,Neural full-assignment,Autoencoder + K-Means|K=4,42.0,All eligible companies,3,Free Cash Flow Margin,56,0,0.0
healthcare_revenue_50m,Healthcare companies with revenue >= $50M,Autoencoder + K-Means,Neural full-assignment,Autoencoder + K-Means|K=4,42.0,All eligible companies,3,Operating Cash Flow Margin,56,0,0.0
healthcare_revenue_50m,Healthcare companies with revenue >= $50M,DEC,Neural full-assignment,DEC|K=4,42.0,All eligible companies,0,EBITDA Margin,183,0,0.0
healthcare_revenue_50m,Healthcare companies with revenue >= $50M,DEC,Neural full-assignment,DEC|K=4,42.0,All eligible companies,0,Return on Assets,183,0,0.0
healthcare_revenue_50m,Healthcare companies with revenue >= $50M,DEC,Neural full-assignment,DEC|K=4,42.0,All eligible companies,0,Asset Turnover,183,0,0.0
healthcare_revenue_50m,Healthcare companies with revenue >= $50M,DEC,Neural full-assignment,DEC|K=4,42.0,All eligible companies,0,Revenue per Employee,183,4,0.02185792349726776
healthcare_revenue_50m,Healthcare companies with revenue >= $50M,DEC,Neural full-assignment,DEC|K=4,42.0,All eligible companies,0,Current Ratio,183,0,0.0
healthcare_revenue_50m,Healthcare companies with revenue >= $50M,DEC,Neural full-assignment,DEC|K=4,42.0,All eligible companies,0,Debt Ratio,183,3,0.01639344262295082
healthcare_revenue_50m,Healthcare companies with revenue >= $50M,DEC,Neural full-assignment,DEC|K=4,42.0,All eligible companies,0,Free Cash Flow Margin,183,0,0.0
healthcare_revenue_50m,Healthcare companies with revenue >= $50M,DEC,Neural full-assignment,DEC|K=4,42.0,All eligible companies,0,Operating Cash Flow Margin,183,1,0.00546448087431694
healthcare_revenue_50m,Healthcare companies with revenue >= $50M,DEC,Neural full-assignment,DEC|K=4,42.0,All eligible companies,1,EBITDA Margin,54,5,0.09259259259259259
healthcare_revenue_50m,Healthcare companies with revenue >= $50M,DEC,Neural full-assignment,DEC|K=4,42.0,All eligible companies,1,Return on Assets,54,0,0.0
healthcare_revenue_50m,Healthcare companies with revenue >= $50M,DEC,Neural full-assignment,DEC|K=4,42.0,All eligible companies,1,Asset Turnover,54,0,0.0
healthcare_revenue_50m,Healthcare companies with revenue >= $50M,DEC,Neural full-assignment,DEC|K=4,42.0,All eligible companies,1,Revenue per Employee,54,0,0.0
healthcare_revenue_50m,Healthcare companies with revenue >= $50M,DEC,Neural full-assignment,DEC|K=4,42.0,All eligible companies,1,Current Ratio,54,3,0.05555555555555555
healthcare_revenue_50m,Healthcare companies with revenue >= $50M,DEC,Neural full-assignment,DEC|K=4,42.0,All eligible companies,1,Debt Ratio,54,1,0.018518518518518517
healthcare_revenue_50m,Healthcare companies with revenue >= $50M,DEC,Neural full-assignment,DEC|K=4,42.0,All eligible companies,1,Free Cash Flow Margin,54,0,0.0
healthcare_revenue_50m,Healthcare companies with revenue >= $50M,DEC,Neural full-assignment,DEC|K=4,42.0,All eligible companies,1,Operating Cash Flow Margin,54,0,0.0
healthcare_revenue_50m,Healthcare companies with revenue >= $50M,DEC,Neural full-assignment,DEC|K=4,42.0,All eligible companies,2,EBITDA Margin,148,1,0.006756756756756757
healthcare_revenue_50m,Healthcare companies with revenue >= $50M,DEC,Neural full-assignment,DEC|K=4,42.0,All eligible companies,2,Return on Assets,148,1,0.006756756756756757
healthcare_revenue_50m,Healthcare companies with revenue >= $50M,DEC,Neural full-assignment,DEC|K=4,42.0,All eligible companies,2,Asset Turnover,148,0,0.0
healthcare_revenue_50m,Healthcare companies with revenue >= $50M,DEC,Neural full-assignment,DEC|K=4,42.0,All eligible companies,2,Revenue per Employee,148,5,0.033783783783783786
healthcare_revenue_50m,Healthcare companies with revenue >= $50M,DEC,Neural full-assignment,DEC|K=4,42.0,All eligible companies,2,Current Ratio,148,0,0.0
healthcare_revenue_50m,Healthcare companies with revenue >= $50M,DEC,Neural full-assignment,DEC|K=4,42.0,All eligible companies,2,Debt Ratio,148,2,0.013513513513513514
healthcare_revenue_50m,Healthcare companies with revenue >= $50M,DEC,Neural full-assignment,DEC|K=4,42.0,All eligible companies,2,Free Cash Flow Margin,148,0,0.0
healthcare_revenue_50m,Healthcare companies with revenue >= $50M,DEC,Neural full-assignment,DEC|K=4,42.0,All eligible companies,2,Operating Cash Flow Margin,148,0,0.0
healthcare_revenue_50m,Healthcare companies with revenue >= $50M,DEC,Neural full-assignment,DEC|K=4,42.0,All eligible companies,3,EBITDA Margin,59,0,0.0
healthcare_revenue_50m,Healthcare companies with revenue >= $50M,DEC,Neural full-assignment,DEC|K=4,42.0,All eligible companies,3,Return on Assets,59,0,0.0
healthcare_revenue_50m,Healthcare companies with revenue >= $50M,DEC,Neural full-assignment,DEC|K=4,42.0,All eligible companies,3,Asset Turnover,59,0,0.0
healthcare_revenue_50m,Healthcare companies with revenue >= $50M,DEC,Neural full-assignment,DEC|K=4,42.0,All eligible companies,3,Revenue per Employee,59,0,0.0
healthcare_revenue_50m,Healthcare companies with revenue >= $50M,DEC,Neural full-assignment,DEC|K=4,42.0,All eligible companies,3,Current Ratio,59,0,0.0
healthcare_revenue_50m,Healthcare companies with revenue >= $50M,DEC,Neural full-assignment,DEC|K=4,42.0,All eligible companies,3,Debt Ratio,59,1,0.01694915254237288
healthcare_revenue_50m,Healthcare companies with revenue >= $50M,DEC,Neural full-assignment,DEC|K=4,42.0,All eligible companies,3,Free Cash Flow Margin,59,0,0.0
healthcare_revenue_50m,Healthcare companies with revenue >= $50M,DEC,Neural full-assignment,DEC|K=4,42.0,All eligible companies,3,Operating Cash Flow Margin,59,0,0.0
healthcare_revenue_50m,Healthcare companies with revenue >= $50M,Autoencoder + K-Means,Neural full-assignment,Autoencoder + K-Means|K=4,456.0,All eligible companies,0,EBITDA Margin,253,0,0.0
healthcare_revenue_50m,Healthcare companies with revenue >= $50M,Autoencoder + K-Means,Neural full-assignment,Autoencoder + K-Means|K=4,456.0,All eligible companies,0,Return on Assets,253,0,0.0
healthcare_revenue_50m,Healthcare companies with revenue >= $50M,Autoencoder + K-Means,Neural full-assignment,Autoencoder + K-Means|K=4,456.0,All eligible companies,0,Asset Turnover,253,0,0.0
healthcare_revenue_50m,Healthcare companies with revenue >= $50M,Autoencoder + K-Means,Neural full-assignment,Autoencoder + K-Means|K=4,456.0,All eligible companies,0,Revenue per Employee,253,8,0.03162055335968379
healthcare_revenue_50m,Healthcare companies with revenue >= $50M,Autoencoder + K-Means,Neural full-assignment,Autoencoder + K-Means|K=4,456.0,All eligible companies,0,Current Ratio,253,0,0.0
healthcare_revenue_50m,Healthcare companies with revenue >= $50M,Autoencoder + K-Means,Neural full-assignment,Autoencoder + K-Means|K=4,456.0,All eligible companies,0,Debt Ratio,253,4,0.015810276679841896
healthcare_revenue_50m,Healthcare companies with revenue >= $50M,Autoencoder + K-Means,Neural full-assignment,Autoencoder + K-Means|K=4,456.0,All eligible companies,0,Free Cash Flow Margin,253,0,0.0
healthcare_revenue_50m,Healthcare companies with revenue >= $50M,Autoencoder + K-Means,Neural full-assignment,Autoencoder + K-Means|K=4,456.0,All eligible companies,0,Operating Cash Flow Margin,253,1,0.003952569169960474
healthcare_revenue_50m,Healthcare companies with revenue >= $50M,Autoencoder + K-Means,Neural full-assignment,Autoencoder + K-Means|K=4,456.0,All eligible companies,1,EBITDA Margin,68,0,0.0
healthcare_revenue_50m,Healthcare companies with revenue >= $50M,Autoencoder + K-Means,Neural full-assignment,Autoencoder + K-Means|K=4,456.0,All eligible companies,1,Return on Assets,68,0,0.0
healthcare_revenue_50m,Healthcare companies with revenue >= $50M,Autoencoder + K-Means,Neural full-assignment,Autoencoder + K-Means|K=4,456.0,All eligible companies,1,Asset Turnover,68,0,0.0
healthcare_revenue_50m,Healthcare companies with revenue >= $50M,Autoencoder + K-Means,Neural full-assignment,Autoencoder + K-Means|K=4,456.0,All eligible companies,1,Revenue per Employee,68,0,0.0
healthcare_revenue_50m,Healthcare companies with revenue >= $50M,Autoencoder + K-Means,Neural full-assignment,Autoencoder + K-Means|K=4,456.0,All eligible companies,1,Current Ratio,68,0,0.0
healthcare_revenue_50m,Healthcare companies with revenue >= $50M,Autoencoder + K-Means,Neural full-assignment,Autoencoder + K-Means|K=4,456.0,All eligible companies,1,Debt Ratio,68,1,0.014705882352941176
healthcare_revenue_50m,Healthcare companies with revenue >= $50M,Autoencoder + K-Means,Neural full-assignment,Autoencoder + K-Means|K=4,456.0,All eligible companies,1,Free Cash Flow Margin,68,0,0.0
healthcare_revenue_50m,Healthcare companies with revenue >= $50M,Autoencoder + K-Means,Neural full-assignment,Autoencoder + K-Means|K=4,456.0,All eligible companies,1,Operating Cash Flow Margin,68,0,0.0
healthcare_revenue_50m,Healthcare companies with revenue >= $50M,Autoencoder + K-Means,Neural full-assignment,Autoencoder + K-Means|K=4,456.0,All eligible companies,2,EBITDA Margin,84,3,0.03571428571428571
healthcare_revenue_50m,Healthcare companies with revenue >= $50M,Autoencoder + K-Means,Neural full-assignment,Autoencoder + K-Means|K=4,456.0,All eligible companies,2,Return on Assets,84,1,0.011904761904761904
healthcare_revenue_50m,Healthcare companies with revenue >= $50M,Autoencoder + K-Means,Neural full-assignment,Autoencoder + K-Means|K=4,456.0,All eligible companies,2,Asset Turnover,84,0,0.0
healthcare_revenue_50m,Healthcare companies with revenue >= $50M,Autoencoder + K-Means,Neural full-assignment,Autoencoder + K-Means|K=4,456.0,All eligible companies,2,Revenue per Employee,84,1,0.011904761904761904
healthcare_revenue_50m,Healthcare companies with revenue >= $50M,Autoencoder + K-Means,Neural full-assignment,Autoencoder + K-Means|K=4,456.0,All eligible companies,2,Current Ratio,84,2,0.023809523809523808
healthcare_revenue_50m,Healthcare companies with revenue >= $50M,Autoencoder + K-Means,Neural full-assignment,Autoencoder + K-Means|K=4,456.0,All eligible companies,2,Debt Ratio,84,1,0.011904761904761904
healthcare_revenue_50m,Healthcare companies with revenue >= $50M,Autoencoder + K-Means,Neural full-assignment,Autoencoder + K-Means|K=4,456.0,All eligible companies,2,Free Cash Flow Margin,84,0,0.0
healthcare_revenue_50m,Healthcare companies with revenue >= $50M,Autoencoder + K-Means,Neural full-assignment,Autoencoder + K-Means|K=4,456.0,All eligible companies,2,Operating Cash Flow Margin,84,0,0.0
healthcare_revenue_50m,Healthcare companies with revenue >= $50M,Autoencoder + K-Means,Neural full-assignment,Autoencoder + K-Means|K=4,456.0,All eligible companies,3,EBITDA Margin,39,3,0.07692307692307693
healthcare_revenue_50m,Healthcare companies with revenue >= $50M,Autoencoder + K-Means,Neural full-assignment,Autoencoder + K-Means|K=4,456.0,All eligible companies,3,Return on Assets,39,0,0.0
healthcare_revenue_50m,Healthcare companies with revenue >= $50M,Autoencoder + K-Means,Neural full-assignment,Autoencoder + K-Means|K=4,456.0,All eligible companies,3,Asset Turnover,39,0,0.0
healthcare_revenue_50m,Healthcare companies with revenue >= $50M,Autoencoder + K-Means,Neural full-assignment,Autoencoder + K-Means|K=4,456.0,All eligible companies,3,Revenue per Employee,39,0,0.0
healthcare_revenue_50m,Healthcare companies with revenue >= $50M,Autoencoder + K-Means,Neural full-assignment,Autoencoder + K-Means|K=4,456.0,All eligible companies,3,Current Ratio,39,1,0.02564102564102564
healthcare_revenue_50m,Healthcare companies with revenue >= $50M,Autoencoder + K-Means,Neural full-assignment,Autoencoder + K-Means|K=4,456.0,All eligible companies,3,Debt Ratio,39,1,0.02564102564102564
healthcare_revenue_50m,Healthcare companies with revenue >= $50M,Autoencoder + K-Means,Neural full-assignment,Autoencoder + K-Means|K=4,456.0,All eligible companies,3,Free Cash Flow Margin,39,0,0.0
healthcare_revenue_50m,Healthcare companies with revenue >= $50M,Autoencoder + K-Means,Neural full-assignment,Autoencoder + K-Means|K=4,456.0,All eligible companies,3,Operating Cash Flow Margin,39,0,0.0
healthcare_revenue_50m,Healthcare companies with revenue >= $50M,DEC,Neural full-assignment,DEC|K=4,456.0,All eligible companies,0,EBITDA Margin,204,0,0.0
healthcare_revenue_50m,Healthcare companies with revenue >= $50M,DEC,Neural full-assignment,DEC|K=4,456.0,All eligible companies,0,Return on Assets,204,0,0.0
healthcare_revenue_50m,Healthcare companies with revenue >= $50M,DEC,Neural full-assignment,DEC|K=4,456.0,All eligible companies,0,Asset Turnover,204,0,0.0
healthcare_revenue_50m,Healthcare companies with revenue >= $50M,DEC,Neural full-assignment,DEC|K=4,456.0,All eligible companies,0,Revenue per Employee,204,6,0.029411764705882353
healthcare_revenue_50m,Healthcare companies with revenue >= $50M,DEC,Neural full-assignment,DEC|K=4,456.0,All eligible companies,0,Current Ratio,204,0,0.0
healthcare_revenue_50m,Healthcare companies with revenue >= $50M,DEC,Neural full-assignment,DEC|K=4,456.0,All eligible companies,0,Debt Ratio,204,4,0.0196078431372549
healthcare_revenue_50m,Healthcare companies with revenue >= $50M,DEC,Neural full-assignment,DEC|K=4,456.0,All eligible companies,0,Free Cash Flow Margin,204,0,0.0
healthcare_revenue_50m,Healthcare companies with revenue >= $50M,DEC,Neural full-assignment,DEC|K=4,456.0,All eligible companies,0,Operating Cash Flow Margin,204,1,0.004901960784313725
healthcare_revenue_50m,Healthcare companies with revenue >= $50M,DEC,Neural full-assignment,DEC|K=4,456.0,All eligible companies,1,EBITDA Margin,68,0,0.0
healthcare_revenue_50m,Healthcare companies with revenue >= $50M,DEC,Neural full-assignment,DEC|K=4,456.0,All eligible companies,1,Return on Assets,68,0,0.0
healthcare_revenue_50m,Healthcare companies with revenue >= $50M,DEC,Neural full-assignment,DEC|K=4,456.0,All eligible companies,1,Asset Turnover,68,0,0.0
healthcare_revenue_50m,Healthcare companies with revenue >= $50M,DEC,Neural full-assignment,DEC|K=4,456.0,All eligible companies,1,Revenue per Employee,68,0,0.0
healthcare_revenue_50m,Healthcare companies with revenue >= $50M,DEC,Neural full-assignment,DEC|K=4,456.0,All eligible companies,1,Current Ratio,68,0,0.0
healthcare_revenue_50m,Healthcare companies with revenue >= $50M,DEC,Neural full-assignment,DEC|K=4,456.0,All eligible companies,1,Debt Ratio,68,1,0.014705882352941176
healthcare_revenue_50m,Healthcare companies with revenue >= $50M,DEC,Neural full-assignment,DEC|K=4,456.0,All eligible companies,1,Free Cash Flow Margin,68,0,0.0
healthcare_revenue_50m,Healthcare companies with revenue >= $50M,DEC,Neural full-assignment,DEC|K=4,456.0,All eligible companies,1,Operating Cash Flow Margin,68,0,0.0
healthcare_revenue_50m,Healthcare companies with revenue >= $50M,DEC,Neural full-assignment,DEC|K=4,456.0,All eligible companies,2,EBITDA Margin,93,1,0.010752688172043012
healthcare_revenue_50m,Healthcare companies with revenue >= $50M,DEC,Neural full-assignment,DEC|K=4,456.0,All eligible companies,2,Return on Assets,93,1,0.010752688172043012
healthcare_revenue_50m,Healthcare companies with revenue >= $50M,DEC,Neural full-assignment,DEC|K=4,456.0,All eligible companies,2,Asset Turnover,93,0,0.0
healthcare_revenue_50m,Healthcare companies with revenue >= $50M,DEC,Neural full-assignment,DEC|K=4,456.0,All eligible companies,2,Revenue per Employee,93,2,0.021505376344086023
healthcare_revenue_50m,Healthcare companies with revenue >= $50M,DEC,Neural full-assignment,DEC|K=4,456.0,All eligible companies,2,Current Ratio,93,0,0.0
healthcare_revenue_50m,Healthcare companies with revenue >= $50M,DEC,Neural full-assignment,DEC|K=4,456.0,All eligible companies,2,Debt Ratio,93,1,0.010752688172043012
healthcare_revenue_50m,Healthcare companies with revenue >= $50M,DEC,Neural full-assignment,DEC|K=4,456.0,All eligible companies,2,Free Cash Flow Margin,93,0,0.0
healthcare_revenue_50m,Healthcare companies with revenue >= $50M,DEC,Neural full-assignment,DEC|K=4,456.0,All eligible companies,2,Operating Cash Flow Margin,93,0,0.0
healthcare_revenue_50m,Healthcare companies with revenue >= $50M,DEC,Neural full-assignment,DEC|K=4,456.0,All eligible companies,3,EBITDA Margin,79,5,0.06329113924050633
healthcare_revenue_50m,Healthcare companies with revenue >= $50M,DEC,Neural full-assignment,DEC|K=4,456.0,All eligible companies,3,Return on Assets,79,0,0.0
healthcare_revenue_50m,Healthcare companies with revenue >= $50M,DEC,Neural full-assignment,DEC|K=4,456.0,All eligible companies,3,Asset Turnover,79,0,0.0
healthcare_revenue_50m,Healthcare companies with revenue >= $50M,DEC,Neural full-assignment,DEC|K=4,456.0,All eligible companies,3,Revenue per Employee,79,1,0.012658227848101266
healthcare_revenue_50m,Healthcare companies with revenue >= $50M,DEC,Neural full-assignment,DEC|K=4,456.0,All eligible companies,3,Current Ratio,79,3,0.0379746835443038
healthcare_revenue_50m,Healthcare companies with revenue >= $50M,DEC,Neural full-assignment,DEC|K=4,456.0,All eligible companies,3,Debt Ratio,79,1,0.012658227848101266
healthcare_revenue_50m,Healthcare companies with revenue >= $50M,DEC,Neural full-assignment,DEC|K=4,456.0,All eligible companies,3,Free Cash Flow Margin,79,0,0.0
healthcare_revenue_50m,Healthcare companies with revenue >= $50M,DEC,Neural full-assignment,DEC|K=4,456.0,All eligible companies,3,Operating Cash Flow Margin,79,0,0.0
healthcare_revenue_50m,Healthcare companies with revenue >= $50M,Autoencoder + K-Means,Neural full-assignment,Autoencoder + K-Means|K=4,2026.0,All eligible companies,0,EBITDA Margin,88,0,0.0
healthcare_revenue_50m,Healthcare companies with revenue >= $50M,Autoencoder + K-Means,Neural full-assignment,Autoencoder + K-Means|K=4,2026.0,All eligible companies,0,Return on Assets,88,0,0.0
healthcare_revenue_50m,Healthcare companies with revenue >= $50M,Autoencoder + K-Means,Neural full-assignment,Autoencoder + K-Means|K=4,2026.0,All eligible companies,0,Asset Turnover,88,0,0.0
healthcare_revenue_50m,Healthcare companies with revenue >= $50M,Autoencoder + K-Means,Neural full-assignment,Autoencoder + K-Means|K=4,2026.0,All eligible companies,0,Revenue per Employee,88,3,0.03409090909090909
healthcare_revenue_50m,Healthcare companies with revenue >= $50M,Autoencoder + K-Means,Neural full-assignment,Autoencoder + K-Means|K=4,2026.0,All eligible companies,0,Current Ratio,88,0,0.0
healthcare_revenue_50m,Healthcare companies with revenue >= $50M,Autoencoder + K-Means,Neural full-assignment,Autoencoder + K-Means|K=4,2026.0,All eligible companies,0,Debt Ratio,88,0,0.0
healthcare_revenue_50m,Healthcare companies with revenue >= $50M,Autoencoder + K-Means,Neural full-assignment,Autoencoder + K-Means|K=4,2026.0,All eligible companies,0,Free Cash Flow Margin,88,0,0.0
healthcare_revenue_50m,Healthcare companies with revenue >= $50M,Autoencoder + K-Means,Neural full-assignment,Autoencoder + K-Means|K=4,2026.0,All eligible companies,0,Operating Cash Flow Margin,88,0,0.0
healthcare_revenue_50m,Healthcare companies with revenue >= $50M,Autoencoder + K-Means,Neural full-assignment,Autoencoder + K-Means|K=4,2026.0,All eligible companies,1,EBITDA Margin,233,1,0.004291845493562232
healthcare_revenue_50m,Healthcare companies with revenue >= $50M,Autoencoder + K-Means,Neural full-assignment,Autoencoder + K-Means|K=4,2026.0,All eligible companies,1,Return on Assets,233,1,0.004291845493562232
healthcare_revenue_50m,Healthcare companies with revenue >= $50M,Autoencoder + K-Means,Neural full-assignment,Autoencoder + K-Means|K=4,2026.0,All eligible companies,1,Asset Turnover,233,0,0.0
healthcare_revenue_50m,Healthcare companies with revenue >= $50M,Autoencoder + K-Means,Neural full-assignment,Autoencoder + K-Means|K=4,2026.0,All eligible companies,1,Revenue per Employee,233,6,0.02575107296137339
healthcare_revenue_50m,Healthcare companies with revenue >= $50M,Autoencoder + K-Means,Neural full-assignment,Autoencoder + K-Means|K=4,2026.0,All eligible companies,1,Current Ratio,233,0,0.0
healthcare_revenue_50m,Healthcare companies with revenue >= $50M,Autoencoder + K-Means,Neural full-assignment,Autoencoder + K-Means|K=4,2026.0,All eligible companies,1,Debt Ratio,233,5,0.02145922746781116
healthcare_revenue_50m,Healthcare companies with revenue >= $50M,Autoencoder + K-Means,Neural full-assignment,Autoencoder + K-Means|K=4,2026.0,All eligible companies,1,Free Cash Flow Margin,233,0,0.0
healthcare_revenue_50m,Healthcare companies with revenue >= $50M,Autoencoder + K-Means,Neural full-assignment,Autoencoder + K-Means|K=4,2026.0,All eligible companies,1,Operating Cash Flow Margin,233,1,0.004291845493562232
healthcare_revenue_50m,Healthcare companies with revenue >= $50M,Autoencoder + K-Means,Neural full-assignment,Autoencoder + K-Means|K=4,2026.0,All eligible companies,2,EBITDA Margin,54,0,0.0
healthcare_revenue_50m,Healthcare companies with revenue >= $50M,Autoencoder + K-Means,Neural full-assignment,Autoencoder + K-Means|K=4,2026.0,All eligible companies,2,Return on Assets,54,0,0.0
healthcare_revenue_50m,Healthcare companies with revenue >= $50M,Autoencoder + K-Means,Neural full-assignment,Autoencoder + K-Means|K=4,2026.0,All eligible companies,2,Asset Turnover,54,0,0.0
healthcare_revenue_50m,Healthcare companies with revenue >= $50M,Autoencoder + K-Means,Neural full-assignment,Autoencoder + K-Means|K=4,2026.0,All eligible companies,2,Revenue per Employee,54,0,0.0
healthcare_revenue_50m,Healthcare companies with revenue >= $50M,Autoencoder + K-Means,Neural full-assignment,Autoencoder + K-Means|K=4,2026.0,All eligible companies,2,Current Ratio,54,0,0.0
healthcare_revenue_50m,Healthcare companies with revenue >= $50M,Autoencoder + K-Means,Neural full-assignment,Autoencoder + K-Means|K=4,2026.0,All eligible companies,2,Debt Ratio,54,1,0.018518518518518517
healthcare_revenue_50m,Healthcare companies with revenue >= $50M,Autoencoder + K-Means,Neural full-assignment,Autoencoder + K-Means|K=4,2026.0,All eligible companies,2,Free Cash Flow Margin,54,0,0.0
healthcare_revenue_50m,Healthcare companies with revenue >= $50M,Autoencoder + K-Means,Neural full-assignment,Autoencoder + K-Means|K=4,2026.0,All eligible companies,2,Operating Cash Flow Margin,54,0,0.0
healthcare_revenue_50m,Healthcare companies with revenue >= $50M,Autoencoder + K-Means,Neural full-assignment,Autoencoder + K-Means|K=4,2026.0,All eligible companies,3,EBITDA Margin,69,5,0.07246376811594203
healthcare_revenue_50m,Healthcare companies with revenue >= $50M,Autoencoder + K-Means,Neural full-assignment,Autoencoder + K-Means|K=4,2026.0,All eligible companies,3,Return on Assets,69,0,0.0
healthcare_revenue_50m,Healthcare companies with revenue >= $50M,Autoencoder + K-Means,Neural full-assignment,Autoencoder + K-Means|K=4,2026.0,All eligible companies,3,Asset Turnover,69,0,0.0
healthcare_revenue_50m,Healthcare companies with revenue >= $50M,Autoencoder + K-Means,Neural full-assignment,Autoencoder + K-Means|K=4,2026.0,All eligible companies,3,Revenue per Employee,69,0,0.0
healthcare_revenue_50m,Healthcare companies with revenue >= $50M,Autoencoder + K-Means,Neural full-assignment,Autoencoder + K-Means|K=4,2026.0,All eligible companies,3,Current Ratio,69,3,0.043478260869565216
healthcare_revenue_50m,Healthcare companies with revenue >= $50M,Autoencoder + K-Means,Neural full-assignment,Autoencoder + K-Means|K=4,2026.0,All eligible companies,3,Debt Ratio,69,1,0.014492753623188406
healthcare_revenue_50m,Healthcare companies with revenue >= $50M,Autoencoder + K-Means,Neural full-assignment,Autoencoder + K-Means|K=4,2026.0,All eligible companies,3,Free Cash Flow Margin,69,0,0.0
healthcare_revenue_50m,Healthcare companies with revenue >= $50M,Autoencoder + K-Means,Neural full-assignment,Autoencoder + K-Means|K=4,2026.0,All eligible companies,3,Operating Cash Flow Margin,69,0,0.0
healthcare_revenue_50m,Healthcare companies with revenue >= $50M,DEC,Neural full-assignment,DEC|K=4,2026.0,All eligible companies,0,EBITDA Margin,84,0,0.0
healthcare_revenue_50m,Healthcare companies with revenue >= $50M,DEC,Neural full-assignment,DEC|K=4,2026.0,All eligible companies,0,Return on Assets,84,0,0.0
healthcare_revenue_50m,Healthcare companies with revenue >= $50M,DEC,Neural full-assignment,DEC|K=4,2026.0,All eligible companies,0,Asset Turnover,84,0,0.0
healthcare_revenue_50m,Healthcare companies with revenue >= $50M,DEC,Neural full-assignment,DEC|K=4,2026.0,All eligible companies,0,Revenue per Employee,84,3,0.03571428571428571
healthcare_revenue_50m,Healthcare companies with revenue >= $50M,DEC,Neural full-assignment,DEC|K=4,2026.0,All eligible companies,0,Current Ratio,84,0,0.0
healthcare_revenue_50m,Healthcare companies with revenue >= $50M,DEC,Neural full-assignment,DEC|K=4,2026.0,All eligible companies,0,Debt Ratio,84,0,0.0
healthcare_revenue_50m,Healthcare companies with revenue >= $50M,DEC,Neural full-assignment,DEC|K=4,2026.0,All eligible companies,0,Free Cash Flow Margin,84,0,0.0
healthcare_revenue_50m,Healthcare companies with revenue >= $50M,DEC,Neural full-assignment,DEC|K=4,2026.0,All eligible companies,0,Operating Cash Flow Margin,84,0,0.0
healthcare_revenue_50m,Healthcare companies with revenue >= $50M,DEC,Neural full-assignment,DEC|K=4,2026.0,All eligible companies,1,EBITDA Margin,206,1,0.0048543689320388345
healthcare_revenue_50m,Healthcare companies with revenue >= $50M,DEC,Neural full-assignment,DEC|K=4,2026.0,All eligible companies,1,Return on Assets,206,1,0.0048543689320388345
healthcare_revenue_50m,Healthcare companies with revenue >= $50M,DEC,Neural full-assignment,DEC|K=4,2026.0,All eligible companies,1,Asset Turnover,206,0,0.0
healthcare_revenue_50m,Healthcare companies with revenue >= $50M,DEC,Neural full-assignment,DEC|K=4,2026.0,All eligible companies,1,Revenue per Employee,206,6,0.02912621359223301
healthcare_revenue_50m,Healthcare companies with revenue >= $50M,DEC,Neural full-assignment,DEC|K=4,2026.0,All eligible companies,1,Current Ratio,206,0,0.0
healthcare_revenue_50m,Healthcare companies with revenue >= $50M,DEC,Neural full-assignment,DEC|K=4,2026.0,All eligible companies,1,Debt Ratio,206,5,0.024271844660194174
healthcare_revenue_50m,Healthcare companies with revenue >= $50M,DEC,Neural full-assignment,DEC|K=4,2026.0,All eligible companies,1,Free Cash Flow Margin,206,0,0.0
healthcare_revenue_50m,Healthcare companies with revenue >= $50M,DEC,Neural full-assignment,DEC|K=4,2026.0,All eligible companies,1,Operating Cash Flow Margin,206,1,0.0048543689320388345
healthcare_revenue_50m,Healthcare companies with revenue >= $50M,DEC,Neural full-assignment,DEC|K=4,2026.0,All eligible companies,2,EBITDA Margin,67,0,0.0
healthcare_revenue_50m,Healthcare companies with revenue >= $50M,DEC,Neural full-assignment,DEC|K=4,2026.0,All eligible companies,2,Return on Assets,67,0,0.0
healthcare_revenue_50m,Healthcare companies with revenue >= $50M,DEC,Neural full-assignment,DEC|K=4,2026.0,All eligible companies,2,Asset Turnover,67,0,0.0
healthcare_revenue_50m,Healthcare companies with revenue >= $50M,DEC,Neural full-assignment,DEC|K=4,2026.0,All eligible companies,2,Revenue per Employee,67,0,0.0
healthcare_revenue_50m,Healthcare companies with revenue >= $50M,DEC,Neural full-assignment,DEC|K=4,2026.0,All eligible companies,2,Current Ratio,67,0,0.0
healthcare_revenue_50m,Healthcare companies with revenue >= $50M,DEC,Neural full-assignment,DEC|K=4,2026.0,All eligible companies,2,Debt Ratio,67,1,0.014925373134328358
healthcare_revenue_50m,Healthcare companies with revenue >= $50M,DEC,Neural full-assignment,DEC|K=4,2026.0,All eligible companies,2,Free Cash Flow Margin,67,0,0.0
healthcare_revenue_50m,Healthcare companies with revenue >= $50M,DEC,Neural full-assignment,DEC|K=4,2026.0,All eligible companies,2,Operating Cash Flow Margin,67,0,0.0
healthcare_revenue_50m,Healthcare companies with revenue >= $50M,DEC,Neural full-assignment,DEC|K=4,2026.0,All eligible companies,3,EBITDA Margin,87,5,0.05747126436781609
healthcare_revenue_50m,Healthcare companies with revenue >= $50M,DEC,Neural full-assignment,DEC|K=4,2026.0,All eligible companies,3,Return on Assets,87,0,0.0
healthcare_revenue_50m,Healthcare companies with revenue >= $50M,DEC,Neural full-assignment,DEC|K=4,2026.0,All eligible companies,3,Asset Turnover,87,0,0.0
healthcare_revenue_50m,Healthcare companies with revenue >= $50M,DEC,Neural full-assignment,DEC|K=4,2026.0,All eligible companies,3,Revenue per Employee,87,0,0.0
healthcare_revenue_50m,Healthcare companies with revenue >= $50M,DEC,Neural full-assignment,DEC|K=4,2026.0,All eligible companies,3,Current Ratio,87,3,0.034482758620689655
healthcare_revenue_50m,Healthcare companies with revenue >= $50M,DEC,Neural full-assignment,DEC|K=4,2026.0,All eligible companies,3,Debt Ratio,87,1,0.011494252873563218
healthcare_revenue_50m,Healthcare companies with revenue >= $50M,DEC,Neural full-assignment,DEC|K=4,2026.0,All eligible companies,3,Free Cash Flow Margin,87,0,0.0
healthcare_revenue_50m,Healthcare companies with revenue >= $50M,DEC,Neural full-assignment,DEC|K=4,2026.0,All eligible companies,3,Operating Cash Flow Margin,87,0,0.0
industrials_revenue_20m,Industrials companies with revenue >= $20M,K-Means,Traditional full-assignment,K-Means|K=3,,All eligible companies,0,EBITDA Margin,52,0,0.0
industrials_revenue_20m,Industrials companies with revenue >= $20M,K-Means,Traditional full-assignment,K-Means|K=3,,All eligible companies,0,Return on Assets,52,0,0.0
industrials_revenue_20m,Industrials companies with revenue >= $20M,K-Means,Traditional full-assignment,K-Means|K=3,,All eligible companies,0,Asset Turnover,52,0,0.0
industrials_revenue_20m,Industrials companies with revenue >= $20M,K-Means,Traditional full-assignment,K-Means|K=3,,All eligible companies,0,Revenue per Employee,52,0,0.0
industrials_revenue_20m,Industrials companies with revenue >= $20M,K-Means,Traditional full-assignment,K-Means|K=3,,All eligible companies,0,Current Ratio,52,0,0.0
industrials_revenue_20m,Industrials companies with revenue >= $20M,K-Means,Traditional full-assignment,K-Means|K=3,,All eligible companies,0,Debt Ratio,52,1,0.019230769230769232
industrials_revenue_20m,Industrials companies with revenue >= $20M,K-Means,Traditional full-assignment,K-Means|K=3,,All eligible companies,0,Free Cash Flow Margin,52,0,0.0
industrials_revenue_20m,Industrials companies with revenue >= $20M,K-Means,Traditional full-assignment,K-Means|K=3,,All eligible companies,0,Operating Cash Flow Margin,52,0,0.0
industrials_revenue_20m,Industrials companies with revenue >= $20M,K-Means,Traditional full-assignment,K-Means|K=3,,All eligible companies,1,EBITDA Margin,64,0,0.0
industrials_revenue_20m,Industrials companies with revenue >= $20M,K-Means,Traditional full-assignment,K-Means|K=3,,All eligible companies,1,Return on Assets,64,0,0.0
industrials_revenue_20m,Industrials companies with revenue >= $20M,K-Means,Traditional full-assignment,K-Means|K=3,,All eligible companies,1,Asset Turnover,64,0,0.0
industrials_revenue_20m,Industrials companies with revenue >= $20M,K-Means,Traditional full-assignment,K-Means|K=3,,All eligible companies,1,Revenue per Employee,64,7,0.109375
industrials_revenue_20m,Industrials companies with revenue >= $20M,K-Means,Traditional full-assignment,K-Means|K=3,,All eligible companies,1,Current Ratio,64,0,0.0
industrials_revenue_20m,Industrials companies with revenue >= $20M,K-Means,Traditional full-assignment,K-Means|K=3,,All eligible companies,1,Debt Ratio,64,2,0.03125
industrials_revenue_20m,Industrials companies with revenue >= $20M,K-Means,Traditional full-assignment,K-Means|K=3,,All eligible companies,1,Free Cash Flow Margin,64,0,0.0
industrials_revenue_20m,Industrials companies with revenue >= $20M,K-Means,Traditional full-assignment,K-Means|K=3,,All eligible companies,1,Operating Cash Flow Margin,64,0,0.0
industrials_revenue_20m,Industrials companies with revenue >= $20M,K-Means,Traditional full-assignment,K-Means|K=3,,All eligible companies,2,EBITDA Margin,449,0,0.0
industrials_revenue_20m,Industrials companies with revenue >= $20M,K-Means,Traditional full-assignment,K-Means|K=3,,All eligible companies,2,Return on Assets,449,0,0.0
industrials_revenue_20m,Industrials companies with revenue >= $20M,K-Means,Traditional full-assignment,K-Means|K=3,,All eligible companies,2,Asset Turnover,449,0,0.0
industrials_revenue_20m,Industrials companies with revenue >= $20M,K-Means,Traditional full-assignment,K-Means|K=3,,All eligible companies,2,Revenue per Employee,449,23,0.051224944320712694
industrials_revenue_20m,Industrials companies with revenue >= $20M,K-Means,Traditional full-assignment,K-Means|K=3,,All eligible companies,2,Current Ratio,449,1,0.0022271714922048997
industrials_revenue_20m,Industrials companies with revenue >= $20M,K-Means,Traditional full-assignment,K-Means|K=3,,All eligible companies,2,Debt Ratio,449,5,0.011135857461024499
industrials_revenue_20m,Industrials companies with revenue >= $20M,K-Means,Traditional full-assignment,K-Means|K=3,,All eligible companies,2,Free Cash Flow Margin,449,1,0.0022271714922048997
industrials_revenue_20m,Industrials companies with revenue >= $20M,K-Means,Traditional full-assignment,K-Means|K=3,,All eligible companies,2,Operating Cash Flow Margin,449,3,0.0066815144766146995
industrials_revenue_20m,Industrials companies with revenue >= $20M,Agglomerative,Traditional full-assignment,Agglomerative|K=3,,All eligible companies,0,EBITDA Margin,456,0,0.0
industrials_revenue_20m,Industrials companies with revenue >= $20M,Agglomerative,Traditional full-assignment,Agglomerative|K=3,,All eligible companies,0,Return on Assets,456,0,0.0
industrials_revenue_20m,Industrials companies with revenue >= $20M,Agglomerative,Traditional full-assignment,Agglomerative|K=3,,All eligible companies,0,Asset Turnover,456,0,0.0
industrials_revenue_20m,Industrials companies with revenue >= $20M,Agglomerative,Traditional full-assignment,Agglomerative|K=3,,All eligible companies,0,Revenue per Employee,456,24,0.05263157894736842
industrials_revenue_20m,Industrials companies with revenue >= $20M,Agglomerative,Traditional full-assignment,Agglomerative|K=3,,All eligible companies,0,Current Ratio,456,1,0.0021929824561403508
industrials_revenue_20m,Industrials companies with revenue >= $20M,Agglomerative,Traditional full-assignment,Agglomerative|K=3,,All eligible companies,0,Debt Ratio,456,5,0.010964912280701754
industrials_revenue_20m,Industrials companies with revenue >= $20M,Agglomerative,Traditional full-assignment,Agglomerative|K=3,,All eligible companies,0,Free Cash Flow Margin,456,1,0.0021929824561403508
industrials_revenue_20m,Industrials companies with revenue >= $20M,Agglomerative,Traditional full-assignment,Agglomerative|K=3,,All eligible companies,0,Operating Cash Flow Margin,456,3,0.006578947368421052
industrials_revenue_20m,Industrials companies with revenue >= $20M,Agglomerative,Traditional full-assignment,Agglomerative|K=3,,All eligible companies,1,EBITDA Margin,55,0,0.0
industrials_revenue_20m,Industrials companies with revenue >= $20M,Agglomerative,Traditional full-assignment,Agglomerative|K=3,,All eligible companies,1,Return on Assets,55,0,0.0
industrials_revenue_20m,Industrials companies with revenue >= $20M,Agglomerative,Traditional full-assignment,Agglomerative|K=3,,All eligible companies,1,Asset Turnover,55,0,0.0
industrials_revenue_20m,Industrials companies with revenue >= $20M,Agglomerative,Traditional full-assignment,Agglomerative|K=3,,All eligible companies,1,Revenue per Employee,55,6,0.10909090909090909
industrials_revenue_20m,Industrials companies with revenue >= $20M,Agglomerative,Traditional full-assignment,Agglomerative|K=3,,All eligible companies,1,Current Ratio,55,0,0.0
industrials_revenue_20m,Industrials companies with revenue >= $20M,Agglomerative,Traditional full-assignment,Agglomerative|K=3,,All eligible companies,1,Debt Ratio,55,2,0.03636363636363636
industrials_revenue_20m,Industrials companies with revenue >= $20M,Agglomerative,Traditional full-assignment,Agglomerative|K=3,,All eligible companies,1,Free Cash Flow Margin,55,0,0.0
industrials_revenue_20m,Industrials companies with revenue >= $20M,Agglomerative,Traditional full-assignment,Agglomerative|K=3,,All eligible companies,1,Operating Cash Flow Margin,55,0,0.0
industrials_revenue_20m,Industrials companies with revenue >= $20M,Agglomerative,Traditional full-assignment,Agglomerative|K=3,,All eligible companies,2,EBITDA Margin,54,0,0.0
industrials_revenue_20m,Industrials companies with revenue >= $20M,Agglomerative,Traditional full-assignment,Agglomerative|K=3,,All eligible companies,2,Return on Assets,54,0,0.0
industrials_revenue_20m,Industrials companies with revenue >= $20M,Agglomerative,Traditional full-assignment,Agglomerative|K=3,,All eligible companies,2,Asset Turnover,54,0,0.0
industrials_revenue_20m,Industrials companies with revenue >= $20M,Agglomerative,Traditional full-assignment,Agglomerative|K=3,,All eligible companies,2,Revenue per Employee,54,0,0.0
industrials_revenue_20m,Industrials companies with revenue >= $20M,Agglomerative,Traditional full-assignment,Agglomerative|K=3,,All eligible companies,2,Current Ratio,54,0,0.0
industrials_revenue_20m,Industrials companies with revenue >= $20M,Agglomerative,Traditional full-assignment,Agglomerative|K=3,,All eligible companies,2,Debt Ratio,54,1,0.018518518518518517
industrials_revenue_20m,Industrials companies with revenue >= $20M,Agglomerative,Traditional full-assignment,Agglomerative|K=3,,All eligible companies,2,Free Cash Flow Margin,54,0,0.0
industrials_revenue_20m,Industrials companies with revenue >= $20M,Agglomerative,Traditional full-assignment,Agglomerative|K=3,,All eligible companies,2,Operating Cash Flow Margin,54,0,0.0
industrials_revenue_20m,Industrials companies with revenue >= $20M,Gaussian Mixture,Traditional full-assignment,Gaussian Mixture|K=2,,All eligible companies,0,EBITDA Margin,212,0,0.0
industrials_revenue_20m,Industrials companies with revenue >= $20M,Gaussian Mixture,Traditional full-assignment,Gaussian Mixture|K=2,,All eligible companies,0,Return on Assets,212,0,0.0
industrials_revenue_20m,Industrials companies with revenue >= $20M,Gaussian Mixture,Traditional full-assignment,Gaussian Mixture|K=2,,All eligible companies,0,Asset Turnover,212,0,0.0
industrials_revenue_20m,Industrials companies with revenue >= $20M,Gaussian Mixture,Traditional full-assignment,Gaussian Mixture|K=2,,All eligible companies,0,Revenue per Employee,212,18,0.08490566037735849
industrials_revenue_20m,Industrials companies with revenue >= $20M,Gaussian Mixture,Traditional full-assignment,Gaussian Mixture|K=2,,All eligible companies,0,Current Ratio,212,0,0.0
industrials_revenue_20m,Industrials companies with revenue >= $20M,Gaussian Mixture,Traditional full-assignment,Gaussian Mixture|K=2,,All eligible companies,0,Debt Ratio,212,5,0.02358490566037736
industrials_revenue_20m,Industrials companies with revenue >= $20M,Gaussian Mixture,Traditional full-assignment,Gaussian Mixture|K=2,,All eligible companies,0,Free Cash Flow Margin,212,0,0.0
industrials_revenue_20m,Industrials companies with revenue >= $20M,Gaussian Mixture,Traditional full-assignment,Gaussian Mixture|K=2,,All eligible companies,0,Operating Cash Flow Margin,212,1,0.0047169811320754715
industrials_revenue_20m,Industrials companies with revenue >= $20M,Gaussian Mixture,Traditional full-assignment,Gaussian Mixture|K=2,,All eligible companies,1,EBITDA Margin,353,0,0.0
industrials_revenue_20m,Industrials companies with revenue >= $20M,Gaussian Mixture,Traditional full-assignment,Gaussian Mixture|K=2,,All eligible companies,1,Return on Assets,353,0,0.0
industrials_revenue_20m,Industrials companies with revenue >= $20M,Gaussian Mixture,Traditional full-assignment,Gaussian Mixture|K=2,,All eligible companies,1,Asset Turnover,353,0,0.0
industrials_revenue_20m,Industrials companies with revenue >= $20M,Gaussian Mixture,Traditional full-assignment,Gaussian Mixture|K=2,,All eligible companies,1,Revenue per Employee,353,12,0.0339943342776204
industrials_revenue_20m,Industrials companies with revenue >= $20M,Gaussian Mixture,Traditional full-assignment,Gaussian Mixture|K=2,,All eligible companies,1,Current Ratio,353,1,0.0028328611898017
industrials_revenue_20m,Industrials companies with revenue >= $20M,Gaussian Mixture,Traditional full-assignment,Gaussian Mixture|K=2,,All eligible companies,1,Debt Ratio,353,3,0.0084985835694051
industrials_revenue_20m,Industrials companies with revenue >= $20M,Gaussian Mixture,Traditional full-assignment,Gaussian Mixture|K=2,,All eligible companies,1,Free Cash Flow Margin,353,1,0.0028328611898017
industrials_revenue_20m,Industrials companies with revenue >= $20M,Gaussian Mixture,Traditional full-assignment,Gaussian Mixture|K=2,,All eligible companies,1,Operating Cash Flow Margin,353,2,0.0056657223796034
industrials_revenue_20m,Industrials companies with revenue >= $20M,HDBSCAN,Density-based,HDBSCAN|mcs=10|ms=10,,All companies including noise,-1,EBITDA Margin,105,0,0.0
industrials_revenue_20m,Industrials companies with revenue >= $20M,HDBSCAN,Density-based,HDBSCAN|mcs=10|ms=10,,All companies including noise,-1,Return on Assets,105,0,0.0
industrials_revenue_20m,Industrials companies with revenue >= $20M,HDBSCAN,Density-based,HDBSCAN|mcs=10|ms=10,,All companies including noise,-1,Asset Turnover,105,0,0.0
industrials_revenue_20m,Industrials companies with revenue >= $20M,HDBSCAN,Density-based,HDBSCAN|mcs=10|ms=10,,All companies including noise,-1,Revenue per Employee,105,7,0.06666666666666667
industrials_revenue_20m,Industrials companies with revenue >= $20M,HDBSCAN,Density-based,HDBSCAN|mcs=10|ms=10,,All companies including noise,-1,Current Ratio,105,0,0.0
industrials_revenue_20m,Industrials companies with revenue >= $20M,HDBSCAN,Density-based,HDBSCAN|mcs=10|ms=10,,All companies including noise,-1,Debt Ratio,105,3,0.02857142857142857
industrials_revenue_20m,Industrials companies with revenue >= $20M,HDBSCAN,Density-based,HDBSCAN|mcs=10|ms=10,,All companies including noise,-1,Free Cash Flow Margin,105,0,0.0
industrials_revenue_20m,Industrials companies with revenue >= $20M,HDBSCAN,Density-based,HDBSCAN|mcs=10|ms=10,,All companies including noise,-1,Operating Cash Flow Margin,105,0,0.0
industrials_revenue_20m,Industrials companies with revenue >= $20M,HDBSCAN,Density-based,HDBSCAN|mcs=10|ms=10,,All companies including noise,0,EBITDA Margin,13,0,0.0
industrials_revenue_20m,Industrials companies with revenue >= $20M,HDBSCAN,Density-based,HDBSCAN|mcs=10|ms=10,,All companies including noise,0,Return on Assets,13,0,0.0
industrials_revenue_20m,Industrials companies with revenue >= $20M,HDBSCAN,Density-based,HDBSCAN|mcs=10|ms=10,,All companies including noise,0,Asset Turnover,13,0,0.0
industrials_revenue_20m,Industrials companies with revenue >= $20M,HDBSCAN,Density-based,HDBSCAN|mcs=10|ms=10,,All companies including noise,0,Revenue per Employee,13,1,0.07692307692307693
industrials_revenue_20m,Industrials companies with revenue >= $20M,HDBSCAN,Density-based,HDBSCAN|mcs=10|ms=10,,All companies including noise,0,Current Ratio,13,0,0.0
industrials_revenue_20m,Industrials companies with revenue >= $20M,HDBSCAN,Density-based,HDBSCAN|mcs=10|ms=10,,All companies including noise,0,Debt Ratio,13,1,0.07692307692307693
industrials_revenue_20m,Industrials companies with revenue >= $20M,HDBSCAN,Density-based,HDBSCAN|mcs=10|ms=10,,All companies including noise,0,Free Cash Flow Margin,13,0,0.0
industrials_revenue_20m,Industrials companies with revenue >= $20M,HDBSCAN,Density-based,HDBSCAN|mcs=10|ms=10,,All companies including noise,0,Operating Cash Flow Margin,13,0,0.0
industrials_revenue_20m,Industrials companies with revenue >= $20M,HDBSCAN,Density-based,HDBSCAN|mcs=10|ms=10,,All companies including noise,1,EBITDA Margin,437,0,0.0
industrials_revenue_20m,Industrials companies with revenue >= $20M,HDBSCAN,Density-based,HDBSCAN|mcs=10|ms=10,,All companies including noise,1,Return on Assets,437,0,0.0
industrials_revenue_20m,Industrials companies with revenue >= $20M,HDBSCAN,Density-based,HDBSCAN|mcs=10|ms=10,,All companies including noise,1,Asset Turnover,437,0,0.0
industrials_revenue_20m,Industrials companies with revenue >= $20M,HDBSCAN,Density-based,HDBSCAN|mcs=10|ms=10,,All companies including noise,1,Revenue per Employee,437,22,0.05034324942791762
industrials_revenue_20m,Industrials companies with revenue >= $20M,HDBSCAN,Density-based,HDBSCAN|mcs=10|ms=10,,All companies including noise,1,Current Ratio,437,1,0.002288329519450801
industrials_revenue_20m,Industrials companies with revenue >= $20M,HDBSCAN,Density-based,HDBSCAN|mcs=10|ms=10,,All companies including noise,1,Debt Ratio,437,4,0.009153318077803204
industrials_revenue_20m,Industrials companies with revenue >= $20M,HDBSCAN,Density-based,HDBSCAN|mcs=10|ms=10,,All companies including noise,1,Free Cash Flow Margin,437,1,0.002288329519450801
industrials_revenue_20m,Industrials companies with revenue >= $20M,HDBSCAN,Density-based,HDBSCAN|mcs=10|ms=10,,All companies including noise,1,Operating Cash Flow Margin,437,3,0.006864988558352402
industrials_revenue_20m,Industrials companies with revenue >= $20M,HDBSCAN,Density-based,HDBSCAN|mcs=10|ms=10,,All companies including noise,2,EBITDA Margin,10,0,0.0
industrials_revenue_20m,Industrials companies with revenue >= $20M,HDBSCAN,Density-based,HDBSCAN|mcs=10|ms=10,,All companies including noise,2,Return on Assets,10,0,0.0
industrials_revenue_20m,Industrials companies with revenue >= $20M,HDBSCAN,Density-based,HDBSCAN|mcs=10|ms=10,,All companies including noise,2,Asset Turnover,10,0,0.0
industrials_revenue_20m,Industrials companies with revenue >= $20M,HDBSCAN,Density-based,HDBSCAN|mcs=10|ms=10,,All companies including noise,2,Revenue per Employee,10,0,0.0
industrials_revenue_20m,Industrials companies with revenue >= $20M,HDBSCAN,Density-based,HDBSCAN|mcs=10|ms=10,,All companies including noise,2,Current Ratio,10,0,0.0
industrials_revenue_20m,Industrials companies with revenue >= $20M,HDBSCAN,Density-based,HDBSCAN|mcs=10|ms=10,,All companies including noise,2,Debt Ratio,10,0,0.0
industrials_revenue_20m,Industrials companies with revenue >= $20M,HDBSCAN,Density-based,HDBSCAN|mcs=10|ms=10,,All companies including noise,2,Free Cash Flow Margin,10,0,0.0
industrials_revenue_20m,Industrials companies with revenue >= $20M,HDBSCAN,Density-based,HDBSCAN|mcs=10|ms=10,,All companies including noise,2,Operating Cash Flow Margin,10,0,0.0
industrials_revenue_20m,Industrials companies with revenue >= $20M,HDBSCAN,Density-based,HDBSCAN|mcs=10|ms=10,,HDBSCAN assigned subset,0,EBITDA Margin,13,0,0.0
industrials_revenue_20m,Industrials companies with revenue >= $20M,HDBSCAN,Density-based,HDBSCAN|mcs=10|ms=10,,HDBSCAN assigned subset,0,Return on Assets,13,0,0.0
industrials_revenue_20m,Industrials companies with revenue >= $20M,HDBSCAN,Density-based,HDBSCAN|mcs=10|ms=10,,HDBSCAN assigned subset,0,Asset Turnover,13,0,0.0
industrials_revenue_20m,Industrials companies with revenue >= $20M,HDBSCAN,Density-based,HDBSCAN|mcs=10|ms=10,,HDBSCAN assigned subset,0,Revenue per Employee,13,1,0.07692307692307693
industrials_revenue_20m,Industrials companies with revenue >= $20M,HDBSCAN,Density-based,HDBSCAN|mcs=10|ms=10,,HDBSCAN assigned subset,0,Current Ratio,13,0,0.0
industrials_revenue_20m,Industrials companies with revenue >= $20M,HDBSCAN,Density-based,HDBSCAN|mcs=10|ms=10,,HDBSCAN assigned subset,0,Debt Ratio,13,1,0.07692307692307693
industrials_revenue_20m,Industrials companies with revenue >= $20M,HDBSCAN,Density-based,HDBSCAN|mcs=10|ms=10,,HDBSCAN assigned subset,0,Free Cash Flow Margin,13,0,0.0
industrials_revenue_20m,Industrials companies with revenue >= $20M,HDBSCAN,Density-based,HDBSCAN|mcs=10|ms=10,,HDBSCAN assigned subset,0,Operating Cash Flow Margin,13,0,0.0
industrials_revenue_20m,Industrials companies with revenue >= $20M,HDBSCAN,Density-based,HDBSCAN|mcs=10|ms=10,,HDBSCAN assigned subset,1,EBITDA Margin,437,0,0.0
industrials_revenue_20m,Industrials companies with revenue >= $20M,HDBSCAN,Density-based,HDBSCAN|mcs=10|ms=10,,HDBSCAN assigned subset,1,Return on Assets,437,0,0.0
industrials_revenue_20m,Industrials companies with revenue >= $20M,HDBSCAN,Density-based,HDBSCAN|mcs=10|ms=10,,HDBSCAN assigned subset,1,Asset Turnover,437,0,0.0
industrials_revenue_20m,Industrials companies with revenue >= $20M,HDBSCAN,Density-based,HDBSCAN|mcs=10|ms=10,,HDBSCAN assigned subset,1,Revenue per Employee,437,22,0.05034324942791762
industrials_revenue_20m,Industrials companies with revenue >= $20M,HDBSCAN,Density-based,HDBSCAN|mcs=10|ms=10,,HDBSCAN assigned subset,1,Current Ratio,437,1,0.002288329519450801
industrials_revenue_20m,Industrials companies with revenue >= $20M,HDBSCAN,Density-based,HDBSCAN|mcs=10|ms=10,,HDBSCAN assigned subset,1,Debt Ratio,437,4,0.009153318077803204
industrials_revenue_20m,Industrials companies with revenue >= $20M,HDBSCAN,Density-based,HDBSCAN|mcs=10|ms=10,,HDBSCAN assigned subset,1,Free Cash Flow Margin,437,1,0.002288329519450801
industrials_revenue_20m,Industrials companies with revenue >= $20M,HDBSCAN,Density-based,HDBSCAN|mcs=10|ms=10,,HDBSCAN assigned subset,1,Operating Cash Flow Margin,437,3,0.006864988558352402
industrials_revenue_20m,Industrials companies with revenue >= $20M,HDBSCAN,Density-based,HDBSCAN|mcs=10|ms=10,,HDBSCAN assigned subset,2,EBITDA Margin,10,0,0.0
industrials_revenue_20m,Industrials companies with revenue >= $20M,HDBSCAN,Density-based,HDBSCAN|mcs=10|ms=10,,HDBSCAN assigned subset,2,Return on Assets,10,0,0.0
industrials_revenue_20m,Industrials companies with revenue >= $20M,HDBSCAN,Density-based,HDBSCAN|mcs=10|ms=10,,HDBSCAN assigned subset,2,Asset Turnover,10,0,0.0
industrials_revenue_20m,Industrials companies with revenue >= $20M,HDBSCAN,Density-based,HDBSCAN|mcs=10|ms=10,,HDBSCAN assigned subset,2,Revenue per Employee,10,0,0.0
industrials_revenue_20m,Industrials companies with revenue >= $20M,HDBSCAN,Density-based,HDBSCAN|mcs=10|ms=10,,HDBSCAN assigned subset,2,Current Ratio,10,0,0.0
industrials_revenue_20m,Industrials companies with revenue >= $20M,HDBSCAN,Density-based,HDBSCAN|mcs=10|ms=10,,HDBSCAN assigned subset,2,Debt Ratio,10,0,0.0
industrials_revenue_20m,Industrials companies with revenue >= $20M,HDBSCAN,Density-based,HDBSCAN|mcs=10|ms=10,,HDBSCAN assigned subset,2,Free Cash Flow Margin,10,0,0.0
industrials_revenue_20m,Industrials companies with revenue >= $20M,HDBSCAN,Density-based,HDBSCAN|mcs=10|ms=10,,HDBSCAN assigned subset,2,Operating Cash Flow Margin,10,0,0.0
industrials_revenue_20m,Industrials companies with revenue >= $20M,HDBSCAN,Density-based,HDBSCAN|mcs=15|ms=5,,All companies including noise,-1,EBITDA Margin,76,0,0.0
industrials_revenue_20m,Industrials companies with revenue >= $20M,HDBSCAN,Density-based,HDBSCAN|mcs=15|ms=5,,All companies including noise,-1,Return on Assets,76,0,0.0
industrials_revenue_20m,Industrials companies with revenue >= $20M,HDBSCAN,Density-based,HDBSCAN|mcs=15|ms=5,,All companies including noise,-1,Asset Turnover,76,0,0.0
industrials_revenue_20m,Industrials companies with revenue >= $20M,HDBSCAN,Density-based,HDBSCAN|mcs=15|ms=5,,All companies including noise,-1,Revenue per Employee,76,2,0.02631578947368421
industrials_revenue_20m,Industrials companies with revenue >= $20M,HDBSCAN,Density-based,HDBSCAN|mcs=15|ms=5,,All companies including noise,-1,Current Ratio,76,0,0.0
industrials_revenue_20m,Industrials companies with revenue >= $20M,HDBSCAN,Density-based,HDBSCAN|mcs=15|ms=5,,All companies including noise,-1,Debt Ratio,76,2,0.02631578947368421
industrials_revenue_20m,Industrials companies with revenue >= $20M,HDBSCAN,Density-based,HDBSCAN|mcs=15|ms=5,,All companies including noise,-1,Free Cash Flow Margin,76,0,0.0
industrials_revenue_20m,Industrials companies with revenue >= $20M,HDBSCAN,Density-based,HDBSCAN|mcs=15|ms=5,,All companies including noise,-1,Operating Cash Flow Margin,76,0,0.0
industrials_revenue_20m,Industrials companies with revenue >= $20M,HDBSCAN,Density-based,HDBSCAN|mcs=15|ms=5,,All companies including noise,0,EBITDA Margin,467,0,0.0
industrials_revenue_20m,Industrials companies with revenue >= $20M,HDBSCAN,Density-based,HDBSCAN|mcs=15|ms=5,,All companies including noise,0,Return on Assets,467,0,0.0
industrials_revenue_20m,Industrials companies with revenue >= $20M,HDBSCAN,Density-based,HDBSCAN|mcs=15|ms=5,,All companies including noise,0,Asset Turnover,467,0,0.0
industrials_revenue_20m,Industrials companies with revenue >= $20M,HDBSCAN,Density-based,HDBSCAN|mcs=15|ms=5,,All companies including noise,0,Revenue per Employee,467,25,0.05353319057815846
industrials_revenue_20m,Industrials companies with revenue >= $20M,HDBSCAN,Density-based,HDBSCAN|mcs=15|ms=5,,All companies including noise,0,Current Ratio,467,1,0.0021413276231263384
industrials_revenue_20m,Industrials companies with revenue >= $20M,HDBSCAN,Density-based,HDBSCAN|mcs=15|ms=5,,All companies including noise,0,Debt Ratio,467,4,0.008565310492505354
industrials_revenue_20m,Industrials companies with revenue >= $20M,HDBSCAN,Density-based,HDBSCAN|mcs=15|ms=5,,All companies including noise,0,Free Cash Flow Margin,467,1,0.0021413276231263384
industrials_revenue_20m,Industrials companies with revenue >= $20M,HDBSCAN,Density-based,HDBSCAN|mcs=15|ms=5,,All companies including noise,0,Operating Cash Flow Margin,467,3,0.006423982869379015
industrials_revenue_20m,Industrials companies with revenue >= $20M,HDBSCAN,Density-based,HDBSCAN|mcs=15|ms=5,,All companies including noise,1,EBITDA Margin,22,0,0.0
industrials_revenue_20m,Industrials companies with revenue >= $20M,HDBSCAN,Density-based,HDBSCAN|mcs=15|ms=5,,All companies including noise,1,Return on Assets,22,0,0.0
industrials_revenue_20m,Industrials companies with revenue >= $20M,HDBSCAN,Density-based,HDBSCAN|mcs=15|ms=5,,All companies including noise,1,Asset Turnover,22,0,0.0
industrials_revenue_20m,Industrials companies with revenue >= $20M,HDBSCAN,Density-based,HDBSCAN|mcs=15|ms=5,,All companies including noise,1,Revenue per Employee,22,3,0.13636363636363635
industrials_revenue_20m,Industrials companies with revenue >= $20M,HDBSCAN,Density-based,HDBSCAN|mcs=15|ms=5,,All companies including noise,1,Current Ratio,22,0,0.0
industrials_revenue_20m,Industrials companies with revenue >= $20M,HDBSCAN,Density-based,HDBSCAN|mcs=15|ms=5,,All companies including noise,1,Debt Ratio,22,2,0.09090909090909091
industrials_revenue_20m,Industrials companies with revenue >= $20M,HDBSCAN,Density-based,HDBSCAN|mcs=15|ms=5,,All companies including noise,1,Free Cash Flow Margin,22,0,0.0
industrials_revenue_20m,Industrials companies with revenue >= $20M,HDBSCAN,Density-based,HDBSCAN|mcs=15|ms=5,,All companies including noise,1,Operating Cash Flow Margin,22,0,0.0
industrials_revenue_20m,Industrials companies with revenue >= $20M,HDBSCAN,Density-based,HDBSCAN|mcs=15|ms=5,,HDBSCAN assigned subset,0,EBITDA Margin,467,0,0.0
industrials_revenue_20m,Industrials companies with revenue >= $20M,HDBSCAN,Density-based,HDBSCAN|mcs=15|ms=5,,HDBSCAN assigned subset,0,Return on Assets,467,0,0.0
industrials_revenue_20m,Industrials companies with revenue >= $20M,HDBSCAN,Density-based,HDBSCAN|mcs=15|ms=5,,HDBSCAN assigned subset,0,Asset Turnover,467,0,0.0
industrials_revenue_20m,Industrials companies with revenue >= $20M,HDBSCAN,Density-based,HDBSCAN|mcs=15|ms=5,,HDBSCAN assigned subset,0,Revenue per Employee,467,25,0.05353319057815846
industrials_revenue_20m,Industrials companies with revenue >= $20M,HDBSCAN,Density-based,HDBSCAN|mcs=15|ms=5,,HDBSCAN assigned subset,0,Current Ratio,467,1,0.0021413276231263384
industrials_revenue_20m,Industrials companies with revenue >= $20M,HDBSCAN,Density-based,HDBSCAN|mcs=15|ms=5,,HDBSCAN assigned subset,0,Debt Ratio,467,4,0.008565310492505354
industrials_revenue_20m,Industrials companies with revenue >= $20M,HDBSCAN,Density-based,HDBSCAN|mcs=15|ms=5,,HDBSCAN assigned subset,0,Free Cash Flow Margin,467,1,0.0021413276231263384
industrials_revenue_20m,Industrials companies with revenue >= $20M,HDBSCAN,Density-based,HDBSCAN|mcs=15|ms=5,,HDBSCAN assigned subset,0,Operating Cash Flow Margin,467,3,0.006423982869379015
industrials_revenue_20m,Industrials companies with revenue >= $20M,HDBSCAN,Density-based,HDBSCAN|mcs=15|ms=5,,HDBSCAN assigned subset,1,EBITDA Margin,22,0,0.0
industrials_revenue_20m,Industrials companies with revenue >= $20M,HDBSCAN,Density-based,HDBSCAN|mcs=15|ms=5,,HDBSCAN assigned subset,1,Return on Assets,22,0,0.0
industrials_revenue_20m,Industrials companies with revenue >= $20M,HDBSCAN,Density-based,HDBSCAN|mcs=15|ms=5,,HDBSCAN assigned subset,1,Asset Turnover,22,0,0.0
industrials_revenue_20m,Industrials companies with revenue >= $20M,HDBSCAN,Density-based,HDBSCAN|mcs=15|ms=5,,HDBSCAN assigned subset,1,Revenue per Employee,22,3,0.13636363636363635
industrials_revenue_20m,Industrials companies with revenue >= $20M,HDBSCAN,Density-based,HDBSCAN|mcs=15|ms=5,,HDBSCAN assigned subset,1,Current Ratio,22,0,0.0
industrials_revenue_20m,Industrials companies with revenue >= $20M,HDBSCAN,Density-based,HDBSCAN|mcs=15|ms=5,,HDBSCAN assigned subset,1,Debt Ratio,22,2,0.09090909090909091
industrials_revenue_20m,Industrials companies with revenue >= $20M,HDBSCAN,Density-based,HDBSCAN|mcs=15|ms=5,,HDBSCAN assigned subset,1,Free Cash Flow Margin,22,0,0.0
industrials_revenue_20m,Industrials companies with revenue >= $20M,HDBSCAN,Density-based,HDBSCAN|mcs=15|ms=5,,HDBSCAN assigned subset,1,Operating Cash Flow Margin,22,0,0.0
industrials_revenue_20m,Industrials companies with revenue >= $20M,HDBSCAN,Density-based,HDBSCAN|mcs=20|ms=5,,All companies including noise,-1,EBITDA Margin,76,0,0.0
industrials_revenue_20m,Industrials companies with revenue >= $20M,HDBSCAN,Density-based,HDBSCAN|mcs=20|ms=5,,All companies including noise,-1,Return on Assets,76,0,0.0
industrials_revenue_20m,Industrials companies with revenue >= $20M,HDBSCAN,Density-based,HDBSCAN|mcs=20|ms=5,,All companies including noise,-1,Asset Turnover,76,0,0.0
industrials_revenue_20m,Industrials companies with revenue >= $20M,HDBSCAN,Density-based,HDBSCAN|mcs=20|ms=5,,All companies including noise,-1,Revenue per Employee,76,2,0.02631578947368421
industrials_revenue_20m,Industrials companies with revenue >= $20M,HDBSCAN,Density-based,HDBSCAN|mcs=20|ms=5,,All companies including noise,-1,Current Ratio,76,0,0.0
industrials_revenue_20m,Industrials companies with revenue >= $20M,HDBSCAN,Density-based,HDBSCAN|mcs=20|ms=5,,All companies including noise,-1,Debt Ratio,76,2,0.02631578947368421
industrials_revenue_20m,Industrials companies with revenue >= $20M,HDBSCAN,Density-based,HDBSCAN|mcs=20|ms=5,,All companies including noise,-1,Free Cash Flow Margin,76,0,0.0
industrials_revenue_20m,Industrials companies with revenue >= $20M,HDBSCAN,Density-based,HDBSCAN|mcs=20|ms=5,,All companies including noise,-1,Operating Cash Flow Margin,76,0,0.0
industrials_revenue_20m,Industrials companies with revenue >= $20M,HDBSCAN,Density-based,HDBSCAN|mcs=20|ms=5,,All companies including noise,0,EBITDA Margin,467,0,0.0
industrials_revenue_20m,Industrials companies with revenue >= $20M,HDBSCAN,Density-based,HDBSCAN|mcs=20|ms=5,,All companies including noise,0,Return on Assets,467,0,0.0
industrials_revenue_20m,Industrials companies with revenue >= $20M,HDBSCAN,Density-based,HDBSCAN|mcs=20|ms=5,,All companies including noise,0,Asset Turnover,467,0,0.0
industrials_revenue_20m,Industrials companies with revenue >= $20M,HDBSCAN,Density-based,HDBSCAN|mcs=20|ms=5,,All companies including noise,0,Revenue per Employee,467,25,0.05353319057815846
industrials_revenue_20m,Industrials companies with revenue >= $20M,HDBSCAN,Density-based,HDBSCAN|mcs=20|ms=5,,All companies including noise,0,Current Ratio,467,1,0.0021413276231263384
industrials_revenue_20m,Industrials companies with revenue >= $20M,HDBSCAN,Density-based,HDBSCAN|mcs=20|ms=5,,All companies including noise,0,Debt Ratio,467,4,0.008565310492505354
industrials_revenue_20m,Industrials companies with revenue >= $20M,HDBSCAN,Density-based,HDBSCAN|mcs=20|ms=5,,All companies including noise,0,Free Cash Flow Margin,467,1,0.0021413276231263384
industrials_revenue_20m,Industrials companies with revenue >= $20M,HDBSCAN,Density-based,HDBSCAN|mcs=20|ms=5,,All companies including noise,0,Operating Cash Flow Margin,467,3,0.006423982869379015
industrials_revenue_20m,Industrials companies with revenue >= $20M,HDBSCAN,Density-based,HDBSCAN|mcs=20|ms=5,,All companies including noise,1,EBITDA Margin,22,0,0.0
industrials_revenue_20m,Industrials companies with revenue >= $20M,HDBSCAN,Density-based,HDBSCAN|mcs=20|ms=5,,All companies including noise,1,Return on Assets,22,0,0.0
industrials_revenue_20m,Industrials companies with revenue >= $20M,HDBSCAN,Density-based,HDBSCAN|mcs=20|ms=5,,All companies including noise,1,Asset Turnover,22,0,0.0
industrials_revenue_20m,Industrials companies with revenue >= $20M,HDBSCAN,Density-based,HDBSCAN|mcs=20|ms=5,,All companies including noise,1,Revenue per Employee,22,3,0.13636363636363635
industrials_revenue_20m,Industrials companies with revenue >= $20M,HDBSCAN,Density-based,HDBSCAN|mcs=20|ms=5,,All companies including noise,1,Current Ratio,22,0,0.0
industrials_revenue_20m,Industrials companies with revenue >= $20M,HDBSCAN,Density-based,HDBSCAN|mcs=20|ms=5,,All companies including noise,1,Debt Ratio,22,2,0.09090909090909091
industrials_revenue_20m,Industrials companies with revenue >= $20M,HDBSCAN,Density-based,HDBSCAN|mcs=20|ms=5,,All companies including noise,1,Free Cash Flow Margin,22,0,0.0
industrials_revenue_20m,Industrials companies with revenue >= $20M,HDBSCAN,Density-based,HDBSCAN|mcs=20|ms=5,,All companies including noise,1,Operating Cash Flow Margin,22,0,0.0
industrials_revenue_20m,Industrials companies with revenue >= $20M,HDBSCAN,Density-based,HDBSCAN|mcs=20|ms=5,,HDBSCAN assigned subset,0,EBITDA Margin,467,0,0.0
industrials_revenue_20m,Industrials companies with revenue >= $20M,HDBSCAN,Density-based,HDBSCAN|mcs=20|ms=5,,HDBSCAN assigned subset,0,Return on Assets,467,0,0.0
industrials_revenue_20m,Industrials companies with revenue >= $20M,HDBSCAN,Density-based,HDBSCAN|mcs=20|ms=5,,HDBSCAN assigned subset,0,Asset Turnover,467,0,0.0
industrials_revenue_20m,Industrials companies with revenue >= $20M,HDBSCAN,Density-based,HDBSCAN|mcs=20|ms=5,,HDBSCAN assigned subset,0,Revenue per Employee,467,25,0.05353319057815846
industrials_revenue_20m,Industrials companies with revenue >= $20M,HDBSCAN,Density-based,HDBSCAN|mcs=20|ms=5,,HDBSCAN assigned subset,0,Current Ratio,467,1,0.0021413276231263384
industrials_revenue_20m,Industrials companies with revenue >= $20M,HDBSCAN,Density-based,HDBSCAN|mcs=20|ms=5,,HDBSCAN assigned subset,0,Debt Ratio,467,4,0.008565310492505354
industrials_revenue_20m,Industrials companies with revenue >= $20M,HDBSCAN,Density-based,HDBSCAN|mcs=20|ms=5,,HDBSCAN assigned subset,0,Free Cash Flow Margin,467,1,0.0021413276231263384
industrials_revenue_20m,Industrials companies with revenue >= $20M,HDBSCAN,Density-based,HDBSCAN|mcs=20|ms=5,,HDBSCAN assigned subset,0,Operating Cash Flow Margin,467,3,0.006423982869379015
industrials_revenue_20m,Industrials companies with revenue >= $20M,HDBSCAN,Density-based,HDBSCAN|mcs=20|ms=5,,HDBSCAN assigned subset,1,EBITDA Margin,22,0,0.0
industrials_revenue_20m,Industrials companies with revenue >= $20M,HDBSCAN,Density-based,HDBSCAN|mcs=20|ms=5,,HDBSCAN assigned subset,1,Return on Assets,22,0,0.0
industrials_revenue_20m,Industrials companies with revenue >= $20M,HDBSCAN,Density-based,HDBSCAN|mcs=20|ms=5,,HDBSCAN assigned subset,1,Asset Turnover,22,0,0.0
industrials_revenue_20m,Industrials companies with revenue >= $20M,HDBSCAN,Density-based,HDBSCAN|mcs=20|ms=5,,HDBSCAN assigned subset,1,Revenue per Employee,22,3,0.13636363636363635
industrials_revenue_20m,Industrials companies with revenue >= $20M,HDBSCAN,Density-based,HDBSCAN|mcs=20|ms=5,,HDBSCAN assigned subset,1,Current Ratio,22,0,0.0
industrials_revenue_20m,Industrials companies with revenue >= $20M,HDBSCAN,Density-based,HDBSCAN|mcs=20|ms=5,,HDBSCAN assigned subset,1,Debt Ratio,22,2,0.09090909090909091
industrials_revenue_20m,Industrials companies with revenue >= $20M,HDBSCAN,Density-based,HDBSCAN|mcs=20|ms=5,,HDBSCAN assigned subset,1,Free Cash Flow Margin,22,0,0.0
industrials_revenue_20m,Industrials companies with revenue >= $20M,HDBSCAN,Density-based,HDBSCAN|mcs=20|ms=5,,HDBSCAN assigned subset,1,Operating Cash Flow Margin,22,0,0.0
industrials_revenue_20m,Industrials companies with revenue >= $20M,Autoencoder + K-Means,Neural full-assignment,Autoencoder + K-Means|K=4,42.0,All eligible companies,0,EBITDA Margin,58,0,0.0
industrials_revenue_20m,Industrials companies with revenue >= $20M,Autoencoder + K-Means,Neural full-assignment,Autoencoder + K-Means|K=4,42.0,All eligible companies,0,Return on Assets,58,0,0.0
industrials_revenue_20m,Industrials companies with revenue >= $20M,Autoencoder + K-Means,Neural full-assignment,Autoencoder + K-Means|K=4,42.0,All eligible companies,0,Asset Turnover,58,0,0.0
industrials_revenue_20m,Industrials companies with revenue >= $20M,Autoencoder + K-Means,Neural full-assignment,Autoencoder + K-Means|K=4,42.0,All eligible companies,0,Revenue per Employee,58,0,0.0
industrials_revenue_20m,Industrials companies with revenue >= $20M,Autoencoder + K-Means,Neural full-assignment,Autoencoder + K-Means|K=4,42.0,All eligible companies,0,Current Ratio,58,0,0.0
industrials_revenue_20m,Industrials companies with revenue >= $20M,Autoencoder + K-Means,Neural full-assignment,Autoencoder + K-Means|K=4,42.0,All eligible companies,0,Debt Ratio,58,1,0.017241379310344827
industrials_revenue_20m,Industrials companies with revenue >= $20M,Autoencoder + K-Means,Neural full-assignment,Autoencoder + K-Means|K=4,42.0,All eligible companies,0,Free Cash Flow Margin,58,0,0.0
industrials_revenue_20m,Industrials companies with revenue >= $20M,Autoencoder + K-Means,Neural full-assignment,Autoencoder + K-Means|K=4,42.0,All eligible companies,0,Operating Cash Flow Margin,58,0,0.0
industrials_revenue_20m,Industrials companies with revenue >= $20M,Autoencoder + K-Means,Neural full-assignment,Autoencoder + K-Means|K=4,42.0,All eligible companies,1,EBITDA Margin,438,0,0.0
industrials_revenue_20m,Industrials companies with revenue >= $20M,Autoencoder + K-Means,Neural full-assignment,Autoencoder + K-Means|K=4,42.0,All eligible companies,1,Return on Assets,438,0,0.0
industrials_revenue_20m,Industrials companies with revenue >= $20M,Autoencoder + K-Means,Neural full-assignment,Autoencoder + K-Means|K=4,42.0,All eligible companies,1,Asset Turnover,438,0,0.0
industrials_revenue_20m,Industrials companies with revenue >= $20M,Autoencoder + K-Means,Neural full-assignment,Autoencoder + K-Means|K=4,42.0,All eligible companies,1,Revenue per Employee,438,23,0.05251141552511415
industrials_revenue_20m,Industrials companies with revenue >= $20M,Autoencoder + K-Means,Neural full-assignment,Autoencoder + K-Means|K=4,42.0,All eligible companies,1,Current Ratio,438,1,0.00228310502283105
industrials_revenue_20m,Industrials companies with revenue >= $20M,Autoencoder + K-Means,Neural full-assignment,Autoencoder + K-Means|K=4,42.0,All eligible companies,1,Debt Ratio,438,5,0.01141552511415525
industrials_revenue_20m,Industrials companies with revenue >= $20M,Autoencoder + K-Means,Neural full-assignment,Autoencoder + K-Means|K=4,42.0,All eligible companies,1,Free Cash Flow Margin,438,1,0.00228310502283105
industrials_revenue_20m,Industrials companies with revenue >= $20M,Autoencoder + K-Means,Neural full-assignment,Autoencoder + K-Means|K=4,42.0,All eligible companies,1,Operating Cash Flow Margin,438,3,0.00684931506849315
industrials_revenue_20m,Industrials companies with revenue >= $20M,Autoencoder + K-Means,Neural full-assignment,Autoencoder + K-Means|K=4,42.0,All eligible companies,2,EBITDA Margin,27,0,0.0
industrials_revenue_20m,Industrials companies with revenue >= $20M,Autoencoder + K-Means,Neural full-assignment,Autoencoder + K-Means|K=4,42.0,All eligible companies,2,Return on Assets,27,0,0.0
industrials_revenue_20m,Industrials companies with revenue >= $20M,Autoencoder + K-Means,Neural full-assignment,Autoencoder + K-Means|K=4,42.0,All eligible companies,2,Asset Turnover,27,0,0.0
industrials_revenue_20m,Industrials companies with revenue >= $20M,Autoencoder + K-Means,Neural full-assignment,Autoencoder + K-Means|K=4,42.0,All eligible companies,2,Revenue per Employee,27,3,0.1111111111111111
industrials_revenue_20m,Industrials companies with revenue >= $20M,Autoencoder + K-Means,Neural full-assignment,Autoencoder + K-Means|K=4,42.0,All eligible companies,2,Current Ratio,27,0,0.0
industrials_revenue_20m,Industrials companies with revenue >= $20M,Autoencoder + K-Means,Neural full-assignment,Autoencoder + K-Means|K=4,42.0,All eligible companies,2,Debt Ratio,27,0,0.0
industrials_revenue_20m,Industrials companies with revenue >= $20M,Autoencoder + K-Means,Neural full-assignment,Autoencoder + K-Means|K=4,42.0,All eligible companies,2,Free Cash Flow Margin,27,0,0.0
industrials_revenue_20m,Industrials companies with revenue >= $20M,Autoencoder + K-Means,Neural full-assignment,Autoencoder + K-Means|K=4,42.0,All eligible companies,2,Operating Cash Flow Margin,27,0,0.0
industrials_revenue_20m,Industrials companies with revenue >= $20M,Autoencoder + K-Means,Neural full-assignment,Autoencoder + K-Means|K=4,42.0,All eligible companies,3,EBITDA Margin,42,0,0.0
industrials_revenue_20m,Industrials companies with revenue >= $20M,Autoencoder + K-Means,Neural full-assignment,Autoencoder + K-Means|K=4,42.0,All eligible companies,3,Return on Assets,42,0,0.0
industrials_revenue_20m,Industrials companies with revenue >= $20M,Autoencoder + K-Means,Neural full-assignment,Autoencoder + K-Means|K=4,42.0,All eligible companies,3,Asset Turnover,42,0,0.0
industrials_revenue_20m,Industrials companies with revenue >= $20M,Autoencoder + K-Means,Neural full-assignment,Autoencoder + K-Means|K=4,42.0,All eligible companies,3,Revenue per Employee,42,4,0.09523809523809523
industrials_revenue_20m,Industrials companies with revenue >= $20M,Autoencoder + K-Means,Neural full-assignment,Autoencoder + K-Means|K=4,42.0,All eligible companies,3,Current Ratio,42,0,0.0
industrials_revenue_20m,Industrials companies with revenue >= $20M,Autoencoder + K-Means,Neural full-assignment,Autoencoder + K-Means|K=4,42.0,All eligible companies,3,Debt Ratio,42,2,0.047619047619047616
industrials_revenue_20m,Industrials companies with revenue >= $20M,Autoencoder + K-Means,Neural full-assignment,Autoencoder + K-Means|K=4,42.0,All eligible companies,3,Free Cash Flow Margin,42,0,0.0
industrials_revenue_20m,Industrials companies with revenue >= $20M,Autoencoder + K-Means,Neural full-assignment,Autoencoder + K-Means|K=4,42.0,All eligible companies,3,Operating Cash Flow Margin,42,0,0.0
industrials_revenue_20m,Industrials companies with revenue >= $20M,DEC,Neural full-assignment,DEC|K=4,42.0,All eligible companies,0,EBITDA Margin,80,0,0.0
industrials_revenue_20m,Industrials companies with revenue >= $20M,DEC,Neural full-assignment,DEC|K=4,42.0,All eligible companies,0,Return on Assets,80,0,0.0
industrials_revenue_20m,Industrials companies with revenue >= $20M,DEC,Neural full-assignment,DEC|K=4,42.0,All eligible companies,0,Asset Turnover,80,0,0.0
industrials_revenue_20m,Industrials companies with revenue >= $20M,DEC,Neural full-assignment,DEC|K=4,42.0,All eligible companies,0,Revenue per Employee,80,0,0.0
industrials_revenue_20m,Industrials companies with revenue >= $20M,DEC,Neural full-assignment,DEC|K=4,42.0,All eligible companies,0,Current Ratio,80,0,0.0
industrials_revenue_20m,Industrials companies with revenue >= $20M,DEC,Neural full-assignment,DEC|K=4,42.0,All eligible companies,0,Debt Ratio,80,2,0.025
industrials_revenue_20m,Industrials companies with revenue >= $20M,DEC,Neural full-assignment,DEC|K=4,42.0,All eligible companies,0,Free Cash Flow Margin,80,0,0.0
industrials_revenue_20m,Industrials companies with revenue >= $20M,DEC,Neural full-assignment,DEC|K=4,42.0,All eligible companies,0,Operating Cash Flow Margin,80,0,0.0
industrials_revenue_20m,Industrials companies with revenue >= $20M,DEC,Neural full-assignment,DEC|K=4,42.0,All eligible companies,1,EBITDA Margin,314,0,0.0
industrials_revenue_20m,Industrials companies with revenue >= $20M,DEC,Neural full-assignment,DEC|K=4,42.0,All eligible companies,1,Return on Assets,314,0,0.0
industrials_revenue_20m,Industrials companies with revenue >= $20M,DEC,Neural full-assignment,DEC|K=4,42.0,All eligible companies,1,Asset Turnover,314,0,0.0
industrials_revenue_20m,Industrials companies with revenue >= $20M,DEC,Neural full-assignment,DEC|K=4,42.0,All eligible companies,1,Revenue per Employee,314,18,0.05732484076433121
industrials_revenue_20m,Industrials companies with revenue >= $20M,DEC,Neural full-assignment,DEC|K=4,42.0,All eligible companies,1,Current Ratio,314,1,0.0031847133757961785
industrials_revenue_20m,Industrials companies with revenue >= $20M,DEC,Neural full-assignment,DEC|K=4,42.0,All eligible companies,1,Debt Ratio,314,4,0.012738853503184714
industrials_revenue_20m,Industrials companies with revenue >= $20M,DEC,Neural full-assignment,DEC|K=4,42.0,All eligible companies,1,Free Cash Flow Margin,314,0,0.0
industrials_revenue_20m,Industrials companies with revenue >= $20M,DEC,Neural full-assignment,DEC|K=4,42.0,All eligible companies,1,Operating Cash Flow Margin,314,3,0.009554140127388535
industrials_revenue_20m,Industrials companies with revenue >= $20M,DEC,Neural full-assignment,DEC|K=4,42.0,All eligible companies,2,EBITDA Margin,106,0,0.0
industrials_revenue_20m,Industrials companies with revenue >= $20M,DEC,Neural full-assignment,DEC|K=4,42.0,All eligible companies,2,Return on Assets,106,0,0.0
industrials_revenue_20m,Industrials companies with revenue >= $20M,DEC,Neural full-assignment,DEC|K=4,42.0,All eligible companies,2,Asset Turnover,106,0,0.0
industrials_revenue_20m,Industrials companies with revenue >= $20M,DEC,Neural full-assignment,DEC|K=4,42.0,All eligible companies,2,Revenue per Employee,106,5,0.04716981132075472
industrials_revenue_20m,Industrials companies with revenue >= $20M,DEC,Neural full-assignment,DEC|K=4,42.0,All eligible companies,2,Current Ratio,106,0,0.0
industrials_revenue_20m,Industrials companies with revenue >= $20M,DEC,Neural full-assignment,DEC|K=4,42.0,All eligible companies,2,Debt Ratio,106,0,0.0
industrials_revenue_20m,Industrials companies with revenue >= $20M,DEC,Neural full-assignment,DEC|K=4,42.0,All eligible companies,2,Free Cash Flow Margin,106,1,0.009433962264150943
industrials_revenue_20m,Industrials companies with revenue >= $20M,DEC,Neural full-assignment,DEC|K=4,42.0,All eligible companies,2,Operating Cash Flow Margin,106,0,0.0
industrials_revenue_20m,Industrials companies with revenue >= $20M,DEC,Neural full-assignment,DEC|K=4,42.0,All eligible companies,3,EBITDA Margin,65,0,0.0
industrials_revenue_20m,Industrials companies with revenue >= $20M,DEC,Neural full-assignment,DEC|K=4,42.0,All eligible companies,3,Return on Assets,65,0,0.0
industrials_revenue_20m,Industrials companies with revenue >= $20M,DEC,Neural full-assignment,DEC|K=4,42.0,All eligible companies,3,Asset Turnover,65,0,0.0
industrials_revenue_20m,Industrials companies with revenue >= $20M,DEC,Neural full-assignment,DEC|K=4,42.0,All eligible companies,3,Revenue per Employee,65,7,0.1076923076923077
industrials_revenue_20m,Industrials companies with revenue >= $20M,DEC,Neural full-assignment,DEC|K=4,42.0,All eligible companies,3,Current Ratio,65,0,0.0
industrials_revenue_20m,Industrials companies with revenue >= $20M,DEC,Neural full-assignment,DEC|K=4,42.0,All eligible companies,3,Debt Ratio,65,2,0.03076923076923077
industrials_revenue_20m,Industrials companies with revenue >= $20M,DEC,Neural full-assignment,DEC|K=4,42.0,All eligible companies,3,Free Cash Flow Margin,65,0,0.0
industrials_revenue_20m,Industrials companies with revenue >= $20M,DEC,Neural full-assignment,DEC|K=4,42.0,All eligible companies,3,Operating Cash Flow Margin,65,0,0.0
industrials_revenue_20m,Industrials companies with revenue >= $20M,Autoencoder + K-Means,Neural full-assignment,Autoencoder + K-Means|K=4,456.0,All eligible companies,0,EBITDA Margin,310,0,0.0
industrials_revenue_20m,Industrials companies with revenue >= $20M,Autoencoder + K-Means,Neural full-assignment,Autoencoder + K-Means|K=4,456.0,All eligible companies,0,Return on Assets,310,0,0.0
industrials_revenue_20m,Industrials companies with revenue >= $20M,Autoencoder + K-Means,Neural full-assignment,Autoencoder + K-Means|K=4,456.0,All eligible companies,0,Asset Turnover,310,0,0.0
industrials_revenue_20m,Industrials companies with revenue >= $20M,Autoencoder + K-Means,Neural full-assignment,Autoencoder + K-Means|K=4,456.0,All eligible companies,0,Revenue per Employee,310,15,0.04838709677419355
industrials_revenue_20m,Industrials companies with revenue >= $20M,Autoencoder + K-Means,Neural full-assignment,Autoencoder + K-Means|K=4,456.0,All eligible companies,0,Current Ratio,310,1,0.0032258064516129032
industrials_revenue_20m,Industrials companies with revenue >= $20M,Autoencoder + K-Means,Neural full-assignment,Autoencoder + K-Means|K=4,456.0,All eligible companies,0,Debt Ratio,310,2,0.0064516129032258064
industrials_revenue_20m,Industrials companies with revenue >= $20M,Autoencoder + K-Means,Neural full-assignment,Autoencoder + K-Means|K=4,456.0,All eligible companies,0,Free Cash Flow Margin,310,1,0.0032258064516129032
industrials_revenue_20m,Industrials companies with revenue >= $20M,Autoencoder + K-Means,Neural full-assignment,Autoencoder + K-Means|K=4,456.0,All eligible companies,0,Operating Cash Flow Margin,310,1,0.0032258064516129032
industrials_revenue_20m,Industrials companies with revenue >= $20M,Autoencoder + K-Means,Neural full-assignment,Autoencoder + K-Means|K=4,456.0,All eligible companies,1,EBITDA Margin,61,0,0.0
industrials_revenue_20m,Industrials companies with revenue >= $20M,Autoencoder + K-Means,Neural full-assignment,Autoencoder + K-Means|K=4,456.0,All eligible companies,1,Return on Assets,61,0,0.0
industrials_revenue_20m,Industrials companies with revenue >= $20M,Autoencoder + K-Means,Neural full-assignment,Autoencoder + K-Means|K=4,456.0,All eligible companies,1,Asset Turnover,61,0,0.0
industrials_revenue_20m,Industrials companies with revenue >= $20M,Autoencoder + K-Means,Neural full-assignment,Autoencoder + K-Means|K=4,456.0,All eligible companies,1,Revenue per Employee,61,5,0.08196721311475409
industrials_revenue_20m,Industrials companies with revenue >= $20M,Autoencoder + K-Means,Neural full-assignment,Autoencoder + K-Means|K=4,456.0,All eligible companies,1,Current Ratio,61,0,0.0
industrials_revenue_20m,Industrials companies with revenue >= $20M,Autoencoder + K-Means,Neural full-assignment,Autoencoder + K-Means|K=4,456.0,All eligible companies,1,Debt Ratio,61,2,0.03278688524590164
industrials_revenue_20m,Industrials companies with revenue >= $20M,Autoencoder + K-Means,Neural full-assignment,Autoencoder + K-Means|K=4,456.0,All eligible companies,1,Free Cash Flow Margin,61,0,0.0
industrials_revenue_20m,Industrials companies with revenue >= $20M,Autoencoder + K-Means,Neural full-assignment,Autoencoder + K-Means|K=4,456.0,All eligible companies,1,Operating Cash Flow Margin,61,0,0.0
industrials_revenue_20m,Industrials companies with revenue >= $20M,Autoencoder + K-Means,Neural full-assignment,Autoencoder + K-Means|K=4,456.0,All eligible companies,2,EBITDA Margin,154,0,0.0
industrials_revenue_20m,Industrials companies with revenue >= $20M,Autoencoder + K-Means,Neural full-assignment,Autoencoder + K-Means|K=4,456.0,All eligible companies,2,Return on Assets,154,0,0.0
industrials_revenue_20m,Industrials companies with revenue >= $20M,Autoencoder + K-Means,Neural full-assignment,Autoencoder + K-Means|K=4,456.0,All eligible companies,2,Asset Turnover,154,0,0.0
industrials_revenue_20m,Industrials companies with revenue >= $20M,Autoencoder + K-Means,Neural full-assignment,Autoencoder + K-Means|K=4,456.0,All eligible companies,2,Revenue per Employee,154,10,0.06493506493506493
industrials_revenue_20m,Industrials companies with revenue >= $20M,Autoencoder + K-Means,Neural full-assignment,Autoencoder + K-Means|K=4,456.0,All eligible companies,2,Current Ratio,154,0,0.0
industrials_revenue_20m,Industrials companies with revenue >= $20M,Autoencoder + K-Means,Neural full-assignment,Autoencoder + K-Means|K=4,456.0,All eligible companies,2,Debt Ratio,154,3,0.01948051948051948
industrials_revenue_20m,Industrials companies with revenue >= $20M,Autoencoder + K-Means,Neural full-assignment,Autoencoder + K-Means|K=4,456.0,All eligible companies,2,Free Cash Flow Margin,154,0,0.0
industrials_revenue_20m,Industrials companies with revenue >= $20M,Autoencoder + K-Means,Neural full-assignment,Autoencoder + K-Means|K=4,456.0,All eligible companies,2,Operating Cash Flow Margin,154,2,0.012987012987012988
industrials_revenue_20m,Industrials companies with revenue >= $20M,Autoencoder + K-Means,Neural full-assignment,Autoencoder + K-Means|K=4,456.0,All eligible companies,3,EBITDA Margin,40,0,0.0
industrials_revenue_20m,Industrials companies with revenue >= $20M,Autoencoder + K-Means,Neural full-assignment,Autoencoder + K-Means|K=4,456.0,All eligible companies,3,Return on Assets,40,0,0.0
industrials_revenue_20m,Industrials companies with revenue >= $20M,Autoencoder + K-Means,Neural full-assignment,Autoencoder + K-Means|K=4,456.0,All eligible companies,3,Asset Turnover,40,0,0.0
industrials_revenue_20m,Industrials companies with revenue >= $20M,Autoencoder + K-Means,Neural full-assignment,Autoencoder + K-Means|K=4,456.0,All eligible companies,3,Revenue per Employee,40,0,0.0
industrials_revenue_20m,Industrials companies with revenue >= $20M,Autoencoder + K-Means,Neural full-assignment,Autoencoder + K-Means|K=4,456.0,All eligible companies,3,Current Ratio,40,0,0.0
industrials_revenue_20m,Industrials companies with revenue >= $20M,Autoencoder + K-Means,Neural full-assignment,Autoencoder + K-Means|K=4,456.0,All eligible companies,3,Debt Ratio,40,1,0.025
industrials_revenue_20m,Industrials companies with revenue >= $20M,Autoencoder + K-Means,Neural full-assignment,Autoencoder + K-Means|K=4,456.0,All eligible companies,3,Free Cash Flow Margin,40,0,0.0
industrials_revenue_20m,Industrials companies with revenue >= $20M,Autoencoder + K-Means,Neural full-assignment,Autoencoder + K-Means|K=4,456.0,All eligible companies,3,Operating Cash Flow Margin,40,0,0.0
industrials_revenue_20m,Industrials companies with revenue >= $20M,DEC,Neural full-assignment,DEC|K=4,456.0,All eligible companies,0,EBITDA Margin,262,0,0.0
industrials_revenue_20m,Industrials companies with revenue >= $20M,DEC,Neural full-assignment,DEC|K=4,456.0,All eligible companies,0,Return on Assets,262,0,0.0
industrials_revenue_20m,Industrials companies with revenue >= $20M,DEC,Neural full-assignment,DEC|K=4,456.0,All eligible companies,0,Asset Turnover,262,0,0.0
industrials_revenue_20m,Industrials companies with revenue >= $20M,DEC,Neural full-assignment,DEC|K=4,456.0,All eligible companies,0,Revenue per Employee,262,14,0.05343511450381679
industrials_revenue_20m,Industrials companies with revenue >= $20M,DEC,Neural full-assignment,DEC|K=4,456.0,All eligible companies,0,Current Ratio,262,0,0.0
industrials_revenue_20m,Industrials companies with revenue >= $20M,DEC,Neural full-assignment,DEC|K=4,456.0,All eligible companies,0,Debt Ratio,262,2,0.007633587786259542
industrials_revenue_20m,Industrials companies with revenue >= $20M,DEC,Neural full-assignment,DEC|K=4,456.0,All eligible companies,0,Free Cash Flow Margin,262,0,0.0
industrials_revenue_20m,Industrials companies with revenue >= $20M,DEC,Neural full-assignment,DEC|K=4,456.0,All eligible companies,0,Operating Cash Flow Margin,262,1,0.003816793893129771
industrials_revenue_20m,Industrials companies with revenue >= $20M,DEC,Neural full-assignment,DEC|K=4,456.0,All eligible companies,1,EBITDA Margin,74,0,0.0
industrials_revenue_20m,Industrials companies with revenue >= $20M,DEC,Neural full-assignment,DEC|K=4,456.0,All eligible companies,1,Return on Assets,74,0,0.0
industrials_revenue_20m,Industrials companies with revenue >= $20M,DEC,Neural full-assignment,DEC|K=4,456.0,All eligible companies,1,Asset Turnover,74,0,0.0
industrials_revenue_20m,Industrials companies with revenue >= $20M,DEC,Neural full-assignment,DEC|K=4,456.0,All eligible companies,1,Revenue per Employee,74,6,0.08108108108108109
industrials_revenue_20m,Industrials companies with revenue >= $20M,DEC,Neural full-assignment,DEC|K=4,456.0,All eligible companies,1,Current Ratio,74,0,0.0
industrials_revenue_20m,Industrials companies with revenue >= $20M,DEC,Neural full-assignment,DEC|K=4,456.0,All eligible companies,1,Debt Ratio,74,2,0.02702702702702703
industrials_revenue_20m,Industrials companies with revenue >= $20M,DEC,Neural full-assignment,DEC|K=4,456.0,All eligible companies,1,Free Cash Flow Margin,74,0,0.0
industrials_revenue_20m,Industrials companies with revenue >= $20M,DEC,Neural full-assignment,DEC|K=4,456.0,All eligible companies,1,Operating Cash Flow Margin,74,0,0.0
industrials_revenue_20m,Industrials companies with revenue >= $20M,DEC,Neural full-assignment,DEC|K=4,456.0,All eligible companies,2,EBITDA Margin,177,0,0.0
industrials_revenue_20m,Industrials companies with revenue >= $20M,DEC,Neural full-assignment,DEC|K=4,456.0,All eligible companies,2,Return on Assets,177,0,0.0
industrials_revenue_20m,Industrials companies with revenue >= $20M,DEC,Neural full-assignment,DEC|K=4,456.0,All eligible companies,2,Asset Turnover,177,0,0.0
industrials_revenue_20m,Industrials companies with revenue >= $20M,DEC,Neural full-assignment,DEC|K=4,456.0,All eligible companies,2,Revenue per Employee,177,10,0.05649717514124294
industrials_revenue_20m,Industrials companies with revenue >= $20M,DEC,Neural full-assignment,DEC|K=4,456.0,All eligible companies,2,Current Ratio,177,1,0.005649717514124294
industrials_revenue_20m,Industrials companies with revenue >= $20M,DEC,Neural full-assignment,DEC|K=4,456.0,All eligible companies,2,Debt Ratio,177,3,0.01694915254237288
industrials_revenue_20m,Industrials companies with revenue >= $20M,DEC,Neural full-assignment,DEC|K=4,456.0,All eligible companies,2,Free Cash Flow Margin,177,1,0.005649717514124294
industrials_revenue_20m,Industrials companies with revenue >= $20M,DEC,Neural full-assignment,DEC|K=4,456.0,All eligible companies,2,Operating Cash Flow Margin,177,2,0.011299435028248588
industrials_revenue_20m,Industrials companies with revenue >= $20M,DEC,Neural full-assignment,DEC|K=4,456.0,All eligible companies,3,EBITDA Margin,52,0,0.0
industrials_revenue_20m,Industrials companies with revenue >= $20M,DEC,Neural full-assignment,DEC|K=4,456.0,All eligible companies,3,Return on Assets,52,0,0.0
industrials_revenue_20m,Industrials companies with revenue >= $20M,DEC,Neural full-assignment,DEC|K=4,456.0,All eligible companies,3,Asset Turnover,52,0,0.0
industrials_revenue_20m,Industrials companies with revenue >= $20M,DEC,Neural full-assignment,DEC|K=4,456.0,All eligible companies,3,Revenue per Employee,52,0,0.0
industrials_revenue_20m,Industrials companies with revenue >= $20M,DEC,Neural full-assignment,DEC|K=4,456.0,All eligible companies,3,Current Ratio,52,0,0.0
industrials_revenue_20m,Industrials companies with revenue >= $20M,DEC,Neural full-assignment,DEC|K=4,456.0,All eligible companies,3,Debt Ratio,52,1,0.019230769230769232
industrials_revenue_20m,Industrials companies with revenue >= $20M,DEC,Neural full-assignment,DEC|K=4,456.0,All eligible companies,3,Free Cash Flow Margin,52,0,0.0
industrials_revenue_20m,Industrials companies with revenue >= $20M,DEC,Neural full-assignment,DEC|K=4,456.0,All eligible companies,3,Operating Cash Flow Margin,52,0,0.0
industrials_revenue_20m,Industrials companies with revenue >= $20M,Autoencoder + K-Means,Neural full-assignment,Autoencoder + K-Means|K=4,2026.0,All eligible companies,0,EBITDA Margin,373,0,0.0
industrials_revenue_20m,Industrials companies with revenue >= $20M,Autoencoder + K-Means,Neural full-assignment,Autoencoder + K-Means|K=4,2026.0,All eligible companies,0,Return on Assets,373,0,0.0
industrials_revenue_20m,Industrials companies with revenue >= $20M,Autoencoder + K-Means,Neural full-assignment,Autoencoder + K-Means|K=4,2026.0,All eligible companies,0,Asset Turnover,373,0,0.0
industrials_revenue_20m,Industrials companies with revenue >= $20M,Autoencoder + K-Means,Neural full-assignment,Autoencoder + K-Means|K=4,2026.0,All eligible companies,0,Revenue per Employee,373,19,0.05093833780160858
industrials_revenue_20m,Industrials companies with revenue >= $20M,Autoencoder + K-Means,Neural full-assignment,Autoencoder + K-Means|K=4,2026.0,All eligible companies,0,Current Ratio,373,1,0.002680965147453083
industrials_revenue_20m,Industrials companies with revenue >= $20M,Autoencoder + K-Means,Neural full-assignment,Autoencoder + K-Means|K=4,2026.0,All eligible companies,0,Debt Ratio,373,5,0.013404825737265416
industrials_revenue_20m,Industrials companies with revenue >= $20M,Autoencoder + K-Means,Neural full-assignment,Autoencoder + K-Means|K=4,2026.0,All eligible companies,0,Free Cash Flow Margin,373,0,0.0
industrials_revenue_20m,Industrials companies with revenue >= $20M,Autoencoder + K-Means,Neural full-assignment,Autoencoder + K-Means|K=4,2026.0,All eligible companies,0,Operating Cash Flow Margin,373,3,0.00804289544235925
industrials_revenue_20m,Industrials companies with revenue >= $20M,Autoencoder + K-Means,Neural full-assignment,Autoencoder + K-Means|K=4,2026.0,All eligible companies,1,EBITDA Margin,48,0,0.0
industrials_revenue_20m,Industrials companies with revenue >= $20M,Autoencoder + K-Means,Neural full-assignment,Autoencoder + K-Means|K=4,2026.0,All eligible companies,1,Return on Assets,48,0,0.0
industrials_revenue_20m,Industrials companies with revenue >= $20M,Autoencoder + K-Means,Neural full-assignment,Autoencoder + K-Means|K=4,2026.0,All eligible companies,1,Asset Turnover,48,0,0.0
industrials_revenue_20m,Industrials companies with revenue >= $20M,Autoencoder + K-Means,Neural full-assignment,Autoencoder + K-Means|K=4,2026.0,All eligible companies,1,Revenue per Employee,48,0,0.0
industrials_revenue_20m,Industrials companies with revenue >= $20M,Autoencoder + K-Means,Neural full-assignment,Autoencoder + K-Means|K=4,2026.0,All eligible companies,1,Current Ratio,48,0,0.0
industrials_revenue_20m,Industrials companies with revenue >= $20M,Autoencoder + K-Means,Neural full-assignment,Autoencoder + K-Means|K=4,2026.0,All eligible companies,1,Debt Ratio,48,1,0.020833333333333332
industrials_revenue_20m,Industrials companies with revenue >= $20M,Autoencoder + K-Means,Neural full-assignment,Autoencoder + K-Means|K=4,2026.0,All eligible companies,1,Free Cash Flow Margin,48,0,0.0
industrials_revenue_20m,Industrials companies with revenue >= $20M,Autoencoder + K-Means,Neural full-assignment,Autoencoder + K-Means|K=4,2026.0,All eligible companies,1,Operating Cash Flow Margin,48,0,0.0
industrials_revenue_20m,Industrials companies with revenue >= $20M,Autoencoder + K-Means,Neural full-assignment,Autoencoder + K-Means|K=4,2026.0,All eligible companies,2,EBITDA Margin,51,0,0.0
industrials_revenue_20m,Industrials companies with revenue >= $20M,Autoencoder + K-Means,Neural full-assignment,Autoencoder + K-Means|K=4,2026.0,All eligible companies,2,Return on Assets,51,0,0.0
industrials_revenue_20m,Industrials companies with revenue >= $20M,Autoencoder + K-Means,Neural full-assignment,Autoencoder + K-Means|K=4,2026.0,All eligible companies,2,Asset Turnover,51,0,0.0
industrials_revenue_20m,Industrials companies with revenue >= $20M,Autoencoder + K-Means,Neural full-assignment,Autoencoder + K-Means|K=4,2026.0,All eligible companies,2,Revenue per Employee,51,5,0.09803921568627451
industrials_revenue_20m,Industrials companies with revenue >= $20M,Autoencoder + K-Means,Neural full-assignment,Autoencoder + K-Means|K=4,2026.0,All eligible companies,2,Current Ratio,51,0,0.0
industrials_revenue_20m,Industrials companies with revenue >= $20M,Autoencoder + K-Means,Neural full-assignment,Autoencoder + K-Means|K=4,2026.0,All eligible companies,2,Debt Ratio,51,2,0.0392156862745098
industrials_revenue_20m,Industrials companies with revenue >= $20M,Autoencoder + K-Means,Neural full-assignment,Autoencoder + K-Means|K=4,2026.0,All eligible companies,2,Free Cash Flow Margin,51,0,0.0
industrials_revenue_20m,Industrials companies with revenue >= $20M,Autoencoder + K-Means,Neural full-assignment,Autoencoder + K-Means|K=4,2026.0,All eligible companies,2,Operating Cash Flow Margin,51,0,0.0
industrials_revenue_20m,Industrials companies with revenue >= $20M,Autoencoder + K-Means,Neural full-assignment,Autoencoder + K-Means|K=4,2026.0,All eligible companies,3,EBITDA Margin,93,0,0.0
industrials_revenue_20m,Industrials companies with revenue >= $20M,Autoencoder + K-Means,Neural full-assignment,Autoencoder + K-Means|K=4,2026.0,All eligible companies,3,Return on Assets,93,0,0.0
industrials_revenue_20m,Industrials companies with revenue >= $20M,Autoencoder + K-Means,Neural full-assignment,Autoencoder + K-Means|K=4,2026.0,All eligible companies,3,Asset Turnover,93,0,0.0
industrials_revenue_20m,Industrials companies with revenue >= $20M,Autoencoder + K-Means,Neural full-assignment,Autoencoder + K-Means|K=4,2026.0,All eligible companies,3,Revenue per Employee,93,6,0.06451612903225806
industrials_revenue_20m,Industrials companies with revenue >= $20M,Autoencoder + K-Means,Neural full-assignment,Autoencoder + K-Means|K=4,2026.0,All eligible companies,3,Current Ratio,93,0,0.0
industrials_revenue_20m,Industrials companies with revenue >= $20M,Autoencoder + K-Means,Neural full-assignment,Autoencoder + K-Means|K=4,2026.0,All eligible companies,3,Debt Ratio,93,0,0.0
industrials_revenue_20m,Industrials companies with revenue >= $20M,Autoencoder + K-Means,Neural full-assignment,Autoencoder + K-Means|K=4,2026.0,All eligible companies,3,Free Cash Flow Margin,93,1,0.010752688172043012
industrials_revenue_20m,Industrials companies with revenue >= $20M,Autoencoder + K-Means,Neural full-assignment,Autoencoder + K-Means|K=4,2026.0,All eligible companies,3,Operating Cash Flow Margin,93,0,0.0
industrials_revenue_20m,Industrials companies with revenue >= $20M,DEC,Neural full-assignment,DEC|K=4,2026.0,All eligible companies,0,EBITDA Margin,259,0,0.0
industrials_revenue_20m,Industrials companies with revenue >= $20M,DEC,Neural full-assignment,DEC|K=4,2026.0,All eligible companies,0,Return on Assets,259,0,0.0
industrials_revenue_20m,Industrials companies with revenue >= $20M,DEC,Neural full-assignment,DEC|K=4,2026.0,All eligible companies,0,Asset Turnover,259,0,0.0
industrials_revenue_20m,Industrials companies with revenue >= $20M,DEC,Neural full-assignment,DEC|K=4,2026.0,All eligible companies,0,Revenue per Employee,259,16,0.06177606177606178
industrials_revenue_20m,Industrials companies with revenue >= $20M,DEC,Neural full-assignment,DEC|K=4,2026.0,All eligible companies,0,Current Ratio,259,0,0.0
industrials_revenue_20m,Industrials companies with revenue >= $20M,DEC,Neural full-assignment,DEC|K=4,2026.0,All eligible companies,0,Debt Ratio,259,4,0.015444015444015444
industrials_revenue_20m,Industrials companies with revenue >= $20M,DEC,Neural full-assignment,DEC|K=4,2026.0,All eligible companies,0,Free Cash Flow Margin,259,0,0.0
industrials_revenue_20m,Industrials companies with revenue >= $20M,DEC,Neural full-assignment,DEC|K=4,2026.0,All eligible companies,0,Operating Cash Flow Margin,259,2,0.007722007722007722
industrials_revenue_20m,Industrials companies with revenue >= $20M,DEC,Neural full-assignment,DEC|K=4,2026.0,All eligible companies,1,EBITDA Margin,44,0,0.0
industrials_revenue_20m,Industrials companies with revenue >= $20M,DEC,Neural full-assignment,DEC|K=4,2026.0,All eligible companies,1,Return on Assets,44,0,0.0
industrials_revenue_20m,Industrials companies with revenue >= $20M,DEC,Neural full-assignment,DEC|K=4,2026.0,All eligible companies,1,Asset Turnover,44,0,0.0
industrials_revenue_20m,Industrials companies with revenue >= $20M,DEC,Neural full-assignment,DEC|K=4,2026.0,All eligible companies,1,Revenue per Employee,44,0,0.0
industrials_revenue_20m,Industrials companies with revenue >= $20M,DEC,Neural full-assignment,DEC|K=4,2026.0,All eligible companies,1,Current Ratio,44,0,0.0
industrials_revenue_20m,Industrials companies with revenue >= $20M,DEC,Neural full-assignment,DEC|K=4,2026.0,All eligible companies,1,Debt Ratio,44,1,0.022727272727272728
industrials_revenue_20m,Industrials companies with revenue >= $20M,DEC,Neural full-assignment,DEC|K=4,2026.0,All eligible companies,1,Free Cash Flow Margin,44,0,0.0
industrials_revenue_20m,Industrials companies with revenue >= $20M,DEC,Neural full-assignment,DEC|K=4,2026.0,All eligible companies,1,Operating Cash Flow Margin,44,0,0.0
industrials_revenue_20m,Industrials companies with revenue >= $20M,DEC,Neural full-assignment,DEC|K=4,2026.0,All eligible companies,2,EBITDA Margin,83,0,0.0
industrials_revenue_20m,Industrials companies with revenue >= $20M,DEC,Neural full-assignment,DEC|K=4,2026.0,All eligible companies,2,Return on Assets,83,0,0.0
industrials_revenue_20m,Industrials companies with revenue >= $20M,DEC,Neural full-assignment,DEC|K=4,2026.0,All eligible companies,2,Asset Turnover,83,0,0.0
industrials_revenue_20m,Industrials companies with revenue >= $20M,DEC,Neural full-assignment,DEC|K=4,2026.0,All eligible companies,2,Revenue per Employee,83,8,0.0963855421686747
industrials_revenue_20m,Industrials companies with revenue >= $20M,DEC,Neural full-assignment,DEC|K=4,2026.0,All eligible companies,2,Current Ratio,83,0,0.0
industrials_revenue_20m,Industrials companies with revenue >= $20M,DEC,Neural full-assignment,DEC|K=4,2026.0,All eligible companies,2,Debt Ratio,83,2,0.024096385542168676
industrials_revenue_20m,Industrials companies with revenue >= $20M,DEC,Neural full-assignment,DEC|K=4,2026.0,All eligible companies,2,Free Cash Flow Margin,83,0,0.0
industrials_revenue_20m,Industrials companies with revenue >= $20M,DEC,Neural full-assignment,DEC|K=4,2026.0,All eligible companies,2,Operating Cash Flow Margin,83,0,0.0
industrials_revenue_20m,Industrials companies with revenue >= $20M,DEC,Neural full-assignment,DEC|K=4,2026.0,All eligible companies,3,EBITDA Margin,179,0,0.0
industrials_revenue_20m,Industrials companies with revenue >= $20M,DEC,Neural full-assignment,DEC|K=4,2026.0,All eligible companies,3,Return on Assets,179,0,0.0
industrials_revenue_20m,Industrials companies with revenue >= $20M,DEC,Neural full-assignment,DEC|K=4,2026.0,All eligible companies,3,Asset Turnover,179,0,0.0
industrials_revenue_20m,Industrials companies with revenue >= $20M,DEC,Neural full-assignment,DEC|K=4,2026.0,All eligible companies,3,Revenue per Employee,179,6,0.0335195530726257
industrials_revenue_20m,Industrials companies with revenue >= $20M,DEC,Neural full-assignment,DEC|K=4,2026.0,All eligible companies,3,Current Ratio,179,1,0.00558659217877095
industrials_revenue_20m,Industrials companies with revenue >= $20M,DEC,Neural full-assignment,DEC|K=4,2026.0,All eligible companies,3,Debt Ratio,179,1,0.00558659217877095
industrials_revenue_20m,Industrials companies with revenue >= $20M,DEC,Neural full-assignment,DEC|K=4,2026.0,All eligible companies,3,Free Cash Flow Margin,179,1,0.00558659217877095
industrials_revenue_20m,Industrials companies with revenue >= $20M,DEC,Neural full-assignment,DEC|K=4,2026.0,All eligible companies,3,Operating Cash Flow Margin,179,1,0.00558659217877095
consumer_cyclical_revenue_20m,Consumer Cyclical companies with revenue >= $20M,K-Means,Traditional full-assignment,K-Means|K=3,,All eligible companies,0,EBITDA Margin,45,0,0.0
consumer_cyclical_revenue_20m,Consumer Cyclical companies with revenue >= $20M,K-Means,Traditional full-assignment,K-Means|K=3,,All eligible companies,0,Return on Assets,45,0,0.0
consumer_cyclical_revenue_20m,Consumer Cyclical companies with revenue >= $20M,K-Means,Traditional full-assignment,K-Means|K=3,,All eligible companies,0,Asset Turnover,45,0,0.0
consumer_cyclical_revenue_20m,Consumer Cyclical companies with revenue >= $20M,K-Means,Traditional full-assignment,K-Means|K=3,,All eligible companies,0,Revenue per Employee,45,0,0.0
consumer_cyclical_revenue_20m,Consumer Cyclical companies with revenue >= $20M,K-Means,Traditional full-assignment,K-Means|K=3,,All eligible companies,0,Current Ratio,45,0,0.0
consumer_cyclical_revenue_20m,Consumer Cyclical companies with revenue >= $20M,K-Means,Traditional full-assignment,K-Means|K=3,,All eligible companies,0,Debt Ratio,45,0,0.0
consumer_cyclical_revenue_20m,Consumer Cyclical companies with revenue >= $20M,K-Means,Traditional full-assignment,K-Means|K=3,,All eligible companies,0,Free Cash Flow Margin,45,0,0.0
consumer_cyclical_revenue_20m,Consumer Cyclical companies with revenue >= $20M,K-Means,Traditional full-assignment,K-Means|K=3,,All eligible companies,0,Operating Cash Flow Margin,45,0,0.0
consumer_cyclical_revenue_20m,Consumer Cyclical companies with revenue >= $20M,K-Means,Traditional full-assignment,K-Means|K=3,,All eligible companies,1,EBITDA Margin,365,0,0.0
consumer_cyclical_revenue_20m,Consumer Cyclical companies with revenue >= $20M,K-Means,Traditional full-assignment,K-Means|K=3,,All eligible companies,1,Return on Assets,365,1,0.0027397260273972603
consumer_cyclical_revenue_20m,Consumer Cyclical companies with revenue >= $20M,K-Means,Traditional full-assignment,K-Means|K=3,,All eligible companies,1,Asset Turnover,365,0,0.0
consumer_cyclical_revenue_20m,Consumer Cyclical companies with revenue >= $20M,K-Means,Traditional full-assignment,K-Means|K=3,,All eligible companies,1,Revenue per Employee,365,12,0.03287671232876712
consumer_cyclical_revenue_20m,Consumer Cyclical companies with revenue >= $20M,K-Means,Traditional full-assignment,K-Means|K=3,,All eligible companies,1,Current Ratio,365,0,0.0
consumer_cyclical_revenue_20m,Consumer Cyclical companies with revenue >= $20M,K-Means,Traditional full-assignment,K-Means|K=3,,All eligible companies,1,Debt Ratio,365,2,0.005479452054794521
consumer_cyclical_revenue_20m,Consumer Cyclical companies with revenue >= $20M,K-Means,Traditional full-assignment,K-Means|K=3,,All eligible companies,1,Free Cash Flow Margin,365,0,0.0
consumer_cyclical_revenue_20m,Consumer Cyclical companies with revenue >= $20M,K-Means,Traditional full-assignment,K-Means|K=3,,All eligible companies,1,Operating Cash Flow Margin,365,1,0.0027397260273972603
consumer_cyclical_revenue_20m,Consumer Cyclical companies with revenue >= $20M,K-Means,Traditional full-assignment,K-Means|K=3,,All eligible companies,2,EBITDA Margin,60,0,0.0
consumer_cyclical_revenue_20m,Consumer Cyclical companies with revenue >= $20M,K-Means,Traditional full-assignment,K-Means|K=3,,All eligible companies,2,Return on Assets,60,0,0.0
consumer_cyclical_revenue_20m,Consumer Cyclical companies with revenue >= $20M,K-Means,Traditional full-assignment,K-Means|K=3,,All eligible companies,2,Asset Turnover,60,0,0.0
consumer_cyclical_revenue_20m,Consumer Cyclical companies with revenue >= $20M,K-Means,Traditional full-assignment,K-Means|K=3,,All eligible companies,2,Revenue per Employee,60,2,0.03333333333333333
consumer_cyclical_revenue_20m,Consumer Cyclical companies with revenue >= $20M,K-Means,Traditional full-assignment,K-Means|K=3,,All eligible companies,2,Current Ratio,60,0,0.0
consumer_cyclical_revenue_20m,Consumer Cyclical companies with revenue >= $20M,K-Means,Traditional full-assignment,K-Means|K=3,,All eligible companies,2,Debt Ratio,60,0,0.0
consumer_cyclical_revenue_20m,Consumer Cyclical companies with revenue >= $20M,K-Means,Traditional full-assignment,K-Means|K=3,,All eligible companies,2,Free Cash Flow Margin,60,0,0.0
consumer_cyclical_revenue_20m,Consumer Cyclical companies with revenue >= $20M,K-Means,Traditional full-assignment,K-Means|K=3,,All eligible companies,2,Operating Cash Flow Margin,60,0,0.0
consumer_cyclical_revenue_20m,Consumer Cyclical companies with revenue >= $20M,Agglomerative,Traditional full-assignment,Agglomerative|K=3,,All eligible companies,0,EBITDA Margin,90,0,0.0
consumer_cyclical_revenue_20m,Consumer Cyclical companies with revenue >= $20M,Agglomerative,Traditional full-assignment,Agglomerative|K=3,,All eligible companies,0,Return on Assets,90,0,0.0
consumer_cyclical_revenue_20m,Consumer Cyclical companies with revenue >= $20M,Agglomerative,Traditional full-assignment,Agglomerative|K=3,,All eligible companies,0,Asset Turnover,90,0,0.0
consumer_cyclical_revenue_20m,Consumer Cyclical companies with revenue >= $20M,Agglomerative,Traditional full-assignment,Agglomerative|K=3,,All eligible companies,0,Revenue per Employee,90,3,0.03333333333333333
consumer_cyclical_revenue_20m,Consumer Cyclical companies with revenue >= $20M,Agglomerative,Traditional full-assignment,Agglomerative|K=3,,All eligible companies,0,Current Ratio,90,0,0.0
consumer_cyclical_revenue_20m,Consumer Cyclical companies with revenue >= $20M,Agglomerative,Traditional full-assignment,Agglomerative|K=3,,All eligible companies,0,Debt Ratio,90,0,0.0
consumer_cyclical_revenue_20m,Consumer Cyclical companies with revenue >= $20M,Agglomerative,Traditional full-assignment,Agglomerative|K=3,,All eligible companies,0,Free Cash Flow Margin,90,0,0.0
consumer_cyclical_revenue_20m,Consumer Cyclical companies with revenue >= $20M,Agglomerative,Traditional full-assignment,Agglomerative|K=3,,All eligible companies,0,Operating Cash Flow Margin,90,0,0.0
consumer_cyclical_revenue_20m,Consumer Cyclical companies with revenue >= $20M,Agglomerative,Traditional full-assignment,Agglomerative|K=3,,All eligible companies,1,EBITDA Margin,334,0,0.0
consumer_cyclical_revenue_20m,Consumer Cyclical companies with revenue >= $20M,Agglomerative,Traditional full-assignment,Agglomerative|K=3,,All eligible companies,1,Return on Assets,334,1,0.0029940119760479044
consumer_cyclical_revenue_20m,Consumer Cyclical companies with revenue >= $20M,Agglomerative,Traditional full-assignment,Agglomerative|K=3,,All eligible companies,1,Asset Turnover,334,0,0.0
consumer_cyclical_revenue_20m,Consumer Cyclical companies with revenue >= $20M,Agglomerative,Traditional full-assignment,Agglomerative|K=3,,All eligible companies,1,Revenue per Employee,334,11,0.03293413173652695
consumer_cyclical_revenue_20m,Consumer Cyclical companies with revenue >= $20M,Agglomerative,Traditional full-assignment,Agglomerative|K=3,,All eligible companies,1,Current Ratio,334,0,0.0
consumer_cyclical_revenue_20m,Consumer Cyclical companies with revenue >= $20M,Agglomerative,Traditional full-assignment,Agglomerative|K=3,,All eligible companies,1,Debt Ratio,334,2,0.005988023952095809
consumer_cyclical_revenue_20m,Consumer Cyclical companies with revenue >= $20M,Agglomerative,Traditional full-assignment,Agglomerative|K=3,,All eligible companies,1,Free Cash Flow Margin,334,0,0.0
consumer_cyclical_revenue_20m,Consumer Cyclical companies with revenue >= $20M,Agglomerative,Traditional full-assignment,Agglomerative|K=3,,All eligible companies,1,Operating Cash Flow Margin,334,1,0.0029940119760479044
consumer_cyclical_revenue_20m,Consumer Cyclical companies with revenue >= $20M,Agglomerative,Traditional full-assignment,Agglomerative|K=3,,All eligible companies,2,EBITDA Margin,46,0,0.0
consumer_cyclical_revenue_20m,Consumer Cyclical companies with revenue >= $20M,Agglomerative,Traditional full-assignment,Agglomerative|K=3,,All eligible companies,2,Return on Assets,46,0,0.0
consumer_cyclical_revenue_20m,Consumer Cyclical companies with revenue >= $20M,Agglomerative,Traditional full-assignment,Agglomerative|K=3,,All eligible companies,2,Asset Turnover,46,0,0.0
consumer_cyclical_revenue_20m,Consumer Cyclical companies with revenue >= $20M,Agglomerative,Traditional full-assignment,Agglomerative|K=3,,All eligible companies,2,Revenue per Employee,46,0,0.0
consumer_cyclical_revenue_20m,Consumer Cyclical companies with revenue >= $20M,Agglomerative,Traditional full-assignment,Agglomerative|K=3,,All eligible companies,2,Current Ratio,46,0,0.0
consumer_cyclical_revenue_20m,Consumer Cyclical companies with revenue >= $20M,Agglomerative,Traditional full-assignment,Agglomerative|K=3,,All eligible companies,2,Debt Ratio,46,0,0.0
consumer_cyclical_revenue_20m,Consumer Cyclical companies with revenue >= $20M,Agglomerative,Traditional full-assignment,Agglomerative|K=3,,All eligible companies,2,Free Cash Flow Margin,46,0,0.0
consumer_cyclical_revenue_20m,Consumer Cyclical companies with revenue >= $20M,Agglomerative,Traditional full-assignment,Agglomerative|K=3,,All eligible companies,2,Operating Cash Flow Margin,46,0,0.0
consumer_cyclical_revenue_20m,Consumer Cyclical companies with revenue >= $20M,Gaussian Mixture,Traditional full-assignment,Gaussian Mixture|K=2,,All eligible companies,0,EBITDA Margin,175,0,0.0
consumer_cyclical_revenue_20m,Consumer Cyclical companies with revenue >= $20M,Gaussian Mixture,Traditional full-assignment,Gaussian Mixture|K=2,,All eligible companies,0,Return on Assets,175,0,0.0
consumer_cyclical_revenue_20m,Consumer Cyclical companies with revenue >= $20M,Gaussian Mixture,Traditional full-assignment,Gaussian Mixture|K=2,,All eligible companies,0,Asset Turnover,175,0,0.0
consumer_cyclical_revenue_20m,Consumer Cyclical companies with revenue >= $20M,Gaussian Mixture,Traditional full-assignment,Gaussian Mixture|K=2,,All eligible companies,0,Revenue per Employee,175,4,0.022857142857142857
consumer_cyclical_revenue_20m,Consumer Cyclical companies with revenue >= $20M,Gaussian Mixture,Traditional full-assignment,Gaussian Mixture|K=2,,All eligible companies,0,Current Ratio,175,0,0.0
consumer_cyclical_revenue_20m,Consumer Cyclical companies with revenue >= $20M,Gaussian Mixture,Traditional full-assignment,Gaussian Mixture|K=2,,All eligible companies,0,Debt Ratio,175,1,0.005714285714285714
consumer_cyclical_revenue_20m,Consumer Cyclical companies with revenue >= $20M,Gaussian Mixture,Traditional full-assignment,Gaussian Mixture|K=2,,All eligible companies,0,Free Cash Flow Margin,175,0,0.0
consumer_cyclical_revenue_20m,Consumer Cyclical companies with revenue >= $20M,Gaussian Mixture,Traditional full-assignment,Gaussian Mixture|K=2,,All eligible companies,0,Operating Cash Flow Margin,175,0,0.0
consumer_cyclical_revenue_20m,Consumer Cyclical companies with revenue >= $20M,Gaussian Mixture,Traditional full-assignment,Gaussian Mixture|K=2,,All eligible companies,1,EBITDA Margin,295,0,0.0
consumer_cyclical_revenue_20m,Consumer Cyclical companies with revenue >= $20M,Gaussian Mixture,Traditional full-assignment,Gaussian Mixture|K=2,,All eligible companies,1,Return on Assets,295,1,0.003389830508474576
consumer_cyclical_revenue_20m,Consumer Cyclical companies with revenue >= $20M,Gaussian Mixture,Traditional full-assignment,Gaussian Mixture|K=2,,All eligible companies,1,Asset Turnover,295,0,0.0
consumer_cyclical_revenue_20m,Consumer Cyclical companies with revenue >= $20M,Gaussian Mixture,Traditional full-assignment,Gaussian Mixture|K=2,,All eligible companies,1,Revenue per Employee,295,10,0.03389830508474576
consumer_cyclical_revenue_20m,Consumer Cyclical companies with revenue >= $20M,Gaussian Mixture,Traditional full-assignment,Gaussian Mixture|K=2,,All eligible companies,1,Current Ratio,295,0,0.0
consumer_cyclical_revenue_20m,Consumer Cyclical companies with revenue >= $20M,Gaussian Mixture,Traditional full-assignment,Gaussian Mixture|K=2,,All eligible companies,1,Debt Ratio,295,1,0.003389830508474576
consumer_cyclical_revenue_20m,Consumer Cyclical companies with revenue >= $20M,Gaussian Mixture,Traditional full-assignment,Gaussian Mixture|K=2,,All eligible companies,1,Free Cash Flow Margin,295,0,0.0
consumer_cyclical_revenue_20m,Consumer Cyclical companies with revenue >= $20M,Gaussian Mixture,Traditional full-assignment,Gaussian Mixture|K=2,,All eligible companies,1,Operating Cash Flow Margin,295,1,0.003389830508474576
consumer_cyclical_revenue_20m,Consumer Cyclical companies with revenue >= $20M,HDBSCAN,Density-based,HDBSCAN|mcs=10|ms=5,,All companies including noise,-1,EBITDA Margin,68,0,0.0
consumer_cyclical_revenue_20m,Consumer Cyclical companies with revenue >= $20M,HDBSCAN,Density-based,HDBSCAN|mcs=10|ms=5,,All companies including noise,-1,Return on Assets,68,0,0.0
consumer_cyclical_revenue_20m,Consumer Cyclical companies with revenue >= $20M,HDBSCAN,Density-based,HDBSCAN|mcs=10|ms=5,,All companies including noise,-1,Asset Turnover,68,0,0.0
consumer_cyclical_revenue_20m,Consumer Cyclical companies with revenue >= $20M,HDBSCAN,Density-based,HDBSCAN|mcs=10|ms=5,,All companies including noise,-1,Revenue per Employee,68,2,0.029411764705882353
consumer_cyclical_revenue_20m,Consumer Cyclical companies with revenue >= $20M,HDBSCAN,Density-based,HDBSCAN|mcs=10|ms=5,,All companies including noise,-1,Current Ratio,68,0,0.0
consumer_cyclical_revenue_20m,Consumer Cyclical companies with revenue >= $20M,HDBSCAN,Density-based,HDBSCAN|mcs=10|ms=5,,All companies including noise,-1,Debt Ratio,68,1,0.014705882352941176
consumer_cyclical_revenue_20m,Consumer Cyclical companies with revenue >= $20M,HDBSCAN,Density-based,HDBSCAN|mcs=10|ms=5,,All companies including noise,-1,Free Cash Flow Margin,68,0,0.0
consumer_cyclical_revenue_20m,Consumer Cyclical companies with revenue >= $20M,HDBSCAN,Density-based,HDBSCAN|mcs=10|ms=5,,All companies including noise,-1,Operating Cash Flow Margin,68,0,0.0
consumer_cyclical_revenue_20m,Consumer Cyclical companies with revenue >= $20M,HDBSCAN,Density-based,HDBSCAN|mcs=10|ms=5,,All companies including noise,0,EBITDA Margin,13,0,0.0
consumer_cyclical_revenue_20m,Consumer Cyclical companies with revenue >= $20M,HDBSCAN,Density-based,HDBSCAN|mcs=10|ms=5,,All companies including noise,0,Return on Assets,13,0,0.0
consumer_cyclical_revenue_20m,Consumer Cyclical companies with revenue >= $20M,HDBSCAN,Density-based,HDBSCAN|mcs=10|ms=5,,All companies including noise,0,Asset Turnover,13,0,0.0
consumer_cyclical_revenue_20m,Consumer Cyclical companies with revenue >= $20M,HDBSCAN,Density-based,HDBSCAN|mcs=10|ms=5,,All companies including noise,0,Revenue per Employee,13,1,0.07692307692307693
consumer_cyclical_revenue_20m,Consumer Cyclical companies with revenue >= $20M,HDBSCAN,Density-based,HDBSCAN|mcs=10|ms=5,,All companies including noise,0,Current Ratio,13,0,0.0
consumer_cyclical_revenue_20m,Consumer Cyclical companies with revenue >= $20M,HDBSCAN,Density-based,HDBSCAN|mcs=10|ms=5,,All companies including noise,0,Debt Ratio,13,0,0.0
consumer_cyclical_revenue_20m,Consumer Cyclical companies with revenue >= $20M,HDBSCAN,Density-based,HDBSCAN|mcs=10|ms=5,,All companies including noise,0,Free Cash Flow Margin,13,0,0.0
consumer_cyclical_revenue_20m,Consumer Cyclical companies with revenue >= $20M,HDBSCAN,Density-based,HDBSCAN|mcs=10|ms=5,,All companies including noise,0,Operating Cash Flow Margin,13,0,0.0
consumer_cyclical_revenue_20m,Consumer Cyclical companies with revenue >= $20M,HDBSCAN,Density-based,HDBSCAN|mcs=10|ms=5,,All companies including noise,1,EBITDA Margin,366,0,0.0
consumer_cyclical_revenue_20m,Consumer Cyclical companies with revenue >= $20M,HDBSCAN,Density-based,HDBSCAN|mcs=10|ms=5,,All companies including noise,1,Return on Assets,366,1,0.00273224043715847
consumer_cyclical_revenue_20m,Consumer Cyclical companies with revenue >= $20M,HDBSCAN,Density-based,HDBSCAN|mcs=10|ms=5,,All companies including noise,1,Asset Turnover,366,0,0.0
consumer_cyclical_revenue_20m,Consumer Cyclical companies with revenue >= $20M,HDBSCAN,Density-based,HDBSCAN|mcs=10|ms=5,,All companies including noise,1,Revenue per Employee,366,11,0.030054644808743168
consumer_cyclical_revenue_20m,Consumer Cyclical companies with revenue >= $20M,HDBSCAN,Density-based,HDBSCAN|mcs=10|ms=5,,All companies including noise,1,Current Ratio,366,0,0.0
consumer_cyclical_revenue_20m,Consumer Cyclical companies with revenue >= $20M,HDBSCAN,Density-based,HDBSCAN|mcs=10|ms=5,,All companies including noise,1,Debt Ratio,366,1,0.00273224043715847
consumer_cyclical_revenue_20m,Consumer Cyclical companies with revenue >= $20M,HDBSCAN,Density-based,HDBSCAN|mcs=10|ms=5,,All companies including noise,1,Free Cash Flow Margin,366,0,0.0
consumer_cyclical_revenue_20m,Consumer Cyclical companies with revenue >= $20M,HDBSCAN,Density-based,HDBSCAN|mcs=10|ms=5,,All companies including noise,1,Operating Cash Flow Margin,366,1,0.00273224043715847
consumer_cyclical_revenue_20m,Consumer Cyclical companies with revenue >= $20M,HDBSCAN,Density-based,HDBSCAN|mcs=10|ms=5,,All companies including noise,2,EBITDA Margin,23,0,0.0
consumer_cyclical_revenue_20m,Consumer Cyclical companies with revenue >= $20M,HDBSCAN,Density-based,HDBSCAN|mcs=10|ms=5,,All companies including noise,2,Return on Assets,23,0,0.0
consumer_cyclical_revenue_20m,Consumer Cyclical companies with revenue >= $20M,HDBSCAN,Density-based,HDBSCAN|mcs=10|ms=5,,All companies including noise,2,Asset Turnover,23,0,0.0
consumer_cyclical_revenue_20m,Consumer Cyclical companies with revenue >= $20M,HDBSCAN,Density-based,HDBSCAN|mcs=10|ms=5,,All companies including noise,2,Revenue per Employee,23,0,0.0
consumer_cyclical_revenue_20m,Consumer Cyclical companies with revenue >= $20M,HDBSCAN,Density-based,HDBSCAN|mcs=10|ms=5,,All companies including noise,2,Current Ratio,23,0,0.0
consumer_cyclical_revenue_20m,Consumer Cyclical companies with revenue >= $20M,HDBSCAN,Density-based,HDBSCAN|mcs=10|ms=5,,All companies including noise,2,Debt Ratio,23,0,0.0
consumer_cyclical_revenue_20m,Consumer Cyclical companies with revenue >= $20M,HDBSCAN,Density-based,HDBSCAN|mcs=10|ms=5,,All companies including noise,2,Free Cash Flow Margin,23,0,0.0
consumer_cyclical_revenue_20m,Consumer Cyclical companies with revenue >= $20M,HDBSCAN,Density-based,HDBSCAN|mcs=10|ms=5,,All companies including noise,2,Operating Cash Flow Margin,23,0,0.0
consumer_cyclical_revenue_20m,Consumer Cyclical companies with revenue >= $20M,HDBSCAN,Density-based,HDBSCAN|mcs=10|ms=5,,HDBSCAN assigned subset,0,EBITDA Margin,13,0,0.0
consumer_cyclical_revenue_20m,Consumer Cyclical companies with revenue >= $20M,HDBSCAN,Density-based,HDBSCAN|mcs=10|ms=5,,HDBSCAN assigned subset,0,Return on Assets,13,0,0.0
consumer_cyclical_revenue_20m,Consumer Cyclical companies with revenue >= $20M,HDBSCAN,Density-based,HDBSCAN|mcs=10|ms=5,,HDBSCAN assigned subset,0,Asset Turnover,13,0,0.0
consumer_cyclical_revenue_20m,Consumer Cyclical companies with revenue >= $20M,HDBSCAN,Density-based,HDBSCAN|mcs=10|ms=5,,HDBSCAN assigned subset,0,Revenue per Employee,13,1,0.07692307692307693
consumer_cyclical_revenue_20m,Consumer Cyclical companies with revenue >= $20M,HDBSCAN,Density-based,HDBSCAN|mcs=10|ms=5,,HDBSCAN assigned subset,0,Current Ratio,13,0,0.0
consumer_cyclical_revenue_20m,Consumer Cyclical companies with revenue >= $20M,HDBSCAN,Density-based,HDBSCAN|mcs=10|ms=5,,HDBSCAN assigned subset,0,Debt Ratio,13,0,0.0
consumer_cyclical_revenue_20m,Consumer Cyclical companies with revenue >= $20M,HDBSCAN,Density-based,HDBSCAN|mcs=10|ms=5,,HDBSCAN assigned subset,0,Free Cash Flow Margin,13,0,0.0
consumer_cyclical_revenue_20m,Consumer Cyclical companies with revenue >= $20M,HDBSCAN,Density-based,HDBSCAN|mcs=10|ms=5,,HDBSCAN assigned subset,0,Operating Cash Flow Margin,13,0,0.0
consumer_cyclical_revenue_20m,Consumer Cyclical companies with revenue >= $20M,HDBSCAN,Density-based,HDBSCAN|mcs=10|ms=5,,HDBSCAN assigned subset,1,EBITDA Margin,366,0,0.0
consumer_cyclical_revenue_20m,Consumer Cyclical companies with revenue >= $20M,HDBSCAN,Density-based,HDBSCAN|mcs=10|ms=5,,HDBSCAN assigned subset,1,Return on Assets,366,1,0.00273224043715847
consumer_cyclical_revenue_20m,Consumer Cyclical companies with revenue >= $20M,HDBSCAN,Density-based,HDBSCAN|mcs=10|ms=5,,HDBSCAN assigned subset,1,Asset Turnover,366,0,0.0
consumer_cyclical_revenue_20m,Consumer Cyclical companies with revenue >= $20M,HDBSCAN,Density-based,HDBSCAN|mcs=10|ms=5,,HDBSCAN assigned subset,1,Revenue per Employee,366,11,0.030054644808743168
consumer_cyclical_revenue_20m,Consumer Cyclical companies with revenue >= $20M,HDBSCAN,Density-based,HDBSCAN|mcs=10|ms=5,,HDBSCAN assigned subset,1,Current Ratio,366,0,0.0
consumer_cyclical_revenue_20m,Consumer Cyclical companies with revenue >= $20M,HDBSCAN,Density-based,HDBSCAN|mcs=10|ms=5,,HDBSCAN assigned subset,1,Debt Ratio,366,1,0.00273224043715847
consumer_cyclical_revenue_20m,Consumer Cyclical companies with revenue >= $20M,HDBSCAN,Density-based,HDBSCAN|mcs=10|ms=5,,HDBSCAN assigned subset,1,Free Cash Flow Margin,366,0,0.0
consumer_cyclical_revenue_20m,Consumer Cyclical companies with revenue >= $20M,HDBSCAN,Density-based,HDBSCAN|mcs=10|ms=5,,HDBSCAN assigned subset,1,Operating Cash Flow Margin,366,1,0.00273224043715847
consumer_cyclical_revenue_20m,Consumer Cyclical companies with revenue >= $20M,HDBSCAN,Density-based,HDBSCAN|mcs=10|ms=5,,HDBSCAN assigned subset,2,EBITDA Margin,23,0,0.0
consumer_cyclical_revenue_20m,Consumer Cyclical companies with revenue >= $20M,HDBSCAN,Density-based,HDBSCAN|mcs=10|ms=5,,HDBSCAN assigned subset,2,Return on Assets,23,0,0.0
consumer_cyclical_revenue_20m,Consumer Cyclical companies with revenue >= $20M,HDBSCAN,Density-based,HDBSCAN|mcs=10|ms=5,,HDBSCAN assigned subset,2,Asset Turnover,23,0,0.0
consumer_cyclical_revenue_20m,Consumer Cyclical companies with revenue >= $20M,HDBSCAN,Density-based,HDBSCAN|mcs=10|ms=5,,HDBSCAN assigned subset,2,Revenue per Employee,23,0,0.0
consumer_cyclical_revenue_20m,Consumer Cyclical companies with revenue >= $20M,HDBSCAN,Density-based,HDBSCAN|mcs=10|ms=5,,HDBSCAN assigned subset,2,Current Ratio,23,0,0.0
consumer_cyclical_revenue_20m,Consumer Cyclical companies with revenue >= $20M,HDBSCAN,Density-based,HDBSCAN|mcs=10|ms=5,,HDBSCAN assigned subset,2,Debt Ratio,23,0,0.0
consumer_cyclical_revenue_20m,Consumer Cyclical companies with revenue >= $20M,HDBSCAN,Density-based,HDBSCAN|mcs=10|ms=5,,HDBSCAN assigned subset,2,Free Cash Flow Margin,23,0,0.0
consumer_cyclical_revenue_20m,Consumer Cyclical companies with revenue >= $20M,HDBSCAN,Density-based,HDBSCAN|mcs=10|ms=5,,HDBSCAN assigned subset,2,Operating Cash Flow Margin,23,0,0.0
consumer_cyclical_revenue_20m,Consumer Cyclical companies with revenue >= $20M,HDBSCAN,Density-based,HDBSCAN|mcs=15|ms=5,,All companies including noise,-1,EBITDA Margin,81,0,0.0
consumer_cyclical_revenue_20m,Consumer Cyclical companies with revenue >= $20M,HDBSCAN,Density-based,HDBSCAN|mcs=15|ms=5,,All companies including noise,-1,Return on Assets,81,0,0.0
consumer_cyclical_revenue_20m,Consumer Cyclical companies with revenue >= $20M,HDBSCAN,Density-based,HDBSCAN|mcs=15|ms=5,,All companies including noise,-1,Asset Turnover,81,0,0.0
consumer_cyclical_revenue_20m,Consumer Cyclical companies with revenue >= $20M,HDBSCAN,Density-based,HDBSCAN|mcs=15|ms=5,,All companies including noise,-1,Revenue per Employee,81,3,0.037037037037037035
consumer_cyclical_revenue_20m,Consumer Cyclical companies with revenue >= $20M,HDBSCAN,Density-based,HDBSCAN|mcs=15|ms=5,,All companies including noise,-1,Current Ratio,81,0,0.0
consumer_cyclical_revenue_20m,Consumer Cyclical companies with revenue >= $20M,HDBSCAN,Density-based,HDBSCAN|mcs=15|ms=5,,All companies including noise,-1,Debt Ratio,81,1,0.012345679012345678
consumer_cyclical_revenue_20m,Consumer Cyclical companies with revenue >= $20M,HDBSCAN,Density-based,HDBSCAN|mcs=15|ms=5,,All companies including noise,-1,Free Cash Flow Margin,81,0,0.0
consumer_cyclical_revenue_20m,Consumer Cyclical companies with revenue >= $20M,HDBSCAN,Density-based,HDBSCAN|mcs=15|ms=5,,All companies including noise,-1,Operating Cash Flow Margin,81,0,0.0
consumer_cyclical_revenue_20m,Consumer Cyclical companies with revenue >= $20M,HDBSCAN,Density-based,HDBSCAN|mcs=15|ms=5,,All companies including noise,0,EBITDA Margin,366,0,0.0
consumer_cyclical_revenue_20m,Consumer Cyclical companies with revenue >= $20M,HDBSCAN,Density-based,HDBSCAN|mcs=15|ms=5,,All companies including noise,0,Return on Assets,366,1,0.00273224043715847
consumer_cyclical_revenue_20m,Consumer Cyclical companies with revenue >= $20M,HDBSCAN,Density-based,HDBSCAN|mcs=15|ms=5,,All companies including noise,0,Asset Turnover,366,0,0.0
consumer_cyclical_revenue_20m,Consumer Cyclical companies with revenue >= $20M,HDBSCAN,Density-based,HDBSCAN|mcs=15|ms=5,,All companies including noise,0,Revenue per Employee,366,11,0.030054644808743168
consumer_cyclical_revenue_20m,Consumer Cyclical companies with revenue >= $20M,HDBSCAN,Density-based,HDBSCAN|mcs=15|ms=5,,All companies including noise,0,Current Ratio,366,0,0.0
consumer_cyclical_revenue_20m,Consumer Cyclical companies with revenue >= $20M,HDBSCAN,Density-based,HDBSCAN|mcs=15|ms=5,,All companies including noise,0,Debt Ratio,366,1,0.00273224043715847
consumer_cyclical_revenue_20m,Consumer Cyclical companies with revenue >= $20M,HDBSCAN,Density-based,HDBSCAN|mcs=15|ms=5,,All companies including noise,0,Free Cash Flow Margin,366,0,0.0
consumer_cyclical_revenue_20m,Consumer Cyclical companies with revenue >= $20M,HDBSCAN,Density-based,HDBSCAN|mcs=15|ms=5,,All companies including noise,0,Operating Cash Flow Margin,366,1,0.00273224043715847
consumer_cyclical_revenue_20m,Consumer Cyclical companies with revenue >= $20M,HDBSCAN,Density-based,HDBSCAN|mcs=15|ms=5,,All companies including noise,1,EBITDA Margin,23,0,0.0
consumer_cyclical_revenue_20m,Consumer Cyclical companies with revenue >= $20M,HDBSCAN,Density-based,HDBSCAN|mcs=15|ms=5,,All companies including noise,1,Return on Assets,23,0,0.0
consumer_cyclical_revenue_20m,Consumer Cyclical companies with revenue >= $20M,HDBSCAN,Density-based,HDBSCAN|mcs=15|ms=5,,All companies including noise,1,Asset Turnover,23,0,0.0
consumer_cyclical_revenue_20m,Consumer Cyclical companies with revenue >= $20M,HDBSCAN,Density-based,HDBSCAN|mcs=15|ms=5,,All companies including noise,1,Revenue per Employee,23,0,0.0
consumer_cyclical_revenue_20m,Consumer Cyclical companies with revenue >= $20M,HDBSCAN,Density-based,HDBSCAN|mcs=15|ms=5,,All companies including noise,1,Current Ratio,23,0,0.0
consumer_cyclical_revenue_20m,Consumer Cyclical companies with revenue >= $20M,HDBSCAN,Density-based,HDBSCAN|mcs=15|ms=5,,All companies including noise,1,Debt Ratio,23,0,0.0
consumer_cyclical_revenue_20m,Consumer Cyclical companies with revenue >= $20M,HDBSCAN,Density-based,HDBSCAN|mcs=15|ms=5,,All companies including noise,1,Free Cash Flow Margin,23,0,0.0
consumer_cyclical_revenue_20m,Consumer Cyclical companies with revenue >= $20M,HDBSCAN,Density-based,HDBSCAN|mcs=15|ms=5,,All companies including noise,1,Operating Cash Flow Margin,23,0,0.0
consumer_cyclical_revenue_20m,Consumer Cyclical companies with revenue >= $20M,HDBSCAN,Density-based,HDBSCAN|mcs=15|ms=5,,HDBSCAN assigned subset,0,EBITDA Margin,366,0,0.0
consumer_cyclical_revenue_20m,Consumer Cyclical companies with revenue >= $20M,HDBSCAN,Density-based,HDBSCAN|mcs=15|ms=5,,HDBSCAN assigned subset,0,Return on Assets,366,1,0.00273224043715847
consumer_cyclical_revenue_20m,Consumer Cyclical companies with revenue >= $20M,HDBSCAN,Density-based,HDBSCAN|mcs=15|ms=5,,HDBSCAN assigned subset,0,Asset Turnover,366,0,0.0
consumer_cyclical_revenue_20m,Consumer Cyclical companies with revenue >= $20M,HDBSCAN,Density-based,HDBSCAN|mcs=15|ms=5,,HDBSCAN assigned subset,0,Revenue per Employee,366,11,0.030054644808743168
consumer_cyclical_revenue_20m,Consumer Cyclical companies with revenue >= $20M,HDBSCAN,Density-based,HDBSCAN|mcs=15|ms=5,,HDBSCAN assigned subset,0,Current Ratio,366,0,0.0
consumer_cyclical_revenue_20m,Consumer Cyclical companies with revenue >= $20M,HDBSCAN,Density-based,HDBSCAN|mcs=15|ms=5,,HDBSCAN assigned subset,0,Debt Ratio,366,1,0.00273224043715847
consumer_cyclical_revenue_20m,Consumer Cyclical companies with revenue >= $20M,HDBSCAN,Density-based,HDBSCAN|mcs=15|ms=5,,HDBSCAN assigned subset,0,Free Cash Flow Margin,366,0,0.0
consumer_cyclical_revenue_20m,Consumer Cyclical companies with revenue >= $20M,HDBSCAN,Density-based,HDBSCAN|mcs=15|ms=5,,HDBSCAN assigned subset,0,Operating Cash Flow Margin,366,1,0.00273224043715847
consumer_cyclical_revenue_20m,Consumer Cyclical companies with revenue >= $20M,HDBSCAN,Density-based,HDBSCAN|mcs=15|ms=5,,HDBSCAN assigned subset,1,EBITDA Margin,23,0,0.0
consumer_cyclical_revenue_20m,Consumer Cyclical companies with revenue >= $20M,HDBSCAN,Density-based,HDBSCAN|mcs=15|ms=5,,HDBSCAN assigned subset,1,Return on Assets,23,0,0.0
consumer_cyclical_revenue_20m,Consumer Cyclical companies with revenue >= $20M,HDBSCAN,Density-based,HDBSCAN|mcs=15|ms=5,,HDBSCAN assigned subset,1,Asset Turnover,23,0,0.0
consumer_cyclical_revenue_20m,Consumer Cyclical companies with revenue >= $20M,HDBSCAN,Density-based,HDBSCAN|mcs=15|ms=5,,HDBSCAN assigned subset,1,Revenue per Employee,23,0,0.0
consumer_cyclical_revenue_20m,Consumer Cyclical companies with revenue >= $20M,HDBSCAN,Density-based,HDBSCAN|mcs=15|ms=5,,HDBSCAN assigned subset,1,Current Ratio,23,0,0.0
consumer_cyclical_revenue_20m,Consumer Cyclical companies with revenue >= $20M,HDBSCAN,Density-based,HDBSCAN|mcs=15|ms=5,,HDBSCAN assigned subset,1,Debt Ratio,23,0,0.0
consumer_cyclical_revenue_20m,Consumer Cyclical companies with revenue >= $20M,HDBSCAN,Density-based,HDBSCAN|mcs=15|ms=5,,HDBSCAN assigned subset,1,Free Cash Flow Margin,23,0,0.0
consumer_cyclical_revenue_20m,Consumer Cyclical companies with revenue >= $20M,HDBSCAN,Density-based,HDBSCAN|mcs=15|ms=5,,HDBSCAN assigned subset,1,Operating Cash Flow Margin,23,0,0.0
consumer_cyclical_revenue_20m,Consumer Cyclical companies with revenue >= $20M,HDBSCAN,Density-based,HDBSCAN|mcs=20|ms=5,,All companies including noise,-1,EBITDA Margin,81,0,0.0
consumer_cyclical_revenue_20m,Consumer Cyclical companies with revenue >= $20M,HDBSCAN,Density-based,HDBSCAN|mcs=20|ms=5,,All companies including noise,-1,Return on Assets,81,0,0.0
consumer_cyclical_revenue_20m,Consumer Cyclical companies with revenue >= $20M,HDBSCAN,Density-based,HDBSCAN|mcs=20|ms=5,,All companies including noise,-1,Asset Turnover,81,0,0.0
consumer_cyclical_revenue_20m,Consumer Cyclical companies with revenue >= $20M,HDBSCAN,Density-based,HDBSCAN|mcs=20|ms=5,,All companies including noise,-1,Revenue per Employee,81,3,0.037037037037037035
consumer_cyclical_revenue_20m,Consumer Cyclical companies with revenue >= $20M,HDBSCAN,Density-based,HDBSCAN|mcs=20|ms=5,,All companies including noise,-1,Current Ratio,81,0,0.0
consumer_cyclical_revenue_20m,Consumer Cyclical companies with revenue >= $20M,HDBSCAN,Density-based,HDBSCAN|mcs=20|ms=5,,All companies including noise,-1,Debt Ratio,81,1,0.012345679012345678
consumer_cyclical_revenue_20m,Consumer Cyclical companies with revenue >= $20M,HDBSCAN,Density-based,HDBSCAN|mcs=20|ms=5,,All companies including noise,-1,Free Cash Flow Margin,81,0,0.0
consumer_cyclical_revenue_20m,Consumer Cyclical companies with revenue >= $20M,HDBSCAN,Density-based,HDBSCAN|mcs=20|ms=5,,All companies including noise,-1,Operating Cash Flow Margin,81,0,0.0
consumer_cyclical_revenue_20m,Consumer Cyclical companies with revenue >= $20M,HDBSCAN,Density-based,HDBSCAN|mcs=20|ms=5,,All companies including noise,0,EBITDA Margin,366,0,0.0
consumer_cyclical_revenue_20m,Consumer Cyclical companies with revenue >= $20M,HDBSCAN,Density-based,HDBSCAN|mcs=20|ms=5,,All companies including noise,0,Return on Assets,366,1,0.00273224043715847
consumer_cyclical_revenue_20m,Consumer Cyclical companies with revenue >= $20M,HDBSCAN,Density-based,HDBSCAN|mcs=20|ms=5,,All companies including noise,0,Asset Turnover,366,0,0.0
consumer_cyclical_revenue_20m,Consumer Cyclical companies with revenue >= $20M,HDBSCAN,Density-based,HDBSCAN|mcs=20|ms=5,,All companies including noise,0,Revenue per Employee,366,11,0.030054644808743168
consumer_cyclical_revenue_20m,Consumer Cyclical companies with revenue >= $20M,HDBSCAN,Density-based,HDBSCAN|mcs=20|ms=5,,All companies including noise,0,Current Ratio,366,0,0.0
consumer_cyclical_revenue_20m,Consumer Cyclical companies with revenue >= $20M,HDBSCAN,Density-based,HDBSCAN|mcs=20|ms=5,,All companies including noise,0,Debt Ratio,366,1,0.00273224043715847
consumer_cyclical_revenue_20m,Consumer Cyclical companies with revenue >= $20M,HDBSCAN,Density-based,HDBSCAN|mcs=20|ms=5,,All companies including noise,0,Free Cash Flow Margin,366,0,0.0
consumer_cyclical_revenue_20m,Consumer Cyclical companies with revenue >= $20M,HDBSCAN,Density-based,HDBSCAN|mcs=20|ms=5,,All companies including noise,0,Operating Cash Flow Margin,366,1,0.00273224043715847
consumer_cyclical_revenue_20m,Consumer Cyclical companies with revenue >= $20M,HDBSCAN,Density-based,HDBSCAN|mcs=20|ms=5,,All companies including noise,1,EBITDA Margin,23,0,0.0
consumer_cyclical_revenue_20m,Consumer Cyclical companies with revenue >= $20M,HDBSCAN,Density-based,HDBSCAN|mcs=20|ms=5,,All companies including noise,1,Return on Assets,23,0,0.0
consumer_cyclical_revenue_20m,Consumer Cyclical companies with revenue >= $20M,HDBSCAN,Density-based,HDBSCAN|mcs=20|ms=5,,All companies including noise,1,Asset Turnover,23,0,0.0
consumer_cyclical_revenue_20m,Consumer Cyclical companies with revenue >= $20M,HDBSCAN,Density-based,HDBSCAN|mcs=20|ms=5,,All companies including noise,1,Revenue per Employee,23,0,0.0
consumer_cyclical_revenue_20m,Consumer Cyclical companies with revenue >= $20M,HDBSCAN,Density-based,HDBSCAN|mcs=20|ms=5,,All companies including noise,1,Current Ratio,23,0,0.0
consumer_cyclical_revenue_20m,Consumer Cyclical companies with revenue >= $20M,HDBSCAN,Density-based,HDBSCAN|mcs=20|ms=5,,All companies including noise,1,Debt Ratio,23,0,0.0
consumer_cyclical_revenue_20m,Consumer Cyclical companies with revenue >= $20M,HDBSCAN,Density-based,HDBSCAN|mcs=20|ms=5,,All companies including noise,1,Free Cash Flow Margin,23,0,0.0
consumer_cyclical_revenue_20m,Consumer Cyclical companies with revenue >= $20M,HDBSCAN,Density-based,HDBSCAN|mcs=20|ms=5,,All companies including noise,1,Operating Cash Flow Margin,23,0,0.0
consumer_cyclical_revenue_20m,Consumer Cyclical companies with revenue >= $20M,HDBSCAN,Density-based,HDBSCAN|mcs=20|ms=5,,HDBSCAN assigned subset,0,EBITDA Margin,366,0,0.0
consumer_cyclical_revenue_20m,Consumer Cyclical companies with revenue >= $20M,HDBSCAN,Density-based,HDBSCAN|mcs=20|ms=5,,HDBSCAN assigned subset,0,Return on Assets,366,1,0.00273224043715847
consumer_cyclical_revenue_20m,Consumer Cyclical companies with revenue >= $20M,HDBSCAN,Density-based,HDBSCAN|mcs=20|ms=5,,HDBSCAN assigned subset,0,Asset Turnover,366,0,0.0
consumer_cyclical_revenue_20m,Consumer Cyclical companies with revenue >= $20M,HDBSCAN,Density-based,HDBSCAN|mcs=20|ms=5,,HDBSCAN assigned subset,0,Revenue per Employee,366,11,0.030054644808743168
consumer_cyclical_revenue_20m,Consumer Cyclical companies with revenue >= $20M,HDBSCAN,Density-based,HDBSCAN|mcs=20|ms=5,,HDBSCAN assigned subset,0,Current Ratio,366,0,0.0
consumer_cyclical_revenue_20m,Consumer Cyclical companies with revenue >= $20M,HDBSCAN,Density-based,HDBSCAN|mcs=20|ms=5,,HDBSCAN assigned subset,0,Debt Ratio,366,1,0.00273224043715847
consumer_cyclical_revenue_20m,Consumer Cyclical companies with revenue >= $20M,HDBSCAN,Density-based,HDBSCAN|mcs=20|ms=5,,HDBSCAN assigned subset,0,Free Cash Flow Margin,366,0,0.0
consumer_cyclical_revenue_20m,Consumer Cyclical companies with revenue >= $20M,HDBSCAN,Density-based,HDBSCAN|mcs=20|ms=5,,HDBSCAN assigned subset,0,Operating Cash Flow Margin,366,1,0.00273224043715847
consumer_cyclical_revenue_20m,Consumer Cyclical companies with revenue >= $20M,HDBSCAN,Density-based,HDBSCAN|mcs=20|ms=5,,HDBSCAN assigned subset,1,EBITDA Margin,23,0,0.0
consumer_cyclical_revenue_20m,Consumer Cyclical companies with revenue >= $20M,HDBSCAN,Density-based,HDBSCAN|mcs=20|ms=5,,HDBSCAN assigned subset,1,Return on Assets,23,0,0.0
consumer_cyclical_revenue_20m,Consumer Cyclical companies with revenue >= $20M,HDBSCAN,Density-based,HDBSCAN|mcs=20|ms=5,,HDBSCAN assigned subset,1,Asset Turnover,23,0,0.0
consumer_cyclical_revenue_20m,Consumer Cyclical companies with revenue >= $20M,HDBSCAN,Density-based,HDBSCAN|mcs=20|ms=5,,HDBSCAN assigned subset,1,Revenue per Employee,23,0,0.0
consumer_cyclical_revenue_20m,Consumer Cyclical companies with revenue >= $20M,HDBSCAN,Density-based,HDBSCAN|mcs=20|ms=5,,HDBSCAN assigned subset,1,Current Ratio,23,0,0.0
consumer_cyclical_revenue_20m,Consumer Cyclical companies with revenue >= $20M,HDBSCAN,Density-based,HDBSCAN|mcs=20|ms=5,,HDBSCAN assigned subset,1,Debt Ratio,23,0,0.0
consumer_cyclical_revenue_20m,Consumer Cyclical companies with revenue >= $20M,HDBSCAN,Density-based,HDBSCAN|mcs=20|ms=5,,HDBSCAN assigned subset,1,Free Cash Flow Margin,23,0,0.0
consumer_cyclical_revenue_20m,Consumer Cyclical companies with revenue >= $20M,HDBSCAN,Density-based,HDBSCAN|mcs=20|ms=5,,HDBSCAN assigned subset,1,Operating Cash Flow Margin,23,0,0.0
consumer_cyclical_revenue_20m,Consumer Cyclical companies with revenue >= $20M,Autoencoder + K-Means,Neural full-assignment,Autoencoder + K-Means|K=4,42.0,All eligible companies,0,EBITDA Margin,279,0,0.0
consumer_cyclical_revenue_20m,Consumer Cyclical companies with revenue >= $20M,Autoencoder + K-Means,Neural full-assignment,Autoencoder + K-Means|K=4,42.0,All eligible companies,0,Return on Assets,279,1,0.0035842293906810036
consumer_cyclical_revenue_20m,Consumer Cyclical companies with revenue >= $20M,Autoencoder + K-Means,Neural full-assignment,Autoencoder + K-Means|K=4,42.0,All eligible companies,0,Asset Turnover,279,0,0.0
consumer_cyclical_revenue_20m,Consumer Cyclical companies with revenue >= $20M,Autoencoder + K-Means,Neural full-assignment,Autoencoder + K-Means|K=4,42.0,All eligible companies,0,Revenue per Employee,279,10,0.035842293906810034
consumer_cyclical_revenue_20m,Consumer Cyclical companies with revenue >= $20M,Autoencoder + K-Means,Neural full-assignment,Autoencoder + K-Means|K=4,42.0,All eligible companies,0,Current Ratio,279,0,0.0
consumer_cyclical_revenue_20m,Consumer Cyclical companies with revenue >= $20M,Autoencoder + K-Means,Neural full-assignment,Autoencoder + K-Means|K=4,42.0,All eligible companies,0,Debt Ratio,279,1,0.0035842293906810036
consumer_cyclical_revenue_20m,Consumer Cyclical companies with revenue >= $20M,Autoencoder + K-Means,Neural full-assignment,Autoencoder + K-Means|K=4,42.0,All eligible companies,0,Free Cash Flow Margin,279,0,0.0
consumer_cyclical_revenue_20m,Consumer Cyclical companies with revenue >= $20M,Autoencoder + K-Means,Neural full-assignment,Autoencoder + K-Means|K=4,42.0,All eligible companies,0,Operating Cash Flow Margin,279,0,0.0
consumer_cyclical_revenue_20m,Consumer Cyclical companies with revenue >= $20M,Autoencoder + K-Means,Neural full-assignment,Autoencoder + K-Means|K=4,42.0,All eligible companies,1,EBITDA Margin,42,0,0.0
consumer_cyclical_revenue_20m,Consumer Cyclical companies with revenue >= $20M,Autoencoder + K-Means,Neural full-assignment,Autoencoder + K-Means|K=4,42.0,All eligible companies,1,Return on Assets,42,0,0.0
consumer_cyclical_revenue_20m,Consumer Cyclical companies with revenue >= $20M,Autoencoder + K-Means,Neural full-assignment,Autoencoder + K-Means|K=4,42.0,All eligible companies,1,Asset Turnover,42,0,0.0
consumer_cyclical_revenue_20m,Consumer Cyclical companies with revenue >= $20M,Autoencoder + K-Means,Neural full-assignment,Autoencoder + K-Means|K=4,42.0,All eligible companies,1,Revenue per Employee,42,0,0.0
consumer_cyclical_revenue_20m,Consumer Cyclical companies with revenue >= $20M,Autoencoder + K-Means,Neural full-assignment,Autoencoder + K-Means|K=4,42.0,All eligible companies,1,Current Ratio,42,0,0.0
consumer_cyclical_revenue_20m,Consumer Cyclical companies with revenue >= $20M,Autoencoder + K-Means,Neural full-assignment,Autoencoder + K-Means|K=4,42.0,All eligible companies,1,Debt Ratio,42,0,0.0
consumer_cyclical_revenue_20m,Consumer Cyclical companies with revenue >= $20M,Autoencoder + K-Means,Neural full-assignment,Autoencoder + K-Means|K=4,42.0,All eligible companies,1,Free Cash Flow Margin,42,0,0.0
consumer_cyclical_revenue_20m,Consumer Cyclical companies with revenue >= $20M,Autoencoder + K-Means,Neural full-assignment,Autoencoder + K-Means|K=4,42.0,All eligible companies,1,Operating Cash Flow Margin,42,0,0.0
consumer_cyclical_revenue_20m,Consumer Cyclical companies with revenue >= $20M,Autoencoder + K-Means,Neural full-assignment,Autoencoder + K-Means|K=4,42.0,All eligible companies,2,EBITDA Margin,114,0,0.0
consumer_cyclical_revenue_20m,Consumer Cyclical companies with revenue >= $20M,Autoencoder + K-Means,Neural full-assignment,Autoencoder + K-Means|K=4,42.0,All eligible companies,2,Return on Assets,114,0,0.0
consumer_cyclical_revenue_20m,Consumer Cyclical companies with revenue >= $20M,Autoencoder + K-Means,Neural full-assignment,Autoencoder + K-Means|K=4,42.0,All eligible companies,2,Asset Turnover,114,0,0.0
consumer_cyclical_revenue_20m,Consumer Cyclical companies with revenue >= $20M,Autoencoder + K-Means,Neural full-assignment,Autoencoder + K-Means|K=4,42.0,All eligible companies,2,Revenue per Employee,114,2,0.017543859649122806
consumer_cyclical_revenue_20m,Consumer Cyclical companies with revenue >= $20M,Autoencoder + K-Means,Neural full-assignment,Autoencoder + K-Means|K=4,42.0,All eligible companies,2,Current Ratio,114,0,0.0
consumer_cyclical_revenue_20m,Consumer Cyclical companies with revenue >= $20M,Autoencoder + K-Means,Neural full-assignment,Autoencoder + K-Means|K=4,42.0,All eligible companies,2,Debt Ratio,114,1,0.008771929824561403
consumer_cyclical_revenue_20m,Consumer Cyclical companies with revenue >= $20M,Autoencoder + K-Means,Neural full-assignment,Autoencoder + K-Means|K=4,42.0,All eligible companies,2,Free Cash Flow Margin,114,0,0.0
consumer_cyclical_revenue_20m,Consumer Cyclical companies with revenue >= $20M,Autoencoder + K-Means,Neural full-assignment,Autoencoder + K-Means|K=4,42.0,All eligible companies,2,Operating Cash Flow Margin,114,1,0.008771929824561403
consumer_cyclical_revenue_20m,Consumer Cyclical companies with revenue >= $20M,Autoencoder + K-Means,Neural full-assignment,Autoencoder + K-Means|K=4,42.0,All eligible companies,3,EBITDA Margin,35,0,0.0
consumer_cyclical_revenue_20m,Consumer Cyclical companies with revenue >= $20M,Autoencoder + K-Means,Neural full-assignment,Autoencoder + K-Means|K=4,42.0,All eligible companies,3,Return on Assets,35,0,0.0
consumer_cyclical_revenue_20m,Consumer Cyclical companies with revenue >= $20M,Autoencoder + K-Means,Neural full-assignment,Autoencoder + K-Means|K=4,42.0,All eligible companies,3,Asset Turnover,35,0,0.0
consumer_cyclical_revenue_20m,Consumer Cyclical companies with revenue >= $20M,Autoencoder + K-Means,Neural full-assignment,Autoencoder + K-Means|K=4,42.0,All eligible companies,3,Revenue per Employee,35,2,0.05714285714285714
consumer_cyclical_revenue_20m,Consumer Cyclical companies with revenue >= $20M,Autoencoder + K-Means,Neural full-assignment,Autoencoder + K-Means|K=4,42.0,All eligible companies,3,Current Ratio,35,0,0.0
consumer_cyclical_revenue_20m,Consumer Cyclical companies with revenue >= $20M,Autoencoder + K-Means,Neural full-assignment,Autoencoder + K-Means|K=4,42.0,All eligible companies,3,Debt Ratio,35,0,0.0
consumer_cyclical_revenue_20m,Consumer Cyclical companies with revenue >= $20M,Autoencoder + K-Means,Neural full-assignment,Autoencoder + K-Means|K=4,42.0,All eligible companies,3,Free Cash Flow Margin,35,0,0.0
consumer_cyclical_revenue_20m,Consumer Cyclical companies with revenue >= $20M,Autoencoder + K-Means,Neural full-assignment,Autoencoder + K-Means|K=4,42.0,All eligible companies,3,Operating Cash Flow Margin,35,0,0.0
consumer_cyclical_revenue_20m,Consumer Cyclical companies with revenue >= $20M,DEC,Neural full-assignment,DEC|K=4,42.0,All eligible companies,0,EBITDA Margin,233,0,0.0
consumer_cyclical_revenue_20m,Consumer Cyclical companies with revenue >= $20M,DEC,Neural full-assignment,DEC|K=4,42.0,All eligible companies,0,Return on Assets,233,1,0.004291845493562232
consumer_cyclical_revenue_20m,Consumer Cyclical companies with revenue >= $20M,DEC,Neural full-assignment,DEC|K=4,42.0,All eligible companies,0,Asset Turnover,233,0,0.0
consumer_cyclical_revenue_20m,Consumer Cyclical companies with revenue >= $20M,DEC,Neural full-assignment,DEC|K=4,42.0,All eligible companies,0,Revenue per Employee,233,9,0.03862660944206009
consumer_cyclical_revenue_20m,Consumer Cyclical companies with revenue >= $20M,DEC,Neural full-assignment,DEC|K=4,42.0,All eligible companies,0,Current Ratio,233,0,0.0
consumer_cyclical_revenue_20m,Consumer Cyclical companies with revenue >= $20M,DEC,Neural full-assignment,DEC|K=4,42.0,All eligible companies,0,Debt Ratio,233,1,0.004291845493562232
consumer_cyclical_revenue_20m,Consumer Cyclical companies with revenue >= $20M,DEC,Neural full-assignment,DEC|K=4,42.0,All eligible companies,0,Free Cash Flow Margin,233,0,0.0
consumer_cyclical_revenue_20m,Consumer Cyclical companies with revenue >= $20M,DEC,Neural full-assignment,DEC|K=4,42.0,All eligible companies,0,Operating Cash Flow Margin,233,0,0.0
consumer_cyclical_revenue_20m,Consumer Cyclical companies with revenue >= $20M,DEC,Neural full-assignment,DEC|K=4,42.0,All eligible companies,1,EBITDA Margin,46,0,0.0
consumer_cyclical_revenue_20m,Consumer Cyclical companies with revenue >= $20M,DEC,Neural full-assignment,DEC|K=4,42.0,All eligible companies,1,Return on Assets,46,0,0.0
consumer_cyclical_revenue_20m,Consumer Cyclical companies with revenue >= $20M,DEC,Neural full-assignment,DEC|K=4,42.0,All eligible companies,1,Asset Turnover,46,0,0.0
consumer_cyclical_revenue_20m,Consumer Cyclical companies with revenue >= $20M,DEC,Neural full-assignment,DEC|K=4,42.0,All eligible companies,1,Revenue per Employee,46,0,0.0
consumer_cyclical_revenue_20m,Consumer Cyclical companies with revenue >= $20M,DEC,Neural full-assignment,DEC|K=4,42.0,All eligible companies,1,Current Ratio,46,0,0.0
consumer_cyclical_revenue_20m,Consumer Cyclical companies with revenue >= $20M,DEC,Neural full-assignment,DEC|K=4,42.0,All eligible companies,1,Debt Ratio,46,0,0.0
consumer_cyclical_revenue_20m,Consumer Cyclical companies with revenue >= $20M,DEC,Neural full-assignment,DEC|K=4,42.0,All eligible companies,1,Free Cash Flow Margin,46,0,0.0
consumer_cyclical_revenue_20m,Consumer Cyclical companies with revenue >= $20M,DEC,Neural full-assignment,DEC|K=4,42.0,All eligible companies,1,Operating Cash Flow Margin,46,0,0.0
consumer_cyclical_revenue_20m,Consumer Cyclical companies with revenue >= $20M,DEC,Neural full-assignment,DEC|K=4,42.0,All eligible companies,2,EBITDA Margin,135,0,0.0
consumer_cyclical_revenue_20m,Consumer Cyclical companies with revenue >= $20M,DEC,Neural full-assignment,DEC|K=4,42.0,All eligible companies,2,Return on Assets,135,0,0.0
consumer_cyclical_revenue_20m,Consumer Cyclical companies with revenue >= $20M,DEC,Neural full-assignment,DEC|K=4,42.0,All eligible companies,2,Asset Turnover,135,0,0.0
consumer_cyclical_revenue_20m,Consumer Cyclical companies with revenue >= $20M,DEC,Neural full-assignment,DEC|K=4,42.0,All eligible companies,2,Revenue per Employee,135,3,0.022222222222222223
consumer_cyclical_revenue_20m,Consumer Cyclical companies with revenue >= $20M,DEC,Neural full-assignment,DEC|K=4,42.0,All eligible companies,2,Current Ratio,135,0,0.0
consumer_cyclical_revenue_20m,Consumer Cyclical companies with revenue >= $20M,DEC,Neural full-assignment,DEC|K=4,42.0,All eligible companies,2,Debt Ratio,135,1,0.007407407407407408
consumer_cyclical_revenue_20m,Consumer Cyclical companies with revenue >= $20M,DEC,Neural full-assignment,DEC|K=4,42.0,All eligible companies,2,Free Cash Flow Margin,135,0,0.0
consumer_cyclical_revenue_20m,Consumer Cyclical companies with revenue >= $20M,DEC,Neural full-assignment,DEC|K=4,42.0,All eligible companies,2,Operating Cash Flow Margin,135,1,0.007407407407407408
consumer_cyclical_revenue_20m,Consumer Cyclical companies with revenue >= $20M,DEC,Neural full-assignment,DEC|K=4,42.0,All eligible companies,3,EBITDA Margin,56,0,0.0
consumer_cyclical_revenue_20m,Consumer Cyclical companies with revenue >= $20M,DEC,Neural full-assignment,DEC|K=4,42.0,All eligible companies,3,Return on Assets,56,0,0.0
consumer_cyclical_revenue_20m,Consumer Cyclical companies with revenue >= $20M,DEC,Neural full-assignment,DEC|K=4,42.0,All eligible companies,3,Asset Turnover,56,0,0.0
consumer_cyclical_revenue_20m,Consumer Cyclical companies with revenue >= $20M,DEC,Neural full-assignment,DEC|K=4,42.0,All eligible companies,3,Revenue per Employee,56,2,0.03571428571428571
consumer_cyclical_revenue_20m,Consumer Cyclical companies with revenue >= $20M,DEC,Neural full-assignment,DEC|K=4,42.0,All eligible companies,3,Current Ratio,56,0,0.0
consumer_cyclical_revenue_20m,Consumer Cyclical companies with revenue >= $20M,DEC,Neural full-assignment,DEC|K=4,42.0,All eligible companies,3,Debt Ratio,56,0,0.0
consumer_cyclical_revenue_20m,Consumer Cyclical companies with revenue >= $20M,DEC,Neural full-assignment,DEC|K=4,42.0,All eligible companies,3,Free Cash Flow Margin,56,0,0.0
consumer_cyclical_revenue_20m,Consumer Cyclical companies with revenue >= $20M,DEC,Neural full-assignment,DEC|K=4,42.0,All eligible companies,3,Operating Cash Flow Margin,56,0,0.0
consumer_cyclical_revenue_20m,Consumer Cyclical companies with revenue >= $20M,Autoencoder + K-Means,Neural full-assignment,Autoencoder + K-Means|K=4,456.0,All eligible companies,0,EBITDA Margin,197,0,0.0
consumer_cyclical_revenue_20m,Consumer Cyclical companies with revenue >= $20M,Autoencoder + K-Means,Neural full-assignment,Autoencoder + K-Means|K=4,456.0,All eligible companies,0,Return on Assets,197,1,0.005076142131979695
consumer_cyclical_revenue_20m,Consumer Cyclical companies with revenue >= $20M,Autoencoder + K-Means,Neural full-assignment,Autoencoder + K-Means|K=4,456.0,All eligible companies,0,Asset Turnover,197,0,0.0
consumer_cyclical_revenue_20m,Consumer Cyclical companies with revenue >= $20M,Autoencoder + K-Means,Neural full-assignment,Autoencoder + K-Means|K=4,456.0,All eligible companies,0,Revenue per Employee,197,8,0.04060913705583756
consumer_cyclical_revenue_20m,Consumer Cyclical companies with revenue >= $20M,Autoencoder + K-Means,Neural full-assignment,Autoencoder + K-Means|K=4,456.0,All eligible companies,0,Current Ratio,197,0,0.0
consumer_cyclical_revenue_20m,Consumer Cyclical companies with revenue >= $20M,Autoencoder + K-Means,Neural full-assignment,Autoencoder + K-Means|K=4,456.0,All eligible companies,0,Debt Ratio,197,1,0.005076142131979695
consumer_cyclical_revenue_20m,Consumer Cyclical companies with revenue >= $20M,Autoencoder + K-Means,Neural full-assignment,Autoencoder + K-Means|K=4,456.0,All eligible companies,0,Free Cash Flow Margin,197,0,0.0
consumer_cyclical_revenue_20m,Consumer Cyclical companies with revenue >= $20M,Autoencoder + K-Means,Neural full-assignment,Autoencoder + K-Means|K=4,456.0,All eligible companies,0,Operating Cash Flow Margin,197,0,0.0
consumer_cyclical_revenue_20m,Consumer Cyclical companies with revenue >= $20M,Autoencoder + K-Means,Neural full-assignment,Autoencoder + K-Means|K=4,456.0,All eligible companies,1,EBITDA Margin,34,0,0.0
consumer_cyclical_revenue_20m,Consumer Cyclical companies with revenue >= $20M,Autoencoder + K-Means,Neural full-assignment,Autoencoder + K-Means|K=4,456.0,All eligible companies,1,Return on Assets,34,0,0.0
consumer_cyclical_revenue_20m,Consumer Cyclical companies with revenue >= $20M,Autoencoder + K-Means,Neural full-assignment,Autoencoder + K-Means|K=4,456.0,All eligible companies,1,Asset Turnover,34,0,0.0
consumer_cyclical_revenue_20m,Consumer Cyclical companies with revenue >= $20M,Autoencoder + K-Means,Neural full-assignment,Autoencoder + K-Means|K=4,456.0,All eligible companies,1,Revenue per Employee,34,2,0.058823529411764705
consumer_cyclical_revenue_20m,Consumer Cyclical companies with revenue >= $20M,Autoencoder + K-Means,Neural full-assignment,Autoencoder + K-Means|K=4,456.0,All eligible companies,1,Current Ratio,34,0,0.0
consumer_cyclical_revenue_20m,Consumer Cyclical companies with revenue >= $20M,Autoencoder + K-Means,Neural full-assignment,Autoencoder + K-Means|K=4,456.0,All eligible companies,1,Debt Ratio,34,0,0.0
consumer_cyclical_revenue_20m,Consumer Cyclical companies with revenue >= $20M,Autoencoder + K-Means,Neural full-assignment,Autoencoder + K-Means|K=4,456.0,All eligible companies,1,Free Cash Flow Margin,34,0,0.0
consumer_cyclical_revenue_20m,Consumer Cyclical companies with revenue >= $20M,Autoencoder + K-Means,Neural full-assignment,Autoencoder + K-Means|K=4,456.0,All eligible companies,1,Operating Cash Flow Margin,34,0,0.0
consumer_cyclical_revenue_20m,Consumer Cyclical companies with revenue >= $20M,Autoencoder + K-Means,Neural full-assignment,Autoencoder + K-Means|K=4,456.0,All eligible companies,2,EBITDA Margin,180,0,0.0
consumer_cyclical_revenue_20m,Consumer Cyclical companies with revenue >= $20M,Autoencoder + K-Means,Neural full-assignment,Autoencoder + K-Means|K=4,456.0,All eligible companies,2,Return on Assets,180,0,0.0
consumer_cyclical_revenue_20m,Consumer Cyclical companies with revenue >= $20M,Autoencoder + K-Means,Neural full-assignment,Autoencoder + K-Means|K=4,456.0,All eligible companies,2,Asset Turnover,180,0,0.0
consumer_cyclical_revenue_20m,Consumer Cyclical companies with revenue >= $20M,Autoencoder + K-Means,Neural full-assignment,Autoencoder + K-Means|K=4,456.0,All eligible companies,2,Revenue per Employee,180,4,0.022222222222222223
consumer_cyclical_revenue_20m,Consumer Cyclical companies with revenue >= $20M,Autoencoder + K-Means,Neural full-assignment,Autoencoder + K-Means|K=4,456.0,All eligible companies,2,Current Ratio,180,0,0.0
consumer_cyclical_revenue_20m,Consumer Cyclical companies with revenue >= $20M,Autoencoder + K-Means,Neural full-assignment,Autoencoder + K-Means|K=4,456.0,All eligible companies,2,Debt Ratio,180,1,0.005555555555555556
consumer_cyclical_revenue_20m,Consumer Cyclical companies with revenue >= $20M,Autoencoder + K-Means,Neural full-assignment,Autoencoder + K-Means|K=4,456.0,All eligible companies,2,Free Cash Flow Margin,180,0,0.0
consumer_cyclical_revenue_20m,Consumer Cyclical companies with revenue >= $20M,Autoencoder + K-Means,Neural full-assignment,Autoencoder + K-Means|K=4,456.0,All eligible companies,2,Operating Cash Flow Margin,180,1,0.005555555555555556
consumer_cyclical_revenue_20m,Consumer Cyclical companies with revenue >= $20M,Autoencoder + K-Means,Neural full-assignment,Autoencoder + K-Means|K=4,456.0,All eligible companies,3,EBITDA Margin,59,0,0.0
consumer_cyclical_revenue_20m,Consumer Cyclical companies with revenue >= $20M,Autoencoder + K-Means,Neural full-assignment,Autoencoder + K-Means|K=4,456.0,All eligible companies,3,Return on Assets,59,0,0.0
consumer_cyclical_revenue_20m,Consumer Cyclical companies with revenue >= $20M,Autoencoder + K-Means,Neural full-assignment,Autoencoder + K-Means|K=4,456.0,All eligible companies,3,Asset Turnover,59,0,0.0
consumer_cyclical_revenue_20m,Consumer Cyclical companies with revenue >= $20M,Autoencoder + K-Means,Neural full-assignment,Autoencoder + K-Means|K=4,456.0,All eligible companies,3,Revenue per Employee,59,0,0.0
consumer_cyclical_revenue_20m,Consumer Cyclical companies with revenue >= $20M,Autoencoder + K-Means,Neural full-assignment,Autoencoder + K-Means|K=4,456.0,All eligible companies,3,Current Ratio,59,0,0.0
consumer_cyclical_revenue_20m,Consumer Cyclical companies with revenue >= $20M,Autoencoder + K-Means,Neural full-assignment,Autoencoder + K-Means|K=4,456.0,All eligible companies,3,Debt Ratio,59,0,0.0
consumer_cyclical_revenue_20m,Consumer Cyclical companies with revenue >= $20M,Autoencoder + K-Means,Neural full-assignment,Autoencoder + K-Means|K=4,456.0,All eligible companies,3,Free Cash Flow Margin,59,0,0.0
consumer_cyclical_revenue_20m,Consumer Cyclical companies with revenue >= $20M,Autoencoder + K-Means,Neural full-assignment,Autoencoder + K-Means|K=4,456.0,All eligible companies,3,Operating Cash Flow Margin,59,0,0.0
consumer_cyclical_revenue_20m,Consumer Cyclical companies with revenue >= $20M,DEC,Neural full-assignment,DEC|K=4,456.0,All eligible companies,0,EBITDA Margin,173,0,0.0
consumer_cyclical_revenue_20m,Consumer Cyclical companies with revenue >= $20M,DEC,Neural full-assignment,DEC|K=4,456.0,All eligible companies,0,Return on Assets,173,0,0.0
consumer_cyclical_revenue_20m,Consumer Cyclical companies with revenue >= $20M,DEC,Neural full-assignment,DEC|K=4,456.0,All eligible companies,0,Asset Turnover,173,0,0.0
consumer_cyclical_revenue_20m,Consumer Cyclical companies with revenue >= $20M,DEC,Neural full-assignment,DEC|K=4,456.0,All eligible companies,0,Revenue per Employee,173,7,0.04046242774566474
consumer_cyclical_revenue_20m,Consumer Cyclical companies with revenue >= $20M,DEC,Neural full-assignment,DEC|K=4,456.0,All eligible companies,0,Current Ratio,173,0,0.0
consumer_cyclical_revenue_20m,Consumer Cyclical companies with revenue >= $20M,DEC,Neural full-assignment,DEC|K=4,456.0,All eligible companies,0,Debt Ratio,173,1,0.005780346820809248
consumer_cyclical_revenue_20m,Consumer Cyclical companies with revenue >= $20M,DEC,Neural full-assignment,DEC|K=4,456.0,All eligible companies,0,Free Cash Flow Margin,173,0,0.0
consumer_cyclical_revenue_20m,Consumer Cyclical companies with revenue >= $20M,DEC,Neural full-assignment,DEC|K=4,456.0,All eligible companies,0,Operating Cash Flow Margin,173,0,0.0
consumer_cyclical_revenue_20m,Consumer Cyclical companies with revenue >= $20M,DEC,Neural full-assignment,DEC|K=4,456.0,All eligible companies,1,EBITDA Margin,60,0,0.0
consumer_cyclical_revenue_20m,Consumer Cyclical companies with revenue >= $20M,DEC,Neural full-assignment,DEC|K=4,456.0,All eligible companies,1,Return on Assets,60,0,0.0
consumer_cyclical_revenue_20m,Consumer Cyclical companies with revenue >= $20M,DEC,Neural full-assignment,DEC|K=4,456.0,All eligible companies,1,Asset Turnover,60,0,0.0
consumer_cyclical_revenue_20m,Consumer Cyclical companies with revenue >= $20M,DEC,Neural full-assignment,DEC|K=4,456.0,All eligible companies,1,Revenue per Employee,60,2,0.03333333333333333
consumer_cyclical_revenue_20m,Consumer Cyclical companies with revenue >= $20M,DEC,Neural full-assignment,DEC|K=4,456.0,All eligible companies,1,Current Ratio,60,0,0.0
consumer_cyclical_revenue_20m,Consumer Cyclical companies with revenue >= $20M,DEC,Neural full-assignment,DEC|K=4,456.0,All eligible companies,1,Debt Ratio,60,0,0.0
consumer_cyclical_revenue_20m,Consumer Cyclical companies with revenue >= $20M,DEC,Neural full-assignment,DEC|K=4,456.0,All eligible companies,1,Free Cash Flow Margin,60,0,0.0
consumer_cyclical_revenue_20m,Consumer Cyclical companies with revenue >= $20M,DEC,Neural full-assignment,DEC|K=4,456.0,All eligible companies,1,Operating Cash Flow Margin,60,0,0.0
consumer_cyclical_revenue_20m,Consumer Cyclical companies with revenue >= $20M,DEC,Neural full-assignment,DEC|K=4,456.0,All eligible companies,2,EBITDA Margin,166,0,0.0
consumer_cyclical_revenue_20m,Consumer Cyclical companies with revenue >= $20M,DEC,Neural full-assignment,DEC|K=4,456.0,All eligible companies,2,Return on Assets,166,1,0.006024096385542169
consumer_cyclical_revenue_20m,Consumer Cyclical companies with revenue >= $20M,DEC,Neural full-assignment,DEC|K=4,456.0,All eligible companies,2,Asset Turnover,166,0,0.0
consumer_cyclical_revenue_20m,Consumer Cyclical companies with revenue >= $20M,DEC,Neural full-assignment,DEC|K=4,456.0,All eligible companies,2,Revenue per Employee,166,4,0.024096385542168676
consumer_cyclical_revenue_20m,Consumer Cyclical companies with revenue >= $20M,DEC,Neural full-assignment,DEC|K=4,456.0,All eligible companies,2,Current Ratio,166,0,0.0
consumer_cyclical_revenue_20m,Consumer Cyclical companies with revenue >= $20M,DEC,Neural full-assignment,DEC|K=4,456.0,All eligible companies,2,Debt Ratio,166,1,0.006024096385542169
consumer_cyclical_revenue_20m,Consumer Cyclical companies with revenue >= $20M,DEC,Neural full-assignment,DEC|K=4,456.0,All eligible companies,2,Free Cash Flow Margin,166,0,0.0
consumer_cyclical_revenue_20m,Consumer Cyclical companies with revenue >= $20M,DEC,Neural full-assignment,DEC|K=4,456.0,All eligible companies,2,Operating Cash Flow Margin,166,1,0.006024096385542169
consumer_cyclical_revenue_20m,Consumer Cyclical companies with revenue >= $20M,DEC,Neural full-assignment,DEC|K=4,456.0,All eligible companies,3,EBITDA Margin,71,0,0.0
consumer_cyclical_revenue_20m,Consumer Cyclical companies with revenue >= $20M,DEC,Neural full-assignment,DEC|K=4,456.0,All eligible companies,3,Return on Assets,71,0,0.0
consumer_cyclical_revenue_20m,Consumer Cyclical companies with revenue >= $20M,DEC,Neural full-assignment,DEC|K=4,456.0,All eligible companies,3,Asset Turnover,71,0,0.0
consumer_cyclical_revenue_20m,Consumer Cyclical companies with revenue >= $20M,DEC,Neural full-assignment,DEC|K=4,456.0,All eligible companies,3,Revenue per Employee,71,1,0.014084507042253521
consumer_cyclical_revenue_20m,Consumer Cyclical companies with revenue >= $20M,DEC,Neural full-assignment,DEC|K=4,456.0,All eligible companies,3,Current Ratio,71,0,0.0
consumer_cyclical_revenue_20m,Consumer Cyclical companies with revenue >= $20M,DEC,Neural full-assignment,DEC|K=4,456.0,All eligible companies,3,Debt Ratio,71,0,0.0
consumer_cyclical_revenue_20m,Consumer Cyclical companies with revenue >= $20M,DEC,Neural full-assignment,DEC|K=4,456.0,All eligible companies,3,Free Cash Flow Margin,71,0,0.0
consumer_cyclical_revenue_20m,Consumer Cyclical companies with revenue >= $20M,DEC,Neural full-assignment,DEC|K=4,456.0,All eligible companies,3,Operating Cash Flow Margin,71,0,0.0
consumer_cyclical_revenue_20m,Consumer Cyclical companies with revenue >= $20M,Autoencoder + K-Means,Neural full-assignment,Autoencoder + K-Means|K=4,2026.0,All eligible companies,0,EBITDA Margin,273,0,0.0
consumer_cyclical_revenue_20m,Consumer Cyclical companies with revenue >= $20M,Autoencoder + K-Means,Neural full-assignment,Autoencoder + K-Means|K=4,2026.0,All eligible companies,0,Return on Assets,273,1,0.003663003663003663
consumer_cyclical_revenue_20m,Consumer Cyclical companies with revenue >= $20M,Autoencoder + K-Means,Neural full-assignment,Autoencoder + K-Means|K=4,2026.0,All eligible companies,0,Asset Turnover,273,0,0.0
consumer_cyclical_revenue_20m,Consumer Cyclical companies with revenue >= $20M,Autoencoder + K-Means,Neural full-assignment,Autoencoder + K-Means|K=4,2026.0,All eligible companies,0,Revenue per Employee,273,9,0.03296703296703297
consumer_cyclical_revenue_20m,Consumer Cyclical companies with revenue >= $20M,Autoencoder + K-Means,Neural full-assignment,Autoencoder + K-Means|K=4,2026.0,All eligible companies,0,Current Ratio,273,0,0.0
consumer_cyclical_revenue_20m,Consumer Cyclical companies with revenue >= $20M,Autoencoder + K-Means,Neural full-assignment,Autoencoder + K-Means|K=4,2026.0,All eligible companies,0,Debt Ratio,273,2,0.007326007326007326
consumer_cyclical_revenue_20m,Consumer Cyclical companies with revenue >= $20M,Autoencoder + K-Means,Neural full-assignment,Autoencoder + K-Means|K=4,2026.0,All eligible companies,0,Free Cash Flow Margin,273,0,0.0
consumer_cyclical_revenue_20m,Consumer Cyclical companies with revenue >= $20M,Autoencoder + K-Means,Neural full-assignment,Autoencoder + K-Means|K=4,2026.0,All eligible companies,0,Operating Cash Flow Margin,273,0,0.0
consumer_cyclical_revenue_20m,Consumer Cyclical companies with revenue >= $20M,Autoencoder + K-Means,Neural full-assignment,Autoencoder + K-Means|K=4,2026.0,All eligible companies,1,EBITDA Margin,115,0,0.0
consumer_cyclical_revenue_20m,Consumer Cyclical companies with revenue >= $20M,Autoencoder + K-Means,Neural full-assignment,Autoencoder + K-Means|K=4,2026.0,All eligible companies,1,Return on Assets,115,0,0.0
consumer_cyclical_revenue_20m,Consumer Cyclical companies with revenue >= $20M,Autoencoder + K-Means,Neural full-assignment,Autoencoder + K-Means|K=4,2026.0,All eligible companies,1,Asset Turnover,115,0,0.0
consumer_cyclical_revenue_20m,Consumer Cyclical companies with revenue >= $20M,Autoencoder + K-Means,Neural full-assignment,Autoencoder + K-Means|K=4,2026.0,All eligible companies,1,Revenue per Employee,115,3,0.02608695652173913
consumer_cyclical_revenue_20m,Consumer Cyclical companies with revenue >= $20M,Autoencoder + K-Means,Neural full-assignment,Autoencoder + K-Means|K=4,2026.0,All eligible companies,1,Current Ratio,115,0,0.0
consumer_cyclical_revenue_20m,Consumer Cyclical companies with revenue >= $20M,Autoencoder + K-Means,Neural full-assignment,Autoencoder + K-Means|K=4,2026.0,All eligible companies,1,Debt Ratio,115,0,0.0
consumer_cyclical_revenue_20m,Consumer Cyclical companies with revenue >= $20M,Autoencoder + K-Means,Neural full-assignment,Autoencoder + K-Means|K=4,2026.0,All eligible companies,1,Free Cash Flow Margin,115,0,0.0
consumer_cyclical_revenue_20m,Consumer Cyclical companies with revenue >= $20M,Autoencoder + K-Means,Neural full-assignment,Autoencoder + K-Means|K=4,2026.0,All eligible companies,1,Operating Cash Flow Margin,115,1,0.008695652173913044
consumer_cyclical_revenue_20m,Consumer Cyclical companies with revenue >= $20M,Autoencoder + K-Means,Neural full-assignment,Autoencoder + K-Means|K=4,2026.0,All eligible companies,2,EBITDA Margin,40,0,0.0
consumer_cyclical_revenue_20m,Consumer Cyclical companies with revenue >= $20M,Autoencoder + K-Means,Neural full-assignment,Autoencoder + K-Means|K=4,2026.0,All eligible companies,2,Return on Assets,40,0,0.0
consumer_cyclical_revenue_20m,Consumer Cyclical companies with revenue >= $20M,Autoencoder + K-Means,Neural full-assignment,Autoencoder + K-Means|K=4,2026.0,All eligible companies,2,Asset Turnover,40,0,0.0
consumer_cyclical_revenue_20m,Consumer Cyclical companies with revenue >= $20M,Autoencoder + K-Means,Neural full-assignment,Autoencoder + K-Means|K=4,2026.0,All eligible companies,2,Revenue per Employee,40,2,0.05
consumer_cyclical_revenue_20m,Consumer Cyclical companies with revenue >= $20M,Autoencoder + K-Means,Neural full-assignment,Autoencoder + K-Means|K=4,2026.0,All eligible companies,2,Current Ratio,40,0,0.0
consumer_cyclical_revenue_20m,Consumer Cyclical companies with revenue >= $20M,Autoencoder + K-Means,Neural full-assignment,Autoencoder + K-Means|K=4,2026.0,All eligible companies,2,Debt Ratio,40,0,0.0
consumer_cyclical_revenue_20m,Consumer Cyclical companies with revenue >= $20M,Autoencoder + K-Means,Neural full-assignment,Autoencoder + K-Means|K=4,2026.0,All eligible companies,2,Free Cash Flow Margin,40,0,0.0
consumer_cyclical_revenue_20m,Consumer Cyclical companies with revenue >= $20M,Autoencoder + K-Means,Neural full-assignment,Autoencoder + K-Means|K=4,2026.0,All eligible companies,2,Operating Cash Flow Margin,40,0,0.0
consumer_cyclical_revenue_20m,Consumer Cyclical companies with revenue >= $20M,Autoencoder + K-Means,Neural full-assignment,Autoencoder + K-Means|K=4,2026.0,All eligible companies,3,EBITDA Margin,42,0,0.0
consumer_cyclical_revenue_20m,Consumer Cyclical companies with revenue >= $20M,Autoencoder + K-Means,Neural full-assignment,Autoencoder + K-Means|K=4,2026.0,All eligible companies,3,Return on Assets,42,0,0.0
consumer_cyclical_revenue_20m,Consumer Cyclical companies with revenue >= $20M,Autoencoder + K-Means,Neural full-assignment,Autoencoder + K-Means|K=4,2026.0,All eligible companies,3,Asset Turnover,42,0,0.0
consumer_cyclical_revenue_20m,Consumer Cyclical companies with revenue >= $20M,Autoencoder + K-Means,Neural full-assignment,Autoencoder + K-Means|K=4,2026.0,All eligible companies,3,Revenue per Employee,42,0,0.0
consumer_cyclical_revenue_20m,Consumer Cyclical companies with revenue >= $20M,Autoencoder + K-Means,Neural full-assignment,Autoencoder + K-Means|K=4,2026.0,All eligible companies,3,Current Ratio,42,0,0.0
consumer_cyclical_revenue_20m,Consumer Cyclical companies with revenue >= $20M,Autoencoder + K-Means,Neural full-assignment,Autoencoder + K-Means|K=4,2026.0,All eligible companies,3,Debt Ratio,42,0,0.0
consumer_cyclical_revenue_20m,Consumer Cyclical companies with revenue >= $20M,Autoencoder + K-Means,Neural full-assignment,Autoencoder + K-Means|K=4,2026.0,All eligible companies,3,Free Cash Flow Margin,42,0,0.0
consumer_cyclical_revenue_20m,Consumer Cyclical companies with revenue >= $20M,Autoencoder + K-Means,Neural full-assignment,Autoencoder + K-Means|K=4,2026.0,All eligible companies,3,Operating Cash Flow Margin,42,0,0.0
consumer_cyclical_revenue_20m,Consumer Cyclical companies with revenue >= $20M,DEC,Neural full-assignment,DEC|K=4,2026.0,All eligible companies,0,EBITDA Margin,255,0,0.0
consumer_cyclical_revenue_20m,Consumer Cyclical companies with revenue >= $20M,DEC,Neural full-assignment,DEC|K=4,2026.0,All eligible companies,0,Return on Assets,255,1,0.00392156862745098
consumer_cyclical_revenue_20m,Consumer Cyclical companies with revenue >= $20M,DEC,Neural full-assignment,DEC|K=4,2026.0,All eligible companies,0,Asset Turnover,255,0,0.0
consumer_cyclical_revenue_20m,Consumer Cyclical companies with revenue >= $20M,DEC,Neural full-assignment,DEC|K=4,2026.0,All eligible companies,0,Revenue per Employee,255,9,0.03529411764705882
consumer_cyclical_revenue_20m,Consumer Cyclical companies with revenue >= $20M,DEC,Neural full-assignment,DEC|K=4,2026.0,All eligible companies,0,Current Ratio,255,0,0.0
consumer_cyclical_revenue_20m,Consumer Cyclical companies with revenue >= $20M,DEC,Neural full-assignment,DEC|K=4,2026.0,All eligible companies,0,Debt Ratio,255,2,0.00784313725490196
consumer_cyclical_revenue_20m,Consumer Cyclical companies with revenue >= $20M,DEC,Neural full-assignment,DEC|K=4,2026.0,All eligible companies,0,Free Cash Flow Margin,255,0,0.0
consumer_cyclical_revenue_20m,Consumer Cyclical companies with revenue >= $20M,DEC,Neural full-assignment,DEC|K=4,2026.0,All eligible companies,0,Operating Cash Flow Margin,255,0,0.0
consumer_cyclical_revenue_20m,Consumer Cyclical companies with revenue >= $20M,DEC,Neural full-assignment,DEC|K=4,2026.0,All eligible companies,1,EBITDA Margin,130,0,0.0
consumer_cyclical_revenue_20m,Consumer Cyclical companies with revenue >= $20M,DEC,Neural full-assignment,DEC|K=4,2026.0,All eligible companies,1,Return on Assets,130,0,0.0
consumer_cyclical_revenue_20m,Consumer Cyclical companies with revenue >= $20M,DEC,Neural full-assignment,DEC|K=4,2026.0,All eligible companies,1,Asset Turnover,130,0,0.0
consumer_cyclical_revenue_20m,Consumer Cyclical companies with revenue >= $20M,DEC,Neural full-assignment,DEC|K=4,2026.0,All eligible companies,1,Revenue per Employee,130,3,0.023076923076923078
consumer_cyclical_revenue_20m,Consumer Cyclical companies with revenue >= $20M,DEC,Neural full-assignment,DEC|K=4,2026.0,All eligible companies,1,Current Ratio,130,0,0.0
consumer_cyclical_revenue_20m,Consumer Cyclical companies with revenue >= $20M,DEC,Neural full-assignment,DEC|K=4,2026.0,All eligible companies,1,Debt Ratio,130,0,0.0
consumer_cyclical_revenue_20m,Consumer Cyclical companies with revenue >= $20M,DEC,Neural full-assignment,DEC|K=4,2026.0,All eligible companies,1,Free Cash Flow Margin,130,0,0.0
consumer_cyclical_revenue_20m,Consumer Cyclical companies with revenue >= $20M,DEC,Neural full-assignment,DEC|K=4,2026.0,All eligible companies,1,Operating Cash Flow Margin,130,1,0.007692307692307693
consumer_cyclical_revenue_20m,Consumer Cyclical companies with revenue >= $20M,DEC,Neural full-assignment,DEC|K=4,2026.0,All eligible companies,2,EBITDA Margin,44,0,0.0
consumer_cyclical_revenue_20m,Consumer Cyclical companies with revenue >= $20M,DEC,Neural full-assignment,DEC|K=4,2026.0,All eligible companies,2,Return on Assets,44,0,0.0
consumer_cyclical_revenue_20m,Consumer Cyclical companies with revenue >= $20M,DEC,Neural full-assignment,DEC|K=4,2026.0,All eligible companies,2,Asset Turnover,44,0,0.0
consumer_cyclical_revenue_20m,Consumer Cyclical companies with revenue >= $20M,DEC,Neural full-assignment,DEC|K=4,2026.0,All eligible companies,2,Revenue per Employee,44,2,0.045454545454545456
consumer_cyclical_revenue_20m,Consumer Cyclical companies with revenue >= $20M,DEC,Neural full-assignment,DEC|K=4,2026.0,All eligible companies,2,Current Ratio,44,0,0.0
consumer_cyclical_revenue_20m,Consumer Cyclical companies with revenue >= $20M,DEC,Neural full-assignment,DEC|K=4,2026.0,All eligible companies,2,Debt Ratio,44,0,0.0
consumer_cyclical_revenue_20m,Consumer Cyclical companies with revenue >= $20M,DEC,Neural full-assignment,DEC|K=4,2026.0,All eligible companies,2,Free Cash Flow Margin,44,0,0.0
consumer_cyclical_revenue_20m,Consumer Cyclical companies with revenue >= $20M,DEC,Neural full-assignment,DEC|K=4,2026.0,All eligible companies,2,Operating Cash Flow Margin,44,0,0.0
consumer_cyclical_revenue_20m,Consumer Cyclical companies with revenue >= $20M,DEC,Neural full-assignment,DEC|K=4,2026.0,All eligible companies,3,EBITDA Margin,41,0,0.0
consumer_cyclical_revenue_20m,Consumer Cyclical companies with revenue >= $20M,DEC,Neural full-assignment,DEC|K=4,2026.0,All eligible companies,3,Return on Assets,41,0,0.0
consumer_cyclical_revenue_20m,Consumer Cyclical companies with revenue >= $20M,DEC,Neural full-assignment,DEC|K=4,2026.0,All eligible companies,3,Asset Turnover,41,0,0.0
consumer_cyclical_revenue_20m,Consumer Cyclical companies with revenue >= $20M,DEC,Neural full-assignment,DEC|K=4,2026.0,All eligible companies,3,Revenue per Employee,41,0,0.0
consumer_cyclical_revenue_20m,Consumer Cyclical companies with revenue >= $20M,DEC,Neural full-assignment,DEC|K=4,2026.0,All eligible companies,3,Current Ratio,41,0,0.0
consumer_cyclical_revenue_20m,Consumer Cyclical companies with revenue >= $20M,DEC,Neural full-assignment,DEC|K=4,2026.0,All eligible companies,3,Debt Ratio,41,0,0.0
consumer_cyclical_revenue_20m,Consumer Cyclical companies with revenue >= $20M,DEC,Neural full-assignment,DEC|K=4,2026.0,All eligible companies,3,Free Cash Flow Margin,41,0,0.0
consumer_cyclical_revenue_20m,Consumer Cyclical companies with revenue >= $20M,DEC,Neural full-assignment,DEC|K=4,2026.0,All eligible companies,3,Operating Cash Flow Margin,41,0,0.0
non_financial_large_cap_revenue_1b,Non-financial companies with revenue >= $1B,Agglomerative,Traditional full-assignment,Agglomerative|K=2,,All eligible companies,0,EBITDA Margin,1528,5,0.0032722513089005235
non_financial_large_cap_revenue_1b,Non-financial companies with revenue >= $1B,Agglomerative,Traditional full-assignment,Agglomerative|K=2,,All eligible companies,0,Return on Assets,1528,3,0.001963350785340314
non_financial_large_cap_revenue_1b,Non-financial companies with revenue >= $1B,Agglomerative,Traditional full-assignment,Agglomerative|K=2,,All eligible companies,0,Asset Turnover,1528,0,0.0
non_financial_large_cap_revenue_1b,Non-financial companies with revenue >= $1B,Agglomerative,Traditional full-assignment,Agglomerative|K=2,,All eligible companies,0,Revenue per Employee,1528,78,0.051047120418848166
non_financial_large_cap_revenue_1b,Non-financial companies with revenue >= $1B,Agglomerative,Traditional full-assignment,Agglomerative|K=2,,All eligible companies,0,Current Ratio,1528,6,0.003926701570680628
non_financial_large_cap_revenue_1b,Non-financial companies with revenue >= $1B,Agglomerative,Traditional full-assignment,Agglomerative|K=2,,All eligible companies,0,Debt Ratio,1528,12,0.007853403141361256
non_financial_large_cap_revenue_1b,Non-financial companies with revenue >= $1B,Agglomerative,Traditional full-assignment,Agglomerative|K=2,,All eligible companies,0,Free Cash Flow Margin,1528,1,0.0006544502617801048
non_financial_large_cap_revenue_1b,Non-financial companies with revenue >= $1B,Agglomerative,Traditional full-assignment,Agglomerative|K=2,,All eligible companies,0,Operating Cash Flow Margin,1528,8,0.005235602094240838
non_financial_large_cap_revenue_1b,Non-financial companies with revenue >= $1B,Agglomerative,Traditional full-assignment,Agglomerative|K=2,,All eligible companies,1,EBITDA Margin,123,4,0.032520325203252036
non_financial_large_cap_revenue_1b,Non-financial companies with revenue >= $1B,Agglomerative,Traditional full-assignment,Agglomerative|K=2,,All eligible companies,1,Return on Assets,123,0,0.0
non_financial_large_cap_revenue_1b,Non-financial companies with revenue >= $1B,Agglomerative,Traditional full-assignment,Agglomerative|K=2,,All eligible companies,1,Asset Turnover,123,0,0.0
non_financial_large_cap_revenue_1b,Non-financial companies with revenue >= $1B,Agglomerative,Traditional full-assignment,Agglomerative|K=2,,All eligible companies,1,Revenue per Employee,123,0,0.0
non_financial_large_cap_revenue_1b,Non-financial companies with revenue >= $1B,Agglomerative,Traditional full-assignment,Agglomerative|K=2,,All eligible companies,1,Current Ratio,123,3,0.024390243902439025
non_financial_large_cap_revenue_1b,Non-financial companies with revenue >= $1B,Agglomerative,Traditional full-assignment,Agglomerative|K=2,,All eligible companies,1,Debt Ratio,123,2,0.016260162601626018
non_financial_large_cap_revenue_1b,Non-financial companies with revenue >= $1B,Agglomerative,Traditional full-assignment,Agglomerative|K=2,,All eligible companies,1,Free Cash Flow Margin,123,0,0.0
non_financial_large_cap_revenue_1b,Non-financial companies with revenue >= $1B,Agglomerative,Traditional full-assignment,Agglomerative|K=2,,All eligible companies,1,Operating Cash Flow Margin,123,3,0.024390243902439025
non_financial_large_cap_revenue_1b,Non-financial companies with revenue >= $1B,K-Means,Traditional full-assignment,K-Means|K=2,,All eligible companies,0,EBITDA Margin,1489,5,0.0033579583613163196
non_financial_large_cap_revenue_1b,Non-financial companies with revenue >= $1B,K-Means,Traditional full-assignment,K-Means|K=2,,All eligible companies,0,Return on Assets,1489,3,0.0020147750167897917
non_financial_large_cap_revenue_1b,Non-financial companies with revenue >= $1B,K-Means,Traditional full-assignment,K-Means|K=2,,All eligible companies,0,Asset Turnover,1489,0,0.0
non_financial_large_cap_revenue_1b,Non-financial companies with revenue >= $1B,K-Means,Traditional full-assignment,K-Means|K=2,,All eligible companies,0,Revenue per Employee,1489,78,0.052384150436534584
non_financial_large_cap_revenue_1b,Non-financial companies with revenue >= $1B,K-Means,Traditional full-assignment,K-Means|K=2,,All eligible companies,0,Current Ratio,1489,6,0.004029550033579583
non_financial_large_cap_revenue_1b,Non-financial companies with revenue >= $1B,K-Means,Traditional full-assignment,K-Means|K=2,,All eligible companies,0,Debt Ratio,1489,12,0.008059100067159167
non_financial_large_cap_revenue_1b,Non-financial companies with revenue >= $1B,K-Means,Traditional full-assignment,K-Means|K=2,,All eligible companies,0,Free Cash Flow Margin,1489,1,0.000671591672263264
non_financial_large_cap_revenue_1b,Non-financial companies with revenue >= $1B,K-Means,Traditional full-assignment,K-Means|K=2,,All eligible companies,0,Operating Cash Flow Margin,1489,8,0.005372733378106112
non_financial_large_cap_revenue_1b,Non-financial companies with revenue >= $1B,K-Means,Traditional full-assignment,K-Means|K=2,,All eligible companies,1,EBITDA Margin,162,4,0.024691358024691357
non_financial_large_cap_revenue_1b,Non-financial companies with revenue >= $1B,K-Means,Traditional full-assignment,K-Means|K=2,,All eligible companies,1,Return on Assets,162,0,0.0
non_financial_large_cap_revenue_1b,Non-financial companies with revenue >= $1B,K-Means,Traditional full-assignment,K-Means|K=2,,All eligible companies,1,Asset Turnover,162,0,0.0
non_financial_large_cap_revenue_1b,Non-financial companies with revenue >= $1B,K-Means,Traditional full-assignment,K-Means|K=2,,All eligible companies,1,Revenue per Employee,162,0,0.0
non_financial_large_cap_revenue_1b,Non-financial companies with revenue >= $1B,K-Means,Traditional full-assignment,K-Means|K=2,,All eligible companies,1,Current Ratio,162,3,0.018518518518518517
non_financial_large_cap_revenue_1b,Non-financial companies with revenue >= $1B,K-Means,Traditional full-assignment,K-Means|K=2,,All eligible companies,1,Debt Ratio,162,2,0.012345679012345678
non_financial_large_cap_revenue_1b,Non-financial companies with revenue >= $1B,K-Means,Traditional full-assignment,K-Means|K=2,,All eligible companies,1,Free Cash Flow Margin,162,0,0.0
non_financial_large_cap_revenue_1b,Non-financial companies with revenue >= $1B,K-Means,Traditional full-assignment,K-Means|K=2,,All eligible companies,1,Operating Cash Flow Margin,162,3,0.018518518518518517
non_financial_large_cap_revenue_1b,Non-financial companies with revenue >= $1B,Gaussian Mixture,Traditional full-assignment,Gaussian Mixture|K=2,,All eligible companies,0,EBITDA Margin,999,1,0.001001001001001001
non_financial_large_cap_revenue_1b,Non-financial companies with revenue >= $1B,Gaussian Mixture,Traditional full-assignment,Gaussian Mixture|K=2,,All eligible companies,0,Return on Assets,999,0,0.0
non_financial_large_cap_revenue_1b,Non-financial companies with revenue >= $1B,Gaussian Mixture,Traditional full-assignment,Gaussian Mixture|K=2,,All eligible companies,0,Asset Turnover,999,0,0.0
non_financial_large_cap_revenue_1b,Non-financial companies with revenue >= $1B,Gaussian Mixture,Traditional full-assignment,Gaussian Mixture|K=2,,All eligible companies,0,Revenue per Employee,999,32,0.03203203203203203
non_financial_large_cap_revenue_1b,Non-financial companies with revenue >= $1B,Gaussian Mixture,Traditional full-assignment,Gaussian Mixture|K=2,,All eligible companies,0,Current Ratio,999,3,0.003003003003003003
non_financial_large_cap_revenue_1b,Non-financial companies with revenue >= $1B,Gaussian Mixture,Traditional full-assignment,Gaussian Mixture|K=2,,All eligible companies,0,Debt Ratio,999,2,0.002002002002002002
non_financial_large_cap_revenue_1b,Non-financial companies with revenue >= $1B,Gaussian Mixture,Traditional full-assignment,Gaussian Mixture|K=2,,All eligible companies,0,Free Cash Flow Margin,999,1,0.001001001001001001
non_financial_large_cap_revenue_1b,Non-financial companies with revenue >= $1B,Gaussian Mixture,Traditional full-assignment,Gaussian Mixture|K=2,,All eligible companies,0,Operating Cash Flow Margin,999,3,0.003003003003003003
non_financial_large_cap_revenue_1b,Non-financial companies with revenue >= $1B,Gaussian Mixture,Traditional full-assignment,Gaussian Mixture|K=2,,All eligible companies,1,EBITDA Margin,652,8,0.012269938650306749
non_financial_large_cap_revenue_1b,Non-financial companies with revenue >= $1B,Gaussian Mixture,Traditional full-assignment,Gaussian Mixture|K=2,,All eligible companies,1,Return on Assets,652,3,0.004601226993865031
non_financial_large_cap_revenue_1b,Non-financial companies with revenue >= $1B,Gaussian Mixture,Traditional full-assignment,Gaussian Mixture|K=2,,All eligible companies,1,Asset Turnover,652,0,0.0
non_financial_large_cap_revenue_1b,Non-financial companies with revenue >= $1B,Gaussian Mixture,Traditional full-assignment,Gaussian Mixture|K=2,,All eligible companies,1,Revenue per Employee,652,46,0.0705521472392638
non_financial_large_cap_revenue_1b,Non-financial companies with revenue >= $1B,Gaussian Mixture,Traditional full-assignment,Gaussian Mixture|K=2,,All eligible companies,1,Current Ratio,652,6,0.009202453987730062
non_financial_large_cap_revenue_1b,Non-financial companies with revenue >= $1B,Gaussian Mixture,Traditional full-assignment,Gaussian Mixture|K=2,,All eligible companies,1,Debt Ratio,652,12,0.018404907975460124
non_financial_large_cap_revenue_1b,Non-financial companies with revenue >= $1B,Gaussian Mixture,Traditional full-assignment,Gaussian Mixture|K=2,,All eligible companies,1,Free Cash Flow Margin,652,0,0.0
non_financial_large_cap_revenue_1b,Non-financial companies with revenue >= $1B,Gaussian Mixture,Traditional full-assignment,Gaussian Mixture|K=2,,All eligible companies,1,Operating Cash Flow Margin,652,8,0.012269938650306749
non_financial_large_cap_revenue_1b,Non-financial companies with revenue >= $1B,HDBSCAN,Density-based,HDBSCAN|mcs=10|ms=5,,All companies including noise,-1,EBITDA Margin,137,4,0.029197080291970802
non_financial_large_cap_revenue_1b,Non-financial companies with revenue >= $1B,HDBSCAN,Density-based,HDBSCAN|mcs=10|ms=5,,All companies including noise,-1,Return on Assets,137,0,0.0
non_financial_large_cap_revenue_1b,Non-financial companies with revenue >= $1B,HDBSCAN,Density-based,HDBSCAN|mcs=10|ms=5,,All companies including noise,-1,Asset Turnover,137,0,0.0
non_financial_large_cap_revenue_1b,Non-financial companies with revenue >= $1B,HDBSCAN,Density-based,HDBSCAN|mcs=10|ms=5,,All companies including noise,-1,Revenue per Employee,137,7,0.051094890510948905
non_financial_large_cap_revenue_1b,Non-financial companies with revenue >= $1B,HDBSCAN,Density-based,HDBSCAN|mcs=10|ms=5,,All companies including noise,-1,Current Ratio,137,3,0.021897810218978103
non_financial_large_cap_revenue_1b,Non-financial companies with revenue >= $1B,HDBSCAN,Density-based,HDBSCAN|mcs=10|ms=5,,All companies including noise,-1,Debt Ratio,137,5,0.0364963503649635
non_financial_large_cap_revenue_1b,Non-financial companies with revenue >= $1B,HDBSCAN,Density-based,HDBSCAN|mcs=10|ms=5,,All companies including noise,-1,Free Cash Flow Margin,137,0,0.0
non_financial_large_cap_revenue_1b,Non-financial companies with revenue >= $1B,HDBSCAN,Density-based,HDBSCAN|mcs=10|ms=5,,All companies including noise,-1,Operating Cash Flow Margin,137,3,0.021897810218978103
non_financial_large_cap_revenue_1b,Non-financial companies with revenue >= $1B,HDBSCAN,Density-based,HDBSCAN|mcs=10|ms=5,,All companies including noise,0,EBITDA Margin,1448,5,0.003453038674033149
non_financial_large_cap_revenue_1b,Non-financial companies with revenue >= $1B,HDBSCAN,Density-based,HDBSCAN|mcs=10|ms=5,,All companies including noise,0,Return on Assets,1448,3,0.0020718232044198894
non_financial_large_cap_revenue_1b,Non-financial companies with revenue >= $1B,HDBSCAN,Density-based,HDBSCAN|mcs=10|ms=5,,All companies including noise,0,Asset Turnover,1448,0,0.0
non_financial_large_cap_revenue_1b,Non-financial companies with revenue >= $1B,HDBSCAN,Density-based,HDBSCAN|mcs=10|ms=5,,All companies including noise,0,Revenue per Employee,1448,71,0.04903314917127072
non_financial_large_cap_revenue_1b,Non-financial companies with revenue >= $1B,HDBSCAN,Density-based,HDBSCAN|mcs=10|ms=5,,All companies including noise,0,Current Ratio,1448,6,0.004143646408839779
non_financial_large_cap_revenue_1b,Non-financial companies with revenue >= $1B,HDBSCAN,Density-based,HDBSCAN|mcs=10|ms=5,,All companies including noise,0,Debt Ratio,1448,9,0.006215469613259668
non_financial_large_cap_revenue_1b,Non-financial companies with revenue >= $1B,HDBSCAN,Density-based,HDBSCAN|mcs=10|ms=5,,All companies including noise,0,Free Cash Flow Margin,1448,1,0.0006906077348066298
non_financial_large_cap_revenue_1b,Non-financial companies with revenue >= $1B,HDBSCAN,Density-based,HDBSCAN|mcs=10|ms=5,,All companies including noise,0,Operating Cash Flow Margin,1448,7,0.004834254143646409
non_financial_large_cap_revenue_1b,Non-financial companies with revenue >= $1B,HDBSCAN,Density-based,HDBSCAN|mcs=10|ms=5,,All companies including noise,1,EBITDA Margin,66,0,0.0
non_financial_large_cap_revenue_1b,Non-financial companies with revenue >= $1B,HDBSCAN,Density-based,HDBSCAN|mcs=10|ms=5,,All companies including noise,1,Return on Assets,66,0,0.0
non_financial_large_cap_revenue_1b,Non-financial companies with revenue >= $1B,HDBSCAN,Density-based,HDBSCAN|mcs=10|ms=5,,All companies including noise,1,Asset Turnover,66,0,0.0
non_financial_large_cap_revenue_1b,Non-financial companies with revenue >= $1B,HDBSCAN,Density-based,HDBSCAN|mcs=10|ms=5,,All companies including noise,1,Revenue per Employee,66,0,0.0
non_financial_large_cap_revenue_1b,Non-financial companies with revenue >= $1B,HDBSCAN,Density-based,HDBSCAN|mcs=10|ms=5,,All companies including noise,1,Current Ratio,66,0,0.0
non_financial_large_cap_revenue_1b,Non-financial companies with revenue >= $1B,HDBSCAN,Density-based,HDBSCAN|mcs=10|ms=5,,All companies including noise,1,Debt Ratio,66,0,0.0
non_financial_large_cap_revenue_1b,Non-financial companies with revenue >= $1B,HDBSCAN,Density-based,HDBSCAN|mcs=10|ms=5,,All companies including noise,1,Free Cash Flow Margin,66,0,0.0
non_financial_large_cap_revenue_1b,Non-financial companies with revenue >= $1B,HDBSCAN,Density-based,HDBSCAN|mcs=10|ms=5,,All companies including noise,1,Operating Cash Flow Margin,66,1,0.015151515151515152
non_financial_large_cap_revenue_1b,Non-financial companies with revenue >= $1B,HDBSCAN,Density-based,HDBSCAN|mcs=10|ms=5,,HDBSCAN assigned subset,0,EBITDA Margin,1448,5,0.003453038674033149
non_financial_large_cap_revenue_1b,Non-financial companies with revenue >= $1B,HDBSCAN,Density-based,HDBSCAN|mcs=10|ms=5,,HDBSCAN assigned subset,0,Return on Assets,1448,3,0.0020718232044198894
non_financial_large_cap_revenue_1b,Non-financial companies with revenue >= $1B,HDBSCAN,Density-based,HDBSCAN|mcs=10|ms=5,,HDBSCAN assigned subset,0,Asset Turnover,1448,0,0.0
non_financial_large_cap_revenue_1b,Non-financial companies with revenue >= $1B,HDBSCAN,Density-based,HDBSCAN|mcs=10|ms=5,,HDBSCAN assigned subset,0,Revenue per Employee,1448,71,0.04903314917127072
non_financial_large_cap_revenue_1b,Non-financial companies with revenue >= $1B,HDBSCAN,Density-based,HDBSCAN|mcs=10|ms=5,,HDBSCAN assigned subset,0,Current Ratio,1448,6,0.004143646408839779
non_financial_large_cap_revenue_1b,Non-financial companies with revenue >= $1B,HDBSCAN,Density-based,HDBSCAN|mcs=10|ms=5,,HDBSCAN assigned subset,0,Debt Ratio,1448,9,0.006215469613259668
non_financial_large_cap_revenue_1b,Non-financial companies with revenue >= $1B,HDBSCAN,Density-based,HDBSCAN|mcs=10|ms=5,,HDBSCAN assigned subset,0,Free Cash Flow Margin,1448,1,0.0006906077348066298
non_financial_large_cap_revenue_1b,Non-financial companies with revenue >= $1B,HDBSCAN,Density-based,HDBSCAN|mcs=10|ms=5,,HDBSCAN assigned subset,0,Operating Cash Flow Margin,1448,7,0.004834254143646409
non_financial_large_cap_revenue_1b,Non-financial companies with revenue >= $1B,HDBSCAN,Density-based,HDBSCAN|mcs=10|ms=5,,HDBSCAN assigned subset,1,EBITDA Margin,66,0,0.0
non_financial_large_cap_revenue_1b,Non-financial companies with revenue >= $1B,HDBSCAN,Density-based,HDBSCAN|mcs=10|ms=5,,HDBSCAN assigned subset,1,Return on Assets,66,0,0.0
non_financial_large_cap_revenue_1b,Non-financial companies with revenue >= $1B,HDBSCAN,Density-based,HDBSCAN|mcs=10|ms=5,,HDBSCAN assigned subset,1,Asset Turnover,66,0,0.0
non_financial_large_cap_revenue_1b,Non-financial companies with revenue >= $1B,HDBSCAN,Density-based,HDBSCAN|mcs=10|ms=5,,HDBSCAN assigned subset,1,Revenue per Employee,66,0,0.0
non_financial_large_cap_revenue_1b,Non-financial companies with revenue >= $1B,HDBSCAN,Density-based,HDBSCAN|mcs=10|ms=5,,HDBSCAN assigned subset,1,Current Ratio,66,0,0.0
non_financial_large_cap_revenue_1b,Non-financial companies with revenue >= $1B,HDBSCAN,Density-based,HDBSCAN|mcs=10|ms=5,,HDBSCAN assigned subset,1,Debt Ratio,66,0,0.0
non_financial_large_cap_revenue_1b,Non-financial companies with revenue >= $1B,HDBSCAN,Density-based,HDBSCAN|mcs=10|ms=5,,HDBSCAN assigned subset,1,Free Cash Flow Margin,66,0,0.0
non_financial_large_cap_revenue_1b,Non-financial companies with revenue >= $1B,HDBSCAN,Density-based,HDBSCAN|mcs=10|ms=5,,HDBSCAN assigned subset,1,Operating Cash Flow Margin,66,1,0.015151515151515152
non_financial_large_cap_revenue_1b,Non-financial companies with revenue >= $1B,HDBSCAN,Density-based,HDBSCAN|mcs=10|ms=10,,All companies including noise,-1,EBITDA Margin,118,3,0.025423728813559324
non_financial_large_cap_revenue_1b,Non-financial companies with revenue >= $1B,HDBSCAN,Density-based,HDBSCAN|mcs=10|ms=10,,All companies including noise,-1,Return on Assets,118,0,0.0
non_financial_large_cap_revenue_1b,Non-financial companies with revenue >= $1B,HDBSCAN,Density-based,HDBSCAN|mcs=10|ms=10,,All companies including noise,-1,Asset Turnover,118,0,0.0
non_financial_large_cap_revenue_1b,Non-financial companies with revenue >= $1B,HDBSCAN,Density-based,HDBSCAN|mcs=10|ms=10,,All companies including noise,-1,Revenue per Employee,118,5,0.0423728813559322
non_financial_large_cap_revenue_1b,Non-financial companies with revenue >= $1B,HDBSCAN,Density-based,HDBSCAN|mcs=10|ms=10,,All companies including noise,-1,Current Ratio,118,2,0.01694915254237288
non_financial_large_cap_revenue_1b,Non-financial companies with revenue >= $1B,HDBSCAN,Density-based,HDBSCAN|mcs=10|ms=10,,All companies including noise,-1,Debt Ratio,118,3,0.025423728813559324
non_financial_large_cap_revenue_1b,Non-financial companies with revenue >= $1B,HDBSCAN,Density-based,HDBSCAN|mcs=10|ms=10,,All companies including noise,-1,Free Cash Flow Margin,118,0,0.0
non_financial_large_cap_revenue_1b,Non-financial companies with revenue >= $1B,HDBSCAN,Density-based,HDBSCAN|mcs=10|ms=10,,All companies including noise,-1,Operating Cash Flow Margin,118,1,0.00847457627118644
non_financial_large_cap_revenue_1b,Non-financial companies with revenue >= $1B,HDBSCAN,Density-based,HDBSCAN|mcs=10|ms=10,,All companies including noise,0,EBITDA Margin,1470,5,0.003401360544217687
non_financial_large_cap_revenue_1b,Non-financial companies with revenue >= $1B,HDBSCAN,Density-based,HDBSCAN|mcs=10|ms=10,,All companies including noise,0,Return on Assets,1470,3,0.0020408163265306124
non_financial_large_cap_revenue_1b,Non-financial companies with revenue >= $1B,HDBSCAN,Density-based,HDBSCAN|mcs=10|ms=10,,All companies including noise,0,Asset Turnover,1470,0,0.0
non_financial_large_cap_revenue_1b,Non-financial companies with revenue >= $1B,HDBSCAN,Density-based,HDBSCAN|mcs=10|ms=10,,All companies including noise,0,Revenue per Employee,1470,73,0.04965986394557823
non_financial_large_cap_revenue_1b,Non-financial companies with revenue >= $1B,HDBSCAN,Density-based,HDBSCAN|mcs=10|ms=10,,All companies including noise,0,Current Ratio,1470,6,0.004081632653061225
non_financial_large_cap_revenue_1b,Non-financial companies with revenue >= $1B,HDBSCAN,Density-based,HDBSCAN|mcs=10|ms=10,,All companies including noise,0,Debt Ratio,1470,11,0.007482993197278911
non_financial_large_cap_revenue_1b,Non-financial companies with revenue >= $1B,HDBSCAN,Density-based,HDBSCAN|mcs=10|ms=10,,All companies including noise,0,Free Cash Flow Margin,1470,1,0.0006802721088435374
non_financial_large_cap_revenue_1b,Non-financial companies with revenue >= $1B,HDBSCAN,Density-based,HDBSCAN|mcs=10|ms=10,,All companies including noise,0,Operating Cash Flow Margin,1470,8,0.005442176870748299
non_financial_large_cap_revenue_1b,Non-financial companies with revenue >= $1B,HDBSCAN,Density-based,HDBSCAN|mcs=10|ms=10,,All companies including noise,1,EBITDA Margin,63,1,0.015873015873015872
non_financial_large_cap_revenue_1b,Non-financial companies with revenue >= $1B,HDBSCAN,Density-based,HDBSCAN|mcs=10|ms=10,,All companies including noise,1,Return on Assets,63,0,0.0
non_financial_large_cap_revenue_1b,Non-financial companies with revenue >= $1B,HDBSCAN,Density-based,HDBSCAN|mcs=10|ms=10,,All companies including noise,1,Asset Turnover,63,0,0.0
non_financial_large_cap_revenue_1b,Non-financial companies with revenue >= $1B,HDBSCAN,Density-based,HDBSCAN|mcs=10|ms=10,,All companies including noise,1,Revenue per Employee,63,0,0.0
non_financial_large_cap_revenue_1b,Non-financial companies with revenue >= $1B,HDBSCAN,Density-based,HDBSCAN|mcs=10|ms=10,,All companies including noise,1,Current Ratio,63,1,0.015873015873015872
non_financial_large_cap_revenue_1b,Non-financial companies with revenue >= $1B,HDBSCAN,Density-based,HDBSCAN|mcs=10|ms=10,,All companies including noise,1,Debt Ratio,63,0,0.0
non_financial_large_cap_revenue_1b,Non-financial companies with revenue >= $1B,HDBSCAN,Density-based,HDBSCAN|mcs=10|ms=10,,All companies including noise,1,Free Cash Flow Margin,63,0,0.0
non_financial_large_cap_revenue_1b,Non-financial companies with revenue >= $1B,HDBSCAN,Density-based,HDBSCAN|mcs=10|ms=10,,All companies including noise,1,Operating Cash Flow Margin,63,2,0.031746031746031744
non_financial_large_cap_revenue_1b,Non-financial companies with revenue >= $1B,HDBSCAN,Density-based,HDBSCAN|mcs=10|ms=10,,HDBSCAN assigned subset,0,EBITDA Margin,1470,5,0.003401360544217687
non_financial_large_cap_revenue_1b,Non-financial companies with revenue >= $1B,HDBSCAN,Density-based,HDBSCAN|mcs=10|ms=10,,HDBSCAN assigned subset,0,Return on Assets,1470,3,0.0020408163265306124
non_financial_large_cap_revenue_1b,Non-financial companies with revenue >= $1B,HDBSCAN,Density-based,HDBSCAN|mcs=10|ms=10,,HDBSCAN assigned subset,0,Asset Turnover,1470,0,0.0
non_financial_large_cap_revenue_1b,Non-financial companies with revenue >= $1B,HDBSCAN,Density-based,HDBSCAN|mcs=10|ms=10,,HDBSCAN assigned subset,0,Revenue per Employee,1470,73,0.04965986394557823
non_financial_large_cap_revenue_1b,Non-financial companies with revenue >= $1B,HDBSCAN,Density-based,HDBSCAN|mcs=10|ms=10,,HDBSCAN assigned subset,0,Current Ratio,1470,6,0.004081632653061225
non_financial_large_cap_revenue_1b,Non-financial companies with revenue >= $1B,HDBSCAN,Density-based,HDBSCAN|mcs=10|ms=10,,HDBSCAN assigned subset,0,Debt Ratio,1470,11,0.007482993197278911
non_financial_large_cap_revenue_1b,Non-financial companies with revenue >= $1B,HDBSCAN,Density-based,HDBSCAN|mcs=10|ms=10,,HDBSCAN assigned subset,0,Free Cash Flow Margin,1470,1,0.0006802721088435374
non_financial_large_cap_revenue_1b,Non-financial companies with revenue >= $1B,HDBSCAN,Density-based,HDBSCAN|mcs=10|ms=10,,HDBSCAN assigned subset,0,Operating Cash Flow Margin,1470,8,0.005442176870748299
non_financial_large_cap_revenue_1b,Non-financial companies with revenue >= $1B,HDBSCAN,Density-based,HDBSCAN|mcs=10|ms=10,,HDBSCAN assigned subset,1,EBITDA Margin,63,1,0.015873015873015872
non_financial_large_cap_revenue_1b,Non-financial companies with revenue >= $1B,HDBSCAN,Density-based,HDBSCAN|mcs=10|ms=10,,HDBSCAN assigned subset,1,Return on Assets,63,0,0.0
non_financial_large_cap_revenue_1b,Non-financial companies with revenue >= $1B,HDBSCAN,Density-based,HDBSCAN|mcs=10|ms=10,,HDBSCAN assigned subset,1,Asset Turnover,63,0,0.0
non_financial_large_cap_revenue_1b,Non-financial companies with revenue >= $1B,HDBSCAN,Density-based,HDBSCAN|mcs=10|ms=10,,HDBSCAN assigned subset,1,Revenue per Employee,63,0,0.0
non_financial_large_cap_revenue_1b,Non-financial companies with revenue >= $1B,HDBSCAN,Density-based,HDBSCAN|mcs=10|ms=10,,HDBSCAN assigned subset,1,Current Ratio,63,1,0.015873015873015872
non_financial_large_cap_revenue_1b,Non-financial companies with revenue >= $1B,HDBSCAN,Density-based,HDBSCAN|mcs=10|ms=10,,HDBSCAN assigned subset,1,Debt Ratio,63,0,0.0
non_financial_large_cap_revenue_1b,Non-financial companies with revenue >= $1B,HDBSCAN,Density-based,HDBSCAN|mcs=10|ms=10,,HDBSCAN assigned subset,1,Free Cash Flow Margin,63,0,0.0
non_financial_large_cap_revenue_1b,Non-financial companies with revenue >= $1B,HDBSCAN,Density-based,HDBSCAN|mcs=10|ms=10,,HDBSCAN assigned subset,1,Operating Cash Flow Margin,63,2,0.031746031746031744
non_financial_large_cap_revenue_1b,Non-financial companies with revenue >= $1B,HDBSCAN,Density-based,HDBSCAN|mcs=10|ms=15,,All companies including noise,-1,EBITDA Margin,111,3,0.02702702702702703
non_financial_large_cap_revenue_1b,Non-financial companies with revenue >= $1B,HDBSCAN,Density-based,HDBSCAN|mcs=10|ms=15,,All companies including noise,-1,Return on Assets,111,0,0.0
non_financial_large_cap_revenue_1b,Non-financial companies with revenue >= $1B,HDBSCAN,Density-based,HDBSCAN|mcs=10|ms=15,,All companies including noise,-1,Asset Turnover,111,0,0.0
non_financial_large_cap_revenue_1b,Non-financial companies with revenue >= $1B,HDBSCAN,Density-based,HDBSCAN|mcs=10|ms=15,,All companies including noise,-1,Revenue per Employee,111,4,0.036036036036036036
non_financial_large_cap_revenue_1b,Non-financial companies with revenue >= $1B,HDBSCAN,Density-based,HDBSCAN|mcs=10|ms=15,,All companies including noise,-1,Current Ratio,111,2,0.018018018018018018
non_financial_large_cap_revenue_1b,Non-financial companies with revenue >= $1B,HDBSCAN,Density-based,HDBSCAN|mcs=10|ms=15,,All companies including noise,-1,Debt Ratio,111,3,0.02702702702702703
non_financial_large_cap_revenue_1b,Non-financial companies with revenue >= $1B,HDBSCAN,Density-based,HDBSCAN|mcs=10|ms=15,,All companies including noise,-1,Free Cash Flow Margin,111,0,0.0
non_financial_large_cap_revenue_1b,Non-financial companies with revenue >= $1B,HDBSCAN,Density-based,HDBSCAN|mcs=10|ms=15,,All companies including noise,-1,Operating Cash Flow Margin,111,1,0.009009009009009009
non_financial_large_cap_revenue_1b,Non-financial companies with revenue >= $1B,HDBSCAN,Density-based,HDBSCAN|mcs=10|ms=15,,All companies including noise,0,EBITDA Margin,1472,5,0.0033967391304347825
non_financial_large_cap_revenue_1b,Non-financial companies with revenue >= $1B,HDBSCAN,Density-based,HDBSCAN|mcs=10|ms=15,,All companies including noise,0,Return on Assets,1472,3,0.0020380434782608695
non_financial_large_cap_revenue_1b,Non-financial companies with revenue >= $1B,HDBSCAN,Density-based,HDBSCAN|mcs=10|ms=15,,All companies including noise,0,Asset Turnover,1472,0,0.0
non_financial_large_cap_revenue_1b,Non-financial companies with revenue >= $1B,HDBSCAN,Density-based,HDBSCAN|mcs=10|ms=15,,All companies including noise,0,Revenue per Employee,1472,74,0.050271739130434784
non_financial_large_cap_revenue_1b,Non-financial companies with revenue >= $1B,HDBSCAN,Density-based,HDBSCAN|mcs=10|ms=15,,All companies including noise,0,Current Ratio,1472,6,0.004076086956521739
non_financial_large_cap_revenue_1b,Non-financial companies with revenue >= $1B,HDBSCAN,Density-based,HDBSCAN|mcs=10|ms=15,,All companies including noise,0,Debt Ratio,1472,11,0.007472826086956522
non_financial_large_cap_revenue_1b,Non-financial companies with revenue >= $1B,HDBSCAN,Density-based,HDBSCAN|mcs=10|ms=15,,All companies including noise,0,Free Cash Flow Margin,1472,1,0.0006793478260869565
non_financial_large_cap_revenue_1b,Non-financial companies with revenue >= $1B,HDBSCAN,Density-based,HDBSCAN|mcs=10|ms=15,,All companies including noise,0,Operating Cash Flow Margin,1472,8,0.005434782608695652
non_financial_large_cap_revenue_1b,Non-financial companies with revenue >= $1B,HDBSCAN,Density-based,HDBSCAN|mcs=10|ms=15,,All companies including noise,1,EBITDA Margin,68,1,0.014705882352941176
non_financial_large_cap_revenue_1b,Non-financial companies with revenue >= $1B,HDBSCAN,Density-based,HDBSCAN|mcs=10|ms=15,,All companies including noise,1,Return on Assets,68,0,0.0
non_financial_large_cap_revenue_1b,Non-financial companies with revenue >= $1B,HDBSCAN,Density-based,HDBSCAN|mcs=10|ms=15,,All companies including noise,1,Asset Turnover,68,0,0.0
non_financial_large_cap_revenue_1b,Non-financial companies with revenue >= $1B,HDBSCAN,Density-based,HDBSCAN|mcs=10|ms=15,,All companies including noise,1,Revenue per Employee,68,0,0.0
non_financial_large_cap_revenue_1b,Non-financial companies with revenue >= $1B,HDBSCAN,Density-based,HDBSCAN|mcs=10|ms=15,,All companies including noise,1,Current Ratio,68,1,0.014705882352941176
non_financial_large_cap_revenue_1b,Non-financial companies with revenue >= $1B,HDBSCAN,Density-based,HDBSCAN|mcs=10|ms=15,,All companies including noise,1,Debt Ratio,68,0,0.0
non_financial_large_cap_revenue_1b,Non-financial companies with revenue >= $1B,HDBSCAN,Density-based,HDBSCAN|mcs=10|ms=15,,All companies including noise,1,Free Cash Flow Margin,68,0,0.0
non_financial_large_cap_revenue_1b,Non-financial companies with revenue >= $1B,HDBSCAN,Density-based,HDBSCAN|mcs=10|ms=15,,All companies including noise,1,Operating Cash Flow Margin,68,2,0.029411764705882353
non_financial_large_cap_revenue_1b,Non-financial companies with revenue >= $1B,HDBSCAN,Density-based,HDBSCAN|mcs=10|ms=15,,HDBSCAN assigned subset,0,EBITDA Margin,1472,5,0.0033967391304347825
non_financial_large_cap_revenue_1b,Non-financial companies with revenue >= $1B,HDBSCAN,Density-based,HDBSCAN|mcs=10|ms=15,,HDBSCAN assigned subset,0,Return on Assets,1472,3,0.0020380434782608695
non_financial_large_cap_revenue_1b,Non-financial companies with revenue >= $1B,HDBSCAN,Density-based,HDBSCAN|mcs=10|ms=15,,HDBSCAN assigned subset,0,Asset Turnover,1472,0,0.0
non_financial_large_cap_revenue_1b,Non-financial companies with revenue >= $1B,HDBSCAN,Density-based,HDBSCAN|mcs=10|ms=15,,HDBSCAN assigned subset,0,Revenue per Employee,1472,74,0.050271739130434784
non_financial_large_cap_revenue_1b,Non-financial companies with revenue >= $1B,HDBSCAN,Density-based,HDBSCAN|mcs=10|ms=15,,HDBSCAN assigned subset,0,Current Ratio,1472,6,0.004076086956521739
non_financial_large_cap_revenue_1b,Non-financial companies with revenue >= $1B,HDBSCAN,Density-based,HDBSCAN|mcs=10|ms=15,,HDBSCAN assigned subset,0,Debt Ratio,1472,11,0.007472826086956522
non_financial_large_cap_revenue_1b,Non-financial companies with revenue >= $1B,HDBSCAN,Density-based,HDBSCAN|mcs=10|ms=15,,HDBSCAN assigned subset,0,Free Cash Flow Margin,1472,1,0.0006793478260869565
non_financial_large_cap_revenue_1b,Non-financial companies with revenue >= $1B,HDBSCAN,Density-based,HDBSCAN|mcs=10|ms=15,,HDBSCAN assigned subset,0,Operating Cash Flow Margin,1472,8,0.005434782608695652
non_financial_large_cap_revenue_1b,Non-financial companies with revenue >= $1B,HDBSCAN,Density-based,HDBSCAN|mcs=10|ms=15,,HDBSCAN assigned subset,1,EBITDA Margin,68,1,0.014705882352941176
non_financial_large_cap_revenue_1b,Non-financial companies with revenue >= $1B,HDBSCAN,Density-based,HDBSCAN|mcs=10|ms=15,,HDBSCAN assigned subset,1,Return on Assets,68,0,0.0
non_financial_large_cap_revenue_1b,Non-financial companies with revenue >= $1B,HDBSCAN,Density-based,HDBSCAN|mcs=10|ms=15,,HDBSCAN assigned subset,1,Asset Turnover,68,0,0.0
non_financial_large_cap_revenue_1b,Non-financial companies with revenue >= $1B,HDBSCAN,Density-based,HDBSCAN|mcs=10|ms=15,,HDBSCAN assigned subset,1,Revenue per Employee,68,0,0.0
non_financial_large_cap_revenue_1b,Non-financial companies with revenue >= $1B,HDBSCAN,Density-based,HDBSCAN|mcs=10|ms=15,,HDBSCAN assigned subset,1,Current Ratio,68,1,0.014705882352941176
non_financial_large_cap_revenue_1b,Non-financial companies with revenue >= $1B,HDBSCAN,Density-based,HDBSCAN|mcs=10|ms=15,,HDBSCAN assigned subset,1,Debt Ratio,68,0,0.0
non_financial_large_cap_revenue_1b,Non-financial companies with revenue >= $1B,HDBSCAN,Density-based,HDBSCAN|mcs=10|ms=15,,HDBSCAN assigned subset,1,Free Cash Flow Margin,68,0,0.0
non_financial_large_cap_revenue_1b,Non-financial companies with revenue >= $1B,HDBSCAN,Density-based,HDBSCAN|mcs=10|ms=15,,HDBSCAN assigned subset,1,Operating Cash Flow Margin,68,2,0.029411764705882353
non_financial_large_cap_revenue_1b,Non-financial companies with revenue >= $1B,HDBSCAN,Density-based,HDBSCAN|mcs=15|ms=5,,All companies including noise,-1,EBITDA Margin,137,4,0.029197080291970802
non_financial_large_cap_revenue_1b,Non-financial companies with revenue >= $1B,HDBSCAN,Density-based,HDBSCAN|mcs=15|ms=5,,All companies including noise,-1,Return on Assets,137,0,0.0
non_financial_large_cap_revenue_1b,Non-financial companies with revenue >= $1B,HDBSCAN,Density-based,HDBSCAN|mcs=15|ms=5,,All companies including noise,-1,Asset Turnover,137,0,0.0
non_financial_large_cap_revenue_1b,Non-financial companies with revenue >= $1B,HDBSCAN,Density-based,HDBSCAN|mcs=15|ms=5,,All companies including noise,-1,Revenue per Employee,137,7,0.051094890510948905
non_financial_large_cap_revenue_1b,Non-financial companies with revenue >= $1B,HDBSCAN,Density-based,HDBSCAN|mcs=15|ms=5,,All companies including noise,-1,Current Ratio,137,3,0.021897810218978103
non_financial_large_cap_revenue_1b,Non-financial companies with revenue >= $1B,HDBSCAN,Density-based,HDBSCAN|mcs=15|ms=5,,All companies including noise,-1,Debt Ratio,137,5,0.0364963503649635
non_financial_large_cap_revenue_1b,Non-financial companies with revenue >= $1B,HDBSCAN,Density-based,HDBSCAN|mcs=15|ms=5,,All companies including noise,-1,Free Cash Flow Margin,137,0,0.0
non_financial_large_cap_revenue_1b,Non-financial companies with revenue >= $1B,HDBSCAN,Density-based,HDBSCAN|mcs=15|ms=5,,All companies including noise,-1,Operating Cash Flow Margin,137,3,0.021897810218978103
non_financial_large_cap_revenue_1b,Non-financial companies with revenue >= $1B,HDBSCAN,Density-based,HDBSCAN|mcs=15|ms=5,,All companies including noise,0,EBITDA Margin,1448,5,0.003453038674033149
non_financial_large_cap_revenue_1b,Non-financial companies with revenue >= $1B,HDBSCAN,Density-based,HDBSCAN|mcs=15|ms=5,,All companies including noise,0,Return on Assets,1448,3,0.0020718232044198894
non_financial_large_cap_revenue_1b,Non-financial companies with revenue >= $1B,HDBSCAN,Density-based,HDBSCAN|mcs=15|ms=5,,All companies including noise,0,Asset Turnover,1448,0,0.0
non_financial_large_cap_revenue_1b,Non-financial companies with revenue >= $1B,HDBSCAN,Density-based,HDBSCAN|mcs=15|ms=5,,All companies including noise,0,Revenue per Employee,1448,71,0.04903314917127072
non_financial_large_cap_revenue_1b,Non-financial companies with revenue >= $1B,HDBSCAN,Density-based,HDBSCAN|mcs=15|ms=5,,All companies including noise,0,Current Ratio,1448,6,0.004143646408839779
non_financial_large_cap_revenue_1b,Non-financial companies with revenue >= $1B,HDBSCAN,Density-based,HDBSCAN|mcs=15|ms=5,,All companies including noise,0,Debt Ratio,1448,9,0.006215469613259668
non_financial_large_cap_revenue_1b,Non-financial companies with revenue >= $1B,HDBSCAN,Density-based,HDBSCAN|mcs=15|ms=5,,All companies including noise,0,Free Cash Flow Margin,1448,1,0.0006906077348066298
non_financial_large_cap_revenue_1b,Non-financial companies with revenue >= $1B,HDBSCAN,Density-based,HDBSCAN|mcs=15|ms=5,,All companies including noise,0,Operating Cash Flow Margin,1448,7,0.004834254143646409
non_financial_large_cap_revenue_1b,Non-financial companies with revenue >= $1B,HDBSCAN,Density-based,HDBSCAN|mcs=15|ms=5,,All companies including noise,1,EBITDA Margin,66,0,0.0
non_financial_large_cap_revenue_1b,Non-financial companies with revenue >= $1B,HDBSCAN,Density-based,HDBSCAN|mcs=15|ms=5,,All companies including noise,1,Return on Assets,66,0,0.0
non_financial_large_cap_revenue_1b,Non-financial companies with revenue >= $1B,HDBSCAN,Density-based,HDBSCAN|mcs=15|ms=5,,All companies including noise,1,Asset Turnover,66,0,0.0
non_financial_large_cap_revenue_1b,Non-financial companies with revenue >= $1B,HDBSCAN,Density-based,HDBSCAN|mcs=15|ms=5,,All companies including noise,1,Revenue per Employee,66,0,0.0
non_financial_large_cap_revenue_1b,Non-financial companies with revenue >= $1B,HDBSCAN,Density-based,HDBSCAN|mcs=15|ms=5,,All companies including noise,1,Current Ratio,66,0,0.0
non_financial_large_cap_revenue_1b,Non-financial companies with revenue >= $1B,HDBSCAN,Density-based,HDBSCAN|mcs=15|ms=5,,All companies including noise,1,Debt Ratio,66,0,0.0
non_financial_large_cap_revenue_1b,Non-financial companies with revenue >= $1B,HDBSCAN,Density-based,HDBSCAN|mcs=15|ms=5,,All companies including noise,1,Free Cash Flow Margin,66,0,0.0
non_financial_large_cap_revenue_1b,Non-financial companies with revenue >= $1B,HDBSCAN,Density-based,HDBSCAN|mcs=15|ms=5,,All companies including noise,1,Operating Cash Flow Margin,66,1,0.015151515151515152
non_financial_large_cap_revenue_1b,Non-financial companies with revenue >= $1B,HDBSCAN,Density-based,HDBSCAN|mcs=15|ms=5,,HDBSCAN assigned subset,0,EBITDA Margin,1448,5,0.003453038674033149
non_financial_large_cap_revenue_1b,Non-financial companies with revenue >= $1B,HDBSCAN,Density-based,HDBSCAN|mcs=15|ms=5,,HDBSCAN assigned subset,0,Return on Assets,1448,3,0.0020718232044198894
non_financial_large_cap_revenue_1b,Non-financial companies with revenue >= $1B,HDBSCAN,Density-based,HDBSCAN|mcs=15|ms=5,,HDBSCAN assigned subset,0,Asset Turnover,1448,0,0.0
non_financial_large_cap_revenue_1b,Non-financial companies with revenue >= $1B,HDBSCAN,Density-based,HDBSCAN|mcs=15|ms=5,,HDBSCAN assigned subset,0,Revenue per Employee,1448,71,0.04903314917127072
non_financial_large_cap_revenue_1b,Non-financial companies with revenue >= $1B,HDBSCAN,Density-based,HDBSCAN|mcs=15|ms=5,,HDBSCAN assigned subset,0,Current Ratio,1448,6,0.004143646408839779
non_financial_large_cap_revenue_1b,Non-financial companies with revenue >= $1B,HDBSCAN,Density-based,HDBSCAN|mcs=15|ms=5,,HDBSCAN assigned subset,0,Debt Ratio,1448,9,0.006215469613259668
non_financial_large_cap_revenue_1b,Non-financial companies with revenue >= $1B,HDBSCAN,Density-based,HDBSCAN|mcs=15|ms=5,,HDBSCAN assigned subset,0,Free Cash Flow Margin,1448,1,0.0006906077348066298
non_financial_large_cap_revenue_1b,Non-financial companies with revenue >= $1B,HDBSCAN,Density-based,HDBSCAN|mcs=15|ms=5,,HDBSCAN assigned subset,0,Operating Cash Flow Margin,1448,7,0.004834254143646409
non_financial_large_cap_revenue_1b,Non-financial companies with revenue >= $1B,HDBSCAN,Density-based,HDBSCAN|mcs=15|ms=5,,HDBSCAN assigned subset,1,EBITDA Margin,66,0,0.0
non_financial_large_cap_revenue_1b,Non-financial companies with revenue >= $1B,HDBSCAN,Density-based,HDBSCAN|mcs=15|ms=5,,HDBSCAN assigned subset,1,Return on Assets,66,0,0.0
non_financial_large_cap_revenue_1b,Non-financial companies with revenue >= $1B,HDBSCAN,Density-based,HDBSCAN|mcs=15|ms=5,,HDBSCAN assigned subset,1,Asset Turnover,66,0,0.0
non_financial_large_cap_revenue_1b,Non-financial companies with revenue >= $1B,HDBSCAN,Density-based,HDBSCAN|mcs=15|ms=5,,HDBSCAN assigned subset,1,Revenue per Employee,66,0,0.0
non_financial_large_cap_revenue_1b,Non-financial companies with revenue >= $1B,HDBSCAN,Density-based,HDBSCAN|mcs=15|ms=5,,HDBSCAN assigned subset,1,Current Ratio,66,0,0.0
non_financial_large_cap_revenue_1b,Non-financial companies with revenue >= $1B,HDBSCAN,Density-based,HDBSCAN|mcs=15|ms=5,,HDBSCAN assigned subset,1,Debt Ratio,66,0,0.0
non_financial_large_cap_revenue_1b,Non-financial companies with revenue >= $1B,HDBSCAN,Density-based,HDBSCAN|mcs=15|ms=5,,HDBSCAN assigned subset,1,Free Cash Flow Margin,66,0,0.0
non_financial_large_cap_revenue_1b,Non-financial companies with revenue >= $1B,HDBSCAN,Density-based,HDBSCAN|mcs=15|ms=5,,HDBSCAN assigned subset,1,Operating Cash Flow Margin,66,1,0.015151515151515152
non_financial_large_cap_revenue_1b,Non-financial companies with revenue >= $1B,HDBSCAN,Density-based,HDBSCAN|mcs=15|ms=10,,All companies including noise,-1,EBITDA Margin,118,3,0.025423728813559324
non_financial_large_cap_revenue_1b,Non-financial companies with revenue >= $1B,HDBSCAN,Density-based,HDBSCAN|mcs=15|ms=10,,All companies including noise,-1,Return on Assets,118,0,0.0
non_financial_large_cap_revenue_1b,Non-financial companies with revenue >= $1B,HDBSCAN,Density-based,HDBSCAN|mcs=15|ms=10,,All companies including noise,-1,Asset Turnover,118,0,0.0
non_financial_large_cap_revenue_1b,Non-financial companies with revenue >= $1B,HDBSCAN,Density-based,HDBSCAN|mcs=15|ms=10,,All companies including noise,-1,Revenue per Employee,118,5,0.0423728813559322
non_financial_large_cap_revenue_1b,Non-financial companies with revenue >= $1B,HDBSCAN,Density-based,HDBSCAN|mcs=15|ms=10,,All companies including noise,-1,Current Ratio,118,2,0.01694915254237288
non_financial_large_cap_revenue_1b,Non-financial companies with revenue >= $1B,HDBSCAN,Density-based,HDBSCAN|mcs=15|ms=10,,All companies including noise,-1,Debt Ratio,118,3,0.025423728813559324
non_financial_large_cap_revenue_1b,Non-financial companies with revenue >= $1B,HDBSCAN,Density-based,HDBSCAN|mcs=15|ms=10,,All companies including noise,-1,Free Cash Flow Margin,118,0,0.0
non_financial_large_cap_revenue_1b,Non-financial companies with revenue >= $1B,HDBSCAN,Density-based,HDBSCAN|mcs=15|ms=10,,All companies including noise,-1,Operating Cash Flow Margin,118,1,0.00847457627118644
non_financial_large_cap_revenue_1b,Non-financial companies with revenue >= $1B,HDBSCAN,Density-based,HDBSCAN|mcs=15|ms=10,,All companies including noise,0,EBITDA Margin,1470,5,0.003401360544217687
non_financial_large_cap_revenue_1b,Non-financial companies with revenue >= $1B,HDBSCAN,Density-based,HDBSCAN|mcs=15|ms=10,,All companies including noise,0,Return on Assets,1470,3,0.0020408163265306124
non_financial_large_cap_revenue_1b,Non-financial companies with revenue >= $1B,HDBSCAN,Density-based,HDBSCAN|mcs=15|ms=10,,All companies including noise,0,Asset Turnover,1470,0,0.0
non_financial_large_cap_revenue_1b,Non-financial companies with revenue >= $1B,HDBSCAN,Density-based,HDBSCAN|mcs=15|ms=10,,All companies including noise,0,Revenue per Employee,1470,73,0.04965986394557823
non_financial_large_cap_revenue_1b,Non-financial companies with revenue >= $1B,HDBSCAN,Density-based,HDBSCAN|mcs=15|ms=10,,All companies including noise,0,Current Ratio,1470,6,0.004081632653061225
non_financial_large_cap_revenue_1b,Non-financial companies with revenue >= $1B,HDBSCAN,Density-based,HDBSCAN|mcs=15|ms=10,,All companies including noise,0,Debt Ratio,1470,11,0.007482993197278911
non_financial_large_cap_revenue_1b,Non-financial companies with revenue >= $1B,HDBSCAN,Density-based,HDBSCAN|mcs=15|ms=10,,All companies including noise,0,Free Cash Flow Margin,1470,1,0.0006802721088435374
non_financial_large_cap_revenue_1b,Non-financial companies with revenue >= $1B,HDBSCAN,Density-based,HDBSCAN|mcs=15|ms=10,,All companies including noise,0,Operating Cash Flow Margin,1470,8,0.005442176870748299
non_financial_large_cap_revenue_1b,Non-financial companies with revenue >= $1B,HDBSCAN,Density-based,HDBSCAN|mcs=15|ms=10,,All companies including noise,1,EBITDA Margin,63,1,0.015873015873015872
non_financial_large_cap_revenue_1b,Non-financial companies with revenue >= $1B,HDBSCAN,Density-based,HDBSCAN|mcs=15|ms=10,,All companies including noise,1,Return on Assets,63,0,0.0
non_financial_large_cap_revenue_1b,Non-financial companies with revenue >= $1B,HDBSCAN,Density-based,HDBSCAN|mcs=15|ms=10,,All companies including noise,1,Asset Turnover,63,0,0.0
non_financial_large_cap_revenue_1b,Non-financial companies with revenue >= $1B,HDBSCAN,Density-based,HDBSCAN|mcs=15|ms=10,,All companies including noise,1,Revenue per Employee,63,0,0.0
non_financial_large_cap_revenue_1b,Non-financial companies with revenue >= $1B,HDBSCAN,Density-based,HDBSCAN|mcs=15|ms=10,,All companies including noise,1,Current Ratio,63,1,0.015873015873015872
non_financial_large_cap_revenue_1b,Non-financial companies with revenue >= $1B,HDBSCAN,Density-based,HDBSCAN|mcs=15|ms=10,,All companies including noise,1,Debt Ratio,63,0,0.0
non_financial_large_cap_revenue_1b,Non-financial companies with revenue >= $1B,HDBSCAN,Density-based,HDBSCAN|mcs=15|ms=10,,All companies including noise,1,Free Cash Flow Margin,63,0,0.0
non_financial_large_cap_revenue_1b,Non-financial companies with revenue >= $1B,HDBSCAN,Density-based,HDBSCAN|mcs=15|ms=10,,All companies including noise,1,Operating Cash Flow Margin,63,2,0.031746031746031744
non_financial_large_cap_revenue_1b,Non-financial companies with revenue >= $1B,HDBSCAN,Density-based,HDBSCAN|mcs=15|ms=10,,HDBSCAN assigned subset,0,EBITDA Margin,1470,5,0.003401360544217687
non_financial_large_cap_revenue_1b,Non-financial companies with revenue >= $1B,HDBSCAN,Density-based,HDBSCAN|mcs=15|ms=10,,HDBSCAN assigned subset,0,Return on Assets,1470,3,0.0020408163265306124
non_financial_large_cap_revenue_1b,Non-financial companies with revenue >= $1B,HDBSCAN,Density-based,HDBSCAN|mcs=15|ms=10,,HDBSCAN assigned subset,0,Asset Turnover,1470,0,0.0
non_financial_large_cap_revenue_1b,Non-financial companies with revenue >= $1B,HDBSCAN,Density-based,HDBSCAN|mcs=15|ms=10,,HDBSCAN assigned subset,0,Revenue per Employee,1470,73,0.04965986394557823
non_financial_large_cap_revenue_1b,Non-financial companies with revenue >= $1B,HDBSCAN,Density-based,HDBSCAN|mcs=15|ms=10,,HDBSCAN assigned subset,0,Current Ratio,1470,6,0.004081632653061225
non_financial_large_cap_revenue_1b,Non-financial companies with revenue >= $1B,HDBSCAN,Density-based,HDBSCAN|mcs=15|ms=10,,HDBSCAN assigned subset,0,Debt Ratio,1470,11,0.007482993197278911
non_financial_large_cap_revenue_1b,Non-financial companies with revenue >= $1B,HDBSCAN,Density-based,HDBSCAN|mcs=15|ms=10,,HDBSCAN assigned subset,0,Free Cash Flow Margin,1470,1,0.0006802721088435374
non_financial_large_cap_revenue_1b,Non-financial companies with revenue >= $1B,HDBSCAN,Density-based,HDBSCAN|mcs=15|ms=10,,HDBSCAN assigned subset,0,Operating Cash Flow Margin,1470,8,0.005442176870748299
non_financial_large_cap_revenue_1b,Non-financial companies with revenue >= $1B,HDBSCAN,Density-based,HDBSCAN|mcs=15|ms=10,,HDBSCAN assigned subset,1,EBITDA Margin,63,1,0.015873015873015872
non_financial_large_cap_revenue_1b,Non-financial companies with revenue >= $1B,HDBSCAN,Density-based,HDBSCAN|mcs=15|ms=10,,HDBSCAN assigned subset,1,Return on Assets,63,0,0.0
non_financial_large_cap_revenue_1b,Non-financial companies with revenue >= $1B,HDBSCAN,Density-based,HDBSCAN|mcs=15|ms=10,,HDBSCAN assigned subset,1,Asset Turnover,63,0,0.0
non_financial_large_cap_revenue_1b,Non-financial companies with revenue >= $1B,HDBSCAN,Density-based,HDBSCAN|mcs=15|ms=10,,HDBSCAN assigned subset,1,Revenue per Employee,63,0,0.0
non_financial_large_cap_revenue_1b,Non-financial companies with revenue >= $1B,HDBSCAN,Density-based,HDBSCAN|mcs=15|ms=10,,HDBSCAN assigned subset,1,Current Ratio,63,1,0.015873015873015872
non_financial_large_cap_revenue_1b,Non-financial companies with revenue >= $1B,HDBSCAN,Density-based,HDBSCAN|mcs=15|ms=10,,HDBSCAN assigned subset,1,Debt Ratio,63,0,0.0
non_financial_large_cap_revenue_1b,Non-financial companies with revenue >= $1B,HDBSCAN,Density-based,HDBSCAN|mcs=15|ms=10,,HDBSCAN assigned subset,1,Free Cash Flow Margin,63,0,0.0
non_financial_large_cap_revenue_1b,Non-financial companies with revenue >= $1B,HDBSCAN,Density-based,HDBSCAN|mcs=15|ms=10,,HDBSCAN assigned subset,1,Operating Cash Flow Margin,63,2,0.031746031746031744
non_financial_large_cap_revenue_1b,Non-financial companies with revenue >= $1B,HDBSCAN,Density-based,HDBSCAN|mcs=15|ms=15,,All companies including noise,-1,EBITDA Margin,111,3,0.02702702702702703
non_financial_large_cap_revenue_1b,Non-financial companies with revenue >= $1B,HDBSCAN,Density-based,HDBSCAN|mcs=15|ms=15,,All companies including noise,-1,Return on Assets,111,0,0.0
non_financial_large_cap_revenue_1b,Non-financial companies with revenue >= $1B,HDBSCAN,Density-based,HDBSCAN|mcs=15|ms=15,,All companies including noise,-1,Asset Turnover,111,0,0.0
non_financial_large_cap_revenue_1b,Non-financial companies with revenue >= $1B,HDBSCAN,Density-based,HDBSCAN|mcs=15|ms=15,,All companies including noise,-1,Revenue per Employee,111,4,0.036036036036036036
non_financial_large_cap_revenue_1b,Non-financial companies with revenue >= $1B,HDBSCAN,Density-based,HDBSCAN|mcs=15|ms=15,,All companies including noise,-1,Current Ratio,111,2,0.018018018018018018
non_financial_large_cap_revenue_1b,Non-financial companies with revenue >= $1B,HDBSCAN,Density-based,HDBSCAN|mcs=15|ms=15,,All companies including noise,-1,Debt Ratio,111,3,0.02702702702702703
non_financial_large_cap_revenue_1b,Non-financial companies with revenue >= $1B,HDBSCAN,Density-based,HDBSCAN|mcs=15|ms=15,,All companies including noise,-1,Free Cash Flow Margin,111,0,0.0
non_financial_large_cap_revenue_1b,Non-financial companies with revenue >= $1B,HDBSCAN,Density-based,HDBSCAN|mcs=15|ms=15,,All companies including noise,-1,Operating Cash Flow Margin,111,1,0.009009009009009009
non_financial_large_cap_revenue_1b,Non-financial companies with revenue >= $1B,HDBSCAN,Density-based,HDBSCAN|mcs=15|ms=15,,All companies including noise,0,EBITDA Margin,1472,5,0.0033967391304347825
non_financial_large_cap_revenue_1b,Non-financial companies with revenue >= $1B,HDBSCAN,Density-based,HDBSCAN|mcs=15|ms=15,,All companies including noise,0,Return on Assets,1472,3,0.0020380434782608695
non_financial_large_cap_revenue_1b,Non-financial companies with revenue >= $1B,HDBSCAN,Density-based,HDBSCAN|mcs=15|ms=15,,All companies including noise,0,Asset Turnover,1472,0,0.0
non_financial_large_cap_revenue_1b,Non-financial companies with revenue >= $1B,HDBSCAN,Density-based,HDBSCAN|mcs=15|ms=15,,All companies including noise,0,Revenue per Employee,1472,74,0.050271739130434784
non_financial_large_cap_revenue_1b,Non-financial companies with revenue >= $1B,HDBSCAN,Density-based,HDBSCAN|mcs=15|ms=15,,All companies including noise,0,Current Ratio,1472,6,0.004076086956521739
non_financial_large_cap_revenue_1b,Non-financial companies with revenue >= $1B,HDBSCAN,Density-based,HDBSCAN|mcs=15|ms=15,,All companies including noise,0,Debt Ratio,1472,11,0.007472826086956522
non_financial_large_cap_revenue_1b,Non-financial companies with revenue >= $1B,HDBSCAN,Density-based,HDBSCAN|mcs=15|ms=15,,All companies including noise,0,Free Cash Flow Margin,1472,1,0.0006793478260869565
non_financial_large_cap_revenue_1b,Non-financial companies with revenue >= $1B,HDBSCAN,Density-based,HDBSCAN|mcs=15|ms=15,,All companies including noise,0,Operating Cash Flow Margin,1472,8,0.005434782608695652
non_financial_large_cap_revenue_1b,Non-financial companies with revenue >= $1B,HDBSCAN,Density-based,HDBSCAN|mcs=15|ms=15,,All companies including noise,1,EBITDA Margin,68,1,0.014705882352941176
non_financial_large_cap_revenue_1b,Non-financial companies with revenue >= $1B,HDBSCAN,Density-based,HDBSCAN|mcs=15|ms=15,,All companies including noise,1,Return on Assets,68,0,0.0
non_financial_large_cap_revenue_1b,Non-financial companies with revenue >= $1B,HDBSCAN,Density-based,HDBSCAN|mcs=15|ms=15,,All companies including noise,1,Asset Turnover,68,0,0.0
non_financial_large_cap_revenue_1b,Non-financial companies with revenue >= $1B,HDBSCAN,Density-based,HDBSCAN|mcs=15|ms=15,,All companies including noise,1,Revenue per Employee,68,0,0.0
non_financial_large_cap_revenue_1b,Non-financial companies with revenue >= $1B,HDBSCAN,Density-based,HDBSCAN|mcs=15|ms=15,,All companies including noise,1,Current Ratio,68,1,0.014705882352941176
non_financial_large_cap_revenue_1b,Non-financial companies with revenue >= $1B,HDBSCAN,Density-based,HDBSCAN|mcs=15|ms=15,,All companies including noise,1,Debt Ratio,68,0,0.0
non_financial_large_cap_revenue_1b,Non-financial companies with revenue >= $1B,HDBSCAN,Density-based,HDBSCAN|mcs=15|ms=15,,All companies including noise,1,Free Cash Flow Margin,68,0,0.0
non_financial_large_cap_revenue_1b,Non-financial companies with revenue >= $1B,HDBSCAN,Density-based,HDBSCAN|mcs=15|ms=15,,All companies including noise,1,Operating Cash Flow Margin,68,2,0.029411764705882353
non_financial_large_cap_revenue_1b,Non-financial companies with revenue >= $1B,HDBSCAN,Density-based,HDBSCAN|mcs=15|ms=15,,HDBSCAN assigned subset,0,EBITDA Margin,1472,5,0.0033967391304347825
non_financial_large_cap_revenue_1b,Non-financial companies with revenue >= $1B,HDBSCAN,Density-based,HDBSCAN|mcs=15|ms=15,,HDBSCAN assigned subset,0,Return on Assets,1472,3,0.0020380434782608695
non_financial_large_cap_revenue_1b,Non-financial companies with revenue >= $1B,HDBSCAN,Density-based,HDBSCAN|mcs=15|ms=15,,HDBSCAN assigned subset,0,Asset Turnover,1472,0,0.0
non_financial_large_cap_revenue_1b,Non-financial companies with revenue >= $1B,HDBSCAN,Density-based,HDBSCAN|mcs=15|ms=15,,HDBSCAN assigned subset,0,Revenue per Employee,1472,74,0.050271739130434784
non_financial_large_cap_revenue_1b,Non-financial companies with revenue >= $1B,HDBSCAN,Density-based,HDBSCAN|mcs=15|ms=15,,HDBSCAN assigned subset,0,Current Ratio,1472,6,0.004076086956521739
non_financial_large_cap_revenue_1b,Non-financial companies with revenue >= $1B,HDBSCAN,Density-based,HDBSCAN|mcs=15|ms=15,,HDBSCAN assigned subset,0,Debt Ratio,1472,11,0.007472826086956522
non_financial_large_cap_revenue_1b,Non-financial companies with revenue >= $1B,HDBSCAN,Density-based,HDBSCAN|mcs=15|ms=15,,HDBSCAN assigned subset,0,Free Cash Flow Margin,1472,1,0.0006793478260869565
non_financial_large_cap_revenue_1b,Non-financial companies with revenue >= $1B,HDBSCAN,Density-based,HDBSCAN|mcs=15|ms=15,,HDBSCAN assigned subset,0,Operating Cash Flow Margin,1472,8,0.005434782608695652
non_financial_large_cap_revenue_1b,Non-financial companies with revenue >= $1B,HDBSCAN,Density-based,HDBSCAN|mcs=15|ms=15,,HDBSCAN assigned subset,1,EBITDA Margin,68,1,0.014705882352941176
non_financial_large_cap_revenue_1b,Non-financial companies with revenue >= $1B,HDBSCAN,Density-based,HDBSCAN|mcs=15|ms=15,,HDBSCAN assigned subset,1,Return on Assets,68,0,0.0
non_financial_large_cap_revenue_1b,Non-financial companies with revenue >= $1B,HDBSCAN,Density-based,HDBSCAN|mcs=15|ms=15,,HDBSCAN assigned subset,1,Asset Turnover,68,0,0.0
non_financial_large_cap_revenue_1b,Non-financial companies with revenue >= $1B,HDBSCAN,Density-based,HDBSCAN|mcs=15|ms=15,,HDBSCAN assigned subset,1,Revenue per Employee,68,0,0.0
non_financial_large_cap_revenue_1b,Non-financial companies with revenue >= $1B,HDBSCAN,Density-based,HDBSCAN|mcs=15|ms=15,,HDBSCAN assigned subset,1,Current Ratio,68,1,0.014705882352941176
non_financial_large_cap_revenue_1b,Non-financial companies with revenue >= $1B,HDBSCAN,Density-based,HDBSCAN|mcs=15|ms=15,,HDBSCAN assigned subset,1,Debt Ratio,68,0,0.0
non_financial_large_cap_revenue_1b,Non-financial companies with revenue >= $1B,HDBSCAN,Density-based,HDBSCAN|mcs=15|ms=15,,HDBSCAN assigned subset,1,Free Cash Flow Margin,68,0,0.0
non_financial_large_cap_revenue_1b,Non-financial companies with revenue >= $1B,HDBSCAN,Density-based,HDBSCAN|mcs=15|ms=15,,HDBSCAN assigned subset,1,Operating Cash Flow Margin,68,2,0.029411764705882353
non_financial_large_cap_revenue_1b,Non-financial companies with revenue >= $1B,HDBSCAN,Density-based,HDBSCAN|mcs=20|ms=5,,All companies including noise,-1,EBITDA Margin,137,4,0.029197080291970802
non_financial_large_cap_revenue_1b,Non-financial companies with revenue >= $1B,HDBSCAN,Density-based,HDBSCAN|mcs=20|ms=5,,All companies including noise,-1,Return on Assets,137,0,0.0
non_financial_large_cap_revenue_1b,Non-financial companies with revenue >= $1B,HDBSCAN,Density-based,HDBSCAN|mcs=20|ms=5,,All companies including noise,-1,Asset Turnover,137,0,0.0
non_financial_large_cap_revenue_1b,Non-financial companies with revenue >= $1B,HDBSCAN,Density-based,HDBSCAN|mcs=20|ms=5,,All companies including noise,-1,Revenue per Employee,137,7,0.051094890510948905
non_financial_large_cap_revenue_1b,Non-financial companies with revenue >= $1B,HDBSCAN,Density-based,HDBSCAN|mcs=20|ms=5,,All companies including noise,-1,Current Ratio,137,3,0.021897810218978103
non_financial_large_cap_revenue_1b,Non-financial companies with revenue >= $1B,HDBSCAN,Density-based,HDBSCAN|mcs=20|ms=5,,All companies including noise,-1,Debt Ratio,137,5,0.0364963503649635
non_financial_large_cap_revenue_1b,Non-financial companies with revenue >= $1B,HDBSCAN,Density-based,HDBSCAN|mcs=20|ms=5,,All companies including noise,-1,Free Cash Flow Margin,137,0,0.0
non_financial_large_cap_revenue_1b,Non-financial companies with revenue >= $1B,HDBSCAN,Density-based,HDBSCAN|mcs=20|ms=5,,All companies including noise,-1,Operating Cash Flow Margin,137,3,0.021897810218978103
non_financial_large_cap_revenue_1b,Non-financial companies with revenue >= $1B,HDBSCAN,Density-based,HDBSCAN|mcs=20|ms=5,,All companies including noise,0,EBITDA Margin,1448,5,0.003453038674033149
non_financial_large_cap_revenue_1b,Non-financial companies with revenue >= $1B,HDBSCAN,Density-based,HDBSCAN|mcs=20|ms=5,,All companies including noise,0,Return on Assets,1448,3,0.0020718232044198894
non_financial_large_cap_revenue_1b,Non-financial companies with revenue >= $1B,HDBSCAN,Density-based,HDBSCAN|mcs=20|ms=5,,All companies including noise,0,Asset Turnover,1448,0,0.0
non_financial_large_cap_revenue_1b,Non-financial companies with revenue >= $1B,HDBSCAN,Density-based,HDBSCAN|mcs=20|ms=5,,All companies including noise,0,Revenue per Employee,1448,71,0.04903314917127072
non_financial_large_cap_revenue_1b,Non-financial companies with revenue >= $1B,HDBSCAN,Density-based,HDBSCAN|mcs=20|ms=5,,All companies including noise,0,Current Ratio,1448,6,0.004143646408839779
non_financial_large_cap_revenue_1b,Non-financial companies with revenue >= $1B,HDBSCAN,Density-based,HDBSCAN|mcs=20|ms=5,,All companies including noise,0,Debt Ratio,1448,9,0.006215469613259668
non_financial_large_cap_revenue_1b,Non-financial companies with revenue >= $1B,HDBSCAN,Density-based,HDBSCAN|mcs=20|ms=5,,All companies including noise,0,Free Cash Flow Margin,1448,1,0.0006906077348066298
non_financial_large_cap_revenue_1b,Non-financial companies with revenue >= $1B,HDBSCAN,Density-based,HDBSCAN|mcs=20|ms=5,,All companies including noise,0,Operating Cash Flow Margin,1448,7,0.004834254143646409
non_financial_large_cap_revenue_1b,Non-financial companies with revenue >= $1B,HDBSCAN,Density-based,HDBSCAN|mcs=20|ms=5,,All companies including noise,1,EBITDA Margin,66,0,0.0
non_financial_large_cap_revenue_1b,Non-financial companies with revenue >= $1B,HDBSCAN,Density-based,HDBSCAN|mcs=20|ms=5,,All companies including noise,1,Return on Assets,66,0,0.0
non_financial_large_cap_revenue_1b,Non-financial companies with revenue >= $1B,HDBSCAN,Density-based,HDBSCAN|mcs=20|ms=5,,All companies including noise,1,Asset Turnover,66,0,0.0
non_financial_large_cap_revenue_1b,Non-financial companies with revenue >= $1B,HDBSCAN,Density-based,HDBSCAN|mcs=20|ms=5,,All companies including noise,1,Revenue per Employee,66,0,0.0
non_financial_large_cap_revenue_1b,Non-financial companies with revenue >= $1B,HDBSCAN,Density-based,HDBSCAN|mcs=20|ms=5,,All companies including noise,1,Current Ratio,66,0,0.0
non_financial_large_cap_revenue_1b,Non-financial companies with revenue >= $1B,HDBSCAN,Density-based,HDBSCAN|mcs=20|ms=5,,All companies including noise,1,Debt Ratio,66,0,0.0
non_financial_large_cap_revenue_1b,Non-financial companies with revenue >= $1B,HDBSCAN,Density-based,HDBSCAN|mcs=20|ms=5,,All companies including noise,1,Free Cash Flow Margin,66,0,0.0
non_financial_large_cap_revenue_1b,Non-financial companies with revenue >= $1B,HDBSCAN,Density-based,HDBSCAN|mcs=20|ms=5,,All companies including noise,1,Operating Cash Flow Margin,66,1,0.015151515151515152
non_financial_large_cap_revenue_1b,Non-financial companies with revenue >= $1B,HDBSCAN,Density-based,HDBSCAN|mcs=20|ms=5,,HDBSCAN assigned subset,0,EBITDA Margin,1448,5,0.003453038674033149
non_financial_large_cap_revenue_1b,Non-financial companies with revenue >= $1B,HDBSCAN,Density-based,HDBSCAN|mcs=20|ms=5,,HDBSCAN assigned subset,0,Return on Assets,1448,3,0.0020718232044198894
non_financial_large_cap_revenue_1b,Non-financial companies with revenue >= $1B,HDBSCAN,Density-based,HDBSCAN|mcs=20|ms=5,,HDBSCAN assigned subset,0,Asset Turnover,1448,0,0.0
non_financial_large_cap_revenue_1b,Non-financial companies with revenue >= $1B,HDBSCAN,Density-based,HDBSCAN|mcs=20|ms=5,,HDBSCAN assigned subset,0,Revenue per Employee,1448,71,0.04903314917127072
non_financial_large_cap_revenue_1b,Non-financial companies with revenue >= $1B,HDBSCAN,Density-based,HDBSCAN|mcs=20|ms=5,,HDBSCAN assigned subset,0,Current Ratio,1448,6,0.004143646408839779
non_financial_large_cap_revenue_1b,Non-financial companies with revenue >= $1B,HDBSCAN,Density-based,HDBSCAN|mcs=20|ms=5,,HDBSCAN assigned subset,0,Debt Ratio,1448,9,0.006215469613259668
non_financial_large_cap_revenue_1b,Non-financial companies with revenue >= $1B,HDBSCAN,Density-based,HDBSCAN|mcs=20|ms=5,,HDBSCAN assigned subset,0,Free Cash Flow Margin,1448,1,0.0006906077348066298
non_financial_large_cap_revenue_1b,Non-financial companies with revenue >= $1B,HDBSCAN,Density-based,HDBSCAN|mcs=20|ms=5,,HDBSCAN assigned subset,0,Operating Cash Flow Margin,1448,7,0.004834254143646409
non_financial_large_cap_revenue_1b,Non-financial companies with revenue >= $1B,HDBSCAN,Density-based,HDBSCAN|mcs=20|ms=5,,HDBSCAN assigned subset,1,EBITDA Margin,66,0,0.0
non_financial_large_cap_revenue_1b,Non-financial companies with revenue >= $1B,HDBSCAN,Density-based,HDBSCAN|mcs=20|ms=5,,HDBSCAN assigned subset,1,Return on Assets,66,0,0.0
non_financial_large_cap_revenue_1b,Non-financial companies with revenue >= $1B,HDBSCAN,Density-based,HDBSCAN|mcs=20|ms=5,,HDBSCAN assigned subset,1,Asset Turnover,66,0,0.0
non_financial_large_cap_revenue_1b,Non-financial companies with revenue >= $1B,HDBSCAN,Density-based,HDBSCAN|mcs=20|ms=5,,HDBSCAN assigned subset,1,Revenue per Employee,66,0,0.0
non_financial_large_cap_revenue_1b,Non-financial companies with revenue >= $1B,HDBSCAN,Density-based,HDBSCAN|mcs=20|ms=5,,HDBSCAN assigned subset,1,Current Ratio,66,0,0.0
non_financial_large_cap_revenue_1b,Non-financial companies with revenue >= $1B,HDBSCAN,Density-based,HDBSCAN|mcs=20|ms=5,,HDBSCAN assigned subset,1,Debt Ratio,66,0,0.0
non_financial_large_cap_revenue_1b,Non-financial companies with revenue >= $1B,HDBSCAN,Density-based,HDBSCAN|mcs=20|ms=5,,HDBSCAN assigned subset,1,Free Cash Flow Margin,66,0,0.0
non_financial_large_cap_revenue_1b,Non-financial companies with revenue >= $1B,HDBSCAN,Density-based,HDBSCAN|mcs=20|ms=5,,HDBSCAN assigned subset,1,Operating Cash Flow Margin,66,1,0.015151515151515152
non_financial_large_cap_revenue_1b,Non-financial companies with revenue >= $1B,HDBSCAN,Density-based,HDBSCAN|mcs=20|ms=10,,All companies including noise,-1,EBITDA Margin,118,3,0.025423728813559324
non_financial_large_cap_revenue_1b,Non-financial companies with revenue >= $1B,HDBSCAN,Density-based,HDBSCAN|mcs=20|ms=10,,All companies including noise,-1,Return on Assets,118,0,0.0
non_financial_large_cap_revenue_1b,Non-financial companies with revenue >= $1B,HDBSCAN,Density-based,HDBSCAN|mcs=20|ms=10,,All companies including noise,-1,Asset Turnover,118,0,0.0
non_financial_large_cap_revenue_1b,Non-financial companies with revenue >= $1B,HDBSCAN,Density-based,HDBSCAN|mcs=20|ms=10,,All companies including noise,-1,Revenue per Employee,118,5,0.0423728813559322
non_financial_large_cap_revenue_1b,Non-financial companies with revenue >= $1B,HDBSCAN,Density-based,HDBSCAN|mcs=20|ms=10,,All companies including noise,-1,Current Ratio,118,2,0.01694915254237288
non_financial_large_cap_revenue_1b,Non-financial companies with revenue >= $1B,HDBSCAN,Density-based,HDBSCAN|mcs=20|ms=10,,All companies including noise,-1,Debt Ratio,118,3,0.025423728813559324
non_financial_large_cap_revenue_1b,Non-financial companies with revenue >= $1B,HDBSCAN,Density-based,HDBSCAN|mcs=20|ms=10,,All companies including noise,-1,Free Cash Flow Margin,118,0,0.0
non_financial_large_cap_revenue_1b,Non-financial companies with revenue >= $1B,HDBSCAN,Density-based,HDBSCAN|mcs=20|ms=10,,All companies including noise,-1,Operating Cash Flow Margin,118,1,0.00847457627118644
non_financial_large_cap_revenue_1b,Non-financial companies with revenue >= $1B,HDBSCAN,Density-based,HDBSCAN|mcs=20|ms=10,,All companies including noise,0,EBITDA Margin,1470,5,0.003401360544217687
non_financial_large_cap_revenue_1b,Non-financial companies with revenue >= $1B,HDBSCAN,Density-based,HDBSCAN|mcs=20|ms=10,,All companies including noise,0,Return on Assets,1470,3,0.0020408163265306124
non_financial_large_cap_revenue_1b,Non-financial companies with revenue >= $1B,HDBSCAN,Density-based,HDBSCAN|mcs=20|ms=10,,All companies including noise,0,Asset Turnover,1470,0,0.0
non_financial_large_cap_revenue_1b,Non-financial companies with revenue >= $1B,HDBSCAN,Density-based,HDBSCAN|mcs=20|ms=10,,All companies including noise,0,Revenue per Employee,1470,73,0.04965986394557823
non_financial_large_cap_revenue_1b,Non-financial companies with revenue >= $1B,HDBSCAN,Density-based,HDBSCAN|mcs=20|ms=10,,All companies including noise,0,Current Ratio,1470,6,0.004081632653061225
non_financial_large_cap_revenue_1b,Non-financial companies with revenue >= $1B,HDBSCAN,Density-based,HDBSCAN|mcs=20|ms=10,,All companies including noise,0,Debt Ratio,1470,11,0.007482993197278911
non_financial_large_cap_revenue_1b,Non-financial companies with revenue >= $1B,HDBSCAN,Density-based,HDBSCAN|mcs=20|ms=10,,All companies including noise,0,Free Cash Flow Margin,1470,1,0.0006802721088435374
non_financial_large_cap_revenue_1b,Non-financial companies with revenue >= $1B,HDBSCAN,Density-based,HDBSCAN|mcs=20|ms=10,,All companies including noise,0,Operating Cash Flow Margin,1470,8,0.005442176870748299
non_financial_large_cap_revenue_1b,Non-financial companies with revenue >= $1B,HDBSCAN,Density-based,HDBSCAN|mcs=20|ms=10,,All companies including noise,1,EBITDA Margin,63,1,0.015873015873015872
non_financial_large_cap_revenue_1b,Non-financial companies with revenue >= $1B,HDBSCAN,Density-based,HDBSCAN|mcs=20|ms=10,,All companies including noise,1,Return on Assets,63,0,0.0
non_financial_large_cap_revenue_1b,Non-financial companies with revenue >= $1B,HDBSCAN,Density-based,HDBSCAN|mcs=20|ms=10,,All companies including noise,1,Asset Turnover,63,0,0.0
non_financial_large_cap_revenue_1b,Non-financial companies with revenue >= $1B,HDBSCAN,Density-based,HDBSCAN|mcs=20|ms=10,,All companies including noise,1,Revenue per Employee,63,0,0.0
non_financial_large_cap_revenue_1b,Non-financial companies with revenue >= $1B,HDBSCAN,Density-based,HDBSCAN|mcs=20|ms=10,,All companies including noise,1,Current Ratio,63,1,0.015873015873015872
non_financial_large_cap_revenue_1b,Non-financial companies with revenue >= $1B,HDBSCAN,Density-based,HDBSCAN|mcs=20|ms=10,,All companies including noise,1,Debt Ratio,63,0,0.0
non_financial_large_cap_revenue_1b,Non-financial companies with revenue >= $1B,HDBSCAN,Density-based,HDBSCAN|mcs=20|ms=10,,All companies including noise,1,Free Cash Flow Margin,63,0,0.0
non_financial_large_cap_revenue_1b,Non-financial companies with revenue >= $1B,HDBSCAN,Density-based,HDBSCAN|mcs=20|ms=10,,All companies including noise,1,Operating Cash Flow Margin,63,2,0.031746031746031744
non_financial_large_cap_revenue_1b,Non-financial companies with revenue >= $1B,HDBSCAN,Density-based,HDBSCAN|mcs=20|ms=10,,HDBSCAN assigned subset,0,EBITDA Margin,1470,5,0.003401360544217687
non_financial_large_cap_revenue_1b,Non-financial companies with revenue >= $1B,HDBSCAN,Density-based,HDBSCAN|mcs=20|ms=10,,HDBSCAN assigned subset,0,Return on Assets,1470,3,0.0020408163265306124
non_financial_large_cap_revenue_1b,Non-financial companies with revenue >= $1B,HDBSCAN,Density-based,HDBSCAN|mcs=20|ms=10,,HDBSCAN assigned subset,0,Asset Turnover,1470,0,0.0
non_financial_large_cap_revenue_1b,Non-financial companies with revenue >= $1B,HDBSCAN,Density-based,HDBSCAN|mcs=20|ms=10,,HDBSCAN assigned subset,0,Revenue per Employee,1470,73,0.04965986394557823
non_financial_large_cap_revenue_1b,Non-financial companies with revenue >= $1B,HDBSCAN,Density-based,HDBSCAN|mcs=20|ms=10,,HDBSCAN assigned subset,0,Current Ratio,1470,6,0.004081632653061225
non_financial_large_cap_revenue_1b,Non-financial companies with revenue >= $1B,HDBSCAN,Density-based,HDBSCAN|mcs=20|ms=10,,HDBSCAN assigned subset,0,Debt Ratio,1470,11,0.007482993197278911
non_financial_large_cap_revenue_1b,Non-financial companies with revenue >= $1B,HDBSCAN,Density-based,HDBSCAN|mcs=20|ms=10,,HDBSCAN assigned subset,0,Free Cash Flow Margin,1470,1,0.0006802721088435374
non_financial_large_cap_revenue_1b,Non-financial companies with revenue >= $1B,HDBSCAN,Density-based,HDBSCAN|mcs=20|ms=10,,HDBSCAN assigned subset,0,Operating Cash Flow Margin,1470,8,0.005442176870748299
non_financial_large_cap_revenue_1b,Non-financial companies with revenue >= $1B,HDBSCAN,Density-based,HDBSCAN|mcs=20|ms=10,,HDBSCAN assigned subset,1,EBITDA Margin,63,1,0.015873015873015872
non_financial_large_cap_revenue_1b,Non-financial companies with revenue >= $1B,HDBSCAN,Density-based,HDBSCAN|mcs=20|ms=10,,HDBSCAN assigned subset,1,Return on Assets,63,0,0.0
non_financial_large_cap_revenue_1b,Non-financial companies with revenue >= $1B,HDBSCAN,Density-based,HDBSCAN|mcs=20|ms=10,,HDBSCAN assigned subset,1,Asset Turnover,63,0,0.0
non_financial_large_cap_revenue_1b,Non-financial companies with revenue >= $1B,HDBSCAN,Density-based,HDBSCAN|mcs=20|ms=10,,HDBSCAN assigned subset,1,Revenue per Employee,63,0,0.0
non_financial_large_cap_revenue_1b,Non-financial companies with revenue >= $1B,HDBSCAN,Density-based,HDBSCAN|mcs=20|ms=10,,HDBSCAN assigned subset,1,Current Ratio,63,1,0.015873015873015872
non_financial_large_cap_revenue_1b,Non-financial companies with revenue >= $1B,HDBSCAN,Density-based,HDBSCAN|mcs=20|ms=10,,HDBSCAN assigned subset,1,Debt Ratio,63,0,0.0
non_financial_large_cap_revenue_1b,Non-financial companies with revenue >= $1B,HDBSCAN,Density-based,HDBSCAN|mcs=20|ms=10,,HDBSCAN assigned subset,1,Free Cash Flow Margin,63,0,0.0
non_financial_large_cap_revenue_1b,Non-financial companies with revenue >= $1B,HDBSCAN,Density-based,HDBSCAN|mcs=20|ms=10,,HDBSCAN assigned subset,1,Operating Cash Flow Margin,63,2,0.031746031746031744
non_financial_large_cap_revenue_1b,Non-financial companies with revenue >= $1B,HDBSCAN,Density-based,HDBSCAN|mcs=20|ms=15,,All companies including noise,-1,EBITDA Margin,111,3,0.02702702702702703
non_financial_large_cap_revenue_1b,Non-financial companies with revenue >= $1B,HDBSCAN,Density-based,HDBSCAN|mcs=20|ms=15,,All companies including noise,-1,Return on Assets,111,0,0.0
non_financial_large_cap_revenue_1b,Non-financial companies with revenue >= $1B,HDBSCAN,Density-based,HDBSCAN|mcs=20|ms=15,,All companies including noise,-1,Asset Turnover,111,0,0.0
non_financial_large_cap_revenue_1b,Non-financial companies with revenue >= $1B,HDBSCAN,Density-based,HDBSCAN|mcs=20|ms=15,,All companies including noise,-1,Revenue per Employee,111,4,0.036036036036036036
non_financial_large_cap_revenue_1b,Non-financial companies with revenue >= $1B,HDBSCAN,Density-based,HDBSCAN|mcs=20|ms=15,,All companies including noise,-1,Current Ratio,111,2,0.018018018018018018
non_financial_large_cap_revenue_1b,Non-financial companies with revenue >= $1B,HDBSCAN,Density-based,HDBSCAN|mcs=20|ms=15,,All companies including noise,-1,Debt Ratio,111,3,0.02702702702702703
non_financial_large_cap_revenue_1b,Non-financial companies with revenue >= $1B,HDBSCAN,Density-based,HDBSCAN|mcs=20|ms=15,,All companies including noise,-1,Free Cash Flow Margin,111,0,0.0
non_financial_large_cap_revenue_1b,Non-financial companies with revenue >= $1B,HDBSCAN,Density-based,HDBSCAN|mcs=20|ms=15,,All companies including noise,-1,Operating Cash Flow Margin,111,1,0.009009009009009009
non_financial_large_cap_revenue_1b,Non-financial companies with revenue >= $1B,HDBSCAN,Density-based,HDBSCAN|mcs=20|ms=15,,All companies including noise,0,EBITDA Margin,1472,5,0.0033967391304347825
non_financial_large_cap_revenue_1b,Non-financial companies with revenue >= $1B,HDBSCAN,Density-based,HDBSCAN|mcs=20|ms=15,,All companies including noise,0,Return on Assets,1472,3,0.0020380434782608695
non_financial_large_cap_revenue_1b,Non-financial companies with revenue >= $1B,HDBSCAN,Density-based,HDBSCAN|mcs=20|ms=15,,All companies including noise,0,Asset Turnover,1472,0,0.0
non_financial_large_cap_revenue_1b,Non-financial companies with revenue >= $1B,HDBSCAN,Density-based,HDBSCAN|mcs=20|ms=15,,All companies including noise,0,Revenue per Employee,1472,74,0.050271739130434784
non_financial_large_cap_revenue_1b,Non-financial companies with revenue >= $1B,HDBSCAN,Density-based,HDBSCAN|mcs=20|ms=15,,All companies including noise,0,Current Ratio,1472,6,0.004076086956521739
non_financial_large_cap_revenue_1b,Non-financial companies with revenue >= $1B,HDBSCAN,Density-based,HDBSCAN|mcs=20|ms=15,,All companies including noise,0,Debt Ratio,1472,11,0.007472826086956522
non_financial_large_cap_revenue_1b,Non-financial companies with revenue >= $1B,HDBSCAN,Density-based,HDBSCAN|mcs=20|ms=15,,All companies including noise,0,Free Cash Flow Margin,1472,1,0.0006793478260869565
non_financial_large_cap_revenue_1b,Non-financial companies with revenue >= $1B,HDBSCAN,Density-based,HDBSCAN|mcs=20|ms=15,,All companies including noise,0,Operating Cash Flow Margin,1472,8,0.005434782608695652
non_financial_large_cap_revenue_1b,Non-financial companies with revenue >= $1B,HDBSCAN,Density-based,HDBSCAN|mcs=20|ms=15,,All companies including noise,1,EBITDA Margin,68,1,0.014705882352941176
non_financial_large_cap_revenue_1b,Non-financial companies with revenue >= $1B,HDBSCAN,Density-based,HDBSCAN|mcs=20|ms=15,,All companies including noise,1,Return on Assets,68,0,0.0
non_financial_large_cap_revenue_1b,Non-financial companies with revenue >= $1B,HDBSCAN,Density-based,HDBSCAN|mcs=20|ms=15,,All companies including noise,1,Asset Turnover,68,0,0.0
non_financial_large_cap_revenue_1b,Non-financial companies with revenue >= $1B,HDBSCAN,Density-based,HDBSCAN|mcs=20|ms=15,,All companies including noise,1,Revenue per Employee,68,0,0.0
non_financial_large_cap_revenue_1b,Non-financial companies with revenue >= $1B,HDBSCAN,Density-based,HDBSCAN|mcs=20|ms=15,,All companies including noise,1,Current Ratio,68,1,0.014705882352941176
non_financial_large_cap_revenue_1b,Non-financial companies with revenue >= $1B,HDBSCAN,Density-based,HDBSCAN|mcs=20|ms=15,,All companies including noise,1,Debt Ratio,68,0,0.0
non_financial_large_cap_revenue_1b,Non-financial companies with revenue >= $1B,HDBSCAN,Density-based,HDBSCAN|mcs=20|ms=15,,All companies including noise,1,Free Cash Flow Margin,68,0,0.0
non_financial_large_cap_revenue_1b,Non-financial companies with revenue >= $1B,HDBSCAN,Density-based,HDBSCAN|mcs=20|ms=15,,All companies including noise,1,Operating Cash Flow Margin,68,2,0.029411764705882353
non_financial_large_cap_revenue_1b,Non-financial companies with revenue >= $1B,HDBSCAN,Density-based,HDBSCAN|mcs=20|ms=15,,HDBSCAN assigned subset,0,EBITDA Margin,1472,5,0.0033967391304347825
non_financial_large_cap_revenue_1b,Non-financial companies with revenue >= $1B,HDBSCAN,Density-based,HDBSCAN|mcs=20|ms=15,,HDBSCAN assigned subset,0,Return on Assets,1472,3,0.0020380434782608695
non_financial_large_cap_revenue_1b,Non-financial companies with revenue >= $1B,HDBSCAN,Density-based,HDBSCAN|mcs=20|ms=15,,HDBSCAN assigned subset,0,Asset Turnover,1472,0,0.0
non_financial_large_cap_revenue_1b,Non-financial companies with revenue >= $1B,HDBSCAN,Density-based,HDBSCAN|mcs=20|ms=15,,HDBSCAN assigned subset,0,Revenue per Employee,1472,74,0.050271739130434784
non_financial_large_cap_revenue_1b,Non-financial companies with revenue >= $1B,HDBSCAN,Density-based,HDBSCAN|mcs=20|ms=15,,HDBSCAN assigned subset,0,Current Ratio,1472,6,0.004076086956521739
non_financial_large_cap_revenue_1b,Non-financial companies with revenue >= $1B,HDBSCAN,Density-based,HDBSCAN|mcs=20|ms=15,,HDBSCAN assigned subset,0,Debt Ratio,1472,11,0.007472826086956522
non_financial_large_cap_revenue_1b,Non-financial companies with revenue >= $1B,HDBSCAN,Density-based,HDBSCAN|mcs=20|ms=15,,HDBSCAN assigned subset,0,Free Cash Flow Margin,1472,1,0.0006793478260869565
non_financial_large_cap_revenue_1b,Non-financial companies with revenue >= $1B,HDBSCAN,Density-based,HDBSCAN|mcs=20|ms=15,,HDBSCAN assigned subset,0,Operating Cash Flow Margin,1472,8,0.005434782608695652
non_financial_large_cap_revenue_1b,Non-financial companies with revenue >= $1B,HDBSCAN,Density-based,HDBSCAN|mcs=20|ms=15,,HDBSCAN assigned subset,1,EBITDA Margin,68,1,0.014705882352941176
non_financial_large_cap_revenue_1b,Non-financial companies with revenue >= $1B,HDBSCAN,Density-based,HDBSCAN|mcs=20|ms=15,,HDBSCAN assigned subset,1,Return on Assets,68,0,0.0
non_financial_large_cap_revenue_1b,Non-financial companies with revenue >= $1B,HDBSCAN,Density-based,HDBSCAN|mcs=20|ms=15,,HDBSCAN assigned subset,1,Asset Turnover,68,0,0.0
non_financial_large_cap_revenue_1b,Non-financial companies with revenue >= $1B,HDBSCAN,Density-based,HDBSCAN|mcs=20|ms=15,,HDBSCAN assigned subset,1,Revenue per Employee,68,0,0.0
non_financial_large_cap_revenue_1b,Non-financial companies with revenue >= $1B,HDBSCAN,Density-based,HDBSCAN|mcs=20|ms=15,,HDBSCAN assigned subset,1,Current Ratio,68,1,0.014705882352941176
non_financial_large_cap_revenue_1b,Non-financial companies with revenue >= $1B,HDBSCAN,Density-based,HDBSCAN|mcs=20|ms=15,,HDBSCAN assigned subset,1,Debt Ratio,68,0,0.0
non_financial_large_cap_revenue_1b,Non-financial companies with revenue >= $1B,HDBSCAN,Density-based,HDBSCAN|mcs=20|ms=15,,HDBSCAN assigned subset,1,Free Cash Flow Margin,68,0,0.0
non_financial_large_cap_revenue_1b,Non-financial companies with revenue >= $1B,HDBSCAN,Density-based,HDBSCAN|mcs=20|ms=15,,HDBSCAN assigned subset,1,Operating Cash Flow Margin,68,2,0.029411764705882353
non_financial_large_cap_revenue_1b,Non-financial companies with revenue >= $1B,HDBSCAN,Density-based,HDBSCAN|mcs=25|ms=5,,All companies including noise,-1,EBITDA Margin,137,4,0.029197080291970802
non_financial_large_cap_revenue_1b,Non-financial companies with revenue >= $1B,HDBSCAN,Density-based,HDBSCAN|mcs=25|ms=5,,All companies including noise,-1,Return on Assets,137,0,0.0
non_financial_large_cap_revenue_1b,Non-financial companies with revenue >= $1B,HDBSCAN,Density-based,HDBSCAN|mcs=25|ms=5,,All companies including noise,-1,Asset Turnover,137,0,0.0
non_financial_large_cap_revenue_1b,Non-financial companies with revenue >= $1B,HDBSCAN,Density-based,HDBSCAN|mcs=25|ms=5,,All companies including noise,-1,Revenue per Employee,137,7,0.051094890510948905
non_financial_large_cap_revenue_1b,Non-financial companies with revenue >= $1B,HDBSCAN,Density-based,HDBSCAN|mcs=25|ms=5,,All companies including noise,-1,Current Ratio,137,3,0.021897810218978103
non_financial_large_cap_revenue_1b,Non-financial companies with revenue >= $1B,HDBSCAN,Density-based,HDBSCAN|mcs=25|ms=5,,All companies including noise,-1,Debt Ratio,137,5,0.0364963503649635
non_financial_large_cap_revenue_1b,Non-financial companies with revenue >= $1B,HDBSCAN,Density-based,HDBSCAN|mcs=25|ms=5,,All companies including noise,-1,Free Cash Flow Margin,137,0,0.0
non_financial_large_cap_revenue_1b,Non-financial companies with revenue >= $1B,HDBSCAN,Density-based,HDBSCAN|mcs=25|ms=5,,All companies including noise,-1,Operating Cash Flow Margin,137,3,0.021897810218978103
non_financial_large_cap_revenue_1b,Non-financial companies with revenue >= $1B,HDBSCAN,Density-based,HDBSCAN|mcs=25|ms=5,,All companies including noise,0,EBITDA Margin,1448,5,0.003453038674033149
non_financial_large_cap_revenue_1b,Non-financial companies with revenue >= $1B,HDBSCAN,Density-based,HDBSCAN|mcs=25|ms=5,,All companies including noise,0,Return on Assets,1448,3,0.0020718232044198894
non_financial_large_cap_revenue_1b,Non-financial companies with revenue >= $1B,HDBSCAN,Density-based,HDBSCAN|mcs=25|ms=5,,All companies including noise,0,Asset Turnover,1448,0,0.0
non_financial_large_cap_revenue_1b,Non-financial companies with revenue >= $1B,HDBSCAN,Density-based,HDBSCAN|mcs=25|ms=5,,All companies including noise,0,Revenue per Employee,1448,71,0.04903314917127072
non_financial_large_cap_revenue_1b,Non-financial companies with revenue >= $1B,HDBSCAN,Density-based,HDBSCAN|mcs=25|ms=5,,All companies including noise,0,Current Ratio,1448,6,0.004143646408839779
non_financial_large_cap_revenue_1b,Non-financial companies with revenue >= $1B,HDBSCAN,Density-based,HDBSCAN|mcs=25|ms=5,,All companies including noise,0,Debt Ratio,1448,9,0.006215469613259668
non_financial_large_cap_revenue_1b,Non-financial companies with revenue >= $1B,HDBSCAN,Density-based,HDBSCAN|mcs=25|ms=5,,All companies including noise,0,Free Cash Flow Margin,1448,1,0.0006906077348066298
non_financial_large_cap_revenue_1b,Non-financial companies with revenue >= $1B,HDBSCAN,Density-based,HDBSCAN|mcs=25|ms=5,,All companies including noise,0,Operating Cash Flow Margin,1448,7,0.004834254143646409
non_financial_large_cap_revenue_1b,Non-financial companies with revenue >= $1B,HDBSCAN,Density-based,HDBSCAN|mcs=25|ms=5,,All companies including noise,1,EBITDA Margin,66,0,0.0
non_financial_large_cap_revenue_1b,Non-financial companies with revenue >= $1B,HDBSCAN,Density-based,HDBSCAN|mcs=25|ms=5,,All companies including noise,1,Return on Assets,66,0,0.0
non_financial_large_cap_revenue_1b,Non-financial companies with revenue >= $1B,HDBSCAN,Density-based,HDBSCAN|mcs=25|ms=5,,All companies including noise,1,Asset Turnover,66,0,0.0
non_financial_large_cap_revenue_1b,Non-financial companies with revenue >= $1B,HDBSCAN,Density-based,HDBSCAN|mcs=25|ms=5,,All companies including noise,1,Revenue per Employee,66,0,0.0
non_financial_large_cap_revenue_1b,Non-financial companies with revenue >= $1B,HDBSCAN,Density-based,HDBSCAN|mcs=25|ms=5,,All companies including noise,1,Current Ratio,66,0,0.0
non_financial_large_cap_revenue_1b,Non-financial companies with revenue >= $1B,HDBSCAN,Density-based,HDBSCAN|mcs=25|ms=5,,All companies including noise,1,Debt Ratio,66,0,0.0
non_financial_large_cap_revenue_1b,Non-financial companies with revenue >= $1B,HDBSCAN,Density-based,HDBSCAN|mcs=25|ms=5,,All companies including noise,1,Free Cash Flow Margin,66,0,0.0
non_financial_large_cap_revenue_1b,Non-financial companies with revenue >= $1B,HDBSCAN,Density-based,HDBSCAN|mcs=25|ms=5,,All companies including noise,1,Operating Cash Flow Margin,66,1,0.015151515151515152
non_financial_large_cap_revenue_1b,Non-financial companies with revenue >= $1B,HDBSCAN,Density-based,HDBSCAN|mcs=25|ms=5,,HDBSCAN assigned subset,0,EBITDA Margin,1448,5,0.003453038674033149
non_financial_large_cap_revenue_1b,Non-financial companies with revenue >= $1B,HDBSCAN,Density-based,HDBSCAN|mcs=25|ms=5,,HDBSCAN assigned subset,0,Return on Assets,1448,3,0.0020718232044198894
non_financial_large_cap_revenue_1b,Non-financial companies with revenue >= $1B,HDBSCAN,Density-based,HDBSCAN|mcs=25|ms=5,,HDBSCAN assigned subset,0,Asset Turnover,1448,0,0.0
non_financial_large_cap_revenue_1b,Non-financial companies with revenue >= $1B,HDBSCAN,Density-based,HDBSCAN|mcs=25|ms=5,,HDBSCAN assigned subset,0,Revenue per Employee,1448,71,0.04903314917127072
non_financial_large_cap_revenue_1b,Non-financial companies with revenue >= $1B,HDBSCAN,Density-based,HDBSCAN|mcs=25|ms=5,,HDBSCAN assigned subset,0,Current Ratio,1448,6,0.004143646408839779
non_financial_large_cap_revenue_1b,Non-financial companies with revenue >= $1B,HDBSCAN,Density-based,HDBSCAN|mcs=25|ms=5,,HDBSCAN assigned subset,0,Debt Ratio,1448,9,0.006215469613259668
non_financial_large_cap_revenue_1b,Non-financial companies with revenue >= $1B,HDBSCAN,Density-based,HDBSCAN|mcs=25|ms=5,,HDBSCAN assigned subset,0,Free Cash Flow Margin,1448,1,0.0006906077348066298
non_financial_large_cap_revenue_1b,Non-financial companies with revenue >= $1B,HDBSCAN,Density-based,HDBSCAN|mcs=25|ms=5,,HDBSCAN assigned subset,0,Operating Cash Flow Margin,1448,7,0.004834254143646409
non_financial_large_cap_revenue_1b,Non-financial companies with revenue >= $1B,HDBSCAN,Density-based,HDBSCAN|mcs=25|ms=5,,HDBSCAN assigned subset,1,EBITDA Margin,66,0,0.0
non_financial_large_cap_revenue_1b,Non-financial companies with revenue >= $1B,HDBSCAN,Density-based,HDBSCAN|mcs=25|ms=5,,HDBSCAN assigned subset,1,Return on Assets,66,0,0.0
non_financial_large_cap_revenue_1b,Non-financial companies with revenue >= $1B,HDBSCAN,Density-based,HDBSCAN|mcs=25|ms=5,,HDBSCAN assigned subset,1,Asset Turnover,66,0,0.0
non_financial_large_cap_revenue_1b,Non-financial companies with revenue >= $1B,HDBSCAN,Density-based,HDBSCAN|mcs=25|ms=5,,HDBSCAN assigned subset,1,Revenue per Employee,66,0,0.0
non_financial_large_cap_revenue_1b,Non-financial companies with revenue >= $1B,HDBSCAN,Density-based,HDBSCAN|mcs=25|ms=5,,HDBSCAN assigned subset,1,Current Ratio,66,0,0.0
non_financial_large_cap_revenue_1b,Non-financial companies with revenue >= $1B,HDBSCAN,Density-based,HDBSCAN|mcs=25|ms=5,,HDBSCAN assigned subset,1,Debt Ratio,66,0,0.0
non_financial_large_cap_revenue_1b,Non-financial companies with revenue >= $1B,HDBSCAN,Density-based,HDBSCAN|mcs=25|ms=5,,HDBSCAN assigned subset,1,Free Cash Flow Margin,66,0,0.0
non_financial_large_cap_revenue_1b,Non-financial companies with revenue >= $1B,HDBSCAN,Density-based,HDBSCAN|mcs=25|ms=5,,HDBSCAN assigned subset,1,Operating Cash Flow Margin,66,1,0.015151515151515152
non_financial_large_cap_revenue_1b,Non-financial companies with revenue >= $1B,HDBSCAN,Density-based,HDBSCAN|mcs=25|ms=10,,All companies including noise,-1,EBITDA Margin,118,3,0.025423728813559324
non_financial_large_cap_revenue_1b,Non-financial companies with revenue >= $1B,HDBSCAN,Density-based,HDBSCAN|mcs=25|ms=10,,All companies including noise,-1,Return on Assets,118,0,0.0
non_financial_large_cap_revenue_1b,Non-financial companies with revenue >= $1B,HDBSCAN,Density-based,HDBSCAN|mcs=25|ms=10,,All companies including noise,-1,Asset Turnover,118,0,0.0
non_financial_large_cap_revenue_1b,Non-financial companies with revenue >= $1B,HDBSCAN,Density-based,HDBSCAN|mcs=25|ms=10,,All companies including noise,-1,Revenue per Employee,118,5,0.0423728813559322
non_financial_large_cap_revenue_1b,Non-financial companies with revenue >= $1B,HDBSCAN,Density-based,HDBSCAN|mcs=25|ms=10,,All companies including noise,-1,Current Ratio,118,2,0.01694915254237288
non_financial_large_cap_revenue_1b,Non-financial companies with revenue >= $1B,HDBSCAN,Density-based,HDBSCAN|mcs=25|ms=10,,All companies including noise,-1,Debt Ratio,118,3,0.025423728813559324
non_financial_large_cap_revenue_1b,Non-financial companies with revenue >= $1B,HDBSCAN,Density-based,HDBSCAN|mcs=25|ms=10,,All companies including noise,-1,Free Cash Flow Margin,118,0,0.0
non_financial_large_cap_revenue_1b,Non-financial companies with revenue >= $1B,HDBSCAN,Density-based,HDBSCAN|mcs=25|ms=10,,All companies including noise,-1,Operating Cash Flow Margin,118,1,0.00847457627118644
non_financial_large_cap_revenue_1b,Non-financial companies with revenue >= $1B,HDBSCAN,Density-based,HDBSCAN|mcs=25|ms=10,,All companies including noise,0,EBITDA Margin,1470,5,0.003401360544217687
non_financial_large_cap_revenue_1b,Non-financial companies with revenue >= $1B,HDBSCAN,Density-based,HDBSCAN|mcs=25|ms=10,,All companies including noise,0,Return on Assets,1470,3,0.0020408163265306124
non_financial_large_cap_revenue_1b,Non-financial companies with revenue >= $1B,HDBSCAN,Density-based,HDBSCAN|mcs=25|ms=10,,All companies including noise,0,Asset Turnover,1470,0,0.0
non_financial_large_cap_revenue_1b,Non-financial companies with revenue >= $1B,HDBSCAN,Density-based,HDBSCAN|mcs=25|ms=10,,All companies including noise,0,Revenue per Employee,1470,73,0.04965986394557823
non_financial_large_cap_revenue_1b,Non-financial companies with revenue >= $1B,HDBSCAN,Density-based,HDBSCAN|mcs=25|ms=10,,All companies including noise,0,Current Ratio,1470,6,0.004081632653061225
non_financial_large_cap_revenue_1b,Non-financial companies with revenue >= $1B,HDBSCAN,Density-based,HDBSCAN|mcs=25|ms=10,,All companies including noise,0,Debt Ratio,1470,11,0.007482993197278911
non_financial_large_cap_revenue_1b,Non-financial companies with revenue >= $1B,HDBSCAN,Density-based,HDBSCAN|mcs=25|ms=10,,All companies including noise,0,Free Cash Flow Margin,1470,1,0.0006802721088435374
non_financial_large_cap_revenue_1b,Non-financial companies with revenue >= $1B,HDBSCAN,Density-based,HDBSCAN|mcs=25|ms=10,,All companies including noise,0,Operating Cash Flow Margin,1470,8,0.005442176870748299
non_financial_large_cap_revenue_1b,Non-financial companies with revenue >= $1B,HDBSCAN,Density-based,HDBSCAN|mcs=25|ms=10,,All companies including noise,1,EBITDA Margin,63,1,0.015873015873015872
non_financial_large_cap_revenue_1b,Non-financial companies with revenue >= $1B,HDBSCAN,Density-based,HDBSCAN|mcs=25|ms=10,,All companies including noise,1,Return on Assets,63,0,0.0
non_financial_large_cap_revenue_1b,Non-financial companies with revenue >= $1B,HDBSCAN,Density-based,HDBSCAN|mcs=25|ms=10,,All companies including noise,1,Asset Turnover,63,0,0.0
non_financial_large_cap_revenue_1b,Non-financial companies with revenue >= $1B,HDBSCAN,Density-based,HDBSCAN|mcs=25|ms=10,,All companies including noise,1,Revenue per Employee,63,0,0.0
non_financial_large_cap_revenue_1b,Non-financial companies with revenue >= $1B,HDBSCAN,Density-based,HDBSCAN|mcs=25|ms=10,,All companies including noise,1,Current Ratio,63,1,0.015873015873015872
non_financial_large_cap_revenue_1b,Non-financial companies with revenue >= $1B,HDBSCAN,Density-based,HDBSCAN|mcs=25|ms=10,,All companies including noise,1,Debt Ratio,63,0,0.0
non_financial_large_cap_revenue_1b,Non-financial companies with revenue >= $1B,HDBSCAN,Density-based,HDBSCAN|mcs=25|ms=10,,All companies including noise,1,Free Cash Flow Margin,63,0,0.0
non_financial_large_cap_revenue_1b,Non-financial companies with revenue >= $1B,HDBSCAN,Density-based,HDBSCAN|mcs=25|ms=10,,All companies including noise,1,Operating Cash Flow Margin,63,2,0.031746031746031744
non_financial_large_cap_revenue_1b,Non-financial companies with revenue >= $1B,HDBSCAN,Density-based,HDBSCAN|mcs=25|ms=10,,HDBSCAN assigned subset,0,EBITDA Margin,1470,5,0.003401360544217687
non_financial_large_cap_revenue_1b,Non-financial companies with revenue >= $1B,HDBSCAN,Density-based,HDBSCAN|mcs=25|ms=10,,HDBSCAN assigned subset,0,Return on Assets,1470,3,0.0020408163265306124
non_financial_large_cap_revenue_1b,Non-financial companies with revenue >= $1B,HDBSCAN,Density-based,HDBSCAN|mcs=25|ms=10,,HDBSCAN assigned subset,0,Asset Turnover,1470,0,0.0
non_financial_large_cap_revenue_1b,Non-financial companies with revenue >= $1B,HDBSCAN,Density-based,HDBSCAN|mcs=25|ms=10,,HDBSCAN assigned subset,0,Revenue per Employee,1470,73,0.04965986394557823
non_financial_large_cap_revenue_1b,Non-financial companies with revenue >= $1B,HDBSCAN,Density-based,HDBSCAN|mcs=25|ms=10,,HDBSCAN assigned subset,0,Current Ratio,1470,6,0.004081632653061225
non_financial_large_cap_revenue_1b,Non-financial companies with revenue >= $1B,HDBSCAN,Density-based,HDBSCAN|mcs=25|ms=10,,HDBSCAN assigned subset,0,Debt Ratio,1470,11,0.007482993197278911
non_financial_large_cap_revenue_1b,Non-financial companies with revenue >= $1B,HDBSCAN,Density-based,HDBSCAN|mcs=25|ms=10,,HDBSCAN assigned subset,0,Free Cash Flow Margin,1470,1,0.0006802721088435374
non_financial_large_cap_revenue_1b,Non-financial companies with revenue >= $1B,HDBSCAN,Density-based,HDBSCAN|mcs=25|ms=10,,HDBSCAN assigned subset,0,Operating Cash Flow Margin,1470,8,0.005442176870748299
non_financial_large_cap_revenue_1b,Non-financial companies with revenue >= $1B,HDBSCAN,Density-based,HDBSCAN|mcs=25|ms=10,,HDBSCAN assigned subset,1,EBITDA Margin,63,1,0.015873015873015872
non_financial_large_cap_revenue_1b,Non-financial companies with revenue >= $1B,HDBSCAN,Density-based,HDBSCAN|mcs=25|ms=10,,HDBSCAN assigned subset,1,Return on Assets,63,0,0.0
non_financial_large_cap_revenue_1b,Non-financial companies with revenue >= $1B,HDBSCAN,Density-based,HDBSCAN|mcs=25|ms=10,,HDBSCAN assigned subset,1,Asset Turnover,63,0,0.0
non_financial_large_cap_revenue_1b,Non-financial companies with revenue >= $1B,HDBSCAN,Density-based,HDBSCAN|mcs=25|ms=10,,HDBSCAN assigned subset,1,Revenue per Employee,63,0,0.0
non_financial_large_cap_revenue_1b,Non-financial companies with revenue >= $1B,HDBSCAN,Density-based,HDBSCAN|mcs=25|ms=10,,HDBSCAN assigned subset,1,Current Ratio,63,1,0.015873015873015872
non_financial_large_cap_revenue_1b,Non-financial companies with revenue >= $1B,HDBSCAN,Density-based,HDBSCAN|mcs=25|ms=10,,HDBSCAN assigned subset,1,Debt Ratio,63,0,0.0
non_financial_large_cap_revenue_1b,Non-financial companies with revenue >= $1B,HDBSCAN,Density-based,HDBSCAN|mcs=25|ms=10,,HDBSCAN assigned subset,1,Free Cash Flow Margin,63,0,0.0
non_financial_large_cap_revenue_1b,Non-financial companies with revenue >= $1B,HDBSCAN,Density-based,HDBSCAN|mcs=25|ms=10,,HDBSCAN assigned subset,1,Operating Cash Flow Margin,63,2,0.031746031746031744
non_financial_large_cap_revenue_1b,Non-financial companies with revenue >= $1B,HDBSCAN,Density-based,HDBSCAN|mcs=25|ms=15,,All companies including noise,-1,EBITDA Margin,111,3,0.02702702702702703
non_financial_large_cap_revenue_1b,Non-financial companies with revenue >= $1B,HDBSCAN,Density-based,HDBSCAN|mcs=25|ms=15,,All companies including noise,-1,Return on Assets,111,0,0.0
non_financial_large_cap_revenue_1b,Non-financial companies with revenue >= $1B,HDBSCAN,Density-based,HDBSCAN|mcs=25|ms=15,,All companies including noise,-1,Asset Turnover,111,0,0.0
non_financial_large_cap_revenue_1b,Non-financial companies with revenue >= $1B,HDBSCAN,Density-based,HDBSCAN|mcs=25|ms=15,,All companies including noise,-1,Revenue per Employee,111,4,0.036036036036036036
non_financial_large_cap_revenue_1b,Non-financial companies with revenue >= $1B,HDBSCAN,Density-based,HDBSCAN|mcs=25|ms=15,,All companies including noise,-1,Current Ratio,111,2,0.018018018018018018
non_financial_large_cap_revenue_1b,Non-financial companies with revenue >= $1B,HDBSCAN,Density-based,HDBSCAN|mcs=25|ms=15,,All companies including noise,-1,Debt Ratio,111,3,0.02702702702702703
non_financial_large_cap_revenue_1b,Non-financial companies with revenue >= $1B,HDBSCAN,Density-based,HDBSCAN|mcs=25|ms=15,,All companies including noise,-1,Free Cash Flow Margin,111,0,0.0
non_financial_large_cap_revenue_1b,Non-financial companies with revenue >= $1B,HDBSCAN,Density-based,HDBSCAN|mcs=25|ms=15,,All companies including noise,-1,Operating Cash Flow Margin,111,1,0.009009009009009009
non_financial_large_cap_revenue_1b,Non-financial companies with revenue >= $1B,HDBSCAN,Density-based,HDBSCAN|mcs=25|ms=15,,All companies including noise,0,EBITDA Margin,1472,5,0.0033967391304347825
non_financial_large_cap_revenue_1b,Non-financial companies with revenue >= $1B,HDBSCAN,Density-based,HDBSCAN|mcs=25|ms=15,,All companies including noise,0,Return on Assets,1472,3,0.0020380434782608695
non_financial_large_cap_revenue_1b,Non-financial companies with revenue >= $1B,HDBSCAN,Density-based,HDBSCAN|mcs=25|ms=15,,All companies including noise,0,Asset Turnover,1472,0,0.0
non_financial_large_cap_revenue_1b,Non-financial companies with revenue >= $1B,HDBSCAN,Density-based,HDBSCAN|mcs=25|ms=15,,All companies including noise,0,Revenue per Employee,1472,74,0.050271739130434784
non_financial_large_cap_revenue_1b,Non-financial companies with revenue >= $1B,HDBSCAN,Density-based,HDBSCAN|mcs=25|ms=15,,All companies including noise,0,Current Ratio,1472,6,0.004076086956521739
non_financial_large_cap_revenue_1b,Non-financial companies with revenue >= $1B,HDBSCAN,Density-based,HDBSCAN|mcs=25|ms=15,,All companies including noise,0,Debt Ratio,1472,11,0.007472826086956522
non_financial_large_cap_revenue_1b,Non-financial companies with revenue >= $1B,HDBSCAN,Density-based,HDBSCAN|mcs=25|ms=15,,All companies including noise,0,Free Cash Flow Margin,1472,1,0.0006793478260869565
non_financial_large_cap_revenue_1b,Non-financial companies with revenue >= $1B,HDBSCAN,Density-based,HDBSCAN|mcs=25|ms=15,,All companies including noise,0,Operating Cash Flow Margin,1472,8,0.005434782608695652
non_financial_large_cap_revenue_1b,Non-financial companies with revenue >= $1B,HDBSCAN,Density-based,HDBSCAN|mcs=25|ms=15,,All companies including noise,1,EBITDA Margin,68,1,0.014705882352941176
non_financial_large_cap_revenue_1b,Non-financial companies with revenue >= $1B,HDBSCAN,Density-based,HDBSCAN|mcs=25|ms=15,,All companies including noise,1,Return on Assets,68,0,0.0
non_financial_large_cap_revenue_1b,Non-financial companies with revenue >= $1B,HDBSCAN,Density-based,HDBSCAN|mcs=25|ms=15,,All companies including noise,1,Asset Turnover,68,0,0.0
non_financial_large_cap_revenue_1b,Non-financial companies with revenue >= $1B,HDBSCAN,Density-based,HDBSCAN|mcs=25|ms=15,,All companies including noise,1,Revenue per Employee,68,0,0.0
non_financial_large_cap_revenue_1b,Non-financial companies with revenue >= $1B,HDBSCAN,Density-based,HDBSCAN|mcs=25|ms=15,,All companies including noise,1,Current Ratio,68,1,0.014705882352941176
non_financial_large_cap_revenue_1b,Non-financial companies with revenue >= $1B,HDBSCAN,Density-based,HDBSCAN|mcs=25|ms=15,,All companies including noise,1,Debt Ratio,68,0,0.0
non_financial_large_cap_revenue_1b,Non-financial companies with revenue >= $1B,HDBSCAN,Density-based,HDBSCAN|mcs=25|ms=15,,All companies including noise,1,Free Cash Flow Margin,68,0,0.0
non_financial_large_cap_revenue_1b,Non-financial companies with revenue >= $1B,HDBSCAN,Density-based,HDBSCAN|mcs=25|ms=15,,All companies including noise,1,Operating Cash Flow Margin,68,2,0.029411764705882353
non_financial_large_cap_revenue_1b,Non-financial companies with revenue >= $1B,HDBSCAN,Density-based,HDBSCAN|mcs=25|ms=15,,HDBSCAN assigned subset,0,EBITDA Margin,1472,5,0.0033967391304347825
non_financial_large_cap_revenue_1b,Non-financial companies with revenue >= $1B,HDBSCAN,Density-based,HDBSCAN|mcs=25|ms=15,,HDBSCAN assigned subset,0,Return on Assets,1472,3,0.0020380434782608695
non_financial_large_cap_revenue_1b,Non-financial companies with revenue >= $1B,HDBSCAN,Density-based,HDBSCAN|mcs=25|ms=15,,HDBSCAN assigned subset,0,Asset Turnover,1472,0,0.0
non_financial_large_cap_revenue_1b,Non-financial companies with revenue >= $1B,HDBSCAN,Density-based,HDBSCAN|mcs=25|ms=15,,HDBSCAN assigned subset,0,Revenue per Employee,1472,74,0.050271739130434784
non_financial_large_cap_revenue_1b,Non-financial companies with revenue >= $1B,HDBSCAN,Density-based,HDBSCAN|mcs=25|ms=15,,HDBSCAN assigned subset,0,Current Ratio,1472,6,0.004076086956521739
non_financial_large_cap_revenue_1b,Non-financial companies with revenue >= $1B,HDBSCAN,Density-based,HDBSCAN|mcs=25|ms=15,,HDBSCAN assigned subset,0,Debt Ratio,1472,11,0.007472826086956522
non_financial_large_cap_revenue_1b,Non-financial companies with revenue >= $1B,HDBSCAN,Density-based,HDBSCAN|mcs=25|ms=15,,HDBSCAN assigned subset,0,Free Cash Flow Margin,1472,1,0.0006793478260869565
non_financial_large_cap_revenue_1b,Non-financial companies with revenue >= $1B,HDBSCAN,Density-based,HDBSCAN|mcs=25|ms=15,,HDBSCAN assigned subset,0,Operating Cash Flow Margin,1472,8,0.005434782608695652
non_financial_large_cap_revenue_1b,Non-financial companies with revenue >= $1B,HDBSCAN,Density-based,HDBSCAN|mcs=25|ms=15,,HDBSCAN assigned subset,1,EBITDA Margin,68,1,0.014705882352941176
non_financial_large_cap_revenue_1b,Non-financial companies with revenue >= $1B,HDBSCAN,Density-based,HDBSCAN|mcs=25|ms=15,,HDBSCAN assigned subset,1,Return on Assets,68,0,0.0
non_financial_large_cap_revenue_1b,Non-financial companies with revenue >= $1B,HDBSCAN,Density-based,HDBSCAN|mcs=25|ms=15,,HDBSCAN assigned subset,1,Asset Turnover,68,0,0.0
non_financial_large_cap_revenue_1b,Non-financial companies with revenue >= $1B,HDBSCAN,Density-based,HDBSCAN|mcs=25|ms=15,,HDBSCAN assigned subset,1,Revenue per Employee,68,0,0.0
non_financial_large_cap_revenue_1b,Non-financial companies with revenue >= $1B,HDBSCAN,Density-based,HDBSCAN|mcs=25|ms=15,,HDBSCAN assigned subset,1,Current Ratio,68,1,0.014705882352941176
non_financial_large_cap_revenue_1b,Non-financial companies with revenue >= $1B,HDBSCAN,Density-based,HDBSCAN|mcs=25|ms=15,,HDBSCAN assigned subset,1,Debt Ratio,68,0,0.0
non_financial_large_cap_revenue_1b,Non-financial companies with revenue >= $1B,HDBSCAN,Density-based,HDBSCAN|mcs=25|ms=15,,HDBSCAN assigned subset,1,Free Cash Flow Margin,68,0,0.0
non_financial_large_cap_revenue_1b,Non-financial companies with revenue >= $1B,HDBSCAN,Density-based,HDBSCAN|mcs=25|ms=15,,HDBSCAN assigned subset,1,Operating Cash Flow Margin,68,2,0.029411764705882353
non_financial_large_cap_revenue_1b,Non-financial companies with revenue >= $1B,Autoencoder + K-Means,Neural full-assignment,Autoencoder + K-Means|K=4,42.0,All eligible companies,0,EBITDA Margin,682,2,0.002932551319648094
non_financial_large_cap_revenue_1b,Non-financial companies with revenue >= $1B,Autoencoder + K-Means,Neural full-assignment,Autoencoder + K-Means|K=4,42.0,All eligible companies,0,Return on Assets,682,2,0.002932551319648094
non_financial_large_cap_revenue_1b,Non-financial companies with revenue >= $1B,Autoencoder + K-Means,Neural full-assignment,Autoencoder + K-Means|K=4,42.0,All eligible companies,0,Asset Turnover,682,0,0.0
non_financial_large_cap_revenue_1b,Non-financial companies with revenue >= $1B,Autoencoder + K-Means,Neural full-assignment,Autoencoder + K-Means|K=4,42.0,All eligible companies,0,Revenue per Employee,682,43,0.06304985337243402
non_financial_large_cap_revenue_1b,Non-financial companies with revenue >= $1B,Autoencoder + K-Means,Neural full-assignment,Autoencoder + K-Means|K=4,42.0,All eligible companies,0,Current Ratio,682,3,0.004398826979472141
non_financial_large_cap_revenue_1b,Non-financial companies with revenue >= $1B,Autoencoder + K-Means,Neural full-assignment,Autoencoder + K-Means|K=4,42.0,All eligible companies,0,Debt Ratio,682,2,0.002932551319648094
non_financial_large_cap_revenue_1b,Non-financial companies with revenue >= $1B,Autoencoder + K-Means,Neural full-assignment,Autoencoder + K-Means|K=4,42.0,All eligible companies,0,Free Cash Flow Margin,682,0,0.0
non_financial_large_cap_revenue_1b,Non-financial companies with revenue >= $1B,Autoencoder + K-Means,Neural full-assignment,Autoencoder + K-Means|K=4,42.0,All eligible companies,0,Operating Cash Flow Margin,682,2,0.002932551319648094
non_financial_large_cap_revenue_1b,Non-financial companies with revenue >= $1B,Autoencoder + K-Means,Neural full-assignment,Autoencoder + K-Means|K=4,42.0,All eligible companies,1,EBITDA Margin,153,4,0.026143790849673203
non_financial_large_cap_revenue_1b,Non-financial companies with revenue >= $1B,Autoencoder + K-Means,Neural full-assignment,Autoencoder + K-Means|K=4,42.0,All eligible companies,1,Return on Assets,153,0,0.0
non_financial_large_cap_revenue_1b,Non-financial companies with revenue >= $1B,Autoencoder + K-Means,Neural full-assignment,Autoencoder + K-Means|K=4,42.0,All eligible companies,1,Asset Turnover,153,0,0.0
non_financial_large_cap_revenue_1b,Non-financial companies with revenue >= $1B,Autoencoder + K-Means,Neural full-assignment,Autoencoder + K-Means|K=4,42.0,All eligible companies,1,Revenue per Employee,153,0,0.0
non_financial_large_cap_revenue_1b,Non-financial companies with revenue >= $1B,Autoencoder + K-Means,Neural full-assignment,Autoencoder + K-Means|K=4,42.0,All eligible companies,1,Current Ratio,153,3,0.0196078431372549
non_financial_large_cap_revenue_1b,Non-financial companies with revenue >= $1B,Autoencoder + K-Means,Neural full-assignment,Autoencoder + K-Means|K=4,42.0,All eligible companies,1,Debt Ratio,153,2,0.013071895424836602
non_financial_large_cap_revenue_1b,Non-financial companies with revenue >= $1B,Autoencoder + K-Means,Neural full-assignment,Autoencoder + K-Means|K=4,42.0,All eligible companies,1,Free Cash Flow Margin,153,0,0.0
non_financial_large_cap_revenue_1b,Non-financial companies with revenue >= $1B,Autoencoder + K-Means,Neural full-assignment,Autoencoder + K-Means|K=4,42.0,All eligible companies,1,Operating Cash Flow Margin,153,3,0.0196078431372549
non_financial_large_cap_revenue_1b,Non-financial companies with revenue >= $1B,Autoencoder + K-Means,Neural full-assignment,Autoencoder + K-Means|K=4,42.0,All eligible companies,2,EBITDA Margin,353,0,0.0
non_financial_large_cap_revenue_1b,Non-financial companies with revenue >= $1B,Autoencoder + K-Means,Neural full-assignment,Autoencoder + K-Means|K=4,42.0,All eligible companies,2,Return on Assets,353,1,0.0028328611898017
non_financial_large_cap_revenue_1b,Non-financial companies with revenue >= $1B,Autoencoder + K-Means,Neural full-assignment,Autoencoder + K-Means|K=4,42.0,All eligible companies,2,Asset Turnover,353,0,0.0
non_financial_large_cap_revenue_1b,Non-financial companies with revenue >= $1B,Autoencoder + K-Means,Neural full-assignment,Autoencoder + K-Means|K=4,42.0,All eligible companies,2,Revenue per Employee,353,25,0.0708215297450425
non_financial_large_cap_revenue_1b,Non-financial companies with revenue >= $1B,Autoencoder + K-Means,Neural full-assignment,Autoencoder + K-Means|K=4,42.0,All eligible companies,2,Current Ratio,353,0,0.0
non_financial_large_cap_revenue_1b,Non-financial companies with revenue >= $1B,Autoencoder + K-Means,Neural full-assignment,Autoencoder + K-Means|K=4,42.0,All eligible companies,2,Debt Ratio,353,8,0.0226628895184136
non_financial_large_cap_revenue_1b,Non-financial companies with revenue >= $1B,Autoencoder + K-Means,Neural full-assignment,Autoencoder + K-Means|K=4,42.0,All eligible companies,2,Free Cash Flow Margin,353,0,0.0
non_financial_large_cap_revenue_1b,Non-financial companies with revenue >= $1B,Autoencoder + K-Means,Neural full-assignment,Autoencoder + K-Means|K=4,42.0,All eligible companies,2,Operating Cash Flow Margin,353,5,0.014164305949008499
non_financial_large_cap_revenue_1b,Non-financial companies with revenue >= $1B,Autoencoder + K-Means,Neural full-assignment,Autoencoder + K-Means|K=4,42.0,All eligible companies,3,EBITDA Margin,463,3,0.0064794816414686825
non_financial_large_cap_revenue_1b,Non-financial companies with revenue >= $1B,Autoencoder + K-Means,Neural full-assignment,Autoencoder + K-Means|K=4,42.0,All eligible companies,3,Return on Assets,463,0,0.0
non_financial_large_cap_revenue_1b,Non-financial companies with revenue >= $1B,Autoencoder + K-Means,Neural full-assignment,Autoencoder + K-Means|K=4,42.0,All eligible companies,3,Asset Turnover,463,0,0.0
non_financial_large_cap_revenue_1b,Non-financial companies with revenue >= $1B,Autoencoder + K-Means,Neural full-assignment,Autoencoder + K-Means|K=4,42.0,All eligible companies,3,Revenue per Employee,463,10,0.02159827213822894
non_financial_large_cap_revenue_1b,Non-financial companies with revenue >= $1B,Autoencoder + K-Means,Neural full-assignment,Autoencoder + K-Means|K=4,42.0,All eligible companies,3,Current Ratio,463,3,0.0064794816414686825
non_financial_large_cap_revenue_1b,Non-financial companies with revenue >= $1B,Autoencoder + K-Means,Neural full-assignment,Autoencoder + K-Means|K=4,42.0,All eligible companies,3,Debt Ratio,463,2,0.004319654427645789
non_financial_large_cap_revenue_1b,Non-financial companies with revenue >= $1B,Autoencoder + K-Means,Neural full-assignment,Autoencoder + K-Means|K=4,42.0,All eligible companies,3,Free Cash Flow Margin,463,1,0.0021598272138228943
non_financial_large_cap_revenue_1b,Non-financial companies with revenue >= $1B,Autoencoder + K-Means,Neural full-assignment,Autoencoder + K-Means|K=4,42.0,All eligible companies,3,Operating Cash Flow Margin,463,1,0.0021598272138228943
non_financial_large_cap_revenue_1b,Non-financial companies with revenue >= $1B,DEC,Neural full-assignment,DEC|K=4,42.0,All eligible companies,0,EBITDA Margin,588,2,0.003401360544217687
non_financial_large_cap_revenue_1b,Non-financial companies with revenue >= $1B,DEC,Neural full-assignment,DEC|K=4,42.0,All eligible companies,0,Return on Assets,588,1,0.0017006802721088435
non_financial_large_cap_revenue_1b,Non-financial companies with revenue >= $1B,DEC,Neural full-assignment,DEC|K=4,42.0,All eligible companies,0,Asset Turnover,588,0,0.0
non_financial_large_cap_revenue_1b,Non-financial companies with revenue >= $1B,DEC,Neural full-assignment,DEC|K=4,42.0,All eligible companies,0,Revenue per Employee,588,38,0.06462585034013606
non_financial_large_cap_revenue_1b,Non-financial companies with revenue >= $1B,DEC,Neural full-assignment,DEC|K=4,42.0,All eligible companies,0,Current Ratio,588,3,0.00510204081632653
non_financial_large_cap_revenue_1b,Non-financial companies with revenue >= $1B,DEC,Neural full-assignment,DEC|K=4,42.0,All eligible companies,0,Debt Ratio,588,1,0.0017006802721088435
non_financial_large_cap_revenue_1b,Non-financial companies with revenue >= $1B,DEC,Neural full-assignment,DEC|K=4,42.0,All eligible companies,0,Free Cash Flow Margin,588,0,0.0
non_financial_large_cap_revenue_1b,Non-financial companies with revenue >= $1B,DEC,Neural full-assignment,DEC|K=4,42.0,All eligible companies,0,Operating Cash Flow Margin,588,1,0.0017006802721088435
non_financial_large_cap_revenue_1b,Non-financial companies with revenue >= $1B,DEC,Neural full-assignment,DEC|K=4,42.0,All eligible companies,1,EBITDA Margin,288,4,0.013888888888888888
non_financial_large_cap_revenue_1b,Non-financial companies with revenue >= $1B,DEC,Neural full-assignment,DEC|K=4,42.0,All eligible companies,1,Return on Assets,288,1,0.003472222222222222
non_financial_large_cap_revenue_1b,Non-financial companies with revenue >= $1B,DEC,Neural full-assignment,DEC|K=4,42.0,All eligible companies,1,Asset Turnover,288,0,0.0
non_financial_large_cap_revenue_1b,Non-financial companies with revenue >= $1B,DEC,Neural full-assignment,DEC|K=4,42.0,All eligible companies,1,Revenue per Employee,288,11,0.03819444444444445
non_financial_large_cap_revenue_1b,Non-financial companies with revenue >= $1B,DEC,Neural full-assignment,DEC|K=4,42.0,All eligible companies,1,Current Ratio,288,3,0.010416666666666666
non_financial_large_cap_revenue_1b,Non-financial companies with revenue >= $1B,DEC,Neural full-assignment,DEC|K=4,42.0,All eligible companies,1,Debt Ratio,288,8,0.027777777777777776
non_financial_large_cap_revenue_1b,Non-financial companies with revenue >= $1B,DEC,Neural full-assignment,DEC|K=4,42.0,All eligible companies,1,Free Cash Flow Margin,288,0,0.0
non_financial_large_cap_revenue_1b,Non-financial companies with revenue >= $1B,DEC,Neural full-assignment,DEC|K=4,42.0,All eligible companies,1,Operating Cash Flow Margin,288,3,0.010416666666666666
non_financial_large_cap_revenue_1b,Non-financial companies with revenue >= $1B,DEC,Neural full-assignment,DEC|K=4,42.0,All eligible companies,2,EBITDA Margin,345,0,0.0
non_financial_large_cap_revenue_1b,Non-financial companies with revenue >= $1B,DEC,Neural full-assignment,DEC|K=4,42.0,All eligible companies,2,Return on Assets,345,1,0.002898550724637681
non_financial_large_cap_revenue_1b,Non-financial companies with revenue >= $1B,DEC,Neural full-assignment,DEC|K=4,42.0,All eligible companies,2,Asset Turnover,345,0,0.0
non_financial_large_cap_revenue_1b,Non-financial companies with revenue >= $1B,DEC,Neural full-assignment,DEC|K=4,42.0,All eligible companies,2,Revenue per Employee,345,20,0.057971014492753624
non_financial_large_cap_revenue_1b,Non-financial companies with revenue >= $1B,DEC,Neural full-assignment,DEC|K=4,42.0,All eligible companies,2,Current Ratio,345,0,0.0
non_financial_large_cap_revenue_1b,Non-financial companies with revenue >= $1B,DEC,Neural full-assignment,DEC|K=4,42.0,All eligible companies,2,Debt Ratio,345,3,0.008695652173913044
non_financial_large_cap_revenue_1b,Non-financial companies with revenue >= $1B,DEC,Neural full-assignment,DEC|K=4,42.0,All eligible companies,2,Free Cash Flow Margin,345,0,0.0
non_financial_large_cap_revenue_1b,Non-financial companies with revenue >= $1B,DEC,Neural full-assignment,DEC|K=4,42.0,All eligible companies,2,Operating Cash Flow Margin,345,6,0.017391304347826087
non_financial_large_cap_revenue_1b,Non-financial companies with revenue >= $1B,DEC,Neural full-assignment,DEC|K=4,42.0,All eligible companies,3,EBITDA Margin,430,3,0.0069767441860465115
non_financial_large_cap_revenue_1b,Non-financial companies with revenue >= $1B,DEC,Neural full-assignment,DEC|K=4,42.0,All eligible companies,3,Return on Assets,430,0,0.0
non_financial_large_cap_revenue_1b,Non-financial companies with revenue >= $1B,DEC,Neural full-assignment,DEC|K=4,42.0,All eligible companies,3,Asset Turnover,430,0,0.0
non_financial_large_cap_revenue_1b,Non-financial companies with revenue >= $1B,DEC,Neural full-assignment,DEC|K=4,42.0,All eligible companies,3,Revenue per Employee,430,9,0.020930232558139535
non_financial_large_cap_revenue_1b,Non-financial companies with revenue >= $1B,DEC,Neural full-assignment,DEC|K=4,42.0,All eligible companies,3,Current Ratio,430,3,0.0069767441860465115
non_financial_large_cap_revenue_1b,Non-financial companies with revenue >= $1B,DEC,Neural full-assignment,DEC|K=4,42.0,All eligible companies,3,Debt Ratio,430,2,0.004651162790697674
non_financial_large_cap_revenue_1b,Non-financial companies with revenue >= $1B,DEC,Neural full-assignment,DEC|K=4,42.0,All eligible companies,3,Free Cash Flow Margin,430,1,0.002325581395348837
non_financial_large_cap_revenue_1b,Non-financial companies with revenue >= $1B,DEC,Neural full-assignment,DEC|K=4,42.0,All eligible companies,3,Operating Cash Flow Margin,430,1,0.002325581395348837
non_financial_large_cap_revenue_1b,Non-financial companies with revenue >= $1B,Autoencoder + K-Means,Neural full-assignment,Autoencoder + K-Means|K=4,456.0,All eligible companies,0,EBITDA Margin,429,3,0.006993006993006993
non_financial_large_cap_revenue_1b,Non-financial companies with revenue >= $1B,Autoencoder + K-Means,Neural full-assignment,Autoencoder + K-Means|K=4,456.0,All eligible companies,0,Return on Assets,429,0,0.0
non_financial_large_cap_revenue_1b,Non-financial companies with revenue >= $1B,Autoencoder + K-Means,Neural full-assignment,Autoencoder + K-Means|K=4,456.0,All eligible companies,0,Asset Turnover,429,0,0.0
non_financial_large_cap_revenue_1b,Non-financial companies with revenue >= $1B,Autoencoder + K-Means,Neural full-assignment,Autoencoder + K-Means|K=4,456.0,All eligible companies,0,Revenue per Employee,429,10,0.023310023310023312
non_financial_large_cap_revenue_1b,Non-financial companies with revenue >= $1B,Autoencoder + K-Means,Neural full-assignment,Autoencoder + K-Means|K=4,456.0,All eligible companies,0,Current Ratio,429,3,0.006993006993006993
non_financial_large_cap_revenue_1b,Non-financial companies with revenue >= $1B,Autoencoder + K-Means,Neural full-assignment,Autoencoder + K-Means|K=4,456.0,All eligible companies,0,Debt Ratio,429,2,0.004662004662004662
non_financial_large_cap_revenue_1b,Non-financial companies with revenue >= $1B,Autoencoder + K-Means,Neural full-assignment,Autoencoder + K-Means|K=4,456.0,All eligible companies,0,Free Cash Flow Margin,429,1,0.002331002331002331
non_financial_large_cap_revenue_1b,Non-financial companies with revenue >= $1B,Autoencoder + K-Means,Neural full-assignment,Autoencoder + K-Means|K=4,456.0,All eligible companies,0,Operating Cash Flow Margin,429,1,0.002331002331002331
non_financial_large_cap_revenue_1b,Non-financial companies with revenue >= $1B,Autoencoder + K-Means,Neural full-assignment,Autoencoder + K-Means|K=4,456.0,All eligible companies,1,EBITDA Margin,130,4,0.03076923076923077
non_financial_large_cap_revenue_1b,Non-financial companies with revenue >= $1B,Autoencoder + K-Means,Neural full-assignment,Autoencoder + K-Means|K=4,456.0,All eligible companies,1,Return on Assets,130,0,0.0
non_financial_large_cap_revenue_1b,Non-financial companies with revenue >= $1B,Autoencoder + K-Means,Neural full-assignment,Autoencoder + K-Means|K=4,456.0,All eligible companies,1,Asset Turnover,130,0,0.0
non_financial_large_cap_revenue_1b,Non-financial companies with revenue >= $1B,Autoencoder + K-Means,Neural full-assignment,Autoencoder + K-Means|K=4,456.0,All eligible companies,1,Revenue per Employee,130,0,0.0
non_financial_large_cap_revenue_1b,Non-financial companies with revenue >= $1B,Autoencoder + K-Means,Neural full-assignment,Autoencoder + K-Means|K=4,456.0,All eligible companies,1,Current Ratio,130,3,0.023076923076923078
non_financial_large_cap_revenue_1b,Non-financial companies with revenue >= $1B,Autoencoder + K-Means,Neural full-assignment,Autoencoder + K-Means|K=4,456.0,All eligible companies,1,Debt Ratio,130,2,0.015384615384615385
non_financial_large_cap_revenue_1b,Non-financial companies with revenue >= $1B,Autoencoder + K-Means,Neural full-assignment,Autoencoder + K-Means|K=4,456.0,All eligible companies,1,Free Cash Flow Margin,130,0,0.0
non_financial_large_cap_revenue_1b,Non-financial companies with revenue >= $1B,Autoencoder + K-Means,Neural full-assignment,Autoencoder + K-Means|K=4,456.0,All eligible companies,1,Operating Cash Flow Margin,130,3,0.023076923076923078
non_financial_large_cap_revenue_1b,Non-financial companies with revenue >= $1B,Autoencoder + K-Means,Neural full-assignment,Autoencoder + K-Means|K=4,456.0,All eligible companies,2,EBITDA Margin,138,1,0.007246376811594203
non_financial_large_cap_revenue_1b,Non-financial companies with revenue >= $1B,Autoencoder + K-Means,Neural full-assignment,Autoencoder + K-Means|K=4,456.0,All eligible companies,2,Return on Assets,138,1,0.007246376811594203
non_financial_large_cap_revenue_1b,Non-financial companies with revenue >= $1B,Autoencoder + K-Means,Neural full-assignment,Autoencoder + K-Means|K=4,456.0,All eligible companies,2,Asset Turnover,138,0,0.0
non_financial_large_cap_revenue_1b,Non-financial companies with revenue >= $1B,Autoencoder + K-Means,Neural full-assignment,Autoencoder + K-Means|K=4,456.0,All eligible companies,2,Revenue per Employee,138,0,0.0
non_financial_large_cap_revenue_1b,Non-financial companies with revenue >= $1B,Autoencoder + K-Means,Neural full-assignment,Autoencoder + K-Means|K=4,456.0,All eligible companies,2,Current Ratio,138,0,0.0
non_financial_large_cap_revenue_1b,Non-financial companies with revenue >= $1B,Autoencoder + K-Means,Neural full-assignment,Autoencoder + K-Means|K=4,456.0,All eligible companies,2,Debt Ratio,138,2,0.014492753623188406
non_financial_large_cap_revenue_1b,Non-financial companies with revenue >= $1B,Autoencoder + K-Means,Neural full-assignment,Autoencoder + K-Means|K=4,456.0,All eligible companies,2,Free Cash Flow Margin,138,0,0.0
non_financial_large_cap_revenue_1b,Non-financial companies with revenue >= $1B,Autoencoder + K-Means,Neural full-assignment,Autoencoder + K-Means|K=4,456.0,All eligible companies,2,Operating Cash Flow Margin,138,1,0.007246376811594203
non_financial_large_cap_revenue_1b,Non-financial companies with revenue >= $1B,Autoencoder + K-Means,Neural full-assignment,Autoencoder + K-Means|K=4,456.0,All eligible companies,3,EBITDA Margin,954,1,0.0010482180293501049
non_financial_large_cap_revenue_1b,Non-financial companies with revenue >= $1B,Autoencoder + K-Means,Neural full-assignment,Autoencoder + K-Means|K=4,456.0,All eligible companies,3,Return on Assets,954,2,0.0020964360587002098
non_financial_large_cap_revenue_1b,Non-financial companies with revenue >= $1B,Autoencoder + K-Means,Neural full-assignment,Autoencoder + K-Means|K=4,456.0,All eligible companies,3,Asset Turnover,954,0,0.0
non_financial_large_cap_revenue_1b,Non-financial companies with revenue >= $1B,Autoencoder + K-Means,Neural full-assignment,Autoencoder + K-Means|K=4,456.0,All eligible companies,3,Revenue per Employee,954,68,0.07127882599580712
non_financial_large_cap_revenue_1b,Non-financial companies with revenue >= $1B,Autoencoder + K-Means,Neural full-assignment,Autoencoder + K-Means|K=4,456.0,All eligible companies,3,Current Ratio,954,3,0.0031446540880503146
non_financial_large_cap_revenue_1b,Non-financial companies with revenue >= $1B,Autoencoder + K-Means,Neural full-assignment,Autoencoder + K-Means|K=4,456.0,All eligible companies,3,Debt Ratio,954,8,0.008385744234800839
non_financial_large_cap_revenue_1b,Non-financial companies with revenue >= $1B,Autoencoder + K-Means,Neural full-assignment,Autoencoder + K-Means|K=4,456.0,All eligible companies,3,Free Cash Flow Margin,954,0,0.0
non_financial_large_cap_revenue_1b,Non-financial companies with revenue >= $1B,Autoencoder + K-Means,Neural full-assignment,Autoencoder + K-Means|K=4,456.0,All eligible companies,3,Operating Cash Flow Margin,954,6,0.006289308176100629
non_financial_large_cap_revenue_1b,Non-financial companies with revenue >= $1B,DEC,Neural full-assignment,DEC|K=4,456.0,All eligible companies,0,EBITDA Margin,560,1,0.0017857142857142857
non_financial_large_cap_revenue_1b,Non-financial companies with revenue >= $1B,DEC,Neural full-assignment,DEC|K=4,456.0,All eligible companies,0,Return on Assets,560,0,0.0
non_financial_large_cap_revenue_1b,Non-financial companies with revenue >= $1B,DEC,Neural full-assignment,DEC|K=4,456.0,All eligible companies,0,Asset Turnover,560,0,0.0
non_financial_large_cap_revenue_1b,Non-financial companies with revenue >= $1B,DEC,Neural full-assignment,DEC|K=4,456.0,All eligible companies,0,Revenue per Employee,560,13,0.023214285714285715
non_financial_large_cap_revenue_1b,Non-financial companies with revenue >= $1B,DEC,Neural full-assignment,DEC|K=4,456.0,All eligible companies,0,Current Ratio,560,2,0.0035714285714285713
non_financial_large_cap_revenue_1b,Non-financial companies with revenue >= $1B,DEC,Neural full-assignment,DEC|K=4,456.0,All eligible companies,0,Debt Ratio,560,0,0.0
non_financial_large_cap_revenue_1b,Non-financial companies with revenue >= $1B,DEC,Neural full-assignment,DEC|K=4,456.0,All eligible companies,0,Free Cash Flow Margin,560,1,0.0017857142857142857
non_financial_large_cap_revenue_1b,Non-financial companies with revenue >= $1B,DEC,Neural full-assignment,DEC|K=4,456.0,All eligible companies,0,Operating Cash Flow Margin,560,2,0.0035714285714285713
non_financial_large_cap_revenue_1b,Non-financial companies with revenue >= $1B,DEC,Neural full-assignment,DEC|K=4,456.0,All eligible companies,1,EBITDA Margin,146,4,0.0273972602739726
non_financial_large_cap_revenue_1b,Non-financial companies with revenue >= $1B,DEC,Neural full-assignment,DEC|K=4,456.0,All eligible companies,1,Return on Assets,146,0,0.0
non_financial_large_cap_revenue_1b,Non-financial companies with revenue >= $1B,DEC,Neural full-assignment,DEC|K=4,456.0,All eligible companies,1,Asset Turnover,146,0,0.0
non_financial_large_cap_revenue_1b,Non-financial companies with revenue >= $1B,DEC,Neural full-assignment,DEC|K=4,456.0,All eligible companies,1,Revenue per Employee,146,0,0.0
non_financial_large_cap_revenue_1b,Non-financial companies with revenue >= $1B,DEC,Neural full-assignment,DEC|K=4,456.0,All eligible companies,1,Current Ratio,146,3,0.02054794520547945
non_financial_large_cap_revenue_1b,Non-financial companies with revenue >= $1B,DEC,Neural full-assignment,DEC|K=4,456.0,All eligible companies,1,Debt Ratio,146,1,0.00684931506849315
non_financial_large_cap_revenue_1b,Non-financial companies with revenue >= $1B,DEC,Neural full-assignment,DEC|K=4,456.0,All eligible companies,1,Free Cash Flow Margin,146,0,0.0
non_financial_large_cap_revenue_1b,Non-financial companies with revenue >= $1B,DEC,Neural full-assignment,DEC|K=4,456.0,All eligible companies,1,Operating Cash Flow Margin,146,3,0.02054794520547945
non_financial_large_cap_revenue_1b,Non-financial companies with revenue >= $1B,DEC,Neural full-assignment,DEC|K=4,456.0,All eligible companies,2,EBITDA Margin,295,3,0.010169491525423728
non_financial_large_cap_revenue_1b,Non-financial companies with revenue >= $1B,DEC,Neural full-assignment,DEC|K=4,456.0,All eligible companies,2,Return on Assets,295,2,0.006779661016949152
non_financial_large_cap_revenue_1b,Non-financial companies with revenue >= $1B,DEC,Neural full-assignment,DEC|K=4,456.0,All eligible companies,2,Asset Turnover,295,0,0.0
non_financial_large_cap_revenue_1b,Non-financial companies with revenue >= $1B,DEC,Neural full-assignment,DEC|K=4,456.0,All eligible companies,2,Revenue per Employee,295,2,0.006779661016949152
non_financial_large_cap_revenue_1b,Non-financial companies with revenue >= $1B,DEC,Neural full-assignment,DEC|K=4,456.0,All eligible companies,2,Current Ratio,295,1,0.003389830508474576
non_financial_large_cap_revenue_1b,Non-financial companies with revenue >= $1B,DEC,Neural full-assignment,DEC|K=4,456.0,All eligible companies,2,Debt Ratio,295,7,0.023728813559322035
non_financial_large_cap_revenue_1b,Non-financial companies with revenue >= $1B,DEC,Neural full-assignment,DEC|K=4,456.0,All eligible companies,2,Free Cash Flow Margin,295,0,0.0
non_financial_large_cap_revenue_1b,Non-financial companies with revenue >= $1B,DEC,Neural full-assignment,DEC|K=4,456.0,All eligible companies,2,Operating Cash Flow Margin,295,2,0.006779661016949152
non_financial_large_cap_revenue_1b,Non-financial companies with revenue >= $1B,DEC,Neural full-assignment,DEC|K=4,456.0,All eligible companies,3,EBITDA Margin,650,1,0.0015384615384615385
non_financial_large_cap_revenue_1b,Non-financial companies with revenue >= $1B,DEC,Neural full-assignment,DEC|K=4,456.0,All eligible companies,3,Return on Assets,650,1,0.0015384615384615385
non_financial_large_cap_revenue_1b,Non-financial companies with revenue >= $1B,DEC,Neural full-assignment,DEC|K=4,456.0,All eligible companies,3,Asset Turnover,650,0,0.0
non_financial_large_cap_revenue_1b,Non-financial companies with revenue >= $1B,DEC,Neural full-assignment,DEC|K=4,456.0,All eligible companies,3,Revenue per Employee,650,63,0.09692307692307692
non_financial_large_cap_revenue_1b,Non-financial companies with revenue >= $1B,DEC,Neural full-assignment,DEC|K=4,456.0,All eligible companies,3,Current Ratio,650,3,0.004615384615384616
non_financial_large_cap_revenue_1b,Non-financial companies with revenue >= $1B,DEC,Neural full-assignment,DEC|K=4,456.0,All eligible companies,3,Debt Ratio,650,6,0.009230769230769232
non_financial_large_cap_revenue_1b,Non-financial companies with revenue >= $1B,DEC,Neural full-assignment,DEC|K=4,456.0,All eligible companies,3,Free Cash Flow Margin,650,0,0.0
non_financial_large_cap_revenue_1b,Non-financial companies with revenue >= $1B,DEC,Neural full-assignment,DEC|K=4,456.0,All eligible companies,3,Operating Cash Flow Margin,650,4,0.006153846153846154
non_financial_large_cap_revenue_1b,Non-financial companies with revenue >= $1B,Autoencoder + K-Means,Neural full-assignment,Autoencoder + K-Means|K=4,2026.0,All eligible companies,0,EBITDA Margin,296,3,0.010135135135135136
non_financial_large_cap_revenue_1b,Non-financial companies with revenue >= $1B,Autoencoder + K-Means,Neural full-assignment,Autoencoder + K-Means|K=4,2026.0,All eligible companies,0,Return on Assets,296,0,0.0
non_financial_large_cap_revenue_1b,Non-financial companies with revenue >= $1B,Autoencoder + K-Means,Neural full-assignment,Autoencoder + K-Means|K=4,2026.0,All eligible companies,0,Asset Turnover,296,0,0.0
non_financial_large_cap_revenue_1b,Non-financial companies with revenue >= $1B,Autoencoder + K-Means,Neural full-assignment,Autoencoder + K-Means|K=4,2026.0,All eligible companies,0,Revenue per Employee,296,5,0.016891891891891893
non_financial_large_cap_revenue_1b,Non-financial companies with revenue >= $1B,Autoencoder + K-Means,Neural full-assignment,Autoencoder + K-Means|K=4,2026.0,All eligible companies,0,Current Ratio,296,3,0.010135135135135136
non_financial_large_cap_revenue_1b,Non-financial companies with revenue >= $1B,Autoencoder + K-Means,Neural full-assignment,Autoencoder + K-Means|K=4,2026.0,All eligible companies,0,Debt Ratio,296,4,0.013513513513513514
non_financial_large_cap_revenue_1b,Non-financial companies with revenue >= $1B,Autoencoder + K-Means,Neural full-assignment,Autoencoder + K-Means|K=4,2026.0,All eligible companies,0,Free Cash Flow Margin,296,0,0.0
non_financial_large_cap_revenue_1b,Non-financial companies with revenue >= $1B,Autoencoder + K-Means,Neural full-assignment,Autoencoder + K-Means|K=4,2026.0,All eligible companies,0,Operating Cash Flow Margin,296,3,0.010135135135135136
non_financial_large_cap_revenue_1b,Non-financial companies with revenue >= $1B,Autoencoder + K-Means,Neural full-assignment,Autoencoder + K-Means|K=4,2026.0,All eligible companies,1,EBITDA Margin,139,4,0.02877697841726619
non_financial_large_cap_revenue_1b,Non-financial companies with revenue >= $1B,Autoencoder + K-Means,Neural full-assignment,Autoencoder + K-Means|K=4,2026.0,All eligible companies,1,Return on Assets,139,0,0.0
non_financial_large_cap_revenue_1b,Non-financial companies with revenue >= $1B,Autoencoder + K-Means,Neural full-assignment,Autoencoder + K-Means|K=4,2026.0,All eligible companies,1,Asset Turnover,139,0,0.0
non_financial_large_cap_revenue_1b,Non-financial companies with revenue >= $1B,Autoencoder + K-Means,Neural full-assignment,Autoencoder + K-Means|K=4,2026.0,All eligible companies,1,Revenue per Employee,139,0,0.0
non_financial_large_cap_revenue_1b,Non-financial companies with revenue >= $1B,Autoencoder + K-Means,Neural full-assignment,Autoencoder + K-Means|K=4,2026.0,All eligible companies,1,Current Ratio,139,3,0.02158273381294964
non_financial_large_cap_revenue_1b,Non-financial companies with revenue >= $1B,Autoencoder + K-Means,Neural full-assignment,Autoencoder + K-Means|K=4,2026.0,All eligible companies,1,Debt Ratio,139,2,0.014388489208633094
non_financial_large_cap_revenue_1b,Non-financial companies with revenue >= $1B,Autoencoder + K-Means,Neural full-assignment,Autoencoder + K-Means|K=4,2026.0,All eligible companies,1,Free Cash Flow Margin,139,0,0.0
non_financial_large_cap_revenue_1b,Non-financial companies with revenue >= $1B,Autoencoder + K-Means,Neural full-assignment,Autoencoder + K-Means|K=4,2026.0,All eligible companies,1,Operating Cash Flow Margin,139,3,0.02158273381294964
non_financial_large_cap_revenue_1b,Non-financial companies with revenue >= $1B,Autoencoder + K-Means,Neural full-assignment,Autoencoder + K-Means|K=4,2026.0,All eligible companies,2,EBITDA Margin,450,0,0.0
non_financial_large_cap_revenue_1b,Non-financial companies with revenue >= $1B,Autoencoder + K-Means,Neural full-assignment,Autoencoder + K-Means|K=4,2026.0,All eligible companies,2,Return on Assets,450,1,0.0022222222222222222
non_financial_large_cap_revenue_1b,Non-financial companies with revenue >= $1B,Autoencoder + K-Means,Neural full-assignment,Autoencoder + K-Means|K=4,2026.0,All eligible companies,2,Asset Turnover,450,0,0.0
non_financial_large_cap_revenue_1b,Non-financial companies with revenue >= $1B,Autoencoder + K-Means,Neural full-assignment,Autoencoder + K-Means|K=4,2026.0,All eligible companies,2,Revenue per Employee,450,24,0.05333333333333334
non_financial_large_cap_revenue_1b,Non-financial companies with revenue >= $1B,Autoencoder + K-Means,Neural full-assignment,Autoencoder + K-Means|K=4,2026.0,All eligible companies,2,Current Ratio,450,0,0.0
non_financial_large_cap_revenue_1b,Non-financial companies with revenue >= $1B,Autoencoder + K-Means,Neural full-assignment,Autoencoder + K-Means|K=4,2026.0,All eligible companies,2,Debt Ratio,450,5,0.011111111111111112
non_financial_large_cap_revenue_1b,Non-financial companies with revenue >= $1B,Autoencoder + K-Means,Neural full-assignment,Autoencoder + K-Means|K=4,2026.0,All eligible companies,2,Free Cash Flow Margin,450,0,0.0
non_financial_large_cap_revenue_1b,Non-financial companies with revenue >= $1B,Autoencoder + K-Means,Neural full-assignment,Autoencoder + K-Means|K=4,2026.0,All eligible companies,2,Operating Cash Flow Margin,450,4,0.008888888888888889
non_financial_large_cap_revenue_1b,Non-financial companies with revenue >= $1B,Autoencoder + K-Means,Neural full-assignment,Autoencoder + K-Means|K=4,2026.0,All eligible companies,3,EBITDA Margin,766,2,0.0026109660574412533
non_financial_large_cap_revenue_1b,Non-financial companies with revenue >= $1B,Autoencoder + K-Means,Neural full-assignment,Autoencoder + K-Means|K=4,2026.0,All eligible companies,3,Return on Assets,766,2,0.0026109660574412533
non_financial_large_cap_revenue_1b,Non-financial companies with revenue >= $1B,Autoencoder + K-Means,Neural full-assignment,Autoencoder + K-Means|K=4,2026.0,All eligible companies,3,Asset Turnover,766,0,0.0
non_financial_large_cap_revenue_1b,Non-financial companies with revenue >= $1B,Autoencoder + K-Means,Neural full-assignment,Autoencoder + K-Means|K=4,2026.0,All eligible companies,3,Revenue per Employee,766,49,0.0639686684073107
non_financial_large_cap_revenue_1b,Non-financial companies with revenue >= $1B,Autoencoder + K-Means,Neural full-assignment,Autoencoder + K-Means|K=4,2026.0,All eligible companies,3,Current Ratio,766,3,0.0039164490861618795
non_financial_large_cap_revenue_1b,Non-financial companies with revenue >= $1B,Autoencoder + K-Means,Neural full-assignment,Autoencoder + K-Means|K=4,2026.0,All eligible companies,3,Debt Ratio,766,3,0.0039164490861618795
non_financial_large_cap_revenue_1b,Non-financial companies with revenue >= $1B,Autoencoder + K-Means,Neural full-assignment,Autoencoder + K-Means|K=4,2026.0,All eligible companies,3,Free Cash Flow Margin,766,1,0.0013054830287206266
non_financial_large_cap_revenue_1b,Non-financial companies with revenue >= $1B,Autoencoder + K-Means,Neural full-assignment,Autoencoder + K-Means|K=4,2026.0,All eligible companies,3,Operating Cash Flow Margin,766,1,0.0013054830287206266
non_financial_large_cap_revenue_1b,Non-financial companies with revenue >= $1B,DEC,Neural full-assignment,DEC|K=4,2026.0,All eligible companies,0,EBITDA Margin,284,0,0.0
non_financial_large_cap_revenue_1b,Non-financial companies with revenue >= $1B,DEC,Neural full-assignment,DEC|K=4,2026.0,All eligible companies,0,Return on Assets,284,1,0.0035211267605633804
non_financial_large_cap_revenue_1b,Non-financial companies with revenue >= $1B,DEC,Neural full-assignment,DEC|K=4,2026.0,All eligible companies,0,Asset Turnover,284,0,0.0
non_financial_large_cap_revenue_1b,Non-financial companies with revenue >= $1B,DEC,Neural full-assignment,DEC|K=4,2026.0,All eligible companies,0,Revenue per Employee,284,5,0.017605633802816902
non_financial_large_cap_revenue_1b,Non-financial companies with revenue >= $1B,DEC,Neural full-assignment,DEC|K=4,2026.0,All eligible companies,0,Current Ratio,284,0,0.0
non_financial_large_cap_revenue_1b,Non-financial companies with revenue >= $1B,DEC,Neural full-assignment,DEC|K=4,2026.0,All eligible companies,0,Debt Ratio,284,4,0.014084507042253521
non_financial_large_cap_revenue_1b,Non-financial companies with revenue >= $1B,DEC,Neural full-assignment,DEC|K=4,2026.0,All eligible companies,0,Free Cash Flow Margin,284,1,0.0035211267605633804
non_financial_large_cap_revenue_1b,Non-financial companies with revenue >= $1B,DEC,Neural full-assignment,DEC|K=4,2026.0,All eligible companies,0,Operating Cash Flow Margin,284,2,0.007042253521126761
non_financial_large_cap_revenue_1b,Non-financial companies with revenue >= $1B,DEC,Neural full-assignment,DEC|K=4,2026.0,All eligible companies,1,EBITDA Margin,304,7,0.023026315789473683
non_financial_large_cap_revenue_1b,Non-financial companies with revenue >= $1B,DEC,Neural full-assignment,DEC|K=4,2026.0,All eligible companies,1,Return on Assets,304,0,0.0
non_financial_large_cap_revenue_1b,Non-financial companies with revenue >= $1B,DEC,Neural full-assignment,DEC|K=4,2026.0,All eligible companies,1,Asset Turnover,304,0,0.0
non_financial_large_cap_revenue_1b,Non-financial companies with revenue >= $1B,DEC,Neural full-assignment,DEC|K=4,2026.0,All eligible companies,1,Revenue per Employee,304,3,0.009868421052631578
non_financial_large_cap_revenue_1b,Non-financial companies with revenue >= $1B,DEC,Neural full-assignment,DEC|K=4,2026.0,All eligible companies,1,Current Ratio,304,6,0.019736842105263157
non_financial_large_cap_revenue_1b,Non-financial companies with revenue >= $1B,DEC,Neural full-assignment,DEC|K=4,2026.0,All eligible companies,1,Debt Ratio,304,4,0.013157894736842105
non_financial_large_cap_revenue_1b,Non-financial companies with revenue >= $1B,DEC,Neural full-assignment,DEC|K=4,2026.0,All eligible companies,1,Free Cash Flow Margin,304,0,0.0
non_financial_large_cap_revenue_1b,Non-financial companies with revenue >= $1B,DEC,Neural full-assignment,DEC|K=4,2026.0,All eligible companies,1,Operating Cash Flow Margin,304,4,0.013157894736842105
non_financial_large_cap_revenue_1b,Non-financial companies with revenue >= $1B,DEC,Neural full-assignment,DEC|K=4,2026.0,All eligible companies,2,EBITDA Margin,514,0,0.0
non_financial_large_cap_revenue_1b,Non-financial companies with revenue >= $1B,DEC,Neural full-assignment,DEC|K=4,2026.0,All eligible companies,2,Return on Assets,514,1,0.0019455252918287938
non_financial_large_cap_revenue_1b,Non-financial companies with revenue >= $1B,DEC,Neural full-assignment,DEC|K=4,2026.0,All eligible companies,2,Asset Turnover,514,0,0.0
non_financial_large_cap_revenue_1b,Non-financial companies with revenue >= $1B,DEC,Neural full-assignment,DEC|K=4,2026.0,All eligible companies,2,Revenue per Employee,514,26,0.05058365758754864
non_financial_large_cap_revenue_1b,Non-financial companies with revenue >= $1B,DEC,Neural full-assignment,DEC|K=4,2026.0,All eligible companies,2,Current Ratio,514,1,0.0019455252918287938
non_financial_large_cap_revenue_1b,Non-financial companies with revenue >= $1B,DEC,Neural full-assignment,DEC|K=4,2026.0,All eligible companies,2,Debt Ratio,514,4,0.007782101167315175
non_financial_large_cap_revenue_1b,Non-financial companies with revenue >= $1B,DEC,Neural full-assignment,DEC|K=4,2026.0,All eligible companies,2,Free Cash Flow Margin,514,0,0.0
non_financial_large_cap_revenue_1b,Non-financial companies with revenue >= $1B,DEC,Neural full-assignment,DEC|K=4,2026.0,All eligible companies,2,Operating Cash Flow Margin,514,4,0.007782101167315175
non_financial_large_cap_revenue_1b,Non-financial companies with revenue >= $1B,DEC,Neural full-assignment,DEC|K=4,2026.0,All eligible companies,3,EBITDA Margin,549,2,0.0036429872495446266
non_financial_large_cap_revenue_1b,Non-financial companies with revenue >= $1B,DEC,Neural full-assignment,DEC|K=4,2026.0,All eligible companies,3,Return on Assets,549,1,0.0018214936247723133
non_financial_large_cap_revenue_1b,Non-financial companies with revenue >= $1B,DEC,Neural full-assignment,DEC|K=4,2026.0,All eligible companies,3,Asset Turnover,549,0,0.0
non_financial_large_cap_revenue_1b,Non-financial companies with revenue >= $1B,DEC,Neural full-assignment,DEC|K=4,2026.0,All eligible companies,3,Revenue per Employee,549,44,0.08014571948998178
non_financial_large_cap_revenue_1b,Non-financial companies with revenue >= $1B,DEC,Neural full-assignment,DEC|K=4,2026.0,All eligible companies,3,Current Ratio,549,2,0.0036429872495446266
non_financial_large_cap_revenue_1b,Non-financial companies with revenue >= $1B,DEC,Neural full-assignment,DEC|K=4,2026.0,All eligible companies,3,Debt Ratio,549,2,0.0036429872495446266
non_financial_large_cap_revenue_1b,Non-financial companies with revenue >= $1B,DEC,Neural full-assignment,DEC|K=4,2026.0,All eligible companies,3,Free Cash Flow Margin,549,0,0.0
non_financial_large_cap_revenue_1b,Non-financial companies with revenue >= $1B,DEC,Neural full-assignment,DEC|K=4,2026.0,All eligible companies,3,Operating Cash Flow Margin,549,1,0.0018214936247723133
