Scenario ID,Scenario Name,Symbol,Sector,Industry,Total Revenue,MarketCap,Imputed KPI Count,Imputed KPI Share
technology_revenue_25m,Technology companies with revenue >= $25M,AXIL,Technology,Consumer Electronics,26257522.0,46292300.0,0,0.0
technology_revenue_25m,Technology companies with revenue >= $25M,BKTI,Technology,Communication Equipment,86139000.0,318256832.0,0,0.0
technology_revenue_25m,Technology companies with revenue >= $25M,CHOW,Technology,Software - Infrastructure,251216649.0,12790596.0,1,0.125
technology_revenue_25m,Technology companies with revenue >= $25M,CTM,Technology,Information Technology Services,52866001.0,81431616.0,0,0.0
technology_revenue_25m,Technology companies with revenue >= $25M,EXOD,Technology,Software - Infrastructure,121551000.0,207388368.0,1,0.125
technology_revenue_25m,Technology companies with revenue >= $25M,INTT,Technology,Semiconductor Equipment & Materials,113825000.0,213850464.0,0,0.0
technology_revenue_25m,Technology companies with revenue >= $25M,INUV,Technology,Software - Application,86209305.0,24899108.0,0,0.0
technology_revenue_25m,Technology companies with revenue >= $25M,MPTI,Technology,Electronic Components,54417000.0,378904128.0,0,0.0
technology_revenue_25m,Technology companies with revenue >= $25M,MRT,Technology,Software - Application,39241487.0,169309280.0,0,0.0
technology_revenue_25m,Technology companies with revenue >= $25M,TRT,Technology,Semiconductor Equipment & Materials,36473000.0,135812208.0,0,0.0
technology_revenue_25m,Technology companies with revenue >= $25M,WYY,Technology,Information Technology Services,150545364.0,107572528.0,0,0.0
technology_revenue_25m,Technology companies with revenue >= $25M,AAOI,Technology,Communication Equipment,455715000.0,13562633216.0,0,0.0
technology_revenue_25m,Technology companies with revenue >= $25M,AAPL,Technology,Consumer Electronics,416161000000.0,4589945880576.0,0,0.0
technology_revenue_25m,Technology companies with revenue >= $25M,ACIW,Technology,Software - Infrastructure,1759782000.0,4310450688.0,0,0.0
technology_revenue_25m,Technology companies with revenue >= $25M,ACLS,Technology,Semiconductor Equipment & Materials,839048000.0,4780657664.0,0,0.0
technology_revenue_25m,Technology companies with revenue >= $25M,ACMR,Technology,Semiconductor Equipment & Materials,901309000.0,6417507328.0,0,0.0
technology_revenue_25m,Technology companies with revenue >= $25M,ADBE,Technology,Software - Application,23769000000.0,97590050816.0,0,0.0
technology_revenue_25m,Technology companies with revenue >= $25M,ADEA,Technology,Software - Application,443386000.0,2999990016.0,0,0.0
technology_revenue_25m,Technology companies with revenue >= $25M,ADI,Technology,Semiconductors,11019707000.0,204094341120.0,0,0.0
technology_revenue_25m,Technology companies with revenue >= $25M,ADP,Technology,Software - Application,20560900000.0,87885578240.0,0,0.0
technology_revenue_25m,Technology companies with revenue >= $25M,ADSK,Technology,Software - Application,7206000000.0,50875445248.0,0,0.0
technology_revenue_25m,Technology companies with revenue >= $25M,ADTN,Technology,Communication Equipment,1083807000.0,1370487808.0,0,0.0
technology_revenue_25m,Technology companies with revenue >= $25M,AEHR,Technology,Semiconductor Equipment & Materials,58968000.0,3145010688.0,0,0.0
technology_revenue_25m,Technology companies with revenue >= $25M,AEYE,Technology,Software - Application,40311000.0,95949424.0,0,0.0
technology_revenue_25m,Technology companies with revenue >= $25M,AGMH,Technology,Computer Hardware,32044575.0,3126546.0,0,0.0
technology_revenue_25m,Technology companies with revenue >= $25M,AGYS,Technology,Software - Application,319312000.0,2327126784.0,0,0.0
technology_revenue_25m,Technology companies with revenue >= $25M,AIOT,Technology,Software - Infrastructure,362515000.0,484271680.0,0,0.0
technology_revenue_25m,Technology companies with revenue >= $25M,AIP,Technology,Semiconductors,70579000.0,1704669568.0,0,0.0
technology_revenue_25m,Technology companies with revenue >= $25M,AIRG,Technology,Communication Equipment,51779000.0,91899408.0,0,0.0
technology_revenue_25m,Technology companies with revenue >= $25M,AKAM,Technology,Software - Infrastructure,4208175000.0,20809021440.0,0,0.0
technology_revenue_25m,Technology companies with revenue >= $25M,ALAB,Technology,Semiconductors,852525000.0,59850510336.0,0,0.0
technology_revenue_25m,Technology companies with revenue >= $25M,ALAR,Technology,Software - Infrastructure,40755000.0,74209400.0,0,0.0
technology_revenue_25m,Technology companies with revenue >= $25M,ALGM,Technology,Semiconductors,890096000.0,9515964416.0,0,0.0
technology_revenue_25m,Technology companies with revenue >= $25M,ALKT,Technology,Software - Application,443639000.0,1882467328.0,0,0.0
technology_revenue_25m,Technology companies with revenue >= $25M,ALLT,Technology,Software - Infrastructure,101993000.0,388449408.0,0,0.0
technology_revenue_25m,Technology companies with revenue >= $25M,ALNT,Technology,Electronic Components,554478000.0,1267769728.0,0,0.0
technology_revenue_25m,Technology companies with revenue >= $25M,ALOT,Technology,Computer Hardware,150515000.0,117700456.0,0,0.0
technology_revenue_25m,Technology companies with revenue >= $25M,ALRM,Technology,Software - Application,1011187000.0,2181211648.0,0,0.0
technology_revenue_25m,Technology companies with revenue >= $25M,AMAT,Technology,Semiconductor Equipment & Materials,28368000000.0,357027676160.0,0,0.0
technology_revenue_25m,Technology companies with revenue >= $25M,AMBA,Technology,Semiconductor Equipment & Materials,390702000.0,4028238592.0,0,0.0
technology_revenue_25m,Technology companies with revenue >= $25M,AMBR,Technology,Software - Infrastructure,66089000.0,151783152.0,1,0.125
technology_revenue_25m,Technology companies with revenue >= $25M,AMD,Technology,Semiconductors,34639000000.0,844797902848.0,0,0.0
technology_revenue_25m,Technology companies with revenue >= $25M,AMPG,Technology,Communication Equipment,25195930.0,119852528.0,0,0.0
technology_revenue_25m,Technology companies with revenue >= $25M,AMPL,Technology,Software - Application,343214000.0,912420416.0,0,0.0
technology_revenue_25m,Technology companies with revenue >= $25M,AOSL,Technology,Semiconductors,696162000.0,1476725376.0,0,0.0
technology_revenue_25m,Technology companies with revenue >= $25M,API,Technology,Software - Application,141057000.0,359336576.0,0,0.0
technology_revenue_25m,Technology companies with revenue >= $25M,APLD,Technology,Information Technology Services,144193000.0,14188457984.0,0,0.0
technology_revenue_25m,Technology companies with revenue >= $25M,APPF,Technology,Software - Application,950822000.0,5628370944.0,0,0.0
technology_revenue_25m,Technology companies with revenue >= $25M,APPN,Technology,Software - Infrastructure,726937000.0,1618003200.0,0,0.0
technology_revenue_25m,Technology companies with revenue >= $25M,APPS,Technology,Software - Application,490506000.0,1014163904.0,0,0.0
technology_revenue_25m,Technology companies with revenue >= $25M,ARRY,Technology,Solar,1284141000.0,1424432384.0,0,0.0
technology_revenue_25m,Technology companies with revenue >= $25M,ASML,Technology,Semiconductor Equipment & Materials,32667300000.0,618892099584.0,1,0.125
technology_revenue_25m,Technology companies with revenue >= $25M,ASTS,Technology,Communication Equipment,70918000.0,51655499776.0,0,0.0
technology_revenue_25m,Technology companies with revenue >= $25M,ASUR,Technology,Software - Application,140541000.0,252685184.0,0,0.0
technology_revenue_25m,Technology companies with revenue >= $25M,ASYS,Technology,Semiconductor Equipment & Materials,79364000.0,313470304.0,0,0.0
technology_revenue_25m,Technology companies with revenue >= $25M,AUDC,Technology,Communication Equipment,245604000.0,247154592.0,0,0.0
technology_revenue_25m,Technology companies with revenue >= $25M,AVGO,Technology,Semiconductors,63887000000.0,2019714793472.0,0,0.0
technology_revenue_25m,Technology companies with revenue >= $25M,AVNW,Technology,Communication Equipment,434606000.0,230193056.0,1,0.125
technology_revenue_25m,Technology companies with revenue >= $25M,AVPT,Technology,Software - Infrastructure,419497000.0,2177416704.0,0,0.0
technology_revenue_25m,Technology companies with revenue >= $25M,AVT,Technology,Electronics & Computer Distribution,22200754000.0,7145937920.0,0,0.0
technology_revenue_25m,Technology companies with revenue >= $25M,AXTI,Technology,Semiconductor Equipment & Materials,88326000.0,7569462272.0,0,0.0
technology_revenue_25m,Technology companies with revenue >= $25M,BAND,Technology,Software - Infrastructure,753817000.0,1846118016.0,0,0.0
technology_revenue_25m,Technology companies with revenue >= $25M,BEEM,Technology,Solar,28236000.0,33080364.0,0,0.0
technology_revenue_25m,Technology companies with revenue >= $25M,BELFA,Technology,Electronic Components,675455000.0,3125460224.0,0,0.0
technology_revenue_25m,Technology companies with revenue >= $25M,BELFB,Technology,Electronic Components,675455000.0,3939120896.0,0,0.0
technology_revenue_25m,Technology companies with revenue >= $25M,BGIN,Technology,Computer Hardware,67395903.0,326962880.0,0,0.0
technology_revenue_25m,Technology companies with revenue >= $25M,BL,Technology,Software - Application,700427000.0,1590297472.0,0,0.0
technology_revenue_25m,Technology companies with revenue >= $25M,BLKB,Technology,Software - Application,1128365000.0,1396336000.0,1,0.125
technology_revenue_25m,Technology companies with revenue >= $25M,BLZE,Technology,Software - Infrastructure,145835000.0,459112704.0,0,0.0
technology_revenue_25m,Technology companies with revenue >= $25M,BOSC,Technology,Communication Equipment,50569000.0,30243684.0,0,0.0
technology_revenue_25m,Technology companies with revenue >= $25M,BOXL,Technology,Consumer Electronics,109246000.0,3640352.0,0,0.0
technology_revenue_25m,Technology companies with revenue >= $25M,BRAI,Technology,Computer Hardware,73412000.0,2815165184.0,1,0.125
technology_revenue_25m,Technology companies with revenue >= $25M,BRUN,Technology,Software - Infrastructure,26887000.0,2021617536.0,1,0.125
technology_revenue_25m,Technology companies with revenue >= $25M,BRZE,Technology,Software - Application,738182000.0,2611267840.0,0,0.0
technology_revenue_25m,Technology companies with revenue >= $25M,BSY,Technology,Software - Application,1501779000.0,9782253568.0,0,0.0
technology_revenue_25m,Technology companies with revenue >= $25M,BTDR,Technology,Software - Application,620253000.0,4472104448.0,0,0.0
technology_revenue_25m,Technology companies with revenue >= $25M,BULL,Technology,Software - Application,570996806.0,3366412032.0,0,0.0
technology_revenue_25m,Technology companies with revenue >= $25M,BZAI,Technology,Software - Application,38632000.0,226256144.0,0,0.0
technology_revenue_25m,Technology companies with revenue >= $25M,CAMT,Technology,Semiconductor Equipment & Materials,496072000.0,8047653376.0,0,0.0
technology_revenue_25m,Technology companies with revenue >= $25M,CAN,Technology,Computer Hardware,529735000.0,306775072.0,0,0.0
technology_revenue_25m,Technology companies with revenue >= $25M,CBRS,Technology,Semiconductors,509991000.0,53275275264.0,0,0.0
technology_revenue_25m,Technology companies with revenue >= $25M,CCC,Technology,Software - Application,1057001000.0,2688187648.0,0,0.0
technology_revenue_25m,Technology companies with revenue >= $25M,CCSI,Technology,Software - Infrastructure,349696000.0,589102336.0,0,0.0
technology_revenue_25m,Technology companies with revenue >= $25M,CDNS,Technology,Software - Application,5296759000.0,103113809920.0,0,0.0
technology_revenue_25m,Technology companies with revenue >= $25M,CDW,Technology,Information Technology Services,22424100000.0,14839840768.0,0,0.0
technology_revenue_25m,Technology companies with revenue >= $25M,CETX,Technology,Software - Infrastructure,76488088.0,10232087.0,0,0.0
technology_revenue_25m,Technology companies with revenue >= $25M,CEVA,Technology,Semiconductors,109598000.0,1163407104.0,0,0.0
technology_revenue_25m,Technology companies with revenue >= $25M,CGNT,Technology,Software - Infrastructure,400041000.0,765277760.0,0,0.0
technology_revenue_25m,Technology companies with revenue >= $25M,CGNX,Technology,Scientific & Technical Instruments,994359000.0,10985349120.0,0,0.0
technology_revenue_25m,Technology companies with revenue >= $25M,CHKP,Technology,Software - Infrastructure,2725400000.0,13661972480.0,0,0.0
technology_revenue_25m,Technology companies with revenue >= $25M,CHRN,Technology,Information Technology Services,84376000.0,2617177856.0,1,0.125
technology_revenue_25m,Technology companies with revenue >= $25M,CHYM,Technology,Software - Application,2186770000.0,6896446464.0,0,0.0
technology_revenue_25m,Technology companies with revenue >= $25M,CIFR,Technology,Information Technology Services,223942000.0,10058519552.0,0,0.0
technology_revenue_25m,Technology companies with revenue >= $25M,CISO,Technology,Software - Infrastructure,26605998.0,19031600.0,0,0.0
technology_revenue_25m,Technology companies with revenue >= $25M,CLBT,Technology,Software - Infrastructure,475675000.0,3292605696.0,0,0.0
technology_revenue_25m,Technology companies with revenue >= $25M,CLFD,Technology,Communication Equipment,150134000.0,634627776.0,0,0.0
technology_revenue_25m,Technology companies with revenue >= $25M,CLMB,Technology,Electronics & Computer Distribution,652517000.0,386635808.0,0,0.0
technology_revenue_25m,Technology companies with revenue >= $25M,CLPS,Technology,Information Technology Services,142812726.0,26365254.0,0,0.0
technology_revenue_25m,Technology companies with revenue >= $25M,CMRC,Technology,Software - Application,342349000.0,254137696.0,0,0.0
technology_revenue_25m,Technology companies with revenue >= $25M,CMTL,Technology,Communication Equipment,499528000.0,170971184.0,0,0.0
technology_revenue_25m,Technology companies with revenue >= $25M,CNDT,Technology,Information Technology Services,3042000000.0,277623296.0,0,0.0
technology_revenue_25m,Technology companies with revenue >= $25M,CNXC,Technology,Information Technology Services,9825771000.0,1615407744.0,0,0.0
technology_revenue_25m,Technology companies with revenue >= $25M,CNXN,Technology,Electronics & Computer Distribution,2872746000.0,1714109824.0,0,0.0
technology_revenue_25m,Technology companies with revenue >= $25M,COHU,Technology,Semiconductor Equipment & Materials,452956000.0,2549827584.0,0,0.0
technology_revenue_25m,Technology companies with revenue >= $25M,CORZ,Technology,Software - Infrastructure,319019000.0,8824495104.0,0,0.0
technology_revenue_25m,Technology companies with revenue >= $25M,CPSH,Technology,Electronic Components,32596314.0,199877312.0,0,0.0
technology_revenue_25m,Technology companies with revenue >= $25M,CRCT,Technology,Computer Hardware,708780000.0,866881408.0,0,0.0
technology_revenue_25m,Technology companies with revenue >= $25M,CRDO,Technology,Semiconductors,436775000.0,41012445184.0,0,0.0
technology_revenue_25m,Technology companies with revenue >= $25M,CREX,Technology,Software - Application,57232000.0,38095000.0,0,0.0
technology_revenue_25m,Technology companies with revenue >= $25M,CRNC,Technology,Software - Application,251781000.0,536379264.0,0,0.0
technology_revenue_25m,Technology companies with revenue >= $25M,CRNT,Technology,Communication Equipment,338728000.0,259955968.0,0,0.0
technology_revenue_25m,Technology companies with revenue >= $25M,CRSR,Technology,Computer Hardware,1472480000.0,1277242368.0,0,0.0
technology_revenue_25m,Technology companies with revenue >= $25M,CRUS,Technology,Semiconductors,1997379000.0,8818115584.0,0,0.0
technology_revenue_25m,Technology companies with revenue >= $25M,CRWD,Technology,Software - Infrastructure,4812005000.0,170794008576.0,0,0.0
technology_revenue_25m,Technology companies with revenue >= $25M,CRWV,Technology,Software - Infrastructure,5131000000.0,58299650048.0,0,0.0
technology_revenue_25m,Technology companies with revenue >= $25M,CSCO,Technology,Communication Equipment,56654000000.0,467611811840.0,0,0.0
technology_revenue_25m,Technology companies with revenue >= $25M,CSIQ,Technology,Solar,5595107000.0,1373966720.0,0,0.0
technology_revenue_25m,Technology companies with revenue >= $25M,CSPI,Technology,Information Technology Services,58730000.0,97898352.0,0,0.0
technology_revenue_25m,Technology companies with revenue >= $25M,CTSH,Technology,Information Technology Services,21108000000.0,25471049728.0,0,0.0
technology_revenue_25m,Technology companies with revenue >= $25M,CURR,Technology,Software - Application,37813321.0,358179232.0,1,0.125
technology_revenue_25m,Technology companies with revenue >= $25M,CVLT,Technology,Software - Application,1183690000.0,4567682048.0,0,0.0
technology_revenue_25m,Technology companies with revenue >= $25M,DAKT,Technology,Electronic Components,756477000.0,1005180032.0,0,0.0
technology_revenue_25m,Technology companies with revenue >= $25M,DAVE,Technology,Software - Application,554182000.0,3417843968.0,0,0.0
technology_revenue_25m,Technology companies with revenue >= $25M,DBX,Technology,Software - Infrastructure,2521000000.0,6110144512.0,0,0.0
technology_revenue_25m,Technology companies with revenue >= $25M,DCBO,Technology,Software - Application,242687000.0,457141568.0,0,0.0
technology_revenue_25m,Technology companies with revenue >= $25M,DDOG,Technology,Software - Application,3427158000.0,80176472064.0,0,0.0
technology_revenue_25m,Technology companies with revenue >= $25M,DGII,Technology,Communication Equipment,430221000.0,2572044032.0,0,0.0
technology_revenue_25m,Technology companies with revenue >= $25M,DIOD,Technology,Semiconductors,1482073000.0,5048866816.0,0,0.0
technology_revenue_25m,Technology companies with revenue >= $25M,DJCO,Technology,Software - Application,87700000.0,715051520.0,0,0.0
technology_revenue_25m,Technology companies with revenue >= $25M,DLO,Technology,Software - Infrastructure,1093587000.0,3434120704.0,0,0.0
technology_revenue_25m,Technology companies with revenue >= $25M,DMRC,Technology,Software - Application,33913000.0,334074496.0,0,0.0
technology_revenue_25m,Technology companies with revenue >= $25M,DOCU,Technology,Software - Application,3219500000.0,9632967680.0,0,0.0
technology_revenue_25m,Technology companies with revenue >= $25M,DOMO,Technology,Software - Application,318857000.0,176070960.0,0,0.0
technology_revenue_25m,Technology companies with revenue >= $25M,DOX,Technology,Software - Infrastructure,4532913000.0,6545010688.0,0,0.0
technology_revenue_25m,Technology companies with revenue >= $25M,DSGX,Technology,Software - Application,728992000.0,6166123520.0,0,0.0
technology_revenue_25m,Technology companies with revenue >= $25M,DSP,Technology,Software - Application,344201000.0,760523264.0,0,0.0
technology_revenue_25m,Technology companies with revenue >= $25M,DSWL,Technology,Electronic Components,67610000.0,53861108.0,2,0.25
technology_revenue_25m,Technology companies with revenue >= $25M,DTSS,Technology,Software - Infrastructure,71616820.0,8253251.0,0,0.0
technology_revenue_25m,Technology companies with revenue >= $25M,DUOL,Technology,Software - Application,1037589000.0,5063273984.0,0,0.0
technology_revenue_25m,Technology companies with revenue >= $25M,DUOT,Technology,Software - Application,27023651.0,429295584.0,0,0.0
technology_revenue_25m,Technology companies with revenue >= $25M,DVLT,Technology,Software - Infrastructure,39089000.0,425299872.0,0,0.0
technology_revenue_25m,Technology companies with revenue >= $25M,EEFT,Technology,Software - Infrastructure,4244200000.0,2687340288.0,0,0.0
technology_revenue_25m,Technology companies with revenue >= $25M,EGAN,Technology,Software - Application,88431000.0,199836592.0,1,0.125
technology_revenue_25m,Technology companies with revenue >= $25M,EGHT,Technology,Software - Application,735752000.0,295086624.0,0,0.0
technology_revenue_25m,Technology companies with revenue >= $25M,ELTK,Technology,Electronic Components,51790000.0,62024000.0,0,0.0
technology_revenue_25m,Technology companies with revenue >= $25M,ENPH,Technology,Solar,1472985000.0,9159976960.0,0,0.0
technology_revenue_25m,Technology companies with revenue >= $25M,ENTG,Technology,Semiconductor Equipment & Materials,3196600000.0,21084411904.0,0,0.0
technology_revenue_25m,Technology companies with revenue >= $25M,ERIC,Technology,Communication Equipment,236681000000.0,42342473728.0,0,0.0
technology_revenue_25m,Technology companies with revenue >= $25M,EVCM,Technology,Software - Application,588907000.0,1962383360.0,0,0.0
technology_revenue_25m,Technology companies with revenue >= $25M,EXFY,Technology,Software - Application,142101000.0,111868216.0,0,0.0
technology_revenue_25m,Technology companies with revenue >= $25M,EXLS,Technology,Information Technology Services,2087679000.0,4447511040.0,0,0.0
technology_revenue_25m,Technology companies with revenue >= $25M,EXTR,Technology,Communication Equipment,1140067000.0,3427693568.0,0,0.0
technology_revenue_25m,Technology companies with revenue >= $25M,FEBO,Technology,Consumer Electronics,85023000.0,9679688.0,0,0.0
technology_revenue_25m,Technology companies with revenue >= $25M,FEIM,Technology,Communication Equipment,69811000.0,744049664.0,0,0.0
technology_revenue_25m,Technology companies with revenue >= $25M,FFIV,Technology,Software - Infrastructure,3088072000.0,21632831488.0,0,0.0
technology_revenue_25m,Technology companies with revenue >= $25M,FIVN,Technology,Software - Infrastructure,1149088000.0,1747955712.0,0,0.0
technology_revenue_25m,Technology companies with revenue >= $25M,FKWL,Technology,Communication Equipment,46086901.0,35117156.0,0,0.0
technology_revenue_25m,Technology companies with revenue >= $25M,FLEX,Technology,Electronic Components,27914000000.0,53069844480.0,0,0.0
technology_revenue_25m,Technology companies with revenue >= $25M,FLYW,Technology,Software - Infrastructure,623025000.0,1956173440.0,0,0.0
technology_revenue_25m,Technology companies with revenue >= $25M,FORM,Technology,Semiconductor Equipment & Materials,784993000.0,10151270400.0,0,0.0
technology_revenue_25m,Technology companies with revenue >= $25M,FORTY,Technology,Information Technology Services,2627124000.0,2032456704.0,1,0.125
technology_revenue_25m,Technology companies with revenue >= $25M,FROG,Technology,Software - Application,531840000.0,8813882368.0,0,0.0
technology_revenue_25m,Technology companies with revenue >= $25M,FRSH,Technology,Software - Application,838809000.0,2487907584.0,0,0.0
technology_revenue_25m,Technology companies with revenue >= $25M,FSLR,Technology,Solar,5219376000.0,32599201792.0,0,0.0
technology_revenue_25m,Technology companies with revenue >= $25M,FSLY,Technology,Software - Application,624018000.0,2651110144.0,0,0.0
technology_revenue_25m,Technology companies with revenue >= $25M,FTCI,Technology,Solar,99687000.0,88189176.0,0,0.0
technology_revenue_25m,Technology companies with revenue >= $25M,FTNT,Technology,Software - Infrastructure,6799600000.0,95024496640.0,0,0.0
technology_revenue_25m,Technology companies with revenue >= $25M,GAUZ,Technology,Electronic Components,103527000.0,11817548.0,0,0.0
technology_revenue_25m,Technology companies with revenue >= $25M,GCT,Technology,Software - Infrastructure,1289897000.0,1378554368.0,0,0.0
technology_revenue_25m,Technology companies with revenue >= $25M,GDS,Technology,Information Technology Services,11432274000.0,7059303424.0,0,0.0
technology_revenue_25m,Technology companies with revenue >= $25M,GDYN,Technology,Information Technology Services,411827000.0,616324032.0,0,0.0
technology_revenue_25m,Technology companies with revenue >= $25M,GEN,Technology,Software - Infrastructure,5000000000.0,14789750784.0,0,0.0
technology_revenue_25m,Technology companies with revenue >= $25M,GFS,Technology,Semiconductors,6791000000.0,44218818560.0,0,0.0
technology_revenue_25m,Technology companies with revenue >= $25M,GILT,Technology,Communication Equipment,451657000.0,1345646976.0,0,0.0
technology_revenue_25m,Technology companies with revenue >= $25M,GLOO,Technology,Software - Application,94660000.0,433478912.0,1,0.125
technology_revenue_25m,Technology companies with revenue >= $25M,GMM,Technology,Information Technology Services,55941283.0,7735208.0,0,0.0
technology_revenue_25m,Technology companies with revenue >= $25M,GNSS,Technology,Scientific & Technical Instruments,40757000.0,97004480.0,0,0.0
technology_revenue_25m,Technology companies with revenue >= $25M,GPRO,Technology,Consumer Electronics,651542000.0,208599232.0,0,0.0
technology_revenue_25m,Technology companies with revenue >= $25M,GRAB,Technology,Software - Application,3370000000.0,14478599168.0,0,0.0
technology_revenue_25m,Technology companies with revenue >= $25M,GRRR,Technology,Software - Infrastructure,101360657.0,490579456.0,0,0.0
technology_revenue_25m,Technology companies with revenue >= $25M,GTLB,Technology,Software - Infrastructure,955224000.0,4716032000.0,0,0.0
technology_revenue_25m,Technology companies with revenue >= $25M,GTM,Technology,Software - Application,1249500000.0,946044928.0,0,0.0
technology_revenue_25m,Technology companies with revenue >= $25M,HCKT,Technology,Information Technology Services,305626000.0,286397664.0,0,0.0
technology_revenue_25m,Technology companies with revenue >= $25M,HIMX,Technology,Semiconductors,832173000.0,3631547648.0,0,0.0
technology_revenue_25m,Technology companies with revenue >= $25M,HIT,Technology,Software - Application,33327511.0,64067412.0,0,0.0
technology_revenue_25m,Technology companies with revenue >= $25M,HLIT,Technology,Communication Equipment,360523000.0,1844439296.0,0,0.0
technology_revenue_25m,Technology companies with revenue >= $25M,HOLO,Technology,Electronic Components,403686223.0,52011056.0,0,0.0
technology_revenue_25m,Technology companies with revenue >= $25M,HPAI,Technology,Software - Infrastructure,34856807.0,33995160.0,0,0.0
technology_revenue_25m,Technology companies with revenue >= $25M,HUBC,Technology,Software - Infrastructure,29562000.0,141025.0,0,0.0
technology_revenue_25m,Technology companies with revenue >= $25M,IBEX,Technology,Information Technology Services,558273000.0,426577248.0,0,0.0
technology_revenue_25m,Technology companies with revenue >= $25M,ICG,Technology,Semiconductors,220864000.0,59497692.0,0,0.0
technology_revenue_25m,Technology companies with revenue >= $25M,ICHR,Technology,Semiconductor Equipment & Materials,947652000.0,2445923840.0,0,0.0
technology_revenue_25m,Technology companies with revenue >= $25M,IDCC,Technology,Software - Application,834015000.0,6480641024.0,0,0.0
technology_revenue_25m,Technology companies with revenue >= $25M,III,Technology,Information Technology Services,244725000.0,216711920.0,0,0.0
technology_revenue_25m,Technology companies with revenue >= $25M,IIIV,Technology,Software - Infrastructure,213158000.0,560026816.0,0,0.0
technology_revenue_25m,Technology companies with revenue >= $25M,IMMR,Technology,Software - Application,1555876000.0,212835904.0,0,0.0
technology_revenue_25m,Technology companies with revenue >= $25M,IMOS,Technology,Semiconductors,23932900000.0,2329302784.0,1,0.125
technology_revenue_25m,Technology companies with revenue >= $25M,IMXI,Technology,Software - Infrastructure,607776000.0,450213600.0,0,0.0
technology_revenue_25m,Technology companies with revenue >= $25M,INDI,Technology,Semiconductors,217394000.0,1128281088.0,0,0.0
technology_revenue_25m,Technology companies with revenue >= $25M,INOD,Technology,Information Technology Services,251663000.0,3244309760.0,0,0.0
technology_revenue_25m,Technology companies with revenue >= $25M,INSG,Technology,Communication Equipment,166188000.0,214038688.0,0,0.0
technology_revenue_25m,Technology companies with revenue >= $25M,INTA,Technology,Software - Application,504120000.0,1587468800.0,0,0.0
technology_revenue_25m,Technology companies with revenue >= $25M,INTC,Technology,Semiconductors,52853000000.0,607593103360.0,0,0.0
technology_revenue_25m,Technology companies with revenue >= $25M,INTU,Technology,Software - Application,18831000000.0,85617082368.0,0,0.0
technology_revenue_25m,Technology companies with revenue >= $25M,IPGP,Technology,Semiconductor Equipment & Materials,1003777000.0,4980758528.0,0,0.0
technology_revenue_25m,Technology companies with revenue >= $25M,ITRI,Technology,Scientific & Technical Instruments,2367194000.0,3706326016.0,0,0.0
technology_revenue_25m,Technology companies with revenue >= $25M,ITRN,Technology,Scientific & Technical Instruments,359023000.0,1285184640.0,0,0.0
technology_revenue_25m,Technology companies with revenue >= $25M,IZM,Technology,Electronics & Computer Distribution,177933890.0,4506791.0,0,0.0
technology_revenue_25m,Technology companies with revenue >= $25M,JFU,Technology,Information Technology Services,289880000.0,37203736.0,1,0.125
technology_revenue_25m,Technology companies with revenue >= $25M,JG,Technology,Software - Application,374847000.0,35045436.0,0,0.0
technology_revenue_25m,Technology companies with revenue >= $25M,JKHY,Technology,Information Technology Services,2375288000.0,9678537728.0,1,0.125
technology_revenue_25m,Technology companies with revenue >= $25M,JZ,Technology,Information Technology Services,70179033.0,34487324.0,0,0.0
technology_revenue_25m,Technology companies with revenue >= $25M,KARO,Technology,Software - Application,5479120000.0,1471756800.0,1,0.125
technology_revenue_25m,Technology companies with revenue >= $25M,KC,Technology,Software - Application,9558619000.0,3778045184.0,0,0.0
technology_revenue_25m,Technology companies with revenue >= $25M,KEEL,Technology,Information Technology Services,229276000.0,3393517056.0,1,0.125
technology_revenue_25m,Technology companies with revenue >= $25M,KLAC,Technology,Semiconductor Equipment & Materials,12156162000.0,251801534464.0,0,0.0
technology_revenue_25m,Technology companies with revenue >= $25M,KLIC,Technology,Semiconductor Equipment & Materials,654081000.0,5481868800.0,0,0.0
technology_revenue_25m,Technology companies with revenue >= $25M,KLTR,Technology,Software - Application,180854000.0,228569600.0,0,0.0
technology_revenue_25m,Technology companies with revenue >= $25M,KOPN,Technology,Electronic Components,38465639.0,1106667904.0,0,0.0
technology_revenue_25m,Technology companies with revenue >= $25M,KPLT,Technology,Software - Infrastructure,291761000.0,29495710.0,0,0.0
technology_revenue_25m,Technology companies with revenue >= $25M,KSPI,Technology,Software - Infrastructure,4027824000000.0,17634531328.0,0,0.0
technology_revenue_25m,Technology companies with revenue >= $25M,KTCC,Technology,Computer Hardware,467871000.0,35835592.0,0,0.0
technology_revenue_25m,Technology companies with revenue >= $25M,LASR,Technology,Semiconductors,261330000.0,4464749568.0,0,0.0
technology_revenue_25m,Technology companies with revenue >= $25M,LEDS,Technology,Semiconductors,43009000.0,19488060.0,0,0.0
technology_revenue_25m,Technology companies with revenue >= $25M,LFUS,Technology,Electronic Components,2386294000.0,11976824832.0,0,0.0
technology_revenue_25m,Technology companies with revenue >= $25M,LHSW,Technology,Software - Infrastructure,36539846.0,9453600.0,0,0.0
technology_revenue_25m,Technology companies with revenue >= $25M,LIF,Technology,Software - Application,489481000.0,3364840960.0,0,0.0
technology_revenue_25m,Technology companies with revenue >= $25M,LITE,Technology,Communication Equipment,1645000000.0,66956234752.0,0,0.0
technology_revenue_25m,Technology companies with revenue >= $25M,LOGI,Technology,Computer Hardware,4840761000.0,16041537536.0,0,0.0
technology_revenue_25m,Technology companies with revenue >= $25M,LPSN,Technology,Software - Application,243742000.0,27396060.0,0,0.0
technology_revenue_25m,Technology companies with revenue >= $25M,LPTH,Technology,Electronic Components,37202630.0,1139627776.0,1,0.125
technology_revenue_25m,Technology companies with revenue >= $25M,LRCX,Technology,Semiconductor Equipment & Materials,18435591000.0,397681590272.0,0,0.0
technology_revenue_25m,Technology companies with revenue >= $25M,LSAK,Technology,Software - Infrastructure,659702000.0,420107520.0,0,0.0
technology_revenue_25m,Technology companies with revenue >= $25M,LSCC,Technology,Semiconductors,523262000.0,20182626304.0,0,0.0
technology_revenue_25m,Technology companies with revenue >= $25M,LTRX,Technology,Communication Equipment,122923000.0,336453024.0,0,0.0
technology_revenue_25m,Technology companies with revenue >= $25M,LYFT,Technology,Software - Application,6316261000.0,5247212544.0,0,0.0
technology_revenue_25m,Technology companies with revenue >= $25M,LYTS,Technology,Electronic Components,573377000.0,893212800.0,0,0.0
technology_revenue_25m,Technology companies with revenue >= $25M,LZMH,Technology,Information Technology Services,1129008000.0,11492480.0,0,0.0
technology_revenue_25m,Technology companies with revenue >= $25M,MANH,Technology,Software - Application,1081392000.0,8471186944.0,0,0.0
technology_revenue_25m,Technology companies with revenue >= $25M,MCHP,Technology,Semiconductors,4713100000.0,52061294592.0,0,0.0
technology_revenue_25m,Technology companies with revenue >= $25M,MDB,Technology,Software - Infrastructure,2463797000.0,26217218048.0,0,0.0
technology_revenue_25m,Technology companies with revenue >= $25M,MFI,Technology,Software - Application,26085318.0,502617344.0,0,0.0
technology_revenue_25m,Technology companies with revenue >= $25M,MIND,Technology,Scientific & Technical Instruments,40947000.0,62805368.0,0,0.0
technology_revenue_25m,Technology companies with revenue >= $25M,MITK,Technology,Software - Application,179691000.0,760475072.0,0,0.0
technology_revenue_25m,Technology companies with revenue >= $25M,MKSI,Technology,Scientific & Technical Instruments,3931000000.0,21844447232.0,0,0.0
technology_revenue_25m,Technology companies with revenue >= $25M,MLAB,Technology,Scientific & Technical Instruments,240978000.0,569608192.0,1,0.125
technology_revenue_25m,Technology companies with revenue >= $25M,MLGO,Technology,Software - Infrastructure,60045146.0,64664376.0,0,0.0
technology_revenue_25m,Technology companies with revenue >= $25M,MNDY,Technology,Software - Application,1231997000.0,3994722816.0,0,0.0
technology_revenue_25m,Technology companies with revenue >= $25M,MPWR,Technology,Semiconductors,2790459000.0,80237641728.0,0,0.0
technology_revenue_25m,Technology companies with revenue >= $25M,MQ,Technology,Software - Infrastructure,624884000.0,1670679424.0,0,0.0
technology_revenue_25m,Technology companies with revenue >= $25M,MRAM,Technology,Semiconductors,55202000.0,732971200.0,0,0.0
technology_revenue_25m,Technology companies with revenue >= $25M,MRVL,Technology,Semiconductors,8194600000.0,179339558912.0,0,0.0
technology_revenue_25m,Technology companies with revenue >= $25M,MSFT,Technology,Software - Infrastructure,281724000000.0,3171867426816.0,0,0.0
technology_revenue_25m,Technology companies with revenue >= $25M,MSTR,Technology,Software - Application,477233000.0,53242249216.0,0,0.0
technology_revenue_25m,Technology companies with revenue >= $25M,MTLS,Technology,Software - Application,267633000.0,377575136.0,0,0.0
technology_revenue_25m,Technology companies with revenue >= $25M,MTSI,Technology,Semiconductors,967258000.0,29838514176.0,0,0.0
technology_revenue_25m,Technology companies with revenue >= $25M,MU,Technology,Semiconductors,37378000000.0,1041484939264.0,0,0.0
technology_revenue_25m,Technology companies with revenue >= $25M,MXL,Technology,Semiconductors,467641000.0,8754013184.0,0,0.0
technology_revenue_25m,Technology companies with revenue >= $25M,NAVN,Technology,Software - Application,702265000.0,5134393856.0,0,0.0
technology_revenue_25m,Technology companies with revenue >= $25M,NCNO,Technology,Software - Application,594781000.0,1724394496.0,0,0.0
technology_revenue_25m,Technology companies with revenue >= $25M,NICE,Technology,Software - Application,2945399000.0,5297272320.0,0,0.0
technology_revenue_25m,Technology companies with revenue >= $25M,NNDM,Technology,Computer Hardware,102437000.0,355654624.0,0,0.0
technology_revenue_25m,Technology companies with revenue >= $25M,NOVT,Technology,Scientific & Technical Instruments,980600000.0,5674037248.0,0,0.0
technology_revenue_25m,Technology companies with revenue >= $25M,NSIT,Technology,Electronics & Computer Distribution,8247180000.0,3122480640.0,0,0.0
technology_revenue_25m,Technology companies with revenue >= $25M,NTAP,Technology,Software - Infrastructure,6572000000.0,28203792384.0,0,0.0
technology_revenue_25m,Technology companies with revenue >= $25M,NTCT,Technology,Software - Infrastructure,859482000.0,2967051520.0,0,0.0
technology_revenue_25m,Technology companies with revenue >= $25M,NTGR,Technology,Communication Equipment,699621000.0,690053888.0,0,0.0
technology_revenue_25m,Technology companies with revenue >= $25M,NTNX,Technology,Software - Infrastructure,2537927000.0,13146919936.0,0,0.0
technology_revenue_25m,Technology companies with revenue >= $25M,NTSK,Technology,Software - Infrastructure,708997000.0,4615623680.0,0,0.0
technology_revenue_25m,Technology companies with revenue >= $25M,NTWK,Technology,Software - Application,66088229.0,55344088.0,1,0.125
technology_revenue_25m,Technology companies with revenue >= $25M,NVDA,Technology,Semiconductors,215938000000.0,5189349146624.0,0,0.0
technology_revenue_25m,Technology companies with revenue >= $25M,NVEC,Technology,Semiconductors,26331218.0,487900832.0,0,0.0
technology_revenue_25m,Technology companies with revenue >= $25M,NVMI,Technology,Semiconductor Equipment & Materials,880577000.0,16092962816.0,0,0.0
technology_revenue_25m,Technology companies with revenue >= $25M,NVNI,Technology,Software - Application,196738000.0,13445953.0,1,0.125
technology_revenue_25m,Technology companies with revenue >= $25M,NVTS,Technology,Semiconductors,45916000.0,6756602368.0,0,0.0
technology_revenue_25m,Technology companies with revenue >= $25M,NXPI,Technology,Semiconductors,12269000000.0,83386146816.0,0,0.0
technology_revenue_25m,Technology companies with revenue >= $25M,NXPL,Technology,Software - Application,54322000.0,19501250.0,0,0.0
technology_revenue_25m,Technology companies with revenue >= $25M,NXT,Technology,Solar,3559390000.0,20874983424.0,1,0.125
technology_revenue_25m,Technology companies with revenue >= $25M,NYAX,Technology,Software - Infrastructure,400433000.0,2771215360.0,0,0.0
technology_revenue_25m,Technology companies with revenue >= $25M,OCC,Technology,Communication Equipment,73038213.0,127455480.0,0,0.0
technology_revenue_25m,Technology companies with revenue >= $25M,OCTVV,Technology,Software - Application,1604171000.0,4692292608.0,1,0.125
technology_revenue_25m,Technology companies with revenue >= $25M,OKTA,Technology,Software - Infrastructure,2919000000.0,16608816128.0,0,0.0
technology_revenue_25m,Technology companies with revenue >= $25M,OLED,Technology,Electronic Components,650611000.0,4401596416.0,0,0.0
technology_revenue_25m,Technology companies with revenue >= $25M,ON,Technology,Semiconductors,5995400000.0,48122171392.0,0,0.0
technology_revenue_25m,Technology companies with revenue >= $25M,ONDS,Technology,Communication Equipment,50731000.0,6604981248.0,0,0.0
technology_revenue_25m,Technology companies with revenue >= $25M,OPTX,Technology,Electronic Components,28083985.0,444689888.0,0,0.0
technology_revenue_25m,Technology companies with revenue >= $25M,ORIO,Technology,Software - Infrastructure,68617000.0,21810550.0,1,0.125
technology_revenue_25m,Technology companies with revenue >= $25M,OSIS,Technology,Electronic Components,1713166000.0,3645356032.0,0,0.0
technology_revenue_25m,Technology companies with revenue >= $25M,OSPN,Technology,Software - Infrastructure,243180000.0,515683296.0,0,0.0
technology_revenue_25m,Technology companies with revenue >= $25M,OSS,Technology,Computer Hardware,32215500.0,443613088.0,0,0.0
technology_revenue_25m,Technology companies with revenue >= $25M,OST,Technology,Electronic Components,39678541.0,10108845.0,0,0.0
technology_revenue_25m,Technology companies with revenue >= $25M,OTEX,Technology,Software - Application,5168405000.0,5656459776.0,0,0.0
technology_revenue_25m,Technology companies with revenue >= $25M,OUST,Technology,Electronic Components,169384000.0,2695276032.0,0,0.0
technology_revenue_25m,Technology companies with revenue >= $25M,PANW,Technology,Software - Infrastructure,9221500000.0,209051467776.0,0,0.0
technology_revenue_25m,Technology companies with revenue >= $25M,PAYO,Technology,Software - Infrastructure,821160000.0,1707371136.0,0,0.0
technology_revenue_25m,Technology companies with revenue >= $25M,PAYP,Technology,Software - Infrastructure,292037000000.0,13354714112.0,1,0.125
technology_revenue_25m,Technology companies with revenue >= $25M,PAYS,Technology,Software - Infrastructure,82028176.0,401962496.0,0,0.0
technology_revenue_25m,Technology companies with revenue >= $25M,PAYX,Technology,Software - Application,5571700000.0,34220361728.0,1,0.125
technology_revenue_25m,Technology companies with revenue >= $25M,PCTY,Technology,Software - Application,1595221000.0,5936964608.0,0,0.0
technology_revenue_25m,Technology companies with revenue >= $25M,PDC,Technology,Software - Application,440361163.0,17556030.0,0,0.0
technology_revenue_25m,Technology companies with revenue >= $25M,PDFS,Technology,Software - Application,219024000.0,2048587520.0,0,0.0
technology_revenue_25m,Technology companies with revenue >= $25M,PEGA,Technology,Software - Application,1745812000.0,5655206912.0,0,0.0
technology_revenue_25m,Technology companies with revenue >= $25M,PENG,Technology,Information Technology Services,1368794000.0,2841927680.0,0,0.0
technology_revenue_25m,Technology companies with revenue >= $25M,PGY,Technology,Software - Infrastructure,1261341000.0,1156876928.0,0,0.0
technology_revenue_25m,Technology companies with revenue >= $25M,PI,Technology,Semiconductors,361075000.0,4778437120.0,0,0.0
technology_revenue_25m,Technology companies with revenue >= $25M,PLAB,Technology,Semiconductor Equipment & Materials,849294000.0,2006036736.0,0,0.0
technology_revenue_25m,Technology companies with revenue >= $25M,PLTR,Technology,Software - Infrastructure,4475446000.0,343630708736.0,0,0.0
technology_revenue_25m,Technology companies with revenue >= $25M,PLUS,Technology,Software - Application,2068789000.0,2343806464.0,0,0.0
technology_revenue_25m,Technology companies with revenue >= $25M,PLXS,Technology,Electronic Components,4032966000.0,7167777792.0,0,0.0
technology_revenue_25m,Technology companies with revenue >= $25M,PN,Technology,Solar,63311196.0,52403092.0,0,0.0
technology_revenue_25m,Technology companies with revenue >= $25M,PONY,Technology,Information Technology Services,90001000.0,4318073856.0,0,0.0
technology_revenue_25m,Technology companies with revenue >= $25M,POWI,Technology,Semiconductors,443504000.0,4851538944.0,1,0.125
technology_revenue_25m,Technology companies with revenue >= $25M,PRGS,Technology,Software - Infrastructure,977831000.0,1285080704.0,0,0.0
technology_revenue_25m,Technology companies with revenue >= $25M,PRTH,Technology,Software - Infrastructure,953009000.0,513072704.0,0,0.0
technology_revenue_25m,Technology companies with revenue >= $25M,PTC,Technology,Software - Application,2739226000.0,16031047680.0,0,0.0
technology_revenue_25m,Technology companies with revenue >= $25M,PTRN,Technology,Software - Application,2501315000.0,3731215872.0,0,0.0
technology_revenue_25m,Technology companies with revenue >= $25M,PUBM,Technology,Software - Application,282926000.0,531311616.0,0,0.0
technology_revenue_25m,Technology companies with revenue >= $25M,QCOM,Technology,Semiconductors,44284000000.0,256427655168.0,0,0.0
technology_revenue_25m,Technology companies with revenue >= $25M,QLYS,Technology,Software - Infrastructure,669125000.0,3534731264.0,0,0.0
technology_revenue_25m,Technology companies with revenue >= $25M,QMCO,Technology,Computer Hardware,274058000.0,136426432.0,0,0.0
technology_revenue_25m,Technology companies with revenue >= $25M,QRVO,Technology,Semiconductors,3678517000.0,9366414336.0,0,0.0
technology_revenue_25m,Technology companies with revenue >= $25M,RBBN,Technology,Software - Application,844556000.0,542508352.0,0,0.0
technology_revenue_25m,Technology companies with revenue >= $25M,RCT,Technology,Software - Application,48539353.0,42265760.0,1,0.125
technology_revenue_25m,Technology companies with revenue >= $25M,RDVT,Technology,Software - Application,90252000.0,773027776.0,0,0.0
technology_revenue_25m,Technology companies with revenue >= $25M,RDWR,Technology,Software - Infrastructure,301850000.0,1236804352.0,0,0.0
technology_revenue_25m,Technology companies with revenue >= $25M,RDZN,Technology,Software - Application,44296098.0,157830880.0,0,0.0
technology_revenue_25m,Technology companies with revenue >= $25M,REKR,Technology,Software - Infrastructure,48450000.0,105834400.0,0,0.0
technology_revenue_25m,Technology companies with revenue >= $25M,RELL,Technology,Electronic Components,208909000.0,247904384.0,0,0.0
technology_revenue_25m,Technology companies with revenue >= $25M,RELY,Technology,Software - Infrastructure,1635147000.0,4211221504.0,0,0.0
technology_revenue_25m,Technology companies with revenue >= $25M,RMBS,Technology,Semiconductors,707630000.0,16006434816.0,0,0.0
technology_revenue_25m,Technology companies with revenue >= $25M,RMNI,Technology,Software - Application,421536000.0,350802400.0,0,0.0
technology_revenue_25m,Technology companies with revenue >= $25M,ROP,Technology,Software - Application,7902500000.0,32268324864.0,0,0.0
technology_revenue_25m,Technology companies with revenue >= $25M,RPAY,Technology,Software - Infrastructure,309261000.0,332968224.0,0,0.0
technology_revenue_25m,Technology companies with revenue >= $25M,RPD,Technology,Software - Infrastructure,859794000.0,497219776.0,0,0.0
technology_revenue_25m,Technology companies with revenue >= $25M,RSSS,Technology,Software - Application,49057981.0,73584568.0,1,0.125
technology_revenue_25m,Technology companies with revenue >= $25M,RUN,Technology,Solar,2956997000.0,3790548224.0,0,0.0
technology_revenue_25m,Technology companies with revenue >= $25M,RXT,Technology,Software - Infrastructure,2685700000.0,1208729088.0,0,0.0
technology_revenue_25m,Technology companies with revenue >= $25M,RZLV,Technology,Software - Infrastructure,46800099.0,1108740736.0,0,0.0
technology_revenue_25m,Technology companies with revenue >= $25M,SABR,Technology,Software - Infrastructure,2770983000.0,660173184.0,0,0.0
technology_revenue_25m,Technology companies with revenue >= $25M,SAGT,Technology,Software - Application,77510474.0,19278000.0,1,0.125
technology_revenue_25m,Technology companies with revenue >= $25M,SAIC,Technology,Information Technology Services,7262000000.0,4469717504.0,0,0.0
technology_revenue_25m,Technology companies with revenue >= $25M,SAIL,Technology,Software - Infrastructure,1071416000.0,9387533312.0,0,0.0
technology_revenue_25m,Technology companies with revenue >= $25M,SANG,Technology,Software - Infrastructure,236692000.0,125128248.0,0,0.0
technology_revenue_25m,Technology companies with revenue >= $25M,SANM,Technology,Electronic Components,8128382000.0,14108532736.0,0,0.0
technology_revenue_25m,Technology companies with revenue >= $25M,SCOR,Technology,Software - Application,357469000.0,116976144.0,0,0.0
technology_revenue_25m,Technology companies with revenue >= $25M,SCSC,Technology,Electronics & Computer Distribution,3040810000.0,931269888.0,0,0.0
technology_revenue_25m,Technology companies with revenue >= $25M,SEDG,Technology,Solar,1184444000.0,4451283968.0,0,0.0
technology_revenue_25m,Technology companies with revenue >= $25M,SELX,Technology,Electronic Components,120228000.0,11801144.0,0,0.0
technology_revenue_25m,Technology companies with revenue >= $25M,SHLS,Technology,Solar,475331000.0,2046816256.0,0,0.0
technology_revenue_25m,Technology companies with revenue >= $25M,SHOP,Technology,Software - Application,11556000000.0,149269217280.0,0,0.0
technology_revenue_25m,Technology companies with revenue >= $25M,SILC,Technology,Communication Equipment,61926000.0,249700768.0,1,0.125
technology_revenue_25m,Technology companies with revenue >= $25M,SIMO,Technology,Semiconductors,885627000.0,9576929280.0,0,0.0
technology_revenue_25m,Technology companies with revenue >= $25M,SITM,Technology,Semiconductors,326660000.0,19256750080.0,0,0.0
technology_revenue_25m,Technology companies with revenue >= $25M,SKYT,Technology,Semiconductors,442139000.0,1917503360.0,0,0.0
technology_revenue_25m,Technology companies with revenue >= $25M,SMCI,Technology,Computer Hardware,21972042000.0,24838584320.0,0,0.0
technology_revenue_25m,Technology companies with revenue >= $25M,SMTC,Technology,Semiconductors,1049975000.0,15487735808.0,0,0.0
technology_revenue_25m,Technology companies with revenue >= $25M,SMXT,Technology,Solar,90982535.0,31867680.0,0,0.0
technology_revenue_25m,Technology companies with revenue >= $25M,SNDK,Technology,Computer Hardware,7355000000.0,243110068224.0,0,0.0
technology_revenue_25m,Technology companies with revenue >= $25M,SNPS,Technology,Software - Infrastructure,7054178000.0,92072378368.0,0,0.0
technology_revenue_25m,Technology companies with revenue >= $25M,SONO,Technology,Consumer Electronics,1443276000.0,1888189440.0,0,0.0
technology_revenue_25m,Technology companies with revenue >= $25M,SOUN,Technology,Software - Application,168920000.0,3704508160.0,0,0.0
technology_revenue_25m,Technology companies with revenue >= $25M,SPSC,Technology,Software - Application,751505000.0,1964863872.0,0,0.0
technology_revenue_25m,Technology companies with revenue >= $25M,SPT,Technology,Software - Application,457547000.0,420137696.0,0,0.0
technology_revenue_25m,Technology companies with revenue >= $25M,SPWR,Technology,Solar,300000000.0,150194256.0,0,0.0
technology_revenue_25m,Technology companies with revenue >= $25M,SRAD,Technology,Software - Application,1289965000.0,3862169088.0,0,0.0
technology_revenue_25m,Technology companies with revenue >= $25M,SSNC,Technology,Software - Application,6272200000.0,15921538048.0,0,0.0
technology_revenue_25m,Technology companies with revenue >= $25M,SSTI,Technology,Software - Application,104127000.0,93656968.0,0,0.0
technology_revenue_25m,Technology companies with revenue >= $25M,SSYS,Technology,Computer Hardware,551102000.0,869876288.0,0,0.0
technology_revenue_25m,Technology companies with revenue >= $25M,STNE,Technology,Software - Infrastructure,13399706000.0,2755775744.0,1,0.125
technology_revenue_25m,Technology companies with revenue >= $25M,STX,Technology,Computer Hardware,9097000000.0,197482954752.0,0,0.0
technology_revenue_25m,Technology companies with revenue >= $25M,SUNE,Technology,Solar,71905527.0,5483731.0,0,0.0
technology_revenue_25m,Technology companies with revenue >= $25M,SVCO,Technology,Software - Application,63064000.0,323377376.0,0,0.0
technology_revenue_25m,Technology companies with revenue >= $25M,SWKS,Technology,Semiconductors,4086900000.0,12244550656.0,0,0.0
technology_revenue_25m,Technology companies with revenue >= $25M,SYNA,Technology,Semiconductors,1074300000.0,5535234560.0,0,0.0
technology_revenue_25m,Technology companies with revenue >= $25M,TACT,Technology,Computer Hardware,51480000.0,44804576.0,0,0.0
technology_revenue_25m,Technology companies with revenue >= $25M,TAOP,Technology,Software - Infrastructure,30816535.0,13012338.0,1,0.125
technology_revenue_25m,Technology companies with revenue >= $25M,TASK,Technology,Information Technology Services,1183547000.0,577858496.0,0,0.0
technology_revenue_25m,Technology companies with revenue >= $25M,TBCH,Technology,Consumer Electronics,319914000.0,254046976.0,0,0.0
technology_revenue_25m,Technology companies with revenue >= $25M,TCX,Technology,Software - Infrastructure,390300000.0,168352512.0,0,0.0
technology_revenue_25m,Technology companies with revenue >= $25M,TEAM,Technology,Software - Application,5215304000.0,23674003456.0,0,0.0
technology_revenue_25m,Technology companies with revenue >= $25M,TENB,Technology,Software - Infrastructure,999405000.0,2861557760.0,0,0.0
technology_revenue_25m,Technology companies with revenue >= $25M,TER,Technology,Semiconductor Equipment & Materials,3190024000.0,59900858368.0,0,0.0
technology_revenue_25m,Technology companies with revenue >= $25M,THRY,Technology,Software - Application,785015000.0,173407664.0,0,0.0
technology_revenue_25m,Technology companies with revenue >= $25M,TLS,Technology,Software - Infrastructure,164805000.0,359880224.0,0,0.0
technology_revenue_25m,Technology companies with revenue >= $25M,TOYO,Technology,Solar,427383003.0,612073280.0,0,0.0
technology_revenue_25m,Technology companies with revenue >= $25M,TRMB,Technology,Scientific & Technical Instruments,3587300000.0,12802484224.0,0,0.0
technology_revenue_25m,Technology companies with revenue >= $25M,TSAT,Technology,Communication Equipment,417956000.0,3006158592.0,0,0.0
technology_revenue_25m,Technology companies with revenue >= $25M,TSEM,Technology,Semiconductors,1566104000.0,32781475840.0,1,0.125
technology_revenue_25m,Technology companies with revenue >= $25M,TSSI,Technology,Information Technology Services,245719000.0,380121376.0,0,0.0
technology_revenue_25m,Technology companies with revenue >= $25M,TTAN,Technology,Software - Application,960965000.0,6275572224.0,0,0.0
technology_revenue_25m,Technology companies with revenue >= $25M,TTEC,Technology,Information Technology Services,2136899000.0,131864208.0,0,0.0
technology_revenue_25m,Technology companies with revenue >= $25M,TTGT,Technology,Information Technology Services,486791000.0,323901504.0,0,0.0
technology_revenue_25m,Technology companies with revenue >= $25M,TTMI,Technology,Electronic Components,2906345000.0,19502002176.0,0,0.0
technology_revenue_25m,Technology companies with revenue >= $25M,TXN,Technology,Semiconductors,17682000000.0,287543820288.0,0,0.0
technology_revenue_25m,Technology companies with revenue >= $25M,TYGO,Technology,Solar,103536000.0,309716032.0,0,0.0
technology_revenue_25m,Technology companies with revenue >= $25M,UCTT,Technology,Semiconductor Equipment & Materials,2054000000.0,3913067008.0,0,0.0
technology_revenue_25m,Technology companies with revenue >= $25M,UEIC,Technology,Consumer Electronics,368288000.0,52289448.0,0,0.0
technology_revenue_25m,Technology companies with revenue >= $25M,UPBD,Technology,Software - Application,4695061000.0,1132064256.0,0,0.0
technology_revenue_25m,Technology companies with revenue >= $25M,UPLD,Technology,Software - Application,216876000.0,26127376.0,0,0.0
technology_revenue_25m,Technology companies with revenue >= $25M,USIO,Technology,Software - Infrastructure,85393626.0,46085308.0,0,0.0
technology_revenue_25m,Technology companies with revenue >= $25M,VECO,Technology,Semiconductor Equipment & Materials,664294000.0,3608910080.0,0,0.0
technology_revenue_25m,Technology companies with revenue >= $25M,VELO,Technology,Computer Hardware,45973000.0,766183744.0,0,0.0
technology_revenue_25m,Technology companies with revenue >= $25M,VERI,Technology,Software - Infrastructure,92192000.0,195204224.0,0,0.0
technology_revenue_25m,Technology companies with revenue >= $25M,VERX,Technology,Software - Application,748444000.0,2045366016.0,0,0.0
technology_revenue_25m,Technology companies with revenue >= $25M,VIAV,Technology,Communication Equipment,1084300000.0,11961787392.0,0,0.0
technology_revenue_25m,Technology companies with revenue >= $25M,VICR,Technology,Electronic Components,452701000.0,15592943616.0,0,0.0
technology_revenue_25m,Technology companies with revenue >= $25M,VISN,Technology,Communication Equipment,1931600000.0,2790296320.0,0,0.0
technology_revenue_25m,Technology companies with revenue >= $25M,VNET,Technology,Information Technology Services,9949261000.0,3023425280.0,0,0.0
technology_revenue_25m,Technology companies with revenue >= $25M,VRNS,Technology,Software - Infrastructure,623532000.0,3736012288.0,0,0.0
technology_revenue_25m,Technology companies with revenue >= $25M,VRRM,Technology,Information Technology Services,979079000.0,627374528.0,0,0.0
technology_revenue_25m,Technology companies with revenue >= $25M,VRSN,Technology,Software - Infrastructure,1656600000.0,26948741120.0,0,0.0
technology_revenue_25m,Technology companies with revenue >= $25M,VSAT,Technology,Communication Equipment,4519571000.0,11775224832.0,0,0.0
technology_revenue_25m,Technology companies with revenue >= $25M,WDAY,Technology,Software - Application,9552000000.0,32109019136.0,0,0.0
technology_revenue_25m,Technology companies with revenue >= $25M,WDC,Technology,Computer Hardware,9520000000.0,183088250880.0,0,0.0
technology_revenue_25m,Technology companies with revenue >= $25M,WETH,Technology,Electronic Components,45136818.0,16704147.0,0,0.0
technology_revenue_25m,Technology companies with revenue >= $25M,WIX,Technology,Software - Infrastructure,1993044000.0,2203376896.0,0,0.0
technology_revenue_25m,Technology companies with revenue >= $25M,WLTH,Technology,Software - Application,364993000.0,1785058816.0,0,0.0
technology_revenue_25m,Technology companies with revenue >= $25M,WRD,Technology,Software - Application,684587000.0,2466828800.0,0,0.0
technology_revenue_25m,Technology companies with revenue >= $25M,WSE,Technology,Information Technology Services,1806200000.0,12473299968.0,0,0.0
technology_revenue_25m,Technology companies with revenue >= $25M,WTO,Technology,Consumer Electronics,250997000.0,2013355.0,0,0.0
technology_revenue_25m,Technology companies with revenue >= $25M,WYFI,Technology,Information Technology Services,79164252.0,1242605440.0,0,0.0
technology_revenue_25m,Technology companies with revenue >= $25M,XBP,Technology,Software - Infrastructure,872690000.0,31185334.0,0,0.0
technology_revenue_25m,Technology companies with revenue >= $25M,XNET,Technology,Software - Infrastructure,460428000.0,377466944.0,0,0.0
technology_revenue_25m,Technology companies with revenue >= $25M,YB,Technology,Software - Application,4373153000.0,656642880.0,0,0.0
technology_revenue_25m,Technology companies with revenue >= $25M,YIBO,Technology,Computer Hardware,155248000.0,60418904.0,0,0.0
technology_revenue_25m,Technology companies with revenue >= $25M,YMT,Technology,Software - Application,140655000.0,8387652.0,0,0.0
technology_revenue_25m,Technology companies with revenue >= $25M,YXT,Technology,Software - Application,340221000.0,25474176.0,1,0.125
technology_revenue_25m,Technology companies with revenue >= $25M,ZBRA,Technology,Communication Equipment,5396000000.0,11808317440.0,0,0.0
technology_revenue_25m,Technology companies with revenue >= $25M,ZEO,Technology,Solar,69349938.0,105227560.0,0,0.0
technology_revenue_25m,Technology companies with revenue >= $25M,ZM,Technology,Software - Application,4868769000.0,29458108416.0,0,0.0
technology_revenue_25m,Technology companies with revenue >= $25M,ZS,Technology,Software - Infrastructure,2673115000.0,21028704256.0,0,0.0
technology_revenue_25m,Technology companies with revenue >= $25M,ACN,Technology,Information Technology Services,69672977000.0,109793624064.0,0,0.0
technology_revenue_25m,Technology companies with revenue >= $25M,AI,Technology,Software - Infrastructure,389056000.0,1484876288.0,0,0.0
technology_revenue_25m,Technology companies with revenue >= $25M,ALIT,Technology,Software - Application,2262000000.0,517349024.0,1,0.125
technology_revenue_25m,Technology companies with revenue >= $25M,AMBQ,Technology,Semiconductors,72514000.0,1773546368.0,0,0.0
technology_revenue_25m,Technology companies with revenue >= $25M,ANET,Technology,Computer Hardware,9005700000.0,195511238656.0,1,0.125
technology_revenue_25m,Technology companies with revenue >= $25M,APH,Technology,Electronic Components,23094700000.0,181681029120.0,0,0.0
technology_revenue_25m,Technology companies with revenue >= $25M,ARW,Technology,Electronics & Computer Distribution,30852935000.0,11045442560.0,0,0.0
technology_revenue_25m,Technology companies with revenue >= $25M,ASAN,Technology,Software - Application,790806000.0,1585666432.0,0,0.0
technology_revenue_25m,Technology companies with revenue >= $25M,ASX,Technology,Semiconductors,645387710000.0,89074196480.0,0,0.0
technology_revenue_25m,Technology companies with revenue >= $25M,ATEN,Technology,Software - Infrastructure,290557000.0,2105226624.0,0,0.0
technology_revenue_25m,Technology companies with revenue >= $25M,BB,Technology,Software - Infrastructure,549100000.0,5145618944.0,1,0.125
technology_revenue_25m,Technology companies with revenue >= $25M,BBAI,Technology,Information Technology Services,127672000.0,2366010368.0,0,0.0
technology_revenue_25m,Technology companies with revenue >= $25M,BDC,Technology,Communication Equipment,2715194000.0,4105870080.0,0,0.0
technology_revenue_25m,Technology companies with revenue >= $25M,BHE,Technology,Electronic Components,2659108000.0,3033403392.0,0,0.0
technology_revenue_25m,Technology companies with revenue >= $25M,BILL,Technology,Software - Application,1462570000.0,3470945792.0,0,0.0
technology_revenue_25m,Technology companies with revenue >= $25M,BKKT,Technology,Software - Infrastructure,2335243000.0,490735616.0,0,0.0
technology_revenue_25m,Technology companies with revenue >= $25M,BLND,Technology,Software - Application,123585000.0,416440640.0,0,0.0
technology_revenue_25m,Technology companies with revenue >= $25M,BLSH,Technology,Software - Infrastructure,244970328000.0,5432044032.0,0,0.0
technology_revenue_25m,Technology companies with revenue >= $25M,BMI,Technology,Scientific & Technical Instruments,916663000.0,3640608000.0,1,0.125
technology_revenue_25m,Technology companies with revenue >= $25M,BOX,Technology,Software - Infrastructure,1177253000.0,3497949184.0,0,0.0
technology_revenue_25m,Technology companies with revenue >= $25M,BR,Technology,Information Technology Services,6889100000.0,17316360192.0,0,0.0
technology_revenue_25m,Technology companies with revenue >= $25M,CACI,Technology,Information Technology Services,8627824000.0,11550437376.0,0,0.0
technology_revenue_25m,Technology companies with revenue >= $25M,CALX,Technology,Software - Infrastructure,1000010000.0,2553205504.0,0,0.0
technology_revenue_25m,Technology companies with revenue >= $25M,CIEN,Technology,Communication Equipment,4769507000.0,80622559232.0,0,0.0
technology_revenue_25m,Technology companies with revenue >= $25M,CINT,Technology,Software - Infrastructure,489650000.0,449863776.0,0,0.0
technology_revenue_25m,Technology companies with revenue >= $25M,CLS,Technology,Electronic Components,12390900000.0,40357859328.0,0,0.0
technology_revenue_25m,Technology companies with revenue >= $25M,CLVT,Technology,Information Technology Services,2455200000.0,1630002048.0,0,0.0
technology_revenue_25m,Technology companies with revenue >= $25M,COHR,Technology,Scientific & Technical Instruments,5810115000.0,73746243584.0,0,0.0
technology_revenue_25m,Technology companies with revenue >= $25M,CPAY,Technology,Software - Infrastructure,4528403000.0,23031578624.0,0,0.0
technology_revenue_25m,Technology companies with revenue >= $25M,CRM,Technology,Software - Application,41525000000.0,144116531200.0,0,0.0
technology_revenue_25m,Technology companies with revenue >= $25M,CTS,Technology,Electronic Components,541318000.0,1852534656.0,1,0.125
technology_revenue_25m,Technology companies with revenue >= $25M,CWAN,Technology,Software - Application,731368000.0,7268189696.0,0,0.0
technology_revenue_25m,Technology companies with revenue >= $25M,CXM,Technology,Software - Application,857200000.0,1333912960.0,0,0.0
technology_revenue_25m,Technology companies with revenue >= $25M,DAVA,Technology,Software - Infrastructure,772255000.0,170153552.0,0,0.0
technology_revenue_25m,Technology companies with revenue >= $25M,DBD,Technology,Software - Application,3805700000.0,2806284800.0,0,0.0
technology_revenue_25m,Technology companies with revenue >= $25M,DDD,Technology,Computer Hardware,386902000.0,514314688.0,0,0.0
technology_revenue_25m,Technology companies with revenue >= $25M,DELL,Technology,Computer Hardware,113538000000.0,205945602048.0,0,0.0
technology_revenue_25m,Technology companies with revenue >= $25M,DFIN,Technology,Software - Application,767000000.0,995797504.0,0,0.0
technology_revenue_25m,Technology companies with revenue >= $25M,DHX,Technology,Software - Application,127826000.0,158538528.0,0,0.0
technology_revenue_25m,Technology companies with revenue >= $25M,DOCN,Technology,Software - Infrastructure,901427000.0,15853963264.0,0,0.0
technology_revenue_25m,Technology companies with revenue >= $25M,DT,Technology,Software - Application,2018387000.0,11807681536.0,0,0.0
technology_revenue_25m,Technology companies with revenue >= $25M,DXC,Technology,Information Technology Services,12644000000.0,1515458304.0,0,0.0
technology_revenue_25m,Technology companies with revenue >= $25M,EFOR,Technology,Information Technology Services,3980400000.0,856899968.0,0,0.0
technology_revenue_25m,Technology companies with revenue >= $25M,EPAM,Technology,Information Technology Services,5457056000.0,5299154944.0,0,0.0
technology_revenue_25m,Technology companies with revenue >= $25M,ESE,Technology,Scientific & Technical Instruments,1095388000.0,7894433280.0,0,0.0
technology_revenue_25m,Technology companies with revenue >= $25M,ESTC,Technology,Software - Application,1483296000.0,5962693120.0,0,0.0
technology_revenue_25m,Technology companies with revenue >= $25M,EVTC,Technology,Software - Infrastructure,931818000.0,1502303872.0,0,0.0
technology_revenue_25m,Technology companies with revenue >= $25M,FICO,Technology,Software - Application,1990869000.0,30063763456.0,0,0.0
technology_revenue_25m,Technology companies with revenue >= $25M,FIG,Technology,Software - Application,1055788000.0,12395713536.0,0,0.0
technology_revenue_25m,Technology companies with revenue >= $25M,FIS,Technology,Information Technology Services,10677000000.0,21822638080.0,0,0.0
technology_revenue_25m,Technology companies with revenue >= $25M,FN,Technology,Electronic Components,3419327000.0,23932475392.0,0,0.0
technology_revenue_25m,Technology companies with revenue >= $25M,FOUR,Technology,Software - Infrastructure,4180000000.0,4344865792.0,0,0.0
technology_revenue_25m,Technology companies with revenue >= $25M,FTV,Technology,Scientific & Technical Instruments,4159100000.0,18038626304.0,0,0.0
technology_revenue_25m,Technology companies with revenue >= $25M,G,Technology,Information Technology Services,5079879000.0,5495400960.0,0,0.0
technology_revenue_25m,Technology companies with revenue >= $25M,GDDY,Technology,Software - Infrastructure,4951100000.0,11374006272.0,0,0.0
technology_revenue_25m,Technology companies with revenue >= $25M,GIB,Technology,Information Technology Services,15912673000.0,14163077120.0,0,0.0
technology_revenue_25m,Technology companies with revenue >= $25M,GLOB,Technology,Information Technology Services,2454877000.0,1724159744.0,0,0.0
technology_revenue_25m,Technology companies with revenue >= $25M,GLW,Technology,Electronic Components,15629000000.0,157470900224.0,0,0.0
technology_revenue_25m,Technology companies with revenue >= $25M,GRMN,Technology,Scientific & Technical Instruments,7245519000.0,45581565952.0,0,0.0
technology_revenue_25m,Technology companies with revenue >= $25M,GRND,Technology,Software - Application,439898000.0,2292665088.0,0,0.0
technology_revenue_25m,Technology companies with revenue >= $25M,GWRE,Technology,Software - Application,1202459000.0,12083775488.0,0,0.0
technology_revenue_25m,Technology companies with revenue >= $25M,HKD,Technology,Software - Application,59040000.0,565702848.0,0,0.0
technology_revenue_25m,Technology companies with revenue >= $25M,HPE,Technology,Communication Equipment,34296000000.0,50699096064.0,0,0.0
technology_revenue_25m,Technology companies with revenue >= $25M,HPQ,Technology,Computer Hardware,55295000000.0,22958792704.0,0,0.0
technology_revenue_25m,Technology companies with revenue >= $25M,HUBS,Technology,Software - Application,3131266000.0,10176712704.0,0,0.0
technology_revenue_25m,Technology companies with revenue >= $25M,IBM,Technology,Information Technology Services,67536000000.0,248336498688.0,0,0.0
technology_revenue_25m,Technology companies with revenue >= $25M,IBTA,Technology,Software - Application,342389000.0,804848448.0,0,0.0
technology_revenue_25m,Technology companies with revenue >= $25M,INFQ,Technology,Software - Infrastructure,28836000.0,3877358848.0,0,0.0
technology_revenue_25m,Technology companies with revenue >= $25M,INFY,Technology,Information Technology Services,20158000000.0,51405905920.0,0,0.0
technology_revenue_25m,Technology companies with revenue >= $25M,INGM,Technology,Information Technology Services,52556263000.0,6238135296.0,0,0.0
technology_revenue_25m,Technology companies with revenue >= $25M,IONQ,Technology,Computer Hardware,130016000.0,26181154816.0,0,0.0
technology_revenue_25m,Technology companies with revenue >= $25M,IOT,Technology,Software - Infrastructure,1618635000.0,18396157952.0,0,0.0
technology_revenue_25m,Technology companies with revenue >= $25M,IT,Technology,Information Technology Services,6497226000.0,10791305216.0,0,0.0
technology_revenue_25m,Technology companies with revenue >= $25M,JBL,Technology,Electronic Components,29802000000.0,38366027776.0,0,0.0
technology_revenue_25m,Technology companies with revenue >= $25M,JKS,Technology,Solar,65497646000.0,1190898048.0,0,0.0
technology_revenue_25m,Technology companies with revenue >= $25M,KEYS,Technology,Scientific & Technical Instruments,5375000000.0,57902546944.0,0,0.0
technology_revenue_25m,Technology companies with revenue >= $25M,KLAR,Technology,Software - Infrastructure,3510000000.0,6594299392.0,0,0.0
technology_revenue_25m,Technology companies with revenue >= $25M,KN,Technology,Electronic Components,593200000.0,3248738304.0,0,0.0
technology_revenue_25m,Technology companies with revenue >= $25M,KVYO,Technology,Software - Application,1234019000.0,4411384320.0,0,0.0
technology_revenue_25m,Technology companies with revenue >= $25M,LAW,Technology,Software - Application,156849000.0,253972256.0,0,0.0
technology_revenue_25m,Technology companies with revenue >= $25M,LDOS,Technology,Information Technology Services,17174000000.0,16552109056.0,0,0.0
technology_revenue_25m,Technology companies with revenue >= $25M,LPL,Technology,Consumer Electronics,25810082000000.0,5030000128.0,1,0.125
technology_revenue_25m,Technology companies with revenue >= $25M,LSPD,Technology,Software - Application,1227046000.0,1277276416.0,0,0.0
technology_revenue_25m,Technology companies with revenue >= $25M,MEI,Technology,Electronic Components,1048100000.0,417724640.0,0,0.0
technology_revenue_25m,Technology companies with revenue >= $25M,MNTN,Technology,Software - Application,290093000.0,663099072.0,1,0.125
technology_revenue_25m,Technology companies with revenue >= $25M,MSI,Technology,Communication Equipment,11682000000.0,68313825280.0,0,0.0
technology_revenue_25m,Technology companies with revenue >= $25M,MX,Technology,Semiconductors,178860000.0,247433408.0,0,0.0
technology_revenue_25m,Technology companies with revenue >= $25M,NABL,Technology,Information Technology Services,511430000.0,649905088.0,0,0.0
technology_revenue_25m,Technology companies with revenue >= $25M,NATL,Technology,Software - Application,4354000000.0,3340012288.0,0,0.0
technology_revenue_25m,Technology companies with revenue >= $25M,NET,Technology,Software - Infrastructure,2167937000.0,80629186560.0,0,0.0
technology_revenue_25m,Technology companies with revenue >= $25M,NOK,Technology,Communication Equipment,19889000000.0,85301116928.0,0,0.0
technology_revenue_25m,Technology companies with revenue >= $25M,NOW,Technology,Software - Application,13278000000.0,112134127616.0,0,0.0
technology_revenue_25m,Technology companies with revenue >= $25M,NRDY,Technology,Software - Application,178988000.0,158803680.0,0,0.0
technology_revenue_25m,Technology companies with revenue >= $25M,ONTO,Technology,Semiconductor Equipment & Materials,1005263000.0,12874132480.0,0,0.0
technology_revenue_25m,Technology companies with revenue >= $25M,OOMA,Technology,Software - Application,273602000.0,488227648.0,0,0.0
technology_revenue_25m,Technology companies with revenue >= $25M,ORCL,Technology,Software - Infrastructure,57399000000.0,585850552320.0,0,0.0
technology_revenue_25m,Technology companies with revenue >= $25M,P,Technology,Computer Hardware,3662843000.0,24260427776.0,0,0.0
technology_revenue_25m,Technology companies with revenue >= $25M,PAGS,Technology,Software - Infrastructure,20410512000.0,2607915264.0,1,0.125
technology_revenue_25m,Technology companies with revenue >= $25M,PAR,Technology,Software - Application,455547000.0,633954112.0,0,0.0
technology_revenue_25m,Technology companies with revenue >= $25M,PATH,Technology,Software - Infrastructure,1610572000.0,6026734592.0,0,0.0
technology_revenue_25m,Technology companies with revenue >= $25M,PAY,Technology,Software - Infrastructure,1196507000.0,2924602112.0,0,0.0
technology_revenue_25m,Technology companies with revenue >= $25M,PAYC,Technology,Software - Application,2051700000.0,6378586624.0,0,0.0
technology_revenue_25m,Technology companies with revenue >= $25M,PCOR,Technology,Software - Application,1322509000.0,7173320704.0,0,0.0
technology_revenue_25m,Technology companies with revenue >= $25M,PD,Technology,Software - Application,492546000.0,570271616.0,0,0.0
technology_revenue_25m,Technology companies with revenue >= $25M,PERF,Technology,Software - Application,69154000.0,172124256.0,0,0.0
technology_revenue_25m,Technology companies with revenue >= $25M,PSFE,Technology,Software - Infrastructure,1701388000.0,395324096.0,0,0.0
technology_revenue_25m,Technology companies with revenue >= $25M,PSN,Technology,Information Technology Services,6364245000.0,6293546496.0,0,0.0
technology_revenue_25m,Technology companies with revenue >= $25M,Q,Technology,Semiconductor Equipment & Materials,4754000000.0,33276561408.0,0,0.0
technology_revenue_25m,Technology companies with revenue >= $25M,QTWO,Technology,Software - Application,794809000.0,2825783040.0,0,0.0
technology_revenue_25m,Technology companies with revenue >= $25M,RAL,Technology,Electronic Components,2068800000.0,6977912832.0,0,0.0
technology_revenue_25m,Technology companies with revenue >= $25M,RAMP,Technology,Software - Infrastructure,812940000.0,2258702848.0,0,0.0
technology_revenue_25m,Technology companies with revenue >= $25M,RBRK,Technology,Software - Infrastructure,1316191000.0,14472548352.0,0,0.0
technology_revenue_25m,Technology companies with revenue >= $25M,RNG,Technology,Software - Application,2515142000.0,3510321408.0,0,0.0
technology_revenue_25m,Technology companies with revenue >= $25M,ROG,Technology,Electronic Components,810800000.0,2586966784.0,0,0.0
technology_revenue_25m,Technology companies with revenue >= $25M,RSKD,Technology,Software - Application,344638000.0,687051968.0,0,0.0
technology_revenue_25m,Technology companies with revenue >= $25M,S,Technology,Software - Infrastructure,1001278000.0,6153507840.0,0,0.0
technology_revenue_25m,Technology companies with revenue >= $25M,SAP,Technology,Software - Application,36800000000.0,206855471104.0,0,0.0
technology_revenue_25m,Technology companies with revenue >= $25M,SLAI,Technology,Information Technology Services,32922000.0,15229237.0,0,0.0
technology_revenue_25m,Technology companies with revenue >= $25M,SMRT,Technology,Software - Application,152326000.0,252617856.0,0,0.0
technology_revenue_25m,Technology companies with revenue >= $25M,SMWB,Technology,Software - Application,282600000.0,367046272.0,0,0.0
technology_revenue_25m,Technology companies with revenue >= $25M,SNOW,Technology,Software - Application,4683946000.0,82907414528.0,0,0.0
technology_revenue_25m,Technology companies with revenue >= $25M,SNX,Technology,Electronics & Computer Distribution,62508086000.0,19851831296.0,0,0.0
technology_revenue_25m,Technology companies with revenue >= $25M,SONY,Technology,Consumer Electronics,12957064000000.0,128323084288.0,1,0.125
technology_revenue_25m,Technology companies with revenue >= $25M,SPRU,Technology,Solar,111812000.0,52536196.0,0,0.0
technology_revenue_25m,Technology companies with revenue >= $25M,SQNS,Technology,Semiconductors,26325000.0,66500832.0,0,0.0
technology_revenue_25m,Technology companies with revenue >= $25M,ST,Technology,Scientific & Technical Instruments,3704500000.0,7326866944.0,0,0.0
technology_revenue_25m,Technology companies with revenue >= $25M,STM,Technology,Semiconductors,11800000000.0,61726748672.0,0,0.0
technology_revenue_25m,Technology companies with revenue >= $25M,TDC,Technology,Software - Infrastructure,1663000000.0,2976382976.0,0,0.0
technology_revenue_25m,Technology companies with revenue >= $25M,TDY,Technology,Scientific & Technical Instruments,6115400000.0,29375451136.0,0,0.0
technology_revenue_25m,Technology companies with revenue >= $25M,TEL,Technology,Electronic Components,17262000000.0,61394444288.0,0,0.0
technology_revenue_25m,Technology companies with revenue >= $25M,TOST,Technology,Software - Infrastructure,6153000000.0,14476798976.0,0,0.0
technology_revenue_25m,Technology companies with revenue >= $25M,TSM,Technology,Semiconductors,3809054300000.0,2203525316608.0,0,0.0
technology_revenue_25m,Technology companies with revenue >= $25M,TUYA,Technology,Software - Infrastructure,321791000.0,1269139072.0,0,0.0
technology_revenue_25m,Technology companies with revenue >= $25M,TWLO,Technology,Software - Infrastructure,5067220000.0,28017455104.0,0,0.0
technology_revenue_25m,Technology companies with revenue >= $25M,TYL,Technology,Software - Application,2332340000.0,12590656512.0,0,0.0
technology_revenue_25m,Technology companies with revenue >= $25M,UBER,Technology,Software - Application,52017000000.0,144364683264.0,0,0.0
technology_revenue_25m,Technology companies with revenue >= $25M,UI,Technology,Communication Equipment,2573545000.0,36011245568.0,0,0.0
technology_revenue_25m,Technology companies with revenue >= $25M,UIS,Technology,Information Technology Services,1950100000.0,283601120.0,0,0.0
technology_revenue_25m,Technology companies with revenue >= $25M,VIA,Technology,Software - Application,434337000.0,1234559872.0,0,0.0
technology_revenue_25m,Technology companies with revenue >= $25M,VLN,Technology,Semiconductors,70625000.0,370028448.0,0,0.0
technology_revenue_25m,Technology companies with revenue >= $25M,VNT,Technology,Scientific & Technical Instruments,3075600000.0,4067712000.0,0,0.0
technology_revenue_25m,Technology companies with revenue >= $25M,VPG,Technology,Scientific & Technical Instruments,307202000.0,1665950208.0,0,0.0
technology_revenue_25m,Technology companies with revenue >= $25M,VSH,Technology,Semiconductors,3069048000.0,7110168576.0,0,0.0
technology_revenue_25m,Technology companies with revenue >= $25M,VTEX,Technology,Software - Application,240517000.0,635913216.0,0,0.0
technology_revenue_25m,Technology companies with revenue >= $25M,VYX,Technology,Information Technology Services,2687000000.0,934332608.0,0,0.0
technology_revenue_25m,Technology companies with revenue >= $25M,WBX,Technology,Electronic Components,145120000.0,52026760.0,0,0.0
technology_revenue_25m,Technology companies with revenue >= $25M,WEX,Technology,Software - Infrastructure,2660800000.0,5005386752.0,0,0.0
technology_revenue_25m,Technology companies with revenue >= $25M,WK,Technology,Software - Application,884568000.0,2613477376.0,0,0.0
technology_revenue_25m,Technology companies with revenue >= $25M,XPER,Technology,Software - Application,448105000.0,386654368.0,0,0.0
technology_revenue_25m,Technology companies with revenue >= $25M,XYZ,Technology,Software - Infrastructure,24193683000.0,44251705344.0,0,0.0
technology_revenue_25m,Technology companies with revenue >= $25M,YALA,Technology,Software - Application,341938110.0,901864192.0,0,0.0
technology_revenue_25m,Technology companies with revenue >= $25M,YEXT,Technology,Software - Infrastructure,446579000.0,402451200.0,0,0.0
technology_revenue_25m,Technology companies with revenue >= $25M,YMM,Technology,Software - Application,12489859000.0,9256164352.0,0,0.0
technology_revenue_25m,Technology companies with revenue >= $25M,YOU,Technology,Software - Application,900779000.0,7581268480.0,0,0.0
technology_revenue_25m,Technology companies with revenue >= $25M,ZEPP,Technology,Consumer Electronics,258897000.0,124505688.0,0,0.0
technology_revenue_25m,Technology companies with revenue >= $25M,ZETA,Technology,Software - Infrastructure,1304668000.0,5030018560.0,0,0.0
healthcare_revenue_50m,Healthcare companies with revenue >= $50M,ELMD,Healthcare,Medical Devices,64000000.0,325323712.0,1,0.125
healthcare_revenue_50m,Healthcare companies with revenue >= $50M,INFU,Healthcare,Medical Devices,143436000.0,182846240.0,0,0.0
healthcare_revenue_50m,Healthcare companies with revenue >= $50M,NHC,Healthcare,Medical Care Facilities,1517781000.0,2887134464.0,0,0.0
healthcare_revenue_50m,Healthcare companies with revenue >= $50M,PLX,Healthcare,Biotechnology,52744000.0,169200432.0,0,0.0
healthcare_revenue_50m,Healthcare companies with revenue >= $50M,XTNT,Healthcare,Medical Devices,133927000.0,65923592.0,0,0.0
healthcare_revenue_50m,Healthcare companies with revenue >= $50M,AAPG,Healthcare,Biotechnology,574120000.0,1855543808.0,0,0.0
healthcare_revenue_50m,Healthcare companies with revenue >= $50M,ABCL,Healthcare,Biotechnology,75128000.0,1749800960.0,0,0.0
healthcare_revenue_50m,Healthcare companies with revenue >= $50M,ACAD,Healthcare,Biotechnology,1071505000.0,3703831808.0,0,0.0
healthcare_revenue_50m,Healthcare companies with revenue >= $50M,ACB,Healthcare,Drug Manufacturers - Specialty & Generic,343293000.0,216994640.0,1,0.125
healthcare_revenue_50m,Healthcare companies with revenue >= $50M,ACHC,Healthcare,Medical Care Facilities,3312769000.0,2185136384.0,0,0.0
healthcare_revenue_50m,Healthcare companies with revenue >= $50M,ADMA,Healthcare,Biotechnology,510173000.0,1837957632.0,0,0.0
healthcare_revenue_50m,Healthcare companies with revenue >= $50M,ADPT,Healthcare,Diagnostics & Research,276976000.0,2431074048.0,0,0.0
healthcare_revenue_50m,Healthcare companies with revenue >= $50M,ADUS,Healthcare,Medical Care Facilities,1422530000.0,1745716480.0,0,0.0
healthcare_revenue_50m,Healthcare companies with revenue >= $50M,AGEN,Healthcare,Biotechnology,114196000.0,141584272.0,0,0.0
healthcare_revenue_50m,Healthcare companies with revenue >= $50M,AGIO,Healthcare,Biotechnology,54028000.0,1809126272.0,0,0.0
healthcare_revenue_50m,Healthcare companies with revenue >= $50M,AHCO,Healthcare,Medical Devices,3244857000.0,1408160384.0,0,0.0
healthcare_revenue_50m,Healthcare companies with revenue >= $50M,AIRS,Healthcare,Medical Care Facilities,151818000.0,390823072.0,0,0.0
healthcare_revenue_50m,Healthcare companies with revenue >= $50M,AKBA,Healthcare,Drug Manufacturers - Specialty & Generic,236196000.0,281671136.0,0,0.0
healthcare_revenue_50m,Healthcare companies with revenue >= $50M,ALGN,Healthcare,Medical Instruments & Supplies,4034964000.0,12407840768.0,0,0.0
healthcare_revenue_50m,Healthcare companies with revenue >= $50M,ALHC,Healthcare,Healthcare Plans,3948719000.0,3279832064.0,0,0.0
healthcare_revenue_50m,Healthcare companies with revenue >= $50M,ALKS,Healthcare,Drug Manufacturers - Specialty & Generic,1475899000.0,6657031680.0,0,0.0
healthcare_revenue_50m,Healthcare companies with revenue >= $50M,ALMR,Healthcare,Medical Devices,74211000.0,1369588992.0,0,0.0
healthcare_revenue_50m,Healthcare companies with revenue >= $50M,ALNY,Healthcare,Biotechnology,3713937000.0,40729346048.0,0,0.0
healthcare_revenue_50m,Healthcare companies with revenue >= $50M,ALVO,Healthcare,Drug Manufacturers - Specialty & Generic,586321000.0,1070325632.0,0,0.0
healthcare_revenue_50m,Healthcare companies with revenue >= $50M,AMGN,Healthcare,Drug Manufacturers - General,36751000000.0,181601058816.0,0,0.0
healthcare_revenue_50m,Healthcare companies with revenue >= $50M,AMPH,Healthcare,Drug Manufacturers - Specialty & Generic,719887000.0,850993344.0,0,0.0
healthcare_revenue_50m,Healthcare companies with revenue >= $50M,AMRN,Healthcare,Drug Manufacturers - General,213646000.0,302164832.0,0,0.0
healthcare_revenue_50m,Healthcare companies with revenue >= $50M,AMRX,Healthcare,Drug Manufacturers - Specialty & Generic,3018760000.0,4131344896.0,0,0.0
healthcare_revenue_50m,Healthcare companies with revenue >= $50M,ANAB,Healthcare,Biotechnology,234603000.0,1659333504.0,0,0.0
healthcare_revenue_50m,Healthcare companies with revenue >= $50M,ANGO,Healthcare,Medical Instruments & Supplies,292498000.0,487150016.0,1,0.125
healthcare_revenue_50m,Healthcare companies with revenue >= $50M,ANIK,Healthcare,Drug Manufacturers - Specialty & Generic,112819000.0,198253792.0,0,0.0
healthcare_revenue_50m,Healthcare companies with revenue >= $50M,ANIP,Healthcare,Drug Manufacturers - Specialty & Generic,883366000.0,1844004864.0,0,0.0
healthcare_revenue_50m,Healthcare companies with revenue >= $50M,APYX,Healthcare,Medical Devices,52844000.0,173776912.0,0,0.0
healthcare_revenue_50m,Healthcare companies with revenue >= $50M,ARAY,Healthcare,Medical Devices,458505000.0,49964752.0,0,0.0
healthcare_revenue_50m,Healthcare companies with revenue >= $50M,ARCT,Healthcare,Biotechnology,67221000.0,225110704.0,0,0.0
healthcare_revenue_50m,Healthcare companies with revenue >= $50M,ARDX,Healthcare,Biotechnology,407320000.0,1543933696.0,0,0.0
healthcare_revenue_50m,Healthcare companies with revenue >= $50M,ARGX,Healthcare,Biotechnology,4153482000.0,52401405952.0,0,0.0
healthcare_revenue_50m,Healthcare companies with revenue >= $50M,ARQT,Healthcare,Biotechnology,376072000.0,2681787648.0,0,0.0
healthcare_revenue_50m,Healthcare companies with revenue >= $50M,ARVN,Healthcare,Biotechnology,262600000.0,570367424.0,0,0.0
healthcare_revenue_50m,Healthcare companies with revenue >= $50M,ARWR,Healthcare,Biotechnology,829448000.0,11134748672.0,0,0.0
healthcare_revenue_50m,Healthcare companies with revenue >= $50M,ASMB,Healthcare,Biotechnology,72303000.0,549532352.0,0,0.0
healthcare_revenue_50m,Healthcare companies with revenue >= $50M,ASND,Healthcare,Biotechnology,720132000.0,14670837760.0,0,0.0
healthcare_revenue_50m,Healthcare companies with revenue >= $50M,ASRT,Healthcare,Drug Manufacturers - Specialty & Generic,118713000.0,151473504.0,0,0.0
healthcare_revenue_50m,Healthcare companies with revenue >= $50M,ASTH,Healthcare,Medical Care Facilities,3181769000.0,1900532480.0,0,0.0
healthcare_revenue_50m,Healthcare companies with revenue >= $50M,ATEC,Healthcare,Medical Devices,764155000.0,1213397632.0,0,0.0
healthcare_revenue_50m,Healthcare companies with revenue >= $50M,ATRA,Healthcare,Biotechnology,120772000.0,101454536.0,0,0.0
healthcare_revenue_50m,Healthcare companies with revenue >= $50M,ATRC,Healthcare,Medical Instruments & Supplies,534528000.0,1422504832.0,0,0.0
healthcare_revenue_50m,Healthcare companies with revenue >= $50M,AUPH,Healthcare,Biotechnology,283055000.0,1974035712.0,0,0.0
healthcare_revenue_50m,Healthcare companies with revenue >= $50M,AUTL,Healthcare,Biotechnology,75388000.0,471073600.0,0,0.0
healthcare_revenue_50m,Healthcare companies with revenue >= $50M,AVAH,Healthcare,Medical Care Facilities,2433199000.0,1596145536.0,0,0.0
healthcare_revenue_50m,Healthcare companies with revenue >= $50M,AXGN,Healthcare,Medical Devices,225208000.0,2149447424.0,0,0.0
healthcare_revenue_50m,Healthcare companies with revenue >= $50M,AXSM,Healthcare,Biotechnology,638496000.0,11981377536.0,0,0.0
healthcare_revenue_50m,Healthcare companies with revenue >= $50M,AYTU,Healthcare,Drug Manufacturers - Specialty & Generic,66382000.0,24042386.0,0,0.0
healthcare_revenue_50m,Healthcare companies with revenue >= $50M,AZTA,Healthcare,Medical Instruments & Supplies,593821000.0,1036627136.0,0,0.0
healthcare_revenue_50m,Healthcare companies with revenue >= $50M,BBIO,Healthcare,Biotechnology,502076000.0,13406701568.0,0,0.0
healthcare_revenue_50m,Healthcare companies with revenue >= $50M,BBNX,Healthcare,Medical Devices,100251000.0,539196544.0,0,0.0
healthcare_revenue_50m,Healthcare companies with revenue >= $50M,BCRX,Healthcare,Drug Manufacturers - Specialty & Generic,874837000.0,2312880384.0,0,0.0
healthcare_revenue_50m,Healthcare companies with revenue >= $50M,BCYC,Healthcare,Biotechnology,72586000.0,326018432.0,0,0.0
healthcare_revenue_50m,Healthcare companies with revenue >= $50M,BDSX,Healthcare,Diagnostics & Research,88499000.0,165589376.0,0,0.0
healthcare_revenue_50m,Healthcare companies with revenue >= $50M,BDTX,Healthcare,Biotechnology,70000000.0,128928992.0,0,0.0
healthcare_revenue_50m,Healthcare companies with revenue >= $50M,BEAM,Healthcare,Biotechnology,139743000.0,3374438144.0,0,0.0
healthcare_revenue_50m,Healthcare companies with revenue >= $50M,BIIB,Healthcare,Drug Manufacturers - General,9890600000.0,28994453504.0,0,0.0
healthcare_revenue_50m,Healthcare companies with revenue >= $50M,BLFS,Healthcare,Medical Instruments & Supplies,96214000.0,1233649792.0,0,0.0
healthcare_revenue_50m,Healthcare companies with revenue >= $50M,BLLN,Healthcare,Diagnostics & Research,305112000.0,4498358272.0,0,0.0
healthcare_revenue_50m,Healthcare companies with revenue >= $50M,BMRN,Healthcare,Biotechnology,3221253000.0,10193821696.0,0,0.0
healthcare_revenue_50m,Healthcare companies with revenue >= $50M,BNR,Healthcare,Diagnostics & Research,539568000.0,106518072.0,0,0.0
healthcare_revenue_50m,Healthcare companies with revenue >= $50M,BNTX,Healthcare,Biotechnology,2869900000.0,23629504512.0,0,0.0
healthcare_revenue_50m,Healthcare companies with revenue >= $50M,BRKR,Healthcare,Medical Devices,3436500000.0,8279552000.0,0,0.0
healthcare_revenue_50m,Healthcare companies with revenue >= $50M,BTMD,Healthcare,Medical Care Facilities,192219000.0,72528280.0,0,0.0
healthcare_revenue_50m,Healthcare companies with revenue >= $50M,BVS,Healthcare,Medical Devices,568087000.0,600925184.0,0,0.0
healthcare_revenue_50m,Healthcare companies with revenue >= $50M,BWAY,Healthcare,Medical Devices,52225000.0,635999616.0,0,0.0
healthcare_revenue_50m,Healthcare companies with revenue >= $50M,CAI,Healthcare,Biotechnology,812033000.0,4712287232.0,0,0.0
healthcare_revenue_50m,Healthcare companies with revenue >= $50M,CARL,Healthcare,Health Information Services,50511000.0,321054048.0,0,0.0
healthcare_revenue_50m,Healthcare companies with revenue >= $50M,CBLL,Healthcare,Medical Devices,89063000.0,708390208.0,0,0.0
healthcare_revenue_50m,Healthcare companies with revenue >= $50M,CCLD,Healthcare,Health Information Services,120499000.0,98583640.0,0,0.0
healthcare_revenue_50m,Healthcare companies with revenue >= $50M,CCRN,Healthcare,Medical Care Facilities,1054293000.0,405896992.0,0,0.0
healthcare_revenue_50m,Healthcare companies with revenue >= $50M,CDNA,Healthcare,Diagnostics & Research,379805000.0,1172670208.0,0,0.0
healthcare_revenue_50m,Healthcare companies with revenue >= $50M,CDXS,Healthcare,Biotechnology,70387000.0,249965568.0,0,0.0
healthcare_revenue_50m,Healthcare companies with revenue >= $50M,CERS,Healthcare,Medical Devices,206133000.0,585077440.0,0,0.0
healthcare_revenue_50m,Healthcare companies with revenue >= $50M,CERT,Healthcare,Health Information Services,418838000.0,882051328.0,0,0.0
healthcare_revenue_50m,Healthcare companies with revenue >= $50M,CGC,Healthcare,Drug Manufacturers - Specialty & Generic,268995000.0,502970176.0,0,0.0
healthcare_revenue_50m,Healthcare companies with revenue >= $50M,CGEN,Healthcare,Biotechnology,72764000.0,262945296.0,0,0.0
healthcare_revenue_50m,Healthcare companies with revenue >= $50M,CLLS,Healthcare,Biotechnology,72949000.0,365219680.0,0,0.0
healthcare_revenue_50m,Healthcare companies with revenue >= $50M,CLOV,Healthcare,Healthcare Plans,1924308000.0,2201540352.0,1,0.125
healthcare_revenue_50m,Healthcare companies with revenue >= $50M,COLL,Healthcare,Drug Manufacturers - Specialty & Generic,780567000.0,1082315264.0,0,0.0
healthcare_revenue_50m,Healthcare companies with revenue >= $50M,COO,Healthcare,Medical Instruments & Supplies,4092400000.0,11909783552.0,0,0.0
healthcare_revenue_50m,Healthcare companies with revenue >= $50M,CORT,Healthcare,Biotechnology,761407000.0,7340701696.0,1,0.125
healthcare_revenue_50m,Healthcare companies with revenue >= $50M,COSM,Healthcare,Medical Distribution,65271815.0,14113308.0,0,0.0
healthcare_revenue_50m,Healthcare companies with revenue >= $50M,CPRX,Healthcare,Biotechnology,588989000.0,3829301248.0,0,0.0
healthcare_revenue_50m,Healthcare companies with revenue >= $50M,CRMD,Healthcare,Biotechnology,311709000.0,660564928.0,0,0.0
healthcare_revenue_50m,Healthcare companies with revenue >= $50M,CRON,Healthcare,Drug Manufacturers - Specialty & Generic,146587000.0,1061200192.0,0,0.0
healthcare_revenue_50m,Healthcare companies with revenue >= $50M,CSBR,Healthcare,Biotechnology,56944000.0,81237928.0,0,0.0
healthcare_revenue_50m,Healthcare companies with revenue >= $50M,CSTL,Healthcare,Diagnostics & Research,344229000.0,670595264.0,0,0.0
healthcare_revenue_50m,Healthcare companies with revenue >= $50M,CTKB,Healthcare,Medical Devices,201493000.0,532067424.0,0,0.0
healthcare_revenue_50m,Healthcare companies with revenue >= $50M,CTMX,Healthcare,Biotechnology,76201000.0,807677824.0,0,0.0
healthcare_revenue_50m,Healthcare companies with revenue >= $50M,CVRX,Healthcare,Medical Devices,56651000.0,149397360.0,0,0.0
healthcare_revenue_50m,Healthcare companies with revenue >= $50M,CYTK,Healthcare,Biotechnology,88039000.0,10428538880.0,0,0.0
healthcare_revenue_50m,Healthcare companies with revenue >= $50M,DCGO,Healthcare,Medical Care Facilities,322196000.0,64927052.0,0,0.0
healthcare_revenue_50m,Healthcare companies with revenue >= $50M,DCTH,Healthcare,Medical Devices,85231000.0,378012032.0,0,0.0
healthcare_revenue_50m,Healthcare companies with revenue >= $50M,DERM,Healthcare,Drug Manufacturers - Specialty & Generic,61858000.0,170714192.0,0,0.0
healthcare_revenue_50m,Healthcare companies with revenue >= $50M,DH,Healthcare,Health Information Services,241521000.0,93652760.0,0,0.0
healthcare_revenue_50m,Healthcare companies with revenue >= $50M,DXCM,Healthcare,Medical Devices,4662000000.0,27914051584.0,0,0.0
healthcare_revenue_50m,Healthcare companies with revenue >= $50M,EDAP,Healthcare,Medical Distribution,70527000.0,157424320.0,0,0.0
healthcare_revenue_50m,Healthcare companies with revenue >= $50M,EMBC,Healthcare,Medical Instruments & Supplies,1080400000.0,197561152.0,0,0.0
healthcare_revenue_50m,Healthcare companies with revenue >= $50M,ENSG,Healthcare,Medical Care Facilities,5057841000.0,9990657024.0,0,0.0
healthcare_revenue_50m,Healthcare companies with revenue >= $50M,ENTA,Healthcare,Biotechnology,65324000.0,384706944.0,0,0.0
healthcare_revenue_50m,Healthcare companies with revenue >= $50M,EOLS,Healthcare,Drug Manufacturers - Specialty & Generic,297176000.0,432665728.0,0,0.0
healthcare_revenue_50m,Healthcare companies with revenue >= $50M,ESPR,Healthcare,Drug Manufacturers - Specialty & Generic,403135000.0,805761984.0,0,0.0
healthcare_revenue_50m,Healthcare companies with revenue >= $50M,ESTA,Healthcare,Medical Devices,211076000.0,2147830016.0,0,0.0
healthcare_revenue_50m,Healthcare companies with revenue >= $50M,ETON,Healthcare,Drug Manufacturers - Specialty & Generic,79950000.0,872720512.0,0,0.0
healthcare_revenue_50m,Healthcare companies with revenue >= $50M,EVO,Healthcare,Drug Manufacturers - Specialty & Generic,788373000.0,1051356672.0,0,0.0
healthcare_revenue_50m,Healthcare companies with revenue >= $50M,EXEL,Healthcare,Biotechnology,2320126000.0,12932219904.0,0,0.0
healthcare_revenue_50m,Healthcare companies with revenue >= $50M,FBIO,Healthcare,Biotechnology,63262000.0,93345592.0,0,0.0
healthcare_revenue_50m,Healthcare companies with revenue >= $50M,FDMT,Healthcare,Biotechnology,85209000.0,468918016.0,0,0.0
healthcare_revenue_50m,Healthcare companies with revenue >= $50M,FLGT,Healthcare,Diagnostics & Research,322671000.0,518027360.0,0,0.0
healthcare_revenue_50m,Healthcare companies with revenue >= $50M,FONR,Healthcare,Diagnostics & Research,104351318.0,120227368.0,0,0.0
healthcare_revenue_50m,Healthcare companies with revenue >= $50M,FTRE,Healthcare,Biotechnology,2723400000.0,1418770944.0,0,0.0
healthcare_revenue_50m,Healthcare companies with revenue >= $50M,GDRX,Healthcare,Health Information Services,796853000.0,1005865856.0,0,0.0
healthcare_revenue_50m,Healthcare companies with revenue >= $50M,GEHC,Healthcare,Medical Devices,20625000000.0,28594497536.0,0,0.0
healthcare_revenue_50m,Healthcare companies with revenue >= $50M,GERN,Healthcare,Biotechnology,183881000.0,801901184.0,0,0.0
healthcare_revenue_50m,Healthcare companies with revenue >= $50M,GH,Healthcare,Diagnostics & Research,982021000.0,17664962560.0,0,0.0
healthcare_revenue_50m,Healthcare companies with revenue >= $50M,GILD,Healthcare,Drug Manufacturers - General,29442000000.0,169126658048.0,0,0.0
healthcare_revenue_50m,Healthcare companies with revenue >= $50M,GLUE,Healthcare,Biotechnology,123672000.0,1638055808.0,0,0.0
healthcare_revenue_50m,Healthcare companies with revenue >= $50M,GMAB,Healthcare,Biotechnology,3720000000.0,16600776704.0,0,0.0
healthcare_revenue_50m,Healthcare companies with revenue >= $50M,GRAL,Healthcare,Diagnostics & Research,147172000.0,3172394496.0,0,0.0
healthcare_revenue_50m,Healthcare companies with revenue >= $50M,GRFS,Healthcare,Drug Manufacturers - General,7524000000.0,5430990848.0,0,0.0
healthcare_revenue_50m,Healthcare companies with revenue >= $50M,GYRE,Healthcare,Biotechnology,116588000.0,556942528.0,0,0.0
healthcare_revenue_50m,Healthcare companies with revenue >= $50M,HALO,Healthcare,Biotechnology,1396611000.0,8087034368.0,0,0.0
healthcare_revenue_50m,Healthcare companies with revenue >= $50M,HBIO,Healthcare,Medical Instruments & Supplies,86550000.0,26835582.0,0,0.0
healthcare_revenue_50m,Healthcare companies with revenue >= $50M,HCAT,Healthcare,Health Information Services,311136000.0,103451624.0,0,0.0
healthcare_revenue_50m,Healthcare companies with revenue >= $50M,HCM,Healthcare,Drug Manufacturers - Specialty & Generic,548512000.0,1931002496.0,0,0.0
healthcare_revenue_50m,Healthcare companies with revenue >= $50M,HCSG,Healthcare,Medical Care Facilities,1837173000.0,1423015296.0,0,0.0
healthcare_revenue_50m,Healthcare companies with revenue >= $50M,HITI,Healthcare,Pharmaceutical Retailers,593986000.0,219744640.0,0,0.0
healthcare_revenue_50m,Healthcare companies with revenue >= $50M,HQY,Healthcare,Health Information Services,1313429000.0,7588332544.0,0,0.0
healthcare_revenue_50m,Healthcare companies with revenue >= $50M,HRMY,Healthcare,Biotechnology,868453000.0,1823040384.0,0,0.0
healthcare_revenue_50m,Healthcare companies with revenue >= $50M,HROW,Healthcare,Drug Manufacturers - Specialty & Generic,272303000.0,1319166080.0,0,0.0
healthcare_revenue_50m,Healthcare companies with revenue >= $50M,HRTX,Healthcare,Biotechnology,154904000.0,168818272.0,0,0.0
healthcare_revenue_50m,Healthcare companies with revenue >= $50M,HSIC,Healthcare,Medical Distribution,13184000000.0,8694126592.0,0,0.0
healthcare_revenue_50m,Healthcare companies with revenue >= $50M,HSTM,Healthcare,Health Information Services,304064000.0,719570048.0,0,0.0
healthcare_revenue_50m,Healthcare companies with revenue >= $50M,HTFL,Healthcare,Health Information Services,176034000.0,2736421632.0,0,0.0
healthcare_revenue_50m,Healthcare companies with revenue >= $50M,IART,Healthcare,Medical Devices,1635245000.0,1280536960.0,0,0.0
healthcare_revenue_50m,Healthcare companies with revenue >= $50M,ICLR,Healthcare,Diagnostics & Research,8281676000.0,10639226880.0,0,0.0
healthcare_revenue_50m,Healthcare companies with revenue >= $50M,ICUI,Healthcare,Medical Instruments & Supplies,2231262000.0,3470859008.0,0,0.0
healthcare_revenue_50m,Healthcare companies with revenue >= $50M,IDXX,Healthcare,Diagnostics & Research,4303702000.0,44807913472.0,0,0.0
healthcare_revenue_50m,Healthcare companies with revenue >= $50M,IDYA,Healthcare,Biotechnology,218710000.0,2577839360.0,0,0.0
healthcare_revenue_50m,Healthcare companies with revenue >= $50M,ILMN,Healthcare,Diagnostics & Research,4343000000.0,24011309056.0,0,0.0
healthcare_revenue_50m,Healthcare companies with revenue >= $50M,IMCC,Healthcare,Drug Manufacturers - Specialty & Generic,54731000.0,1830279.0,0,0.0
healthcare_revenue_50m,Healthcare companies with revenue >= $50M,IMCR,Healthcare,Biotechnology,400016000.0,1473575680.0,0,0.0
healthcare_revenue_50m,Healthcare companies with revenue >= $50M,INCR,Healthcare,Drug Manufacturers - Specialty & Generic,270200000.0,58509032.0,1,0.125
healthcare_revenue_50m,Healthcare companies with revenue >= $50M,INCY,Healthcare,Biotechnology,5141242000.0,19478761472.0,0,0.0
healthcare_revenue_50m,Healthcare companies with revenue >= $50M,INDV,Healthcare,Drug Manufacturers - Specialty & Generic,1239000000.0,4327470080.0,0,0.0
healthcare_revenue_50m,Healthcare companies with revenue >= $50M,INGN,Healthcare,Medical Devices,348668000.0,177067328.0,0,0.0
healthcare_revenue_50m,Healthcare companies with revenue >= $50M,INMD,Healthcare,Medical Devices,370495000.0,854363008.0,0,0.0
healthcare_revenue_50m,Healthcare companies with revenue >= $50M,INNV,Healthcare,Medical Care Facilities,853699000.0,1019380416.0,0,0.0
healthcare_revenue_50m,Healthcare companies with revenue >= $50M,INSM,Healthcare,Biotechnology,606423000.0,23489464320.0,1,0.125
healthcare_revenue_50m,Healthcare companies with revenue >= $50M,INVA,Healthcare,Biotechnology,411328000.0,1615673600.0,0,0.0
healthcare_revenue_50m,Healthcare companies with revenue >= $50M,IONS,Healthcare,Biotechnology,943711000.0,12779754496.0,0,0.0
healthcare_revenue_50m,Healthcare companies with revenue >= $50M,IOVA,Healthcare,Biotechnology,263502000.0,1919960448.0,0,0.0
healthcare_revenue_50m,Healthcare companies with revenue >= $50M,IPSC,Healthcare,Biotechnology,109164000.0,430146240.0,0,0.0
healthcare_revenue_50m,Healthcare companies with revenue >= $50M,IRIX,Healthcare,Medical Devices,52675000.0,17928714.0,0,0.0
healthcare_revenue_50m,Healthcare companies with revenue >= $50M,IRMD,Healthcare,Medical Devices,83814000.0,1178467968.0,0,0.0
healthcare_revenue_50m,Healthcare companies with revenue >= $50M,IRTC,Healthcare,Medical Devices,747138000.0,3799223040.0,0,0.0
healthcare_revenue_50m,Healthcare companies with revenue >= $50M,IRWD,Healthcare,Drug Manufacturers - Specialty & Generic,296151000.0,592608256.0,0,0.0
healthcare_revenue_50m,Healthcare companies with revenue >= $50M,ISRG,Healthcare,Medical Instruments & Supplies,10064700000.0,150034006016.0,2,0.25
healthcare_revenue_50m,Healthcare companies with revenue >= $50M,IVVD,Healthcare,Biotechnology,53426000.0,332906432.0,0,0.0
healthcare_revenue_50m,Healthcare companies with revenue >= $50M,JAZZ,Healthcare,Biotechnology,4267586000.0,14768405504.0,0,0.0
healthcare_revenue_50m,Healthcare companies with revenue >= $50M,JYNT,Healthcare,Medical Care Facilities,54895592.0,130579424.0,0,0.0
healthcare_revenue_50m,Healthcare companies with revenue >= $50M,KIDS,Healthcare,Medical Devices,236348000.0,457449728.0,0,0.0
healthcare_revenue_50m,Healthcare companies with revenue >= $50M,KMDA,Healthcare,Drug Manufacturers - Specialty & Generic,180460000.0,454433856.0,0,0.0
healthcare_revenue_50m,Healthcare companies with revenue >= $50M,KMTS,Healthcare,Medical Instruments & Supplies,59815000.0,1240433792.0,0,0.0
healthcare_revenue_50m,Healthcare companies with revenue >= $50M,KNSA,Healthcare,Drug Manufacturers - Specialty & Generic,677564000.0,3911528704.0,0,0.0
healthcare_revenue_50m,Healthcare companies with revenue >= $50M,KPTI,Healthcare,Biotechnology,146067000.0,206459408.0,0,0.0
healthcare_revenue_50m,Healthcare companies with revenue >= $50M,KROS,Healthcare,Biotechnology,244061000.0,225429024.0,0,0.0
healthcare_revenue_50m,Healthcare companies with revenue >= $50M,KRYS,Healthcare,Biotechnology,389130000.0,9147568128.0,0,0.0
healthcare_revenue_50m,Healthcare companies with revenue >= $50M,KURA,Healthcare,Biotechnology,67482000.0,885080448.0,0,0.0
healthcare_revenue_50m,Healthcare companies with revenue >= $50M,LAB,Healthcare,Medical Devices,85331000.0,445019648.0,0,0.0
healthcare_revenue_50m,Healthcare companies with revenue >= $50M,LEGN,Healthcare,Biotechnology,1028900000.0,5249006592.0,0,0.0
healthcare_revenue_50m,Healthcare companies with revenue >= $50M,LFCR,Healthcare,Drug Manufacturers - Specialty & Generic,128867000.0,186421744.0,0,0.0
healthcare_revenue_50m,Healthcare companies with revenue >= $50M,LFMD,Healthcare,Health Information Services,194055198.0,221983936.0,0,0.0
healthcare_revenue_50m,Healthcare companies with revenue >= $50M,LFST,Healthcare,Medical Care Facilities,1424285000.0,2982126848.0,0,0.0
healthcare_revenue_50m,Healthcare companies with revenue >= $50M,LGND,Healthcare,Biotechnology,268087000.0,4702835200.0,0,0.0
healthcare_revenue_50m,Healthcare companies with revenue >= $50M,LIVN,Healthcare,Medical Devices,1388053000.0,4012345600.0,0,0.0
healthcare_revenue_50m,Healthcare companies with revenue >= $50M,LKFT,Healthcare,Biotechnology,1112248000.0,1866205056.0,1,0.125
healthcare_revenue_50m,Healthcare companies with revenue >= $50M,LMAT,Healthcare,Medical Instruments & Supplies,249602000.0,2160308992.0,0,0.0
healthcare_revenue_50m,Healthcare companies with revenue >= $50M,LMRI,Healthcare,Medical Devices,1023081000.0,739821632.0,0,0.0
healthcare_revenue_50m,Healthcare companies with revenue >= $50M,LNSR,Healthcare,Medical Devices,58435000.0,72625968.0,0,0.0
healthcare_revenue_50m,Healthcare companies with revenue >= $50M,LNTH,Healthcare,Drug Manufacturers - Specialty & Generic,1541609000.0,6485868032.0,0,0.0
healthcare_revenue_50m,Healthcare companies with revenue >= $50M,LQDA,Healthcare,Drug Manufacturers - Specialty & Generic,158320000.0,5516209664.0,0,0.0
healthcare_revenue_50m,Healthcare companies with revenue >= $50M,LUNG,Healthcare,Medical Devices,90497000.0,70958504.0,0,0.0
healthcare_revenue_50m,Healthcare companies with revenue >= $50M,MASI,Healthcare,Medical Devices,1526900000.0,9345263616.0,0,0.0
healthcare_revenue_50m,Healthcare companies with revenue >= $50M,MASS,Healthcare,Medical Devices,56197000.0,337675648.0,0,0.0
healthcare_revenue_50m,Healthcare companies with revenue >= $50M,MDGL,Healthcare,Biotechnology,958403000.0,11895798784.0,0,0.0
healthcare_revenue_50m,Healthcare companies with revenue >= $50M,MDLN,Healthcare,Medical Instruments & Supplies,28432000000.0,31118307328.0,0,0.0
healthcare_revenue_50m,Healthcare companies with revenue >= $50M,MDXG,Healthcare,Biotechnology,418630000.0,546630848.0,0,0.0
healthcare_revenue_50m,Healthcare companies with revenue >= $50M,MDXH,Healthcare,Diagnostics & Research,107875000.0,38728848.0,0,0.0
healthcare_revenue_50m,Healthcare companies with revenue >= $50M,MEDP,Healthcare,Diagnostics & Research,2530234000.0,12798167040.0,0,0.0
healthcare_revenue_50m,Healthcare companies with revenue >= $50M,MGNX,Healthcare,Biotechnology,149500000.0,267600752.0,0,0.0
healthcare_revenue_50m,Healthcare companies with revenue >= $50M,MGTX,Healthcare,Biotechnology,81391000.0,926095232.0,0,0.0
healthcare_revenue_50m,Healthcare companies with revenue >= $50M,MIRM,Healthcare,Biotechnology,521312000.0,6073730048.0,0,0.0
healthcare_revenue_50m,Healthcare companies with revenue >= $50M,MLEC,Healthcare,Biotechnology,333611248.0,5228049.0,1,0.125
healthcare_revenue_50m,Healthcare companies with revenue >= $50M,MMED,Healthcare,Health Information Services,2715000000.0,3232238336.0,0,0.0
healthcare_revenue_50m,Healthcare companies with revenue >= $50M,MMSI,Healthcare,Medical Instruments & Supplies,1515906000.0,3802996992.0,0,0.0
healthcare_revenue_50m,Healthcare companies with revenue >= $50M,MNKD,Healthcare,Biotechnology,348966000.0,1124578688.0,0,0.0
healthcare_revenue_50m,Healthcare companies with revenue >= $50M,MRNA,Healthcare,Biotechnology,1922000000.0,18875123712.0,0,0.0
healthcare_revenue_50m,Healthcare companies with revenue >= $50M,MRVI,Healthcare,Biotechnology,185743000.0,1711576832.0,0,0.0
healthcare_revenue_50m,Healthcare companies with revenue >= $50M,MYGN,Healthcare,Diagnostics & Research,824500000.0,398571424.0,0,0.0
healthcare_revenue_50m,Healthcare companies with revenue >= $50M,NAGE,Healthcare,Biotechnology,129423000.0,305834208.0,0,0.0
healthcare_revenue_50m,Healthcare companies with revenue >= $50M,NBIX,Healthcare,Drug Manufacturers - Specialty & Generic,2860500000.0,15725011968.0,0,0.0
healthcare_revenue_50m,Healthcare companies with revenue >= $50M,NEO,Healthcare,Diagnostics & Research,727332000.0,1326857984.0,0,0.0
healthcare_revenue_50m,Healthcare companies with revenue >= $50M,NEOG,Healthcare,Medical Devices,894661000.0,2024359296.0,0,0.0
healthcare_revenue_50m,Healthcare companies with revenue >= $50M,NKTR,Healthcare,Biotechnology,55232000.0,2196430080.0,0,0.0
healthcare_revenue_50m,Healthcare companies with revenue >= $50M,NOTV,Healthcare,Diagnostics & Research,513024000.0,9873346.0,0,0.0
healthcare_revenue_50m,Healthcare companies with revenue >= $50M,NPCE,Healthcare,Medical Devices,99986000.0,592890176.0,0,0.0
healthcare_revenue_50m,Healthcare companies with revenue >= $50M,NRC,Healthcare,Health Information Services,137390000.0,443071424.0,0,0.0
healthcare_revenue_50m,Healthcare companies with revenue >= $50M,NRIX,Healthcare,Biotechnology,83980000.0,1827180800.0,0,0.0
healthcare_revenue_50m,Healthcare companies with revenue >= $50M,NSYS,Healthcare,Medical Devices,118365000.0,45718576.0,0,0.0
healthcare_revenue_50m,Healthcare companies with revenue >= $50M,NTLA,Healthcare,Biotechnology,67671000.0,1911400704.0,0,0.0
healthcare_revenue_50m,Healthcare companies with revenue >= $50M,NTRA,Healthcare,Diagnostics & Research,2306113000.0,30639497216.0,0,0.0
healthcare_revenue_50m,Healthcare companies with revenue >= $50M,NUTX,Healthcare,Medical Care Facilities,875257000.0,898565248.0,0,0.0
healthcare_revenue_50m,Healthcare companies with revenue >= $50M,NVAX,Healthcare,Biotechnology,1123479000.0,1697001216.0,0,0.0
healthcare_revenue_50m,Healthcare companies with revenue >= $50M,NVCR,Healthcare,Medical Devices,655353000.0,1997911296.0,0,0.0
healthcare_revenue_50m,Healthcare companies with revenue >= $50M,OCUL,Healthcare,Biotechnology,51951000.0,2003487104.0,0,0.0
healthcare_revenue_50m,Healthcare companies with revenue >= $50M,OFIX,Healthcare,Medical Devices,822312000.0,383601472.0,0,0.0
healthcare_revenue_50m,Healthcare companies with revenue >= $50M,OGI,Healthcare,Drug Manufacturers - Specialty & Generic,259183000.0,160483520.0,0,0.0
healthcare_revenue_50m,Healthcare companies with revenue >= $50M,OM,Healthcare,Medical Devices,119476000.0,92871576.0,0,0.0
healthcare_revenue_50m,Healthcare companies with revenue >= $50M,OMCL,Healthcare,Health Information Services,1184845000.0,2033816832.0,0,0.0
healthcare_revenue_50m,Healthcare companies with revenue >= $50M,OMDA,Healthcare,Health Information Services,260210000.0,1059372416.0,0,0.0
healthcare_revenue_50m,Healthcare companies with revenue >= $50M,ONC,Healthcare,Biotechnology,5343033000.0,30148026368.0,0,0.0
healthcare_revenue_50m,Healthcare companies with revenue >= $50M,OPCH,Healthcare,Medical Care Facilities,5649519000.0,3388653568.0,0,0.0
healthcare_revenue_50m,Healthcare companies with revenue >= $50M,OPK,Healthcare,Diagnostics & Research,606879000.0,1079781888.0,0,0.0
healthcare_revenue_50m,Healthcare companies with revenue >= $50M,OPRX,Healthcare,Health Information Services,109429000.0,95701888.0,0,0.0
healthcare_revenue_50m,Healthcare companies with revenue >= $50M,ORGO,Healthcare,Drug Manufacturers - Specialty & Generic,563030000.0,337127296.0,0,0.0
healthcare_revenue_50m,Healthcare companies with revenue >= $50M,OSUR,Healthcare,Medical Instruments & Supplies,115021000.0,291229376.0,0,0.0
healthcare_revenue_50m,Healthcare companies with revenue >= $50M,PACB,Healthcare,Medical Devices,160005000.0,456584512.0,0,0.0
healthcare_revenue_50m,Healthcare companies with revenue >= $50M,PAHC,Healthcare,Drug Manufacturers - Specialty & Generic,1296215000.0,1291174912.0,0,0.0
healthcare_revenue_50m,Healthcare companies with revenue >= $50M,PARK,Healthcare,Medical Care Facilities,244494000.0,85063616.0,0,0.0
healthcare_revenue_50m,Healthcare companies with revenue >= $50M,PBYI,Healthcare,Biotechnology,228371000.0,368512064.0,0,0.0
healthcare_revenue_50m,Healthcare companies with revenue >= $50M,PCRX,Healthcare,Drug Manufacturers - Specialty & Generic,726411000.0,931758848.0,0,0.0
healthcare_revenue_50m,Healthcare companies with revenue >= $50M,PDEX,Healthcare,Medical Instruments & Supplies,66593000.0,215511232.0,0,0.0
healthcare_revenue_50m,Healthcare companies with revenue >= $50M,PGNY,Healthcare,Healthcare Plans,1288661000.0,2012358528.0,0,0.0
healthcare_revenue_50m,Healthcare companies with revenue >= $50M,PHAR,Healthcare,Biotechnology,376134000.0,964740672.0,0,0.0
healthcare_revenue_50m,Healthcare companies with revenue >= $50M,PHAT,Healthcare,Biotechnology,175110000.0,823081408.0,0,0.0
healthcare_revenue_50m,Healthcare companies with revenue >= $50M,PIII,Healthcare,Medical Care Facilities,1459080000.0,3346736384.0,0,0.0
healthcare_revenue_50m,Healthcare companies with revenue >= $50M,PNTG,Healthcare,Medical Care Facilities,947705000.0,1194613248.0,0,0.0
healthcare_revenue_50m,Healthcare companies with revenue >= $50M,PODD,Healthcare,Medical Devices,2708100000.0,9880604672.0,0,0.0
healthcare_revenue_50m,Healthcare companies with revenue >= $50M,POM,Healthcare,Pharmaceutical Retailers,399914964.0,14238043.0,1,0.125
healthcare_revenue_50m,Healthcare companies with revenue >= $50M,PRCT,Healthcare,Medical Devices,308054000.0,1548192640.0,0,0.0
healthcare_revenue_50m,Healthcare companies with revenue >= $50M,PRE,Healthcare,Diagnostics & Research,92390000.0,343067904.0,0,0.0
healthcare_revenue_50m,Healthcare companies with revenue >= $50M,PRVA,Healthcare,Health Information Services,2122842000.0,2720607232.0,0,0.0
healthcare_revenue_50m,Healthcare companies with revenue >= $50M,PSNL,Healthcare,Diagnostics & Research,69648000.0,1149837568.0,0,0.0
healthcare_revenue_50m,Healthcare companies with revenue >= $50M,PTCT,Healthcare,Biotechnology,1730655000.0,5893550592.0,0,0.0
healthcare_revenue_50m,Healthcare companies with revenue >= $50M,QDEL,Healthcare,Medical Devices,2730200000.0,891256256.0,0,0.0
healthcare_revenue_50m,Healthcare companies with revenue >= $50M,QTRX,Healthcare,Medical Devices,138654000.0,143673232.0,0,0.0
healthcare_revenue_50m,Healthcare companies with revenue >= $50M,QTTB,Healthcare,Biotechnology,53737000.0,174820656.0,0,0.0
healthcare_revenue_50m,Healthcare companies with revenue >= $50M,RARE,Healthcare,Biotechnology,673000000.0,2290859264.0,0,0.0
healthcare_revenue_50m,Healthcare companies with revenue >= $50M,RCEL,Healthcare,Medical Devices,71610000.0,135109664.0,0,0.0
healthcare_revenue_50m,Healthcare companies with revenue >= $50M,RDGT,Healthcare,Pharmaceutical Retailers,119971638.0,1393305.0,0,0.0
healthcare_revenue_50m,Healthcare companies with revenue >= $50M,RDNT,Healthcare,Diagnostics & Research,2040210000.0,4349259776.0,0,0.0
healthcare_revenue_50m,Healthcare companies with revenue >= $50M,REGN,Healthcare,Biotechnology,14342900000.0,65159557120.0,0,0.0
healthcare_revenue_50m,Healthcare companies with revenue >= $50M,RGEN,Healthcare,Medical Instruments & Supplies,738256000.0,6922921984.0,0,0.0
healthcare_revenue_50m,Healthcare companies with revenue >= $50M,RGNX,Healthcare,Biotechnology,170441000.0,356196608.0,0,0.0
healthcare_revenue_50m,Healthcare companies with revenue >= $50M,RIGL,Healthcare,Biotechnology,294282000.0,555987520.0,0,0.0
healthcare_revenue_50m,Healthcare companies with revenue >= $50M,RMTI,Healthcare,Drug Manufacturers - Specialty & Generic,69258000.0,29882964.0,1,0.125
healthcare_revenue_50m,Healthcare companies with revenue >= $50M,RPRX,Healthcare,Biotechnology,2378193000.0,31371337728.0,0,0.0
healthcare_revenue_50m,Healthcare companies with revenue >= $50M,RXRX,Healthcare,Biotechnology,74256000.0,1825822080.0,0,0.0
healthcare_revenue_50m,Healthcare companies with revenue >= $50M,RXST,Healthcare,Medical Devices,134479000.0,231407040.0,0,0.0
healthcare_revenue_50m,Healthcare companies with revenue >= $50M,RYTM,Healthcare,Biotechnology,189757000.0,6372162048.0,0,0.0
healthcare_revenue_50m,Healthcare companies with revenue >= $50M,SDGR,Healthcare,Health Information Services,255869000.0,1058045376.0,0,0.0
healthcare_revenue_50m,Healthcare companies with revenue >= $50M,SGHT,Healthcare,Medical Devices,77363000.0,275314304.0,0,0.0
healthcare_revenue_50m,Healthcare companies with revenue >= $50M,SGRY,Healthcare,Medical Care Facilities,3308700000.0,1785258368.0,0,0.0
healthcare_revenue_50m,Healthcare companies with revenue >= $50M,SHC,Healthcare,Diagnostics & Research,1163617000.0,4491380224.0,0,0.0
healthcare_revenue_50m,Healthcare companies with revenue >= $50M,SIBN,Healthcare,Medical Devices,200925000.0,639073152.0,0,0.0
healthcare_revenue_50m,Healthcare companies with revenue >= $50M,SIGA,Healthcare,Drug Manufacturers - Specialty & Generic,94574902.0,341406720.0,0,0.0
healthcare_revenue_50m,Healthcare companies with revenue >= $50M,SLP,Healthcare,Health Information Services,79179000.0,337633600.0,0,0.0
healthcare_revenue_50m,Healthcare companies with revenue >= $50M,SMTI,Healthcare,Medical Instruments & Supplies,103117982.0,218010832.0,0,0.0
healthcare_revenue_50m,Healthcare companies with revenue >= $50M,SNDX,Healthcare,Biotechnology,172352000.0,1750048000.0,0,0.0
healthcare_revenue_50m,Healthcare companies with revenue >= $50M,SNY,Healthcare,Drug Manufacturers - General,46716000000.0,105852928000.0,0,0.0
healthcare_revenue_50m,Healthcare companies with revenue >= $50M,SOPH,Healthcare,Health Information Services,77271000.0,364695072.0,0,0.0
healthcare_revenue_50m,Healthcare companies with revenue >= $50M,SPOK,Healthcare,Health Information Services,139708000.0,220566832.0,0,0.0
healthcare_revenue_50m,Healthcare companies with revenue >= $50M,SPRO,Healthcare,Biotechnology,59619000.0,167914336.0,0,0.0
healthcare_revenue_50m,Healthcare companies with revenue >= $50M,SPRY,Healthcare,Biotechnology,84278000.0,933450624.0,0,0.0
healthcare_revenue_50m,Healthcare companies with revenue >= $50M,SRPT,Healthcare,Biotechnology,2198237000.0,1826468608.0,0,0.0
healthcare_revenue_50m,Healthcare companies with revenue >= $50M,SRTA,Healthcare,Medical Care Facilities,197141000.0,559826880.0,0,0.0
healthcare_revenue_50m,Healthcare companies with revenue >= $50M,STAA,Healthcare,Medical Instruments & Supplies,239442000.0,1447849472.0,0,0.0
healthcare_revenue_50m,Healthcare companies with revenue >= $50M,STIM,Healthcare,Medical Devices,149157000.0,107165272.0,0,0.0
healthcare_revenue_50m,Healthcare companies with revenue >= $50M,STOK,Healthcare,Biotechnology,184420000.0,1968723200.0,0,0.0
healthcare_revenue_50m,Healthcare companies with revenue >= $50M,STRO,Healthcare,Biotechnology,102484000.0,490982080.0,0,0.0
healthcare_revenue_50m,Healthcare companies with revenue >= $50M,SUPN,Healthcare,Drug Manufacturers - Specialty & Generic,718952000.0,2719160832.0,0,0.0
healthcare_revenue_50m,Healthcare companies with revenue >= $50M,SY,Healthcare,Health Information Services,1523410000.0,195741728.0,0,0.0
healthcare_revenue_50m,Healthcare companies with revenue >= $50M,TALK,Healthcare,Health Information Services,228871000.0,869390208.0,1,0.125
healthcare_revenue_50m,Healthcare companies with revenue >= $50M,TARS,Healthcare,Biotechnology,451360000.0,2561646592.0,0,0.0
healthcare_revenue_50m,Healthcare companies with revenue >= $50M,TBPH,Healthcare,Biotechnology,107464000.0,835674176.0,0,0.0
healthcare_revenue_50m,Healthcare companies with revenue >= $50M,TBRG,Healthcare,Health Information Services,346836000.0,389077600.0,0,0.0
healthcare_revenue_50m,Healthcare companies with revenue >= $50M,TCMD,Healthcare,Medical Devices,329522000.0,576312448.0,0,0.0
healthcare_revenue_50m,Healthcare companies with revenue >= $50M,TECH,Healthcare,Biotechnology,1219635000.0,7959955456.0,0,0.0
healthcare_revenue_50m,Healthcare companies with revenue >= $50M,TELA,Healthcare,Medical Devices,80275000.0,40302960.0,0,0.0
healthcare_revenue_50m,Healthcare companies with revenue >= $50M,TEM,Healthcare,Health Information Services,1271789000.0,9209877504.0,0,0.0
healthcare_revenue_50m,Healthcare companies with revenue >= $50M,TGTX,Healthcare,Biotechnology,616287000.0,5942704640.0,0,0.0
healthcare_revenue_50m,Healthcare companies with revenue >= $50M,TLRY,Healthcare,Drug Manufacturers - Specialty & Generic,821309000.0,675763904.0,0,0.0
healthcare_revenue_50m,Healthcare companies with revenue >= $50M,TLX,Healthcare,Biotechnology,803794000.0,3228545280.0,1,0.125
healthcare_revenue_50m,Healthcare companies with revenue >= $50M,TMCI,Healthcare,Medical Devices,212690000.0,199808768.0,0,0.0
healthcare_revenue_50m,Healthcare companies with revenue >= $50M,TMDX,Healthcare,Medical Devices,605494000.0,2344266752.0,0,0.0
healthcare_revenue_50m,Healthcare companies with revenue >= $50M,TNDM,Healthcare,Medical Devices,1014736000.0,1145806336.0,0,0.0
healthcare_revenue_50m,Healthcare companies with revenue >= $50M,TNGX,Healthcare,Biotechnology,62384000.0,2892959744.0,0,0.0
healthcare_revenue_50m,Healthcare companies with revenue >= $50M,TOI,Healthcare,Medical Care Facilities,502729000.0,470919648.0,0,0.0
healthcare_revenue_50m,Healthcare companies with revenue >= $50M,TVTX,Healthcare,Biotechnology,490728000.0,4441340928.0,0,0.0
healthcare_revenue_50m,Healthcare companies with revenue >= $50M,TWST,Healthcare,Diagnostics & Research,376572000.0,4298588672.0,0,0.0
healthcare_revenue_50m,Healthcare companies with revenue >= $50M,TXG,Healthcare,Health Information Services,642823000.0,3553503744.0,0,0.0
healthcare_revenue_50m,Healthcare companies with revenue >= $50M,UFPT,Healthcare,Medical Devices,602797000.0,1763944704.0,0,0.0
healthcare_revenue_50m,Healthcare companies with revenue >= $50M,URGN,Healthcare,Biotechnology,109788000.0,1397825536.0,0,0.0
healthcare_revenue_50m,Healthcare companies with revenue >= $50M,VALN,Healthcare,Biotechnology,174658000.0,597387776.0,0,0.0
healthcare_revenue_50m,Healthcare companies with revenue >= $50M,VCEL,Healthcare,Biotechnology,276259000.0,1748576256.0,0,0.0
healthcare_revenue_50m,Healthcare companies with revenue >= $50M,VCYT,Healthcare,Diagnostics & Research,517145000.0,3829249280.0,0,0.0
healthcare_revenue_50m,Healthcare companies with revenue >= $50M,VIR,Healthcare,Biotechnology,66520000.0,1610626304.0,0,0.0
healthcare_revenue_50m,Healthcare companies with revenue >= $50M,VMD,Healthcare,Medical Devices,270280000.0,383751392.0,0,0.0
healthcare_revenue_50m,Healthcare companies with revenue >= $50M,VNDA,Healthcare,Biotechnology,216105000.0,399300096.0,0,0.0
healthcare_revenue_50m,Healthcare companies with revenue >= $50M,VRDN,Healthcare,Biotechnology,70849000.0,1926963072.0,0,0.0
healthcare_revenue_50m,Healthcare companies with revenue >= $50M,VREX,Healthcare,Medical Devices,844600000.0,443381024.0,0,0.0
healthcare_revenue_50m,Healthcare companies with revenue >= $50M,VRTX,Healthcare,Biotechnology,12001300000.0,113697218560.0,0,0.0
healthcare_revenue_50m,Healthcare companies with revenue >= $50M,VTRS,Healthcare,Drug Manufacturers - Specialty & Generic,14299900000.0,18760945664.0,0,0.0
healthcare_revenue_50m,Healthcare companies with revenue >= $50M,WAY,Healthcare,Health Information Services,1099278000.0,3719251968.0,0,0.0
healthcare_revenue_50m,Healthcare companies with revenue >= $50M,WGS,Healthcare,Diagnostics & Research,427539000.0,1488854656.0,0,0.0
healthcare_revenue_50m,Healthcare companies with revenue >= $50M,WW,Healthcare,Medical Care Facilities,710638000.0,170978800.0,0,0.0
healthcare_revenue_50m,Healthcare companies with revenue >= $50M,XERS,Healthcare,Drug Manufacturers - Specialty & Generic,291845000.0,1091097728.0,0,0.0
healthcare_revenue_50m,Healthcare companies with revenue >= $50M,XGN,Healthcare,Diagnostics & Research,66575000.0,122731984.0,0,0.0
healthcare_revenue_50m,Healthcare companies with revenue >= $50M,XNCR,Healthcare,Biotechnology,125576000.0,887474944.0,0,0.0
healthcare_revenue_50m,Healthcare companies with revenue >= $50M,XRAY,Healthcare,Medical Instruments & Supplies,3680000000.0,2061361664.0,0,0.0
healthcare_revenue_50m,Healthcare companies with revenue >= $50M,YI,Healthcare,Medical Distribution,12556023000.0,48119392.0,1,0.125
healthcare_revenue_50m,Healthcare companies with revenue >= $50M,ZLAB,Healthcare,Biotechnology,460156000.0,2076317696.0,0,0.0
healthcare_revenue_50m,Healthcare companies with revenue >= $50M,ZVRA,Healthcare,Biotechnology,106470000.0,673911936.0,0,0.0
healthcare_revenue_50m,Healthcare companies with revenue >= $50M,ZYBT,Healthcare,Drug Manufacturers - Specialty & Generic,116362000.0,38391756.0,0,0.0
healthcare_revenue_50m,Healthcare companies with revenue >= $50M,ZYME,Healthcare,Biotechnology,105965000.0,1874664064.0,0,0.0
healthcare_revenue_50m,Healthcare companies with revenue >= $50M,A,Healthcare,Diagnostics & Research,6948000000.0,38258700288.0,0,0.0
healthcare_revenue_50m,Healthcare companies with revenue >= $50M,ABBV,Healthcare,Drug Manufacturers - General,61160000000.0,386273935360.0,0,0.0
healthcare_revenue_50m,Healthcare companies with revenue >= $50M,ABT,Healthcare,Medical Devices,44328000000.0,150318481408.0,0,0.0
healthcare_revenue_50m,Healthcare companies with revenue >= $50M,ACH,Healthcare,Medical Distribution,2762032000.0,221326912.0,0,0.0
healthcare_revenue_50m,Healthcare companies with revenue >= $50M,ADCT,Healthcare,Biotechnology,81357000.0,438809504.0,0,0.0
healthcare_revenue_50m,Healthcare companies with revenue >= $50M,AGL,Healthcare,Medical Care Facilities,5932576000.0,1507713792.0,0,0.0
healthcare_revenue_50m,Healthcare companies with revenue >= $50M,ALC,Healthcare,Medical Instruments & Supplies,10401000000.0,32022384640.0,0,0.0
healthcare_revenue_50m,Healthcare companies with revenue >= $50M,AMN,Healthcare,Medical Care Facilities,2730429000.0,1083294464.0,0,0.0
healthcare_revenue_50m,Healthcare companies with revenue >= $50M,AMWL,Healthcare,Health Information Services,249325000.0,158062256.0,0,0.0
healthcare_revenue_50m,Healthcare companies with revenue >= $50M,AORT,Healthcare,Medical Devices,441330000.0,1095623424.0,0,0.0
healthcare_revenue_50m,Healthcare companies with revenue >= $50M,ARDT,Healthcare,Medical Care Facilities,6324339000.0,1356091264.0,0,0.0
healthcare_revenue_50m,Healthcare companies with revenue >= $50M,ATR,Healthcare,Medical Instruments & Supplies,3777181000.0,7402518528.0,0,0.0
healthcare_revenue_50m,Healthcare companies with revenue >= $50M,AUNA,Healthcare,Medical Care Facilities,4385298000.0,310296000.0,0,0.0
healthcare_revenue_50m,Healthcare companies with revenue >= $50M,AVNS,Healthcare,Medical Devices,701200000.0,1159381888.0,0,0.0
healthcare_revenue_50m,Healthcare companies with revenue >= $50M,AVTR,Healthcare,Medical Instruments & Supplies,6552200000.0,6247211520.0,0,0.0
healthcare_revenue_50m,Healthcare companies with revenue >= $50M,AZN,Healthcare,Drug Manufacturers - General,58739000000.0,287418679296.0,0,0.0
healthcare_revenue_50m,Healthcare companies with revenue >= $50M,BAX,Healthcare,Medical Instruments & Supplies,11244000000.0,9942028288.0,0,0.0
healthcare_revenue_50m,Healthcare companies with revenue >= $50M,BDX,Healthcare,Medical Instruments & Supplies,21840000000.0,40892952576.0,0,0.0
healthcare_revenue_50m,Healthcare companies with revenue >= $50M,BFLY,Healthcare,Medical Devices,97610000.0,1206164608.0,0,0.0
healthcare_revenue_50m,Healthcare companies with revenue >= $50M,BHC,Healthcare,Drug Manufacturers - Specialty & Generic,10266000000.0,2020503168.0,0,0.0
healthcare_revenue_50m,Healthcare companies with revenue >= $50M,BIO,Healthcare,Medical Devices,2583200000.0,8516075520.0,0,0.0
healthcare_revenue_50m,Healthcare companies with revenue >= $50M,BKD,Healthcare,Medical Care Facilities,3194066000.0,3111807744.0,0,0.0
healthcare_revenue_50m,Healthcare companies with revenue >= $50M,BLCO,Healthcare,Medical Instruments & Supplies,5101000000.0,5558401536.0,0,0.0
healthcare_revenue_50m,Healthcare companies with revenue >= $50M,BMY,Healthcare,Drug Manufacturers - General,48195000000.0,116214276096.0,0,0.0
healthcare_revenue_50m,Healthcare companies with revenue >= $50M,BSX,Healthcare,Medical Devices,20074000000.0,72994906112.0,0,0.0
healthcare_revenue_50m,Healthcare companies with revenue >= $50M,CAH,Healthcare,Medical Distribution,222578000000.0,46806040576.0,0,0.0
healthcare_revenue_50m,Healthcare companies with revenue >= $50M,CCM,Healthcare,Medical Care Facilities,460513000.0,21274444.0,1,0.125
healthcare_revenue_50m,Healthcare companies with revenue >= $50M,CHE,Healthcare,Medical Care Facilities,2529978000.0,5839145984.0,0,0.0
healthcare_revenue_50m,Healthcare companies with revenue >= $50M,CI,Healthcare,Healthcare Plans,274876000000.0,75214495744.0,1,0.125
healthcare_revenue_50m,Healthcare companies with revenue >= $50M,CNC,Healthcare,Healthcare Plans,194777000000.0,29089581056.0,0,0.0
healthcare_revenue_50m,Healthcare companies with revenue >= $50M,CNMD,Healthcare,Medical Devices,1374724000.0,1069478592.0,0,0.0
healthcare_revenue_50m,Healthcare companies with revenue >= $50M,CON,Healthcare,Medical Care Facilities,2163417000.0,3245110784.0,0,0.0
healthcare_revenue_50m,Healthcare companies with revenue >= $50M,COR,Healthcare,Medical Distribution,321332819000.0,52085940224.0,0,0.0
healthcare_revenue_50m,Healthcare companies with revenue >= $50M,CRL,Healthcare,Diagnostics & Research,4015382000.0,8734735360.0,0,0.0
healthcare_revenue_50m,Healthcare companies with revenue >= $50M,CTEV,Healthcare,Health Information Services,965413000.0,418693664.0,0,0.0
healthcare_revenue_50m,Healthcare companies with revenue >= $50M,CVS,Healthcare,Healthcare Plans,402067000000.0,118622961664.0,0,0.0
healthcare_revenue_50m,Healthcare companies with revenue >= $50M,DGX,Healthcare,Diagnostics & Research,11035000000.0,21718640640.0,0,0.0
healthcare_revenue_50m,Healthcare companies with revenue >= $50M,DHR,Healthcare,Diagnostics & Research,24568000000.0,127844614144.0,0,0.0
healthcare_revenue_50m,Healthcare companies with revenue >= $50M,DNA,Healthcare,Biotechnology,170155000.0,617969728.0,0,0.0
healthcare_revenue_50m,Healthcare companies with revenue >= $50M,DOCS,Healthcare,Health Information Services,644863000.0,3853114112.0,0,0.0
healthcare_revenue_50m,Healthcare companies with revenue >= $50M,DVA,Healthcare,Medical Care Facilities,13643069000.0,12650863616.0,0,0.0
healthcare_revenue_50m,Healthcare companies with revenue >= $50M,EBS,Healthcare,Drug Manufacturers - Specialty & Generic,705200000.0,473654016.0,0,0.0
healthcare_revenue_50m,Healthcare companies with revenue >= $50M,EHC,Healthcare,Medical Care Facilities,5935200000.0,10451614720.0,0,0.0
healthcare_revenue_50m,Healthcare companies with revenue >= $50M,ELAN,Healthcare,Drug Manufacturers - Specialty & Generic,4715000000.0,11976800256.0,0,0.0
healthcare_revenue_50m,Healthcare companies with revenue >= $50M,ELV,Healthcare,Healthcare Plans,199125000000.0,85290524672.0,2,0.25
healthcare_revenue_50m,Healthcare companies with revenue >= $50M,ENOV,Healthcare,Medical Devices,2248049000.0,1326242432.0,0,0.0
healthcare_revenue_50m,Healthcare companies with revenue >= $50M,EVH,Healthcare,Health Information Services,1876229000.0,438676160.0,0,0.0
healthcare_revenue_50m,Healthcare companies with revenue >= $50M,EW,Healthcare,Medical Devices,6067600000.0,49495769088.0,0,0.0
healthcare_revenue_50m,Healthcare companies with revenue >= $50M,FMS,Healthcare,Medical Care Facilities,19627602000.0,11618106368.0,0,0.0
healthcare_revenue_50m,Healthcare companies with revenue >= $50M,GKOS,Healthcare,Medical Devices,507442000.0,6256335872.0,0,0.0
healthcare_revenue_50m,Healthcare companies with revenue >= $50M,GMED,Healthcare,Medical Devices,2938931000.0,11192143872.0,0,0.0
healthcare_revenue_50m,Healthcare companies with revenue >= $50M,GMRS,Healthcare,Medical Care Facilities,5739776000.0,676352064.0,0,0.0
healthcare_revenue_50m,Healthcare companies with revenue >= $50M,GRDN,Healthcare,Medical Care Facilities,1448685000.0,2453674496.0,0,0.0
healthcare_revenue_50m,Healthcare companies with revenue >= $50M,GSK,Healthcare,Drug Manufacturers - General,32667000000.0,102779781120.0,0,0.0
healthcare_revenue_50m,Healthcare companies with revenue >= $50M,HAE,Healthcare,Medical Devices,1334027000.0,3046698752.0,0,0.0
healthcare_revenue_50m,Healthcare companies with revenue >= $50M,HCA,Healthcare,Medical Care Facilities,75600000000.0,85273010176.0,0,0.0
healthcare_revenue_50m,Healthcare companies with revenue >= $50M,HIMS,Healthcare,Drug Manufacturers - Specialty & Generic,2347637000.0,5874396160.0,0,0.0
healthcare_revenue_50m,Healthcare companies with revenue >= $50M,HLN,Healthcare,Drug Manufacturers - Specialty & Generic,11030000000.0,40782307328.0,0,0.0
healthcare_revenue_50m,Healthcare companies with revenue >= $50M,HNGE,Healthcare,Health Information Services,587860000.0,4252038144.0,0,0.0
healthcare_revenue_50m,Healthcare companies with revenue >= $50M,HUM,Healthcare,Healthcare Plans,129664000000.0,37062987776.0,2,0.25
healthcare_revenue_50m,Healthcare companies with revenue >= $50M,INSP,Healthcare,Medical Devices,911981000.0,1240982400.0,0,0.0
healthcare_revenue_50m,Healthcare companies with revenue >= $50M,IQV,Healthcare,Diagnostics & Research,16310000000.0,30223921152.0,0,0.0
healthcare_revenue_50m,Healthcare companies with revenue >= $50M,ITGR,Healthcare,Medical Devices,1853637000.0,3057633536.0,0,0.0
healthcare_revenue_50m,Healthcare companies with revenue >= $50M,JNJ,Healthcare,Drug Manufacturers - General,94193000000.0,555585634304.0,0,0.0
healthcare_revenue_50m,Healthcare companies with revenue >= $50M,LH,Healthcare,Diagnostics & Research,13951700000.0,21545500672.0,0,0.0
healthcare_revenue_50m,Healthcare companies with revenue >= $50M,LLY,Healthcare,Drug Manufacturers - General,65179000000.0,1004814204928.0,0,0.0
healthcare_revenue_50m,Healthcare companies with revenue >= $50M,MCK,Healthcare,Medical Distribution,403430000000.0,90992058368.0,0,0.0
healthcare_revenue_50m,Healthcare companies with revenue >= $50M,MD,Healthcare,Medical Care Facilities,1913849000.0,1774654592.0,0,0.0
healthcare_revenue_50m,Healthcare companies with revenue >= $50M,MDT,Healthcare,Medical Devices,33537000000.0,97023180800.0,0,0.0
healthcare_revenue_50m,Healthcare companies with revenue >= $50M,MOH,Healthcare,Healthcare Plans,45426000000.0,9274842112.0,1,0.125
healthcare_revenue_50m,Healthcare companies with revenue >= $50M,MRK,Healthcare,Drug Manufacturers - General,65011000000.0,296107245568.0,0,0.0
healthcare_revenue_50m,Healthcare companies with revenue >= $50M,MTD,Healthcare,Diagnostics & Research,4026399000.0,23511541760.0,0,0.0
healthcare_revenue_50m,Healthcare companies with revenue >= $50M,NUVB,Healthcare,Biotechnology,62902000.0,1653959424.0,0,0.0
healthcare_revenue_50m,Healthcare companies with revenue >= $50M,NVO,Healthcare,Drug Manufacturers - General,309064000000.0,201644130304.0,0,0.0
healthcare_revenue_50m,Healthcare companies with revenue >= $50M,NVS,Healthcare,Drug Manufacturers - General,56674000000.0,288885112832.0,0,0.0
healthcare_revenue_50m,Healthcare companies with revenue >= $50M,NVST,Healthcare,Medical Instruments & Supplies,2719500000.0,3851769856.0,0,0.0
healthcare_revenue_50m,Healthcare companies with revenue >= $50M,OGN,Healthcare,Drug Manufacturers - General,6216000000.0,3505721600.0,0,0.0
healthcare_revenue_50m,Healthcare companies with revenue >= $50M,OSCR,Healthcare,Healthcare Plans,11701427000.0,6732338688.0,2,0.25
healthcare_revenue_50m,Healthcare companies with revenue >= $50M,OWLT,Healthcare,Medical Devices,105708000.0,174007008.0,0,0.0
healthcare_revenue_50m,Healthcare companies with revenue >= $50M,PACS,Healthcare,Medical Care Facilities,5288932000.0,6014350336.0,0,0.0
healthcare_revenue_50m,Healthcare companies with revenue >= $50M,PBH,Healthcare,Drug Manufacturers - Specialty & Generic,1088705000.0,2296129024.0,0,0.0
healthcare_revenue_50m,Healthcare companies with revenue >= $50M,PEN,Healthcare,Medical Devices,1403665000.0,12544757760.0,0,0.0
healthcare_revenue_50m,Healthcare companies with revenue >= $50M,PFE,Healthcare,Drug Manufacturers - General,62579000000.0,148983463936.0,0,0.0
healthcare_revenue_50m,Healthcare companies with revenue >= $50M,PHG,Healthcare,Medical Devices,17834000000.0,25180876800.0,0,0.0
healthcare_revenue_50m,Healthcare companies with revenue >= $50M,PHR,Healthcare,Health Information Services,480591000.0,583767040.0,0,0.0
healthcare_revenue_50m,Healthcare companies with revenue >= $50M,PRGO,Healthcare,Drug Manufacturers - Specialty & Generic,4253100000.0,1582927360.0,0,0.0
healthcare_revenue_50m,Healthcare companies with revenue >= $50M,QGEN,Healthcare,Diagnostics & Research,2089999000.0,7556999680.0,0,0.0
healthcare_revenue_50m,Healthcare companies with revenue >= $50M,RCUS,Healthcare,Biotechnology,247000000.0,3078926848.0,0,0.0
healthcare_revenue_50m,Healthcare companies with revenue >= $50M,RDY,Healthcare,Drug Manufacturers - Specialty & Generic,335933000000.0,11287794688.0,1,0.125
healthcare_revenue_50m,Healthcare companies with revenue >= $50M,RMD,Healthcare,Medical Instruments & Supplies,5146327000.0,29507368960.0,0,0.0
healthcare_revenue_50m,Healthcare companies with revenue >= $50M,RVTY,Healthcare,Diagnostics & Research,2856051000.0,11292081152.0,0,0.0
healthcare_revenue_50m,Healthcare companies with revenue >= $50M,SEM,Healthcare,Medical Care Facilities,5452830000.0,2047431424.0,0,0.0
healthcare_revenue_50m,Healthcare companies with revenue >= $50M,SNDA,Healthcare,Medical Care Facilities,381141000.0,1707779456.0,0,0.0
healthcare_revenue_50m,Healthcare companies with revenue >= $50M,SNN,Healthcare,Medical Devices,6164000000.0,12665367552.0,0,0.0
healthcare_revenue_50m,Healthcare companies with revenue >= $50M,SOLV,Healthcare,Medical Instruments & Supplies,8325000000.0,13150888960.0,0,0.0
healthcare_revenue_50m,Healthcare companies with revenue >= $50M,STVN,Healthcare,Medical Instruments & Supplies,1186282000.0,5094248448.0,0,0.0
healthcare_revenue_50m,Healthcare companies with revenue >= $50M,SYK,Healthcare,Medical Devices,25116000000.0,117933277184.0,0,0.0
healthcare_revenue_50m,Healthcare companies with revenue >= $50M,TAK,Healthcare,Drug Manufacturers - Specialty & Generic,4581551000000.0,51028725760.0,1,0.125
healthcare_revenue_50m,Healthcare companies with revenue >= $50M,TDOC,Healthcare,Health Information Services,2529977000.0,1355653376.0,0,0.0
healthcare_revenue_50m,Healthcare companies with revenue >= $50M,TEVA,Healthcare,Drug Manufacturers - Specialty & Generic,17257000000.0,40196022272.0,0,0.0
healthcare_revenue_50m,Healthcare companies with revenue >= $50M,TFX,Healthcare,Medical Instruments & Supplies,1992713000.0,5740076032.0,0,0.0
healthcare_revenue_50m,Healthcare companies with revenue >= $50M,THC,Healthcare,Medical Care Facilities,21310000000.0,14918928384.0,0,0.0
healthcare_revenue_50m,Healthcare companies with revenue >= $50M,TMO,Healthcare,Diagnostics & Research,44557000000.0,181061419008.0,0,0.0
healthcare_revenue_50m,Healthcare companies with revenue >= $50M,UHS,Healthcare,Medical Care Facilities,17364829000.0,9087717376.0,0,0.0
healthcare_revenue_50m,Healthcare companies with revenue >= $50M,USPH,Healthcare,Medical Care Facilities,780990000.0,972328448.0,0,0.0
healthcare_revenue_50m,Healthcare companies with revenue >= $50M,VEEV,Healthcare,Health Information Services,3195311000.0,26826604544.0,0,0.0
healthcare_revenue_50m,Healthcare companies with revenue >= $50M,WAT,Healthcare,Diagnostics & Research,3165286000.0,36001808384.0,0,0.0
healthcare_revenue_50m,Healthcare companies with revenue >= $50M,WEAV,Healthcare,Health Information Services,239024000.0,458298048.0,0,0.0
healthcare_revenue_50m,Healthcare companies with revenue >= $50M,WRBY,Healthcare,Medical Instruments & Supplies,871905000.0,3156235776.0,0,0.0
healthcare_revenue_50m,Healthcare companies with revenue >= $50M,WST,Healthcare,Medical Instruments & Supplies,3074100000.0,22734393344.0,0,0.0
healthcare_revenue_50m,Healthcare companies with revenue >= $50M,ZBH,Healthcare,Medical Devices,8231500000.0,16022562816.0,0,0.0
healthcare_revenue_50m,Healthcare companies with revenue >= $50M,ZTS,Healthcare,Drug Manufacturers - Specialty & Generic,9467000000.0,32812984320.0,0,0.0
industrials_revenue_20m,Industrials companies with revenue >= $20M,AIRI,Industrials,Aerospace & Defense,47921000.0,14746000.0,0,0.0
industrials_revenue_20m,Industrials companies with revenue >= $20M,APT,Industrials,Building Products & Equipment,59142000.0,58543020.0,0,0.0
industrials_revenue_20m,Industrials companies with revenue >= $20M,AWX,Industrials,Waste Management,83545000.0,10021540.0,0,0.0
industrials_revenue_20m,Industrials companies with revenue >= $20M,CIX,Industrials,Security & Protection Services,158285000.0,315963168.0,1,0.125
industrials_revenue_20m,Industrials companies with revenue >= $20M,CVR,Industrials,Tools & Accessories,27890260.0,9661320.0,0,0.0
industrials_revenue_20m,Industrials companies with revenue >= $20M,CVU,Industrials,Aerospace & Defense,69262124.0,66576732.0,0,0.0
industrials_revenue_20m,Industrials companies with revenue >= $20M,ESP,Industrials,Electrical Equipment & Parts,43950872.0,178676784.0,1,0.125
industrials_revenue_20m,Industrials companies with revenue >= $20M,EVI,Industrials,Industrial Distribution,389830000.0,227525920.0,0,0.0
industrials_revenue_20m,Industrials companies with revenue >= $20M,FLYX,Industrials,Airlines,375877000.0,251609872.0,1,0.125
industrials_revenue_20m,Industrials companies with revenue >= $20M,GENC,Industrials,Farm & Heavy Construction Machinery,115437000.0,211950368.0,0,0.0
industrials_revenue_20m,Industrials companies with revenue >= $20M,GPUS,Industrials,Aerospace & Defense,102112000.0,89899144.0,0,0.0
industrials_revenue_20m,Industrials companies with revenue >= $20M,JOB,Industrials,Staffing & Employment Services,96504000.0,26259094.0,0,0.0
industrials_revenue_20m,Industrials companies with revenue >= $20M,LGPS,Industrials,Conglomerates,20650916000.0,15795620.0,0,0.0
industrials_revenue_20m,Industrials companies with revenue >= $20M,MHH,Industrials,Staffing & Employment Services,191371000.0,74868680.0,0,0.0
industrials_revenue_20m,Industrials companies with revenue >= $20M,MWG,Industrials,Rental & Leasing Services,44768000.0,6838892.0,1,0.125
industrials_revenue_20m,Industrials companies with revenue >= $20M,RLGT,Industrials,Integrated Freight & Logistics,902696000.0,393854272.0,0,0.0
industrials_revenue_20m,Industrials companies with revenue >= $20M,SEB,Industrials,Conglomerates,9746000000.0,4834202112.0,0,0.0
industrials_revenue_20m,Industrials companies with revenue >= $20M,SIF,Industrials,Aerospace & Defense,84815000.0,134151048.0,0,0.0
industrials_revenue_20m,Industrials companies with revenue >= $20M,SLND,Industrials,Engineering & Construction,772168000.0,69400168.0,0,0.0
industrials_revenue_20m,Industrials companies with revenue >= $20M,SOAR,Industrials,Airports & Air Services,78559000.0,4502591.0,0,0.0
industrials_revenue_20m,Industrials companies with revenue >= $20M,TGEN,Industrials,Electrical Equipment & Parts,27073710.0,190577344.0,0,0.0
industrials_revenue_20m,Industrials companies with revenue >= $20M,UUU,Industrials,Building Products & Equipment,23563554.0,20956266.0,0,0.0
industrials_revenue_20m,Industrials companies with revenue >= $20M,AAL,Industrials,Airlines,54633000000.0,9689291776.0,0,0.0
industrials_revenue_20m,Industrials companies with revenue >= $20M,AAON,Industrials,Building Products & Equipment,1442076000.0,11652759552.0,0,0.0
industrials_revenue_20m,Industrials companies with revenue >= $20M,ACTG,Industrials,Business Equipment & Supplies,285232000.0,453968928.0,0,0.0
industrials_revenue_20m,Industrials companies with revenue >= $20M,ADSE,Industrials,Electrical Equipment & Parts,31559000.0,823703424.0,1,0.125
industrials_revenue_20m,Industrials companies with revenue >= $20M,AEBI,Industrials,Farm & Heavy Construction Machinery,1526625000.0,1000604096.0,0,0.0
industrials_revenue_20m,Industrials companies with revenue >= $20M,AEHL,Industrials,Building Products & Equipment,98773000.0,6503433.0,0,0.0
industrials_revenue_20m,Industrials companies with revenue >= $20M,AEIS,Industrials,Electrical Equipment & Parts,1798800000.0,12686578688.0,0,0.0
industrials_revenue_20m,Industrials companies with revenue >= $20M,AERT,Industrials,Consulting Services,70198000.0,37280716.0,0,0.0
industrials_revenue_20m,Industrials companies with revenue >= $20M,AIAI,Industrials,Conglomerates,271996000.0,893690816.0,1,0.125
industrials_revenue_20m,Industrials companies with revenue >= $20M,AIRO,Industrials,Aerospace & Defense,90907000.0,279551776.0,0,0.0
industrials_revenue_20m,Industrials companies with revenue >= $20M,AIRT,Industrials,Conglomerates,291850000.0,55947332.0,0,0.0
industrials_revenue_20m,Industrials companies with revenue >= $20M,ALGT,Industrials,Airlines,2606579000.0,2438362368.0,0,0.0
industrials_revenue_20m,Industrials companies with revenue >= $20M,AMSC,Industrials,Specialty Industrial Machinery,222818000.0,2443938560.0,0,0.0
industrials_revenue_20m,Industrials companies with revenue >= $20M,APOG,Industrials,Building Products & Equipment,1404733000.0,805786944.0,0,0.0
industrials_revenue_20m,Industrials companies with revenue >= $20M,APWC,Industrials,Electrical Equipment & Parts,489679000.0,58962408.0,1,0.125
industrials_revenue_20m,Industrials companies with revenue >= $20M,ARCB,Industrials,Trucking,4010158000.0,2978448384.0,1,0.125
industrials_revenue_20m,Industrials companies with revenue >= $20M,ARQ,Industrials,Pollution & Treatment Controls,120336000.0,118047200.0,0,0.0
industrials_revenue_20m,Industrials companies with revenue >= $20M,ARTW,Industrials,Farm & Heavy Construction Machinery,22975408.0,13523417.0,0,0.0
industrials_revenue_20m,Industrials companies with revenue >= $20M,ARXS,Industrials,Aerospace & Defense,1601074000.0,19219302400.0,1,0.125
industrials_revenue_20m,Industrials companies with revenue >= $20M,ASLE,Industrials,Airports & Air Services,335286000.0,312813728.0,0,0.0
industrials_revenue_20m,Industrials companies with revenue >= $20M,ASTE,Industrials,Farm & Heavy Construction Machinery,1410400000.0,1162047488.0,0,0.0
industrials_revenue_20m,Industrials companies with revenue >= $20M,ATLN,Industrials,Staffing & Employment Services,435878730.0,110308000.0,0,0.0
industrials_revenue_20m,Industrials companies with revenue >= $20M,ATRO,Industrials,Aerospace & Defense,862128000.0,3160044032.0,0,0.0
industrials_revenue_20m,Industrials companies with revenue >= $20M,AVAV,Industrials,Aerospace & Defense,820627000.0,10849221632.0,0,0.0
industrials_revenue_20m,Industrials companies with revenue >= $20M,AXON,Industrials,Aerospace & Defense,2779536000.0,35410108416.0,0,0.0
industrials_revenue_20m,Industrials companies with revenue >= $20M,BAER,Industrials,Security & Protection Services,122830000.0,145246848.0,0,0.0
industrials_revenue_20m,Industrials companies with revenue >= $20M,BBCP,Industrials,Engineering & Construction,392867000.0,399538080.0,0,0.0
industrials_revenue_20m,Industrials companies with revenue >= $20M,BBSI,Industrials,Staffing & Employment Services,1240298000.0,788855872.0,0,0.0
industrials_revenue_20m,Industrials companies with revenue >= $20M,BEEP,Industrials,Infrastructure Operations,35075000.0,95154592.0,0,0.0
industrials_revenue_20m,Industrials companies with revenue >= $20M,BLBD,Industrials,Farm & Heavy Construction Machinery,1480099000.0,2221274112.0,0,0.0
industrials_revenue_20m,Industrials companies with revenue >= $20M,BLDP,Industrials,Electrical Equipment & Parts,99370000.0,1866135424.0,0,0.0
industrials_revenue_20m,Industrials companies with revenue >= $20M,BLNK,Industrials,Engineering & Construction,103210000.0,120994832.0,0,0.0
industrials_revenue_20m,Industrials companies with revenue >= $20M,BOOM,Industrials,Conglomerates,609840000.0,148398864.0,0,0.0
industrials_revenue_20m,Industrials companies with revenue >= $20M,BTOC,Industrials,Integrated Freight & Logistics,190408258.0,14764457.0,0,0.0
industrials_revenue_20m,Industrials companies with revenue >= $20M,BWEN,Industrials,Specialty Industrial Machinery,158052000.0,86010128.0,0,0.0
industrials_revenue_20m,Industrials companies with revenue >= $20M,BWMN,Industrials,Engineering & Construction,490017000.0,574078592.0,0,0.0
industrials_revenue_20m,Industrials companies with revenue >= $20M,BYRN,Industrials,Aerospace & Defense,118120000.0,148591056.0,0,0.0
industrials_revenue_20m,Industrials companies with revenue >= $20M,CAR,Industrials,Rental & Leasing Services,11414000000.0,6177633280.0,0,0.0
industrials_revenue_20m,Industrials companies with revenue >= $20M,CBAT,Industrials,Electrical Equipment & Parts,195189306.0,72441384.0,0,0.0
industrials_revenue_20m,Industrials companies with revenue >= $20M,CCEC,Industrials,Marine Shipping,392706000.0,1369384320.0,1,0.125
industrials_revenue_20m,Industrials companies with revenue >= $20M,CDNL,Industrials,Engineering & Construction,456045369.0,809916416.0,0,0.0
industrials_revenue_20m,Industrials companies with revenue >= $20M,CECO,Industrials,Pollution & Treatment Controls,774381000.0,2988582144.0,0,0.0
industrials_revenue_20m,Industrials companies with revenue >= $20M,CHRW,Industrials,Integrated Freight & Logistics,16232763000.0,20676110336.0,0,0.0
industrials_revenue_20m,Industrials companies with revenue >= $20M,CISS,Industrials,Marine Shipping,34755612.0,1255324.0,1,0.125
industrials_revenue_20m,Industrials companies with revenue >= $20M,CMCO,Industrials,Farm & Heavy Construction Machinery,963027000.0,462991200.0,0,0.0
industrials_revenue_20m,Industrials companies with revenue >= $20M,CMPR,Industrials,Specialty Business Services,3403079000.0,2419574272.0,0,0.0
industrials_revenue_20m,Industrials companies with revenue >= $20M,CODA,Industrials,Aerospace & Defense,26563126.0,145462352.0,0,0.0
industrials_revenue_20m,Industrials companies with revenue >= $20M,CPRT,Industrials,Specialty Business Services,4646958000.0,32058902528.0,0,0.0
industrials_revenue_20m,Industrials companies with revenue >= $20M,CRAI,Industrials,Consulting Services,751583000.0,958791744.0,0,0.0
industrials_revenue_20m,Industrials companies with revenue >= $20M,CRE,Industrials,Specialty Business Services,130932196.0,4513139.0,0,0.0
industrials_revenue_20m,Industrials companies with revenue >= $20M,CRGO,Industrials,Integrated Freight & Logistics,29460000.0,99232312.0,0,0.0
industrials_revenue_20m,Industrials companies with revenue >= $20M,CSTE,Industrials,Building Products & Equipment,397228000.0,62930280.0,0,0.0
industrials_revenue_20m,Industrials companies with revenue >= $20M,CSX,Industrials,Railroads,14092000000.0,85121343488.0,0,0.0
industrials_revenue_20m,Industrials companies with revenue >= $20M,CTAS,Industrials,Specialty Business Services,10340181000.0,69247688704.0,0,0.0
industrials_revenue_20m,Industrials companies with revenue >= $20M,CTRM,Industrials,Marine Shipping,81814405.0,17971978.0,0,0.0
industrials_revenue_20m,Industrials companies with revenue >= $20M,CVV,Industrials,Specialty Industrial Machinery,25786000.0,40983708.0,0,0.0
industrials_revenue_20m,Industrials companies with revenue >= $20M,CWST,Industrials,Waste Management,1836841000.0,5357229056.0,0,0.0
industrials_revenue_20m,Industrials companies with revenue >= $20M,CYRX,Industrials,Integrated Freight & Logistics,176177000.0,768635264.0,0,0.0
industrials_revenue_20m,Industrials companies with revenue >= $20M,DFLI,Industrials,Electrical Equipment & Parts,58630000.0,28321902.0,0,0.0
industrials_revenue_20m,Industrials companies with revenue >= $20M,DLHC,Industrials,Specialty Business Services,344497000.0,81160992.0,0,0.0
industrials_revenue_20m,Industrials companies with revenue >= $20M,DRS,Industrials,Aerospace & Defense,3648000000.0,12913951744.0,0,0.0
industrials_revenue_20m,Industrials companies with revenue >= $20M,DSGR,Industrials,Industrial Distribution,1980023000.0,1266671360.0,0,0.0
industrials_revenue_20m,Industrials companies with revenue >= $20M,DXPE,Industrials,Industrial Distribution,2016365000.0,2309206016.0,0,0.0
industrials_revenue_20m,Industrials companies with revenue >= $20M,EDRY,Industrials,Marine Shipping,52264141.0,65644320.0,1,0.125
industrials_revenue_20m,Industrials companies with revenue >= $20M,EH,Industrials,Aerospace & Defense,417981000.0,778173440.0,1,0.125
industrials_revenue_20m,Industrials companies with revenue >= $20M,ELMT,Industrials,Aerospace & Defense,201636000.0,488160512.0,0,0.0
industrials_revenue_20m,Industrials companies with revenue >= $20M,ELOG,Industrials,Integrated Freight & Logistics,40041691.0,10894368.0,0,0.0
industrials_revenue_20m,Industrials companies with revenue >= $20M,ELVA,Industrials,Electrical Equipment & Parts,63576000.0,579732608.0,1,0.125
industrials_revenue_20m,Industrials companies with revenue >= $20M,EML,Industrials,Tools & Accessories,248970345.0,130569288.0,0,0.0
industrials_revenue_20m,Industrials companies with revenue >= $20M,ENVX,Industrials,Electrical Equipment & Parts,31821000.0,1668873856.0,0,0.0
industrials_revenue_20m,Industrials companies with revenue >= $20M,EOSE,Industrials,Electrical Equipment & Parts,114203000.0,3052230912.0,0,0.0
industrials_revenue_20m,Industrials companies with revenue >= $20M,EPOW,Industrials,Electrical Equipment & Parts,46416132.0,26723182.0,0,0.0
industrials_revenue_20m,Industrials companies with revenue >= $20M,EQPT,Industrials,Rental & Leasing Services,4379000000.0,5769294848.0,0,0.0
industrials_revenue_20m,Industrials companies with revenue >= $20M,ERII,Industrials,Pollution & Treatment Controls,134987000.0,444835584.0,0,0.0
industrials_revenue_20m,Industrials companies with revenue >= $20M,ESEA,Industrials,Marine Shipping,227873562.0,460113984.0,1,0.125
industrials_revenue_20m,Industrials companies with revenue >= $20M,ESOA,Industrials,Engineering & Construction,411001373.0,306391936.0,0,0.0
industrials_revenue_20m,Industrials companies with revenue >= $20M,EVLV,Industrials,Security & Protection Services,145905000.0,1170962944.0,0,0.0
industrials_revenue_20m,Industrials companies with revenue >= $20M,EXPO,Industrials,Engineering & Construction,582014000.0,2834049280.0,0,0.0
industrials_revenue_20m,Industrials companies with revenue >= $20M,FA,Industrials,Specialty Business Services,1574389000.0,2727438848.0,0,0.0
industrials_revenue_20m,Industrials companies with revenue >= $20M,FAST,Industrials,Industrial Distribution,8200500000.0,51386048512.0,0,0.0
industrials_revenue_20m,Industrials companies with revenue >= $20M,FBGL,Industrials,Engineering & Construction,25860705.0,8033850.0,0,0.0
industrials_revenue_20m,Industrials companies with revenue >= $20M,FCEL,Industrials,Electrical Equipment & Parts,158162000.0,1292130048.0,0,0.0
industrials_revenue_20m,Industrials companies with revenue >= $20M,FELE,Industrials,Specialty Industrial Machinery,2131250000.0,4378017280.0,0,0.0
industrials_revenue_20m,Industrials companies with revenue >= $20M,FER,Industrials,Engineering & Construction,9627000000.0,48937566208.0,0,0.0
industrials_revenue_20m,Industrials companies with revenue >= $20M,FGL,Industrials,Engineering & Construction,120697610.0,2073739.0,1,0.125
industrials_revenue_20m,Industrials companies with revenue >= $20M,FIP,Industrials,Conglomerates,502520000.0,538825792.0,0,0.0
industrials_revenue_20m,Industrials companies with revenue >= $20M,FLUX,Industrials,Electrical Equipment & Parts,66434000.0,23924750.0,0,0.0
industrials_revenue_20m,Industrials companies with revenue >= $20M,FLX,Industrials,Integrated Freight & Logistics,3992067000.0,175511792.0,0,0.0
industrials_revenue_20m,Industrials companies with revenue >= $20M,FLY,Industrials,Aerospace & Defense,159855000.0,7910812672.0,0,0.0
industrials_revenue_20m,Industrials companies with revenue >= $20M,FORR,Industrials,Consulting Services,396888000.0,135301632.0,0,0.0
industrials_revenue_20m,Industrials companies with revenue >= $20M,FSTR,Industrials,Railroads,540009000.0,422530688.0,0,0.0
industrials_revenue_20m,Industrials companies with revenue >= $20M,FTAI,Industrials,Aerospace & Defense,2507409000.0,26956754944.0,0,0.0
industrials_revenue_20m,Industrials companies with revenue >= $20M,FTEK,Industrials,Pollution & Treatment Controls,26677000.0,47059524.0,0,0.0
industrials_revenue_20m,Industrials companies with revenue >= $20M,FWRD,Industrials,Integrated Freight & Logistics,2495118000.0,327635456.0,0,0.0
industrials_revenue_20m,Industrials companies with revenue >= $20M,GASS,Industrials,Marine Shipping,173161478.0,345826912.0,1,0.125
industrials_revenue_20m,Industrials companies with revenue >= $20M,GFAI,Industrials,Security & Protection Services,35232701.0,15622084.0,0,0.0
industrials_revenue_20m,Industrials companies with revenue >= $20M,GLBS,Industrials,Marine Shipping,44206000.0,43812068.0,0,0.0
industrials_revenue_20m,Industrials companies with revenue >= $20M,GLXG,Industrials,Staffing & Employment Services,30124952.0,5961515.0,0,0.0
industrials_revenue_20m,Industrials companies with revenue >= $20M,GVH,Industrials,Integrated Freight & Logistics,23563957.0,11274017.0,0,0.0
industrials_revenue_20m,Industrials companies with revenue >= $20M,GWAV,Industrials,Waste Management,33315859.0,3028153.0,0,0.0
industrials_revenue_20m,Industrials companies with revenue >= $20M,HHS,Industrials,Conglomerates,159570000.0,19142232.0,0,0.0
industrials_revenue_20m,Industrials companies with revenue >= $20M,HLMN,Industrials,Tools & Accessories,1552224000.0,1475496192.0,0,0.0
industrials_revenue_20m,Industrials companies with revenue >= $20M,HMR,Industrials,Marine Shipping,55851858.0,67250872.0,0,0.0
industrials_revenue_20m,Industrials companies with revenue >= $20M,HON,Industrials,Conglomerates,37442000000.0,147641171968.0,0,0.0
industrials_revenue_20m,Industrials companies with revenue >= $20M,HQI,Industrials,Staffing & Employment Services,30640000.0,181920720.0,1,0.125
industrials_revenue_20m,Industrials companies with revenue >= $20M,HTCO,Industrials,Marine Shipping,214415912.0,28548526.0,0,0.0
industrials_revenue_20m,Industrials companies with revenue >= $20M,HTLD,Industrials,Trucking,805709000.0,1166994816.0,0,0.0
industrials_revenue_20m,Industrials companies with revenue >= $20M,HTZ,Industrials,Rental & Leasing Services,8504000000.0,1733547136.0,0,0.0
industrials_revenue_20m,Industrials companies with revenue >= $20M,HUBG,Industrials,Integrated Freight & Logistics,3946390000.0,2603916544.0,0,0.0
industrials_revenue_20m,Industrials companies with revenue >= $20M,HUHU,Industrials,Specialty Industrial Machinery,21431952.0,237186720.0,0,0.0
industrials_revenue_20m,Industrials companies with revenue >= $20M,HURC,Industrials,Specialty Industrial Machinery,178554000.0,109074000.0,0,0.0
industrials_revenue_20m,Industrials companies with revenue >= $20M,HURN,Industrials,Consulting Services,1699143000.0,1733855104.0,0,0.0
industrials_revenue_20m,Industrials companies with revenue >= $20M,HXHX,Industrials,Integrated Freight & Logistics,33040012.0,6404750.0,0,0.0
industrials_revenue_20m,Industrials companies with revenue >= $20M,HYFM,Industrials,Farm & Heavy Construction Machinery,134252000.0,4659790.0,0,0.0
industrials_revenue_20m,Industrials companies with revenue >= $20M,ICFI,Industrials,Consulting Services,1872851000.0,1253895552.0,0,0.0
industrials_revenue_20m,Industrials companies with revenue >= $20M,IESC,Industrials,Engineering & Construction,3371468000.0,13926001664.0,0,0.0
industrials_revenue_20m,Industrials companies with revenue >= $20M,INVE,Industrials,Building Products & Equipment,21484000.0,94824536.0,0,0.0
industrials_revenue_20m,Industrials companies with revenue >= $20M,ISSC,Industrials,Aerospace & Defense,84296889.0,300956000.0,0,0.0
industrials_revenue_20m,Industrials companies with revenue >= $20M,JBHT,Industrials,Integrated Freight & Logistics,11999096000.0,25698416640.0,0,0.0
industrials_revenue_20m,Industrials companies with revenue >= $20M,JBLU,Industrials,Airlines,9062000000.0,2001461632.0,0,0.0
industrials_revenue_20m,Industrials companies with revenue >= $20M,JCSE,Industrials,Specialty Industrial Machinery,20296000.0,6932137.0,1,0.125
industrials_revenue_20m,Industrials companies with revenue >= $20M,JLHL,Industrials,Building Products & Equipment,252007702.0,493318528.0,0,0.0
industrials_revenue_20m,Industrials companies with revenue >= $20M,KE,Industrials,Electrical Equipment & Parts,1486727000.0,637056000.0,0,0.0
industrials_revenue_20m,Industrials companies with revenue >= $20M,KELYA,Industrials,Staffing & Employment Services,4250900000.0,404242784.0,0,0.0
industrials_revenue_20m,Industrials companies with revenue >= $20M,KELYB,Industrials,Staffing & Employment Services,4250900000.0,727012928.0,0,0.0
industrials_revenue_20m,Industrials companies with revenue >= $20M,KRNT,Industrials,Specialty Industrial Machinery,208200000.0,734033152.0,0,0.0
industrials_revenue_20m,Industrials companies with revenue >= $20M,KTOS,Industrials,Aerospace & Defense,1346800000.0,12224428032.0,1,0.125
industrials_revenue_20m,Industrials companies with revenue >= $20M,LAWR,Industrials,Consulting Services,675561000.0,172350000.0,0,0.0
industrials_revenue_20m,Industrials companies with revenue >= $20M,LECO,Industrials,Tools & Accessories,4233003000.0,14186574848.0,0,0.0
industrials_revenue_20m,Industrials companies with revenue >= $20M,LGN,Industrials,Engineering & Construction,2550491000.0,13675238400.0,0,0.0
industrials_revenue_20m,Industrials companies with revenue >= $20M,LICN,Industrials,Specialty Business Services,24518000.0,22682818.0,0,0.0
industrials_revenue_20m,Industrials companies with revenue >= $20M,LMB,Industrials,Building Products & Equipment,646804000.0,949036160.0,0,0.0
industrials_revenue_20m,Industrials companies with revenue >= $20M,LNZA,Industrials,Waste Management,55845000.0,92671272.0,0,0.0
industrials_revenue_20m,Industrials companies with revenue >= $20M,LSTR,Industrials,Integrated Freight & Logistics,4743760000.0,6902693888.0,0,0.0
industrials_revenue_20m,Industrials companies with revenue >= $20M,LUNR,Industrials,Aerospace & Defense,207132000.0,7332670464.0,0,0.0
industrials_revenue_20m,Industrials companies with revenue >= $20M,LZ,Industrials,Specialty Business Services,756043000.0,1079664384.0,0,0.0
industrials_revenue_20m,Industrials companies with revenue >= $20M,MAMK,Industrials,Conglomerates,29220846.0,218784992.0,0,0.0
industrials_revenue_20m,Industrials companies with revenue >= $20M,MATW,Industrials,Conglomerates,1497689000.0,844649984.0,0,0.0
industrials_revenue_20m,Industrials companies with revenue >= $20M,MGN,Industrials,Engineering & Construction,83885403.0,5823800.0,1,0.125
industrials_revenue_20m,Industrials companies with revenue >= $20M,MGRC,Industrials,Rental & Leasing Services,944235000.0,2735444480.0,0,0.0
industrials_revenue_20m,Industrials companies with revenue >= $20M,MIDD,Industrials,Specialty Industrial Machinery,3201202000.0,6968006144.0,0,0.0
industrials_revenue_20m,Industrials companies with revenue >= $20M,MRCY,Industrials,Aerospace & Defense,912020000.0,6491279360.0,0,0.0
industrials_revenue_20m,Industrials companies with revenue >= $20M,MRTN,Industrials,Trucking,883652000.0,1429441664.0,0,0.0
industrials_revenue_20m,Industrials companies with revenue >= $20M,MSGY,Industrials,Engineering & Construction,23318482.0,6698552.0,1,0.125
industrials_revenue_20m,Industrials companies with revenue >= $20M,MSW,Industrials,Engineering & Construction,33851041.0,18554250.0,0,0.0
industrials_revenue_20m,Industrials companies with revenue >= $20M,MTRX,Industrials,Engineering & Construction,769286000.0,372210816.0,0,0.0
industrials_revenue_20m,Industrials companies with revenue >= $20M,MYRG,Industrials,Engineering & Construction,3657889000.0,7457436160.0,0,0.0
industrials_revenue_20m,Industrials companies with revenue >= $20M,NCEW,Industrials,Integrated Freight & Logistics,44083731.0,58309120.0,0,0.0
industrials_revenue_20m,Industrials companies with revenue >= $20M,NDSN,Industrials,Specialty Industrial Machinery,2791687000.0,16053454848.0,0,0.0
industrials_revenue_20m,Industrials companies with revenue >= $20M,NIXX,Industrials,Staffing & Employment Services,97906000.0,19093624.0,0,0.0
industrials_revenue_20m,Industrials companies with revenue >= $20M,NNBR,Industrials,Conglomerates,422207000.0,162542416.0,0,0.0
industrials_revenue_20m,Industrials companies with revenue >= $20M,NSSC,Industrials,Security & Protection Services,181621000.0,1313694208.0,0,0.0
industrials_revenue_20m,Industrials companies with revenue >= $20M,ODFL,Industrials,Trucking,5496389000.0,45931876352.0,0,0.0
industrials_revenue_20m,Industrials companies with revenue >= $20M,OESX,Industrials,Electrical Equipment & Parts,79720000.0,39515416.0,0,0.0
industrials_revenue_20m,Industrials companies with revenue >= $20M,OFLX,Industrials,Specialty Industrial Machinery,98296000.0,312823040.0,0,0.0
industrials_revenue_20m,Industrials companies with revenue >= $20M,OMAB,Industrials,Airports & Air Services,15964414000.0,4861873152.0,0,0.0
industrials_revenue_20m,Industrials companies with revenue >= $20M,ONEG,Industrials,Engineering & Construction,53205000.0,14238400.0,0,0.0
industrials_revenue_20m,Industrials companies with revenue >= $20M,OPXS,Industrials,Aerospace & Defense,41337000.0,77950576.0,0,0.0
industrials_revenue_20m,Industrials companies with revenue >= $20M,OTTR,Industrials,Conglomerates,1304058000.0,3664796672.0,0,0.0
industrials_revenue_20m,Industrials companies with revenue >= $20M,PAL,Industrials,Integrated Freight & Logistics,430425174.0,151624608.0,0,0.0
industrials_revenue_20m,Industrials companies with revenue >= $20M,PAMT,Industrials,Trucking,598056000.0,292158144.0,0,0.0
industrials_revenue_20m,Industrials companies with revenue >= $20M,PANL,Industrials,Marine Shipping,632041000.0,502386592.0,0,0.0
industrials_revenue_20m,Industrials companies with revenue >= $20M,PCAR,Industrials,Farm & Heavy Construction Machinery,28444800000.0,59059843072.0,0,0.0
industrials_revenue_20m,Industrials companies with revenue >= $20M,PESI,Industrials,Waste Management,61674000.0,213227264.0,0,0.0
industrials_revenue_20m,Industrials companies with revenue >= $20M,PKOH,Industrials,Specialty Industrial Machinery,1599100000.0,479603040.0,0,0.0
industrials_revenue_20m,Industrials companies with revenue >= $20M,PLPC,Industrials,Electrical Equipment & Parts,669338000.0,1842682880.0,0,0.0
industrials_revenue_20m,Industrials companies with revenue >= $20M,PLUG,Industrials,Electrical Equipment & Parts,709919000.0,5747684352.0,0,0.0
industrials_revenue_20m,Industrials companies with revenue >= $20M,PMEC,Industrials,Specialty Business Services,74349000.0,26892592.0,0,0.0
industrials_revenue_20m,Industrials companies with revenue >= $20M,POOL,Industrials,Industrial Distribution,5289396000.0,6731022848.0,0,0.0
industrials_revenue_20m,Industrials companies with revenue >= $20M,POWL,Industrials,Electrical Equipment & Parts,1104318000.0,10525103104.0,0,0.0
industrials_revenue_20m,Industrials companies with revenue >= $20M,POWW,Industrials,Aerospace & Defense,49401547.0,245133408.0,0,0.0
industrials_revenue_20m,Industrials companies with revenue >= $20M,PPHC,Industrials,Consulting Services,186541000.0,341634880.0,0,0.0
industrials_revenue_20m,Industrials companies with revenue >= $20M,PPIH,Industrials,Building Products & Equipment,210925000.0,258969936.0,0,0.0
industrials_revenue_20m,Industrials companies with revenue >= $20M,PPSI,Industrials,Electrical Equipment & Parts,27627000.0,60918496.0,0,0.0
industrials_revenue_20m,Industrials companies with revenue >= $20M,PSHG,Industrials,Marine Shipping,84172000.0,20388738.0,0,0.0
industrials_revenue_20m,Industrials companies with revenue >= $20M,PSIG,Industrials,Integrated Freight & Logistics,53151084.0,122705048.0,1,0.125
industrials_revenue_20m,Industrials companies with revenue >= $20M,PSIX,Industrials,Specialty Industrial Machinery,722405000.0,967888448.0,0,0.0
industrials_revenue_20m,Industrials companies with revenue >= $20M,QRHC,Industrials,Waste Management,250217000.0,25006210.0,0,0.0
industrials_revenue_20m,Industrials companies with revenue >= $20M,RAIL,Industrials,Railroads,500991000.0,148504736.0,0,0.0
industrials_revenue_20m,Industrials companies with revenue >= $20M,RAYA,Industrials,Electrical Equipment & Parts,22855437.0,2957532.0,0,0.0
industrials_revenue_20m,Industrials companies with revenue >= $20M,RCAT,Industrials,Aerospace & Defense,40729000.0,2153520640.0,0,0.0
industrials_revenue_20m,Industrials companies with revenue >= $20M,RCMT,Industrials,Conglomerates,319404000.0,153163344.0,0,0.0
industrials_revenue_20m,Industrials companies with revenue >= $20M,RFIL,Industrials,Electrical Equipment & Parts,80586000.0,200280224.0,0,0.0
industrials_revenue_20m,Industrials companies with revenue >= $20M,RGP,Industrials,Consulting Services,551331000.0,148989360.0,0,0.0
industrials_revenue_20m,Industrials companies with revenue >= $20M,RITR,Industrials,Engineering & Construction,378169751.0,30834726.0,0,0.0
industrials_revenue_20m,Industrials companies with revenue >= $20M,RJET,Industrials,Airlines,1676500000.0,1097214592.0,0,0.0
industrials_revenue_20m,Industrials companies with revenue >= $20M,RKLB,Industrials,Aerospace & Defense,601799000.0,85689745408.0,0,0.0
industrials_revenue_20m,Industrials companies with revenue >= $20M,ROAD,Industrials,Engineering & Construction,2812356000.0,6791518720.0,0,0.0
industrials_revenue_20m,Industrials companies with revenue >= $20M,ROCK,Industrials,Building Products & Equipment,1135501000.0,1163637120.0,0,0.0
industrials_revenue_20m,Industrials companies with revenue >= $20M,RUBI,Industrials,Marine Shipping,23523000.0,1532928.0,1,0.125
industrials_revenue_20m,Industrials companies with revenue >= $20M,RYAAY,Industrials,Airlines,15544300000.0,31856836608.0,0,0.0
industrials_revenue_20m,Industrials companies with revenue >= $20M,SAIA,Industrials,Trucking,3234286000.0,12481887232.0,0,0.0
industrials_revenue_20m,Industrials companies with revenue >= $20M,SBC,Industrials,Consulting Services,173607489.0,328081760.0,0,0.0
industrials_revenue_20m,Industrials companies with revenue >= $20M,SBLK,Industrials,Marine Shipping,1042499000.0,3094373632.0,0,0.0
industrials_revenue_20m,Industrials companies with revenue >= $20M,SFHG,Industrials,Specialty Business Services,169791077.0,10178014.0,0,0.0
industrials_revenue_20m,Industrials companies with revenue >= $20M,SFWL,Industrials,Integrated Freight & Logistics,572478000.0,73554784.0,0,0.0
industrials_revenue_20m,Industrials companies with revenue >= $20M,SGRP,Industrials,Specialty Business Services,136104000.0,18581116.0,0,0.0
industrials_revenue_20m,Industrials companies with revenue >= $20M,SHIM,Industrials,Engineering & Construction,492844000.0,146320592.0,0,0.0
industrials_revenue_20m,Industrials companies with revenue >= $20M,SHIP,Industrials,Marine Shipping,158099000.0,306604992.0,0,0.0
industrials_revenue_20m,Industrials companies with revenue >= $20M,SHMD,Industrials,Specialty Industrial Machinery,66945000.0,399403968.0,0,0.0
industrials_revenue_20m,Industrials companies with revenue >= $20M,SKBL,Industrials,Engineering & Construction,46009519.0,86965488.0,0,0.0
industrials_revenue_20m,Industrials companies with revenue >= $20M,SKYW,Industrials,Airlines,4058202000.0,3419509504.0,0,0.0
industrials_revenue_20m,Industrials companies with revenue >= $20M,SKYX,Industrials,Electrical Equipment & Parts,92009949.0,150622176.0,0,0.0
industrials_revenue_20m,Industrials companies with revenue >= $20M,SLGB,Industrials,Integrated Freight & Logistics,628508022.0,22450298.0,1,0.125
industrials_revenue_20m,Industrials companies with revenue >= $20M,SNT,Industrials,Security & Protection Services,36374000.0,61362248.0,0,0.0
industrials_revenue_20m,Industrials companies with revenue >= $20M,SPCB,Industrials,Security & Protection Services,27896000.0,61312376.0,0,0.0
industrials_revenue_20m,Industrials companies with revenue >= $20M,STRL,Industrials,Engineering & Construction,2490049000.0,25867032576.0,0,0.0
industrials_revenue_20m,Industrials companies with revenue >= $20M,STRR,Industrials,Conglomerates,172159000.0,42644888.0,0,0.0
industrials_revenue_20m,Industrials companies with revenue >= $20M,SUGP,Industrials,Security & Protection Services,192386583.0,3526013.0,0,0.0
industrials_revenue_20m,Industrials companies with revenue >= $20M,SVRN,Industrials,Marine Shipping,25702000.0,19508486.0,2,0.25
industrials_revenue_20m,Industrials companies with revenue >= $20M,SWBI,Industrials,Aerospace & Defense,474661000.0,677194816.0,0,0.0
industrials_revenue_20m,Industrials companies with revenue >= $20M,SWIM,Industrials,Building Products & Equipment,545912000.0,637544896.0,0,0.0
industrials_revenue_20m,Industrials companies with revenue >= $20M,SWVL,Industrials,Railroads,24167888.0,15644021.0,0,0.0
industrials_revenue_20m,Industrials companies with revenue >= $20M,SYM,Industrials,Specialty Industrial Machinery,2246922000.0,29463365632.0,1,0.125
industrials_revenue_20m,Industrials companies with revenue >= $20M,TATT,Industrials,Aerospace & Defense,178015000.0,543084672.0,0,0.0
industrials_revenue_20m,Industrials companies with revenue >= $20M,TAYD,Industrials,Specialty Industrial Machinery,46292725.0,172866320.0,1,0.125
industrials_revenue_20m,Industrials companies with revenue >= $20M,TH,Industrials,Specialty Business Services,320635000.0,1724821248.0,0,0.0
industrials_revenue_20m,Industrials companies with revenue >= $20M,THH,Industrials,Specialty Business Services,3461235000.0,19367898.0,0,0.0
industrials_revenue_20m,Industrials companies with revenue >= $20M,TITN,Industrials,Industrial Distribution,2427107000.0,506508224.0,0,0.0
industrials_revenue_20m,Industrials companies with revenue >= $20M,TLIH,Industrials,Industrial Distribution,76178000.0,10997227.0,1,0.125
industrials_revenue_20m,Industrials companies with revenue >= $20M,TPCS,Industrials,Metal Fabrication,34031000.0,39544760.0,0,0.0
industrials_revenue_20m,Industrials companies with revenue >= $20M,TRI,Industrials,Specialty Business Services,7476000000.0,36883165184.0,0,0.0
industrials_revenue_20m,Industrials companies with revenue >= $20M,TRNS,Industrials,Specialty Business Services,278421000.0,737008896.0,1,0.125
industrials_revenue_20m,Industrials companies with revenue >= $20M,TTEK,Industrials,Engineering & Construction,5442590000.0,7188834304.0,0,0.0
industrials_revenue_20m,Industrials companies with revenue >= $20M,TUSK,Industrials,Conglomerates,44292000.0,154627776.0,0,0.0
industrials_revenue_20m,Industrials companies with revenue >= $20M,TWIN,Industrials,Specialty Industrial Machinery,340738000.0,248505296.0,0,0.0
industrials_revenue_20m,Industrials companies with revenue >= $20M,UFG,Industrials,Marine Shipping,263887586.0,22076200.0,0,0.0
industrials_revenue_20m,Industrials companies with revenue >= $20M,ULBI,Industrials,Electrical Equipment & Parts,191159000.0,129255752.0,0,0.0
industrials_revenue_20m,Industrials companies with revenue >= $20M,ULCC,Industrials,Airlines,3724000000.0,1330480256.0,0,0.0
industrials_revenue_20m,Industrials companies with revenue >= $20M,ULH,Industrials,Trucking,1558397000.0,429562304.0,0,0.0
industrials_revenue_20m,Industrials companies with revenue >= $20M,VCIG,Industrials,Consulting Services,124388391.0,21341650.0,0,0.0
industrials_revenue_20m,Industrials companies with revenue >= $20M,VRSK,Industrials,Consulting Services,3072700000.0,22643195904.0,0,0.0
industrials_revenue_20m,Industrials companies with revenue >= $20M,VSEC,Industrials,Aerospace & Defense,1112275000.0,4963871232.0,0,0.0
industrials_revenue_20m,Industrials companies with revenue >= $20M,WERN,Industrials,Trucking,2974396000.0,2489128960.0,0,0.0
industrials_revenue_20m,Industrials companies with revenue >= $20M,WFCF,Industrials,Specialty Business Services,24892000.0,58757956.0,0,0.0
industrials_revenue_20m,Industrials companies with revenue >= $20M,WLDN,Industrials,Engineering & Construction,681552000.0,1393197824.0,0,0.0
industrials_revenue_20m,Industrials companies with revenue >= $20M,WLFC,Industrials,Rental & Leasing Services,730241000.0,1454943104.0,0,0.0
industrials_revenue_20m,Industrials companies with revenue >= $20M,WSC,Industrials,Rental & Leasing Services,2281446000.0,4676902400.0,0,0.0
industrials_revenue_20m,Industrials companies with revenue >= $20M,WWD,Industrials,Aerospace & Defense,3567064000.0,21149532160.0,0,0.0
industrials_revenue_20m,Industrials companies with revenue >= $20M,XCH,Industrials,Specialty Industrial Machinery,25100392.0,56311864.0,0,0.0
industrials_revenue_20m,Industrials companies with revenue >= $20M,XE,Industrials,Specialty Industrial Machinery,94260000.0,10824932352.0,1,0.125
industrials_revenue_20m,Industrials companies with revenue >= $20M,XMTR,Industrials,Industrial Distribution,686631000.0,5013717504.0,0,0.0
industrials_revenue_20m,Industrials companies with revenue >= $20M,XOS,Industrials,Farm & Heavy Construction Machinery,45992000.0,27761064.0,0,0.0
industrials_revenue_20m,Industrials companies with revenue >= $20M,XRX,Industrials,Business Equipment & Supplies,7022000000.0,397570016.0,0,0.0
industrials_revenue_20m,Industrials companies with revenue >= $20M,XTIA,Industrials,Aerospace & Defense,22490000.0,79649016.0,0,0.0
industrials_revenue_20m,Industrials companies with revenue >= $20M,YDDL,Industrials,Waste Management,65822739.0,190513328.0,0,0.0
industrials_revenue_20m,Industrials companies with revenue >= $20M,YSXT,Industrials,Specialty Business Services,71452736.0,28718974.0,0,0.0
industrials_revenue_20m,Industrials companies with revenue >= $20M,ZJK,Industrials,Specialty Industrial Machinery,56103853.0,165951392.0,1,0.125
industrials_revenue_20m,Industrials companies with revenue >= $20M,ABM,Industrials,Specialty Business Services,8745900000.0,2331362304.0,0,0.0
industrials_revenue_20m,Industrials companies with revenue >= $20M,ACA,Industrials,Engineering & Construction,2883400000.0,6242111488.0,0,0.0
industrials_revenue_20m,Industrials companies with revenue >= $20M,ACCO,Industrials,Business Equipment & Supplies,1524700000.0,373644064.0,0,0.0
industrials_revenue_20m,Industrials companies with revenue >= $20M,ACM,Industrials,Engineering & Construction,16139622000.0,9108419584.0,0,0.0
industrials_revenue_20m,Industrials companies with revenue >= $20M,ADT,Industrials,Security & Protection Services,5128607000.0,5179354624.0,0,0.0
industrials_revenue_20m,Industrials companies with revenue >= $20M,AER,Industrials,Rental & Leasing Services,8516668000.0,21915074560.0,0,0.0
industrials_revenue_20m,Industrials companies with revenue >= $20M,AERO,Industrials,Airlines,5360570000.0,2564982016.0,1,0.125
industrials_revenue_20m,Industrials companies with revenue >= $20M,AGCO,Industrials,Farm & Heavy Construction Machinery,10082000000.0,8245159424.0,0,0.0
industrials_revenue_20m,Industrials companies with revenue >= $20M,AGX,Industrials,Engineering & Construction,944606000.0,9457517568.0,0,0.0
industrials_revenue_20m,Industrials companies with revenue >= $20M,AIR,Industrials,Aerospace & Defense,2780500000.0,4571698176.0,0,0.0
industrials_revenue_20m,Industrials companies with revenue >= $20M,AIT,Industrials,Industrial Distribution,4563424000.0,11403126784.0,0,0.0
industrials_revenue_20m,Industrials companies with revenue >= $20M,ALG,Industrials,Farm & Heavy Construction Machinery,1603715000.0,1855428864.0,0,0.0
industrials_revenue_20m,Industrials companies with revenue >= $20M,ALK,Industrials,Airlines,14239000000.0,5191476224.0,0,0.0
industrials_revenue_20m,Industrials companies with revenue >= $20M,ALLE,Industrials,Security & Protection Services,4067300000.0,11289394176.0,0,0.0
industrials_revenue_20m,Industrials companies with revenue >= $20M,ALTG,Industrials,Rental & Leasing Services,1835900000.0,203672480.0,0,0.0
industrials_revenue_20m,Industrials companies with revenue >= $20M,AME,Industrials,Specialty Industrial Machinery,7401116000.0,51673817088.0,0,0.0
industrials_revenue_20m,Industrials companies with revenue >= $20M,AMPX,Industrials,Electrical Equipment & Parts,71911000.0,2952926464.0,0,0.0
industrials_revenue_20m,Industrials companies with revenue >= $20M,AMRC,Industrials,Engineering & Construction,1932126000.0,1935903872.0,0,0.0
industrials_revenue_20m,Industrials companies with revenue >= $20M,AMTM,Industrials,Specialty Business Services,14393000000.0,5824501248.0,0,0.0
industrials_revenue_20m,Industrials companies with revenue >= $20M,AOS,Industrials,Specialty Industrial Machinery,3830200000.0,7941685248.0,0,0.0
industrials_revenue_20m,Industrials companies with revenue >= $20M,AP,Industrials,Metal Fabrication,434166000.0,230297968.0,0,0.0
industrials_revenue_20m,Industrials companies with revenue >= $20M,APG,Industrials,Engineering & Construction,7911000000.0,18013620224.0,0,0.0
industrials_revenue_20m,Industrials companies with revenue >= $20M,ARLO,Industrials,Building Products & Equipment,529297000.0,1441252352.0,0,0.0
industrials_revenue_20m,Industrials companies with revenue >= $20M,ARMK,Industrials,Specialty Business Services,18506299000.0,14020683776.0,0,0.0
industrials_revenue_20m,Industrials companies with revenue >= $20M,ASC,Industrials,Marine Shipping,310197000.0,678139520.0,0,0.0
industrials_revenue_20m,Industrials companies with revenue >= $20M,ASPN,Industrials,Building Products & Equipment,271103000.0,527929376.0,0,0.0
industrials_revenue_20m,Industrials companies with revenue >= $20M,ASR,Industrials,Airports & Air Services,37237431000.0,9028540416.0,0,0.0
industrials_revenue_20m,Industrials companies with revenue >= $20M,ATI,Industrials,Metal Fabrication,4587400000.0,23272302592.0,0,0.0
industrials_revenue_20m,Industrials companies with revenue >= $20M,ATKR,Industrials,Electrical Equipment & Parts,2850378000.0,2770941696.0,0,0.0
industrials_revenue_20m,Industrials companies with revenue >= $20M,ATS,Industrials,Specialty Industrial Machinery,2533288000.0,2950208256.0,0,0.0
industrials_revenue_20m,Industrials companies with revenue >= $20M,AVEX,Industrials,Aerospace & Defense,432933000.0,2054124160.0,0,0.0
industrials_revenue_20m,Industrials companies with revenue >= $20M,AWI,Industrials,Building Products & Equipment,1620800000.0,6843124224.0,0,0.0
industrials_revenue_20m,Industrials companies with revenue >= $20M,AYI,Industrials,Electrical Equipment & Parts,4345600000.0,9103947776.0,0,0.0
industrials_revenue_20m,Industrials companies with revenue >= $20M,AZZ,Industrials,Specialty Business Services,1650080000.0,4206828800.0,0,0.0
industrials_revenue_20m,Industrials companies with revenue >= $20M,BA,Industrials,Aerospace & Defense,89463000000.0,180347813888.0,0,0.0
industrials_revenue_20m,Industrials companies with revenue >= $20M,BAH,Industrials,Consulting Services,11217000000.0,9705423872.0,0,0.0
industrials_revenue_20m,Industrials companies with revenue >= $20M,BBUC,Industrials,Conglomerates,27457000000.0,6890659328.0,1,0.125
industrials_revenue_20m,Industrials companies with revenue >= $20M,BCO,Industrials,Security & Protection Services,5261200000.0,4409664512.0,0,0.0
industrials_revenue_20m,Industrials companies with revenue >= $20M,BE,Industrials,Electrical Equipment & Parts,2023994000.0,82491572224.0,0,0.0
industrials_revenue_20m,Industrials companies with revenue >= $20M,BETA,Industrials,Aerospace & Defense,35616000.0,4385590272.0,0,0.0
industrials_revenue_20m,Industrials companies with revenue >= $20M,BGSF,Industrials,Staffing & Employment Services,93310000.0,54661672.0,0,0.0
industrials_revenue_20m,Industrials companies with revenue >= $20M,BKSY,Industrials,Specialty Business Services,106575000.0,1915938944.0,0,0.0
industrials_revenue_20m,Industrials companies with revenue >= $20M,BLD,Industrials,Engineering & Construction,5409086000.0,11838843904.0,0,0.0
industrials_revenue_20m,Industrials companies with revenue >= $20M,BLDR,Industrials,Building Products & Equipment,15190638000.0,8251993600.0,0,0.0
industrials_revenue_20m,Industrials companies with revenue >= $20M,BOC,Industrials,Conglomerates,114376348.0,406810976.0,0,0.0
industrials_revenue_20m,Industrials companies with revenue >= $20M,BRC,Industrials,Security & Protection Services,1513605000.0,4056882432.0,0,0.0
industrials_revenue_20m,Industrials companies with revenue >= $20M,BW,Industrials,Specialty Industrial Machinery,587676000.0,2854742272.0,0,0.0
industrials_revenue_20m,Industrials companies with revenue >= $20M,BWXT,Industrials,Aerospace & Defense,3198425000.0,18256052224.0,0,0.0
industrials_revenue_20m,Industrials companies with revenue >= $20M,BXC,Industrials,Industrial Distribution,2954007000.0,412466944.0,0,0.0
industrials_revenue_20m,Industrials companies with revenue >= $20M,CAAP,Industrials,Airports & Air Services,1962134000.0,4289492736.0,0,0.0
industrials_revenue_20m,Industrials companies with revenue >= $20M,CAE,Industrials,Aerospace & Defense,4914000000.0,8255704576.0,1,0.125
industrials_revenue_20m,Industrials companies with revenue >= $20M,CARR,Industrials,Building Products & Equipment,21747000000.0,52999335936.0,0,0.0
industrials_revenue_20m,Industrials companies with revenue >= $20M,CAT,Industrials,Farm & Heavy Construction Machinery,67589000000.0,408853676032.0,0,0.0
industrials_revenue_20m,Industrials companies with revenue >= $20M,CBZ,Industrials,Specialty Business Services,2757991000.0,1733927040.0,0,0.0
industrials_revenue_20m,Industrials companies with revenue >= $20M,CDLR,Industrials,Engineering & Construction,620354000.0,2474990080.0,0,0.0
industrials_revenue_20m,Industrials companies with revenue >= $20M,CDRE,Industrials,Aerospace & Defense,610308000.0,1367378688.0,0,0.0
industrials_revenue_20m,Industrials companies with revenue >= $20M,CLH,Industrials,Waste Management,6030837000.0,14834409472.0,0,0.0
industrials_revenue_20m,Industrials companies with revenue >= $20M,CMC,Industrials,Metal Fabrication,7798480000.0,8536111104.0,0,0.0
industrials_revenue_20m,Industrials companies with revenue >= $20M,CMDB,Industrials,Marine Shipping,597223000.0,401637664.0,0,0.0
industrials_revenue_20m,Industrials companies with revenue >= $20M,CMI,Industrials,Specialty Industrial Machinery,33670000000.0,92270534656.0,0,0.0
industrials_revenue_20m,Industrials companies with revenue >= $20M,CMRE,Industrials,Marine Shipping,877900000.0,1908873472.0,0,0.0
industrials_revenue_20m,Industrials companies with revenue >= $20M,CNH,Industrials,Farm & Heavy Construction Machinery,18095000000.0,12969883648.0,0,0.0
industrials_revenue_20m,Industrials companies with revenue >= $20M,CNI,Industrials,Railroads,17304000000.0,72064081920.0,0,0.0
industrials_revenue_20m,Industrials companies with revenue >= $20M,CNM,Industrials,Industrial Distribution,7647000000.0,9574404096.0,0,0.0
industrials_revenue_20m,Industrials companies with revenue >= $20M,CODI,Industrials,Conglomerates,1873584000.0,859194752.0,0,0.0
industrials_revenue_20m,Industrials companies with revenue >= $20M,CP,Industrials,Railroads,15078000000.0,80428916736.0,0,0.0
industrials_revenue_20m,Industrials companies with revenue >= $20M,CPA,Industrials,Airlines,3617822000.0,5800051200.0,0,0.0
industrials_revenue_20m,Industrials companies with revenue >= $20M,CR,Industrials,Specialty Industrial Machinery,2305000000.0,10478532608.0,0,0.0
industrials_revenue_20m,Industrials companies with revenue >= $20M,CRS,Industrials,Metal Fabrication,2877100000.0,22955249664.0,0,0.0
industrials_revenue_20m,Industrials companies with revenue >= $20M,CSL,Industrials,Building Products & Equipment,5019900000.0,13866977280.0,0,0.0
industrials_revenue_20m,Industrials companies with revenue >= $20M,CSW,Industrials,Specialty Industrial Machinery,878301000.0,4639302656.0,0,0.0
industrials_revenue_20m,Industrials companies with revenue >= $20M,CTOS,Industrials,Rental & Leasing Services,1943957000.0,2224292864.0,0,0.0
industrials_revenue_20m,Industrials companies with revenue >= $20M,CXT,Industrials,Specialty Industrial Machinery,1656700000.0,2307448832.0,0,0.0
industrials_revenue_20m,Industrials companies with revenue >= $20M,CXW,Industrials,Security & Protection Services,2211182000.0,2152801792.0,0,0.0
industrials_revenue_20m,Industrials companies with revenue >= $20M,DAC,Industrials,Marine Shipping,1042456000.0,2292187648.0,0,0.0
industrials_revenue_20m,Industrials companies with revenue >= $20M,DAL,Industrials,Airlines,63364000000.0,54195462144.0,0,0.0
industrials_revenue_20m,Industrials companies with revenue >= $20M,DCI,Industrials,Specialty Industrial Machinery,3690900000.0,9653116928.0,0,0.0
industrials_revenue_20m,Industrials companies with revenue >= $20M,DCO,Industrials,Aerospace & Defense,824839000.0,2296625664.0,0,0.0
industrials_revenue_20m,Industrials companies with revenue >= $20M,DE,Industrials,Farm & Heavy Construction Machinery,44665000000.0,145587830784.0,0,0.0
industrials_revenue_20m,Industrials companies with revenue >= $20M,DLB,Industrials,Specialty Business Services,1349130000.0,5227491328.0,0,0.0
industrials_revenue_20m,Industrials companies with revenue >= $20M,DLX,Industrials,Conglomerates,2133200000.0,1109805568.0,0,0.0
industrials_revenue_20m,Industrials companies with revenue >= $20M,DNOW,Industrials,Industrial Distribution,2820000000.0,2420559872.0,0,0.0
industrials_revenue_20m,Industrials companies with revenue >= $20M,DOV,Industrials,Specialty Industrial Machinery,8092571000.0,28616894464.0,0,0.0
industrials_revenue_20m,Industrials companies with revenue >= $20M,DSX,Industrials,Marine Shipping,213541000.0,305147936.0,1,0.125
industrials_revenue_20m,Industrials companies with revenue >= $20M,DY,Industrials,Engineering & Construction,5545912000.0,16065954816.0,0,0.0
industrials_revenue_20m,Industrials companies with revenue >= $20M,EAF,Industrials,Electrical Equipment & Parts,504134000.0,260478368.0,0,0.0
industrials_revenue_20m,Industrials companies with revenue >= $20M,EBF,Industrials,Business Equipment & Supplies,392403000.0,519515488.0,0,0.0
industrials_revenue_20m,Industrials companies with revenue >= $20M,ECG,Industrials,Engineering & Construction,3746387000.0,7733313536.0,0,0.0
industrials_revenue_20m,Industrials companies with revenue >= $20M,ECO,Industrials,Marine Shipping,391548819.0,1878828800.0,0,0.0
industrials_revenue_20m,Industrials companies with revenue >= $20M,EFX,Industrials,Consulting Services,6074500000.0,19764772864.0,0,0.0
industrials_revenue_20m,Industrials companies with revenue >= $20M,EMBJ,Industrials,Aerospace & Defense,7577500000.0,10392761344.0,0,0.0
industrials_revenue_20m,Industrials companies with revenue >= $20M,EME,Industrials,Engineering & Construction,16986422000.0,37783658496.0,0,0.0
industrials_revenue_20m,Industrials companies with revenue >= $20M,EMR,Industrials,Specialty Industrial Machinery,18016000000.0,79416573952.0,0,0.0
industrials_revenue_20m,Industrials companies with revenue >= $20M,ENR,Industrials,Electrical Equipment & Parts,2952700000.0,1270183168.0,0,0.0
industrials_revenue_20m,Industrials companies with revenue >= $20M,ENS,Industrials,Electrical Equipment & Parts,3751376000.0,8338102784.0,0,0.0
industrials_revenue_20m,Industrials companies with revenue >= $20M,EPAC,Industrials,Specialty Industrial Machinery,616899000.0,1784366848.0,0,0.0
industrials_revenue_20m,Industrials companies with revenue >= $20M,ESAB,Industrials,Metal Fabrication,2842555000.0,5662608384.0,0,0.0
industrials_revenue_20m,Industrials companies with revenue >= $20M,ETN,Industrials,Specialty Industrial Machinery,27448000000.0,156073295872.0,0,0.0
industrials_revenue_20m,Industrials companies with revenue >= $20M,EXPD,Industrials,Integrated Freight & Logistics,11069009000.0,20790560768.0,0,0.0
industrials_revenue_20m,Industrials companies with revenue >= $20M,FBIN,Industrials,Building Products & Equipment,4463200000.0,4698967552.0,0,0.0
industrials_revenue_20m,Industrials companies with revenue >= $20M,FCN,Industrials,Consulting Services,3788857000.0,4669312000.0,0,0.0
industrials_revenue_20m,Industrials companies with revenue >= $20M,FDX,Industrials,Integrated Freight & Logistics,87926000000.0,98162819072.0,0,0.0
industrials_revenue_20m,Industrials companies with revenue >= $20M,FIX,Industrials,Engineering & Construction,9101641000.0,65271537664.0,0,0.0
industrials_revenue_20m,Industrials companies with revenue >= $20M,FLR,Industrials,Engineering & Construction,15503000000.0,6560294912.0,0,0.0
industrials_revenue_20m,Industrials companies with revenue >= $20M,FLS,Industrials,Specialty Industrial Machinery,4729260000.0,9612365824.0,0,0.0
industrials_revenue_20m,Industrials companies with revenue >= $20M,FPS,Industrials,Electrical Equipment & Parts,753188000.0,14478639104.0,0,0.0
industrials_revenue_20m,Industrials companies with revenue >= $20M,FSS,Industrials,Pollution & Treatment Controls,2180500000.0,6913385984.0,0,0.0
industrials_revenue_20m,Industrials companies with revenue >= $20M,GATX,Industrials,Rental & Leasing Services,1740400000.0,6053931008.0,0,0.0
industrials_revenue_20m,Industrials companies with revenue >= $20M,GBX,Industrials,Railroads,3240200000.0,1481958656.0,0,0.0
industrials_revenue_20m,Industrials companies with revenue >= $20M,GD,Industrials,Aerospace & Defense,52550000000.0,94369308672.0,0,0.0
industrials_revenue_20m,Industrials companies with revenue >= $20M,GE,Industrials,Aerospace & Defense,45855000000.0,335202254848.0,0,0.0
industrials_revenue_20m,Industrials companies with revenue >= $20M,GEO,Industrials,Security & Protection Services,2631549000.0,3087918592.0,0,0.0
industrials_revenue_20m,Industrials companies with revenue >= $20M,GEV,Industrials,Specialty Industrial Machinery,38068000000.0,267645124608.0,0,0.0
industrials_revenue_20m,Industrials companies with revenue >= $20M,GFF,Industrials,Building Products & Equipment,2519926000.0,4039015424.0,0,0.0
industrials_revenue_20m,Industrials companies with revenue >= $20M,GFL,Industrials,Waste Management,6615900000.0,12374095872.0,0,0.0
industrials_revenue_20m,Industrials companies with revenue >= $20M,GGG,Industrials,Specialty Industrial Machinery,2236604000.0,12583706624.0,0,0.0
industrials_revenue_20m,Industrials companies with revenue >= $20M,GHM,Industrials,Specialty Industrial Machinery,209896000.0,1110046208.0,0,0.0
industrials_revenue_20m,Industrials companies with revenue >= $20M,GIC,Industrials,Industrial Distribution,1379100000.0,1163137408.0,0,0.0
industrials_revenue_20m,Industrials companies with revenue >= $20M,GNK,Industrials,Marine Shipping,342054000.0,1049771200.0,0,0.0
industrials_revenue_20m,Industrials companies with revenue >= $20M,GNRC,Industrials,Specialty Industrial Machinery,4209147000.0,16450852864.0,0,0.0
industrials_revenue_20m,Industrials companies with revenue >= $20M,GPGI,Industrials,Metal Fabrication,59824000.0,3475438592.0,0,0.0
industrials_revenue_20m,Industrials companies with revenue >= $20M,GPN,Industrials,Specialty Business Services,7705878000.0,20228542464.0,0,0.0
industrials_revenue_20m,Industrials companies with revenue >= $20M,GRC,Industrials,Specialty Industrial Machinery,682389000.0,1976806784.0,0,0.0
industrials_revenue_20m,Industrials companies with revenue >= $20M,GSL,Industrials,Marine Shipping,752965000.0,1313851776.0,0,0.0
industrials_revenue_20m,Industrials companies with revenue >= $20M,GTES,Industrials,Specialty Industrial Machinery,3443200000.0,6468752384.0,0,0.0
industrials_revenue_20m,Industrials companies with revenue >= $20M,GTLS,Industrials,Specialty Industrial Machinery,4264000000.0,9954852864.0,0,0.0
industrials_revenue_20m,Industrials companies with revenue >= $20M,GVA,Industrials,Engineering & Construction,4424379000.0,6006859264.0,0,0.0
industrials_revenue_20m,Industrials companies with revenue >= $20M,GWW,Industrials,Industrial Distribution,17942000000.0,58894118912.0,0,0.0
industrials_revenue_20m,Industrials companies with revenue >= $20M,GXO,Industrials,Integrated Freight & Logistics,13178000000.0,5839866368.0,0,0.0
industrials_revenue_20m,Industrials companies with revenue >= $20M,HAFN,Industrials,Marine Shipping,2281909000.0,3888298752.0,0,0.0
industrials_revenue_20m,Industrials companies with revenue >= $20M,HAWK,Industrials,Aerospace & Defense,177416000.0,2975908608.0,1,0.125
industrials_revenue_20m,Industrials companies with revenue >= $20M,HAYW,Industrials,Electrical Equipment & Parts,1122155000.0,3061347840.0,0,0.0
industrials_revenue_20m,Industrials companies with revenue >= $20M,HEI,Industrials,Aerospace & Defense,4485044000.0,48143613952.0,0,0.0
industrials_revenue_20m,Industrials companies with revenue >= $20M,HII,Industrials,Aerospace & Defense,12484000000.0,12644752384.0,0,0.0
industrials_revenue_20m,Industrials companies with revenue >= $20M,HLIO,Industrials,Specialty Industrial Machinery,839000000.0,2744169472.0,0,0.0
industrials_revenue_20m,Industrials companies with revenue >= $20M,HRI,Industrials,Rental & Leasing Services,4328000000.0,4580858880.0,0,0.0
industrials_revenue_20m,Industrials companies with revenue >= $20M,HSHP,Industrials,Marine Shipping,131900000.0,687171136.0,0,0.0
industrials_revenue_20m,Industrials companies with revenue >= $20M,HUBB,Industrials,Electrical Equipment & Parts,5844600000.0,25043302400.0,0,0.0
industrials_revenue_20m,Industrials companies with revenue >= $20M,HWM,Industrials,Aerospace & Defense,8252000000.0,103983939584.0,0,0.0
industrials_revenue_20m,Industrials companies with revenue >= $20M,HXL,Industrials,Aerospace & Defense,1893900000.0,6869907968.0,0,0.0
industrials_revenue_20m,Industrials companies with revenue >= $20M,HY,Industrials,Farm & Heavy Construction Machinery,3769300000.0,650347200.0,0,0.0
industrials_revenue_20m,Industrials companies with revenue >= $20M,IEX,Industrials,Specialty Industrial Machinery,3457500000.0,15545381888.0,0,0.0
industrials_revenue_20m,Industrials companies with revenue >= $20M,IIIN,Industrials,Metal Fabrication,647706000.0,535968992.0,0,0.0
industrials_revenue_20m,Industrials companies with revenue >= $20M,IR,Industrials,Specialty Industrial Machinery,7650900000.0,27781001216.0,0,0.0
industrials_revenue_20m,Industrials companies with revenue >= $20M,ITT,Industrials,Specialty Industrial Machinery,3938500000.0,17370529792.0,0,0.0
industrials_revenue_20m,Industrials companies with revenue >= $20M,ITW,Industrials,Specialty Industrial Machinery,16044000000.0,71821426688.0,0,0.0
industrials_revenue_20m,Industrials companies with revenue >= $20M,J,Industrials,Engineering & Construction,12029783000.0,14046901248.0,0,0.0
industrials_revenue_20m,Industrials companies with revenue >= $20M,JBI,Industrials,Building Products & Equipment,884200000.0,735155392.0,0,0.0
industrials_revenue_20m,Industrials companies with revenue >= $20M,JBTM,Industrials,Specialty Industrial Machinery,3798200000.0,7027592704.0,0,0.0
industrials_revenue_20m,Industrials companies with revenue >= $20M,JCI,Industrials,Building Products & Equipment,23596000000.0,83067232256.0,0,0.0
industrials_revenue_20m,Industrials companies with revenue >= $20M,JELD,Industrials,Building Products & Equipment,3211181000.0,181779280.0,0,0.0
industrials_revenue_20m,Industrials companies with revenue >= $20M,JOBY,Industrials,Airports & Air Services,53425000.0,12098807808.0,0,0.0
industrials_revenue_20m,Industrials companies with revenue >= $20M,KAI,Industrials,Specialty Industrial Machinery,1052248000.0,3811653632.0,0,0.0
industrials_revenue_20m,Industrials companies with revenue >= $20M,KBR,Industrials,Engineering & Construction,7786000000.0,4366646272.0,0,0.0
industrials_revenue_20m,Industrials companies with revenue >= $20M,KEX,Industrials,Marine Shipping,3364050000.0,7510677504.0,0,0.0
industrials_revenue_20m,Industrials companies with revenue >= $20M,KFRC,Industrials,Staffing & Employment Services,1329007000.0,797090432.0,0,0.0
industrials_revenue_20m,Industrials companies with revenue >= $20M,KFY,Industrials,Staffing & Employment Services,2761086000.0,3630020608.0,0,0.0
industrials_revenue_20m,Industrials companies with revenue >= $20M,KMT,Industrials,Tools & Accessories,1966845000.0,2565232128.0,0,0.0
industrials_revenue_20m,Industrials companies with revenue >= $20M,KNX,Industrials,Trucking,7469689000.0,12190299136.0,0,0.0
industrials_revenue_20m,Industrials companies with revenue >= $20M,KODK,Industrials,Specialty Business Services,1069000000.0,982832000.0,0,0.0
industrials_revenue_20m,Industrials companies with revenue >= $20M,KRMN,Industrials,Aerospace & Defense,471500000.0,8728181760.0,0,0.0
industrials_revenue_20m,Industrials companies with revenue >= $20M,LHX,Industrials,Aerospace & Defense,21865000000.0,58641924096.0,0,0.0
industrials_revenue_20m,Industrials companies with revenue >= $20M,LII,Industrials,Building Products & Equipment,5195300000.0,17296279552.0,1,0.125
industrials_revenue_20m,Industrials companies with revenue >= $20M,LMT,Industrials,Aerospace & Defense,75048000000.0,123861082112.0,0,0.0
industrials_revenue_20m,Industrials companies with revenue >= $20M,LNN,Industrials,Farm & Heavy Construction Machinery,676368000.0,1150222720.0,0,0.0
industrials_revenue_20m,Industrials companies with revenue >= $20M,LOAR,Industrials,Aerospace & Defense,496283000.0,6103379456.0,0,0.0
industrials_revenue_20m,Industrials companies with revenue >= $20M,LPX,Industrials,Building Products & Equipment,2708000000.0,5316018688.0,0,0.0
industrials_revenue_20m,Industrials companies with revenue >= $20M,LTM,Industrials,Airlines,14265056000.0,15553485824.0,1,0.125
industrials_revenue_20m,Industrials companies with revenue >= $20M,LUV,Industrials,Airlines,28063000000.0,21168791552.0,0,0.0
industrials_revenue_20m,Industrials companies with revenue >= $20M,LXFR,Industrials,Specialty Industrial Machinery,384600000.0,462079648.0,0,0.0
industrials_revenue_20m,Industrials companies with revenue >= $20M,MAIR,Industrials,Building Products & Equipment,3518900000.0,21170626560.0,0,0.0
industrials_revenue_20m,Industrials companies with revenue >= $20M,MAN,Industrials,Staffing & Employment Services,17957100000.0,1410567680.0,0,0.0
industrials_revenue_20m,Industrials companies with revenue >= $20M,MAS,Industrials,Building Products & Equipment,7562000000.0,14260608000.0,0,0.0
industrials_revenue_20m,Industrials companies with revenue >= $20M,MATX,Industrials,Marine Shipping,3344500000.0,5467061248.0,0,0.0
industrials_revenue_20m,Industrials companies with revenue >= $20M,MDA,Industrials,Aerospace & Defense,1633200000.0,6754397696.0,0,0.0
industrials_revenue_20m,Industrials companies with revenue >= $20M,MEC,Industrials,Metal Fabrication,546487000.0,665648512.0,0,0.0
industrials_revenue_20m,Industrials companies with revenue >= $20M,MG,Industrials,Security & Protection Services,724024000.0,559973568.0,0,0.0
industrials_revenue_20m,Industrials companies with revenue >= $20M,MIR,Industrials,Specialty Industrial Machinery,925400000.0,4183612672.0,0,0.0
industrials_revenue_20m,Industrials companies with revenue >= $20M,MLI,Industrials,Metal Fabrication,4178547000.0,14144192512.0,0,0.0
industrials_revenue_20m,Industrials companies with revenue >= $20M,MMM,Industrials,Conglomerates,24948000000.0,79721562112.0,0,0.0
industrials_revenue_20m,Industrials companies with revenue >= $20M,MMS,Industrials,Specialty Business Services,5431276000.0,3303738112.0,0,0.0
industrials_revenue_20m,Industrials companies with revenue >= $20M,MSA,Industrials,Security & Protection Services,1874814000.0,6570802176.0,0,0.0
industrials_revenue_20m,Industrials companies with revenue >= $20M,MSM,Industrials,Industrial Distribution,3769521000.0,6129490944.0,0,0.0
industrials_revenue_20m,Industrials companies with revenue >= $20M,MTW,Industrials,Farm & Heavy Construction Machinery,2240900000.0,433069600.0,0,0.0
industrials_revenue_20m,Industrials companies with revenue >= $20M,MTZ,Industrials,Engineering & Construction,14299171000.0,30290184192.0,0,0.0
industrials_revenue_20m,Industrials companies with revenue >= $20M,MWA,Industrials,Specialty Industrial Machinery,1429700000.0,3968106496.0,0,0.0
industrials_revenue_20m,Industrials companies with revenue >= $20M,NL,Industrials,Security & Protection Services,158285000.0,359894688.0,0,0.0
industrials_revenue_20m,Industrials companies with revenue >= $20M,NOC,Industrials,Aerospace & Defense,41954000000.0,79437897728.0,0,0.0
industrials_revenue_20m,Industrials companies with revenue >= $20M,NPK,Industrials,Aerospace & Defense,503524000.0,945917696.0,0,0.0
industrials_revenue_20m,Industrials companies with revenue >= $20M,NPO,Industrials,Specialty Industrial Machinery,1143300000.0,6637152768.0,0,0.0
industrials_revenue_20m,Industrials companies with revenue >= $20M,NSC,Industrials,Railroads,12180000000.0,69148000256.0,0,0.0
industrials_revenue_20m,Industrials companies with revenue >= $20M,NSP,Industrials,Staffing & Employment Services,6812000000.0,1299660672.0,0,0.0
industrials_revenue_20m,Industrials companies with revenue >= $20M,NVRI,Industrials,Waste Management,2240358000.0,1755012736.0,0,0.0
industrials_revenue_20m,Industrials companies with revenue >= $20M,NVT,Industrials,Electrical Equipment & Parts,3893100000.0,26662848512.0,0,0.0
industrials_revenue_20m,Industrials companies with revenue >= $20M,NX,Industrials,Building Products & Equipment,1837641000.0,865020096.0,0,0.0
industrials_revenue_20m,Industrials companies with revenue >= $20M,OC,Industrials,Building Products & Equipment,10103000000.0,10004838400.0,0,0.0
industrials_revenue_20m,Industrials companies with revenue >= $20M,ONT,Industrials,Waste Management,830538000.0,565940288.0,0,0.0
industrials_revenue_20m,Industrials companies with revenue >= $20M,ORN,Industrials,Engineering & Construction,852260000.0,580472896.0,0,0.0
industrials_revenue_20m,Industrials companies with revenue >= $20M,OSK,Industrials,Farm & Heavy Construction Machinery,10422300000.0,8083846656.0,0,0.0
industrials_revenue_20m,Industrials companies with revenue >= $20M,OTIS,Industrials,Specialty Industrial Machinery,14431000000.0,27324420096.0,0,0.0
industrials_revenue_20m,Industrials companies with revenue >= $20M,PAC,Industrials,Airports & Air Services,41408540000.0,14167977984.0,0,0.0
industrials_revenue_20m,Industrials companies with revenue >= $20M,PAM,Industrials,Conglomerates,1998000000.0,4519332864.0,1,0.125
industrials_revenue_20m,Industrials companies with revenue >= $20M,PBI,Industrials,Integrated Freight & Logistics,1892629000.0,2139974528.0,0,0.0
industrials_revenue_20m,Industrials companies with revenue >= $20M,PEW,Industrials,Aerospace & Defense,96449000.0,80850200.0,0,0.0
industrials_revenue_20m,Industrials companies with revenue >= $20M,PH,Industrials,Specialty Industrial Machinery,19850000000.0,107527733248.0,0,0.0
industrials_revenue_20m,Industrials companies with revenue >= $20M,PKE,Industrials,Aerospace & Defense,62026000.0,725498304.0,0,0.0
industrials_revenue_20m,Industrials companies with revenue >= $20M,PL,Industrials,Aerospace & Defense,307727000.0,18318610432.0,0,0.0
industrials_revenue_20m,Industrials companies with revenue >= $20M,PNR,Industrials,Specialty Industrial Machinery,4176000000.0,11527323648.0,0,0.0
industrials_revenue_20m,Industrials companies with revenue >= $20M,PRG,Industrials,Rental & Leasing Services,2409223000.0,1490839552.0,0,0.0
industrials_revenue_20m,Industrials companies with revenue >= $20M,PRIM,Industrials,Engineering & Construction,7574900000.0,6869217280.0,0,0.0
industrials_revenue_20m,Industrials companies with revenue >= $20M,PRLB,Industrials,Metal Fabrication,533127000.0,1778129024.0,0,0.0
industrials_revenue_20m,Industrials companies with revenue >= $20M,PWR,Industrials,Engineering & Construction,28479697000.0,109558906880.0,0,0.0
industrials_revenue_20m,Industrials companies with revenue >= $20M,QUAD,Industrials,Specialty Business Services,2419900000.0,385665248.0,0,0.0
industrials_revenue_20m,Industrials companies with revenue >= $20M,QXO,Industrials,Industrial Distribution,6842200000.0,12822066176.0,0,0.0
industrials_revenue_20m,Industrials companies with revenue >= $20M,R,Industrials,Rental & Leasing Services,12687000000.0,9626712064.0,0,0.0
industrials_revenue_20m,Industrials companies with revenue >= $20M,RBA,Industrials,Specialty Business Services,4590700000.0,19732895744.0,0,0.0
industrials_revenue_20m,Industrials companies with revenue >= $20M,RBC,Industrials,Tools & Accessories,1870900000.0,18279860224.0,0,0.0
industrials_revenue_20m,Industrials companies with revenue >= $20M,RDW,Industrials,Aerospace & Defense,335381000.0,5151994880.0,0,0.0
industrials_revenue_20m,Industrials companies with revenue >= $20M,RELX,Industrials,Specialty Business Services,9590000000.0,58403033088.0,0,0.0
industrials_revenue_20m,Industrials companies with revenue >= $20M,REZI,Industrials,Industrial Distribution,7472000000.0,4745698816.0,0,0.0
industrials_revenue_20m,Industrials companies with revenue >= $20M,RGR,Industrials,Aerospace & Defense,546057000.0,627725248.0,0,0.0
industrials_revenue_20m,Industrials companies with revenue >= $20M,RHI,Industrials,Staffing & Employment Services,5378506000.0,2905137920.0,0,0.0
industrials_revenue_20m,Industrials companies with revenue >= $20M,RHLD,Industrials,Specialty Business Services,462055000.0,953486848.0,0,0.0
industrials_revenue_20m,Industrials companies with revenue >= $20M,ROK,Industrials,Specialty Industrial Machinery,8342000000.0,50607390720.0,0,0.0
industrials_revenue_20m,Industrials companies with revenue >= $20M,RRX,Industrials,Specialty Industrial Machinery,5934500000.0,13503638528.0,0,0.0
industrials_revenue_20m,Industrials companies with revenue >= $20M,RSG,Industrials,Waste Management,16591000000.0,62668099584.0,0,0.0
industrials_revenue_20m,Industrials companies with revenue >= $20M,RTO,Industrials,Specialty Business Services,6908000000.0,15349062656.0,0,0.0
industrials_revenue_20m,Industrials companies with revenue >= $20M,RTX,Industrials,Aerospace & Defense,88603000000.0,241002463232.0,0,0.0
industrials_revenue_20m,Industrials companies with revenue >= $20M,RXO,Industrials,Trucking,5742000000.0,4271436288.0,0,0.0
industrials_revenue_20m,Industrials companies with revenue >= $20M,RYZ,Industrials,Metal Fabrication,4571300000.0,1473120896.0,0,0.0
industrials_revenue_20m,Industrials companies with revenue >= $20M,SARO,Industrials,Aerospace & Defense,6062513000.0,9408956416.0,0,0.0
industrials_revenue_20m,Industrials companies with revenue >= $20M,SB,Industrials,Marine Shipping,275737000.0,673320832.0,0,0.0
industrials_revenue_20m,Industrials companies with revenue >= $20M,SFL,Industrials,Marine Shipping,718799000.0,1505478272.0,0,0.0
industrials_revenue_20m,Industrials companies with revenue >= $20M,SITE,Industrials,Industrial Distribution,4704800000.0,4950115328.0,0,0.0
industrials_revenue_20m,Industrials companies with revenue >= $20M,SMHI,Industrials,Marine Shipping,227832000.0,209191392.0,0,0.0
industrials_revenue_20m,Industrials companies with revenue >= $20M,SMR,Industrials,Specialty Industrial Machinery,31479000.0,4219029504.0,1,0.125
industrials_revenue_20m,Industrials companies with revenue >= $20M,SNA,Industrials,Tools & Accessories,5156100000.0,19397744640.0,0,0.0
industrials_revenue_20m,Industrials companies with revenue >= $20M,SNDR,Industrials,Trucking,5674300000.0,6208156672.0,0,0.0
industrials_revenue_20m,Industrials companies with revenue >= $20M,SPIR,Industrials,Specialty Business Services,71553000.0,932948352.0,0,0.0
industrials_revenue_20m,Industrials companies with revenue >= $20M,SPXC,Industrials,Building Products & Equipment,2265100000.0,10704864256.0,0,0.0
industrials_revenue_20m,Industrials companies with revenue >= $20M,SRFM,Industrials,Airlines,106557000.0,129511960.0,0,0.0
industrials_revenue_20m,Industrials companies with revenue >= $20M,SST,Industrials,Specialty Business Services,266129000.0,28525594.0,0,0.0
industrials_revenue_20m,Industrials companies with revenue >= $20M,STN,Industrials,Engineering & Construction,8144200000.0,8630308864.0,0,0.0
industrials_revenue_20m,Industrials companies with revenue >= $20M,SUNB,Industrials,Rental & Leasing Services,10791700000.0,32171255808.0,0,0.0
industrials_revenue_20m,Industrials companies with revenue >= $20M,SWK,Industrials,Tools & Accessories,15130400000.0,12322962432.0,0,0.0
industrials_revenue_20m,Industrials companies with revenue >= $20M,SXI,Industrials,Specialty Industrial Machinery,790107000.0,3337418752.0,0,0.0
industrials_revenue_20m,Industrials companies with revenue >= $20M,TBI,Industrials,Staffing & Employment Services,1615997000.0,186073040.0,0,0.0
industrials_revenue_20m,Industrials companies with revenue >= $20M,TDG,Industrials,Aerospace & Defense,8831000000.0,70759342080.0,0,0.0
industrials_revenue_20m,Industrials companies with revenue >= $20M,TE,Industrials,Electrical Equipment & Parts,755295000.0,3021716480.0,0,0.0
industrials_revenue_20m,Industrials companies with revenue >= $20M,TEX,Industrials,Farm & Heavy Construction Machinery,5421000000.0,6758194688.0,0,0.0
industrials_revenue_20m,Industrials companies with revenue >= $20M,TFII,Industrials,Trucking,7884671000.0,12562135040.0,0,0.0
industrials_revenue_20m,Industrials companies with revenue >= $20M,TG,Industrials,Metal Fabrication,722864000.0,277790272.0,0,0.0
industrials_revenue_20m,Industrials companies with revenue >= $20M,THR,Industrials,Specialty Industrial Machinery,536263000.0,2200700928.0,0,0.0
industrials_revenue_20m,Industrials companies with revenue >= $20M,TIC,Industrials,Specialty Business Services,1530296000.0,1850126592.0,0,0.0
industrials_revenue_20m,Industrials companies with revenue >= $20M,TISI,Industrials,Specialty Business Services,896483000.0,72273552.0,0,0.0
industrials_revenue_20m,Industrials companies with revenue >= $20M,TKR,Industrials,Tools & Accessories,4581800000.0,8810514432.0,0,0.0
industrials_revenue_20m,Industrials companies with revenue >= $20M,TNC,Industrials,Specialty Industrial Machinery,1203500000.0,1490733696.0,0,0.0
industrials_revenue_20m,Industrials companies with revenue >= $20M,TNET,Industrials,Staffing & Employment Services,5010000000.0,2086346240.0,0,0.0
industrials_revenue_20m,Industrials companies with revenue >= $20M,TPC,Industrials,Engineering & Construction,5543039000.0,3868029440.0,0,0.0
industrials_revenue_20m,Industrials companies with revenue >= $20M,TRC,Industrials,Conglomerates,49591000.0,528785888.0,0,0.0
industrials_revenue_20m,Industrials companies with revenue >= $20M,TREX,Industrials,Building Products & Equipment,1174267000.0,4404267008.0,0,0.0
industrials_revenue_20m,Industrials companies with revenue >= $20M,TRN,Industrials,Railroads,2156900000.0,2556102144.0,0,0.0
industrials_revenue_20m,Industrials companies with revenue >= $20M,TT,Industrials,Building Products & Equipment,21321900000.0,99974553600.0,0,0.0
industrials_revenue_20m,Industrials companies with revenue >= $20M,TTC,Industrials,Tools & Accessories,4510400000.0,8797627392.0,0,0.0
industrials_revenue_20m,Industrials companies with revenue >= $20M,TTI,Industrials,Conglomerates,630932000.0,1410763648.0,0,0.0
industrials_revenue_20m,Industrials companies with revenue >= $20M,TWI,Industrials,Farm & Heavy Construction Machinery,1828443000.0,467984160.0,0,0.0
industrials_revenue_20m,Industrials companies with revenue >= $20M,TXT,Industrials,Aerospace & Defense,14799000000.0,15983874048.0,0,0.0
industrials_revenue_20m,Industrials companies with revenue >= $20M,UHAL,Industrials,Rental & Leasing Services,5828665000.0,11218194432.0,0,0.0
industrials_revenue_20m,Industrials companies with revenue >= $20M,ULS,Industrials,Specialty Business Services,3053000000.0,20069640192.0,0,0.0
industrials_revenue_20m,Industrials companies with revenue >= $20M,UNF,Industrials,Specialty Business Services,2432352000.0,4847028736.0,0,0.0
industrials_revenue_20m,Industrials companies with revenue >= $20M,UNP,Industrials,Railroads,24510000000.0,158521425920.0,0,0.0
industrials_revenue_20m,Industrials companies with revenue >= $20M,UP,Industrials,Airports & Air Services,736495000.0,321835808.0,0,0.0
industrials_revenue_20m,Industrials companies with revenue >= $20M,VATE,Industrials,Engineering & Construction,1246000000.0,196442864.0,1,0.125
industrials_revenue_20m,Industrials companies with revenue >= $20M,VLRS,Industrials,Airlines,3037516000.0,886682816.0,0,0.0
industrials_revenue_20m,Industrials companies with revenue >= $20M,VLTO,Industrials,Pollution & Treatment Controls,5503000000.0,20502628352.0,0,0.0
industrials_revenue_20m,Industrials companies with revenue >= $20M,VMI,Industrials,Conglomerates,4104102000.0,10188283904.0,0,0.0
industrials_revenue_20m,Industrials companies with revenue >= $20M,VOYG,Industrials,Aerospace & Defense,166419000.0,3068001536.0,0,0.0
industrials_revenue_20m,Industrials companies with revenue >= $20M,VRT,Industrials,Electrical Equipment & Parts,10229900000.0,120679301120.0,0,0.0
industrials_revenue_20m,Industrials companies with revenue >= $20M,VSTS,Industrials,Rental & Leasing Services,2734839000.0,1690945024.0,0,0.0
industrials_revenue_20m,Industrials companies with revenue >= $20M,VVX,Industrials,Aerospace & Defense,4480038000.0,2525816576.0,0,0.0
industrials_revenue_20m,Industrials companies with revenue >= $20M,WAB,Industrials,Railroads,11167000000.0,44319723520.0,0,0.0
industrials_revenue_20m,Industrials companies with revenue >= $20M,WCC,Industrials,Industrial Distribution,23510900000.0,17744166912.0,0,0.0
industrials_revenue_20m,Industrials companies with revenue >= $20M,WCN,Industrials,Waste Management,9466915000.0,38378921984.0,0,0.0
industrials_revenue_20m,Industrials companies with revenue >= $20M,WM,Industrials,Waste Management,25204000000.0,86097838080.0,0,0.0
industrials_revenue_20m,Industrials companies with revenue >= $20M,WMS,Industrials,Building Products & Equipment,3050376000.0,10727229440.0,0,0.0
industrials_revenue_20m,Industrials companies with revenue >= $20M,WNC,Industrials,Farm & Heavy Construction Machinery,1542754000.0,333526528.0,0,0.0
industrials_revenue_20m,Industrials companies with revenue >= $20M,WOR,Industrials,Metal Fabrication,1153762000.0,2788977152.0,0,0.0
industrials_revenue_20m,Industrials companies with revenue >= $20M,WSO,Industrials,Industrial Distribution,7239290000.0,14857077760.0,0,0.0
industrials_revenue_20m,Industrials companies with revenue >= $20M,WTS,Industrials,Specialty Industrial Machinery,2438500000.0,10387571712.0,0,0.0
industrials_revenue_20m,Industrials companies with revenue >= $20M,XPO,Industrials,Trucking,8157000000.0,25129259008.0,0,0.0
industrials_revenue_20m,Industrials companies with revenue >= $20M,XYL,Industrials,Specialty Industrial Machinery,9035000000.0,25968013312.0,0,0.0
industrials_revenue_20m,Industrials companies with revenue >= $20M,YSS,Industrials,Aerospace & Defense,386203000.0,4148925696.0,0,0.0
industrials_revenue_20m,Industrials companies with revenue >= $20M,ZIM,Industrials,Marine Shipping,6904200000.0,2915366656.0,0,0.0
industrials_revenue_20m,Industrials companies with revenue >= $20M,ZTO,Industrials,Integrated Freight & Logistics,49098667000.0,17040218112.0,0,0.0
industrials_revenue_20m,Industrials companies with revenue >= $20M,ZWS,Industrials,Pollution & Treatment Controls,1695900000.0,7876163584.0,0,0.0
consumer_cyclical_revenue_20m,Consumer Cyclical companies with revenue >= $20M,BDL,Consumer Cyclical,Restaurants,205248000.0,64123320.0,0,0.0
consumer_cyclical_revenue_20m,Consumer Cyclical companies with revenue >= $20M,BGI,Consumer Cyclical,Luxury Goods,177807000.0,12289788.0,0,0.0
consumer_cyclical_revenue_20m,Consumer Cyclical companies with revenue >= $20M,BQ,Consumer Cyclical,Specialty Retail,468894000.0,3417851.0,0,0.0
consumer_cyclical_revenue_20m,Consumer Cyclical companies with revenue >= $20M,BRIA,Consumer Cyclical,Apparel Retail,64391000.0,38532500.0,1,0.125
consumer_cyclical_revenue_20m,Consumer Cyclical companies with revenue >= $20M,DSS,Consumer Cyclical,Packaging & Containers,20757000.0,4961506.0,0,0.0
consumer_cyclical_revenue_20m,Consumer Cyclical companies with revenue >= $20M,ELA,Consumer Cyclical,Luxury Goods,241021362.0,714255232.0,0,0.0
consumer_cyclical_revenue_20m,Consumer Cyclical companies with revenue >= $20M,JMG,Consumer Cyclical,Specialty Retail,269387554.0,134265632.0,0,0.0
consumer_cyclical_revenue_20m,Consumer Cyclical companies with revenue >= $20M,OTH,Consumer Cyclical,Auto & Truck Dealerships,119866298.0,64247460.0,0,0.0
consumer_cyclical_revenue_20m,Consumer Cyclical companies with revenue >= $20M,PMNT,Consumer Cyclical,Apparel Manufacturing,21501000.0,12121338.0,0,0.0
consumer_cyclical_revenue_20m,Consumer Cyclical companies with revenue >= $20M,ROLR,Consumer Cyclical,Gambling,20453000.0,59671288.0,0,0.0
consumer_cyclical_revenue_20m,Consumer Cyclical companies with revenue >= $20M,ABLV,Consumer Cyclical,Specialty Retail,105203366.0,51859412.0,0,0.0
consumer_cyclical_revenue_20m,Consumer Cyclical companies with revenue >= $20M,ABNB,Consumer Cyclical,Travel Services,12241000000.0,79826411520.0,0,0.0
consumer_cyclical_revenue_20m,Consumer Cyclical companies with revenue >= $20M,AHMA,Consumer Cyclical,Travel Services,20229180.0,35670000.0,1,0.125
consumer_cyclical_revenue_20m,Consumer Cyclical companies with revenue >= $20M,AMWD,Consumer Cyclical,"Furnishings, Fixtures & Appliances",1709585000.0,700651840.0,0,0.0
consumer_cyclical_revenue_20m,Consumer Cyclical companies with revenue >= $20M,AMZN,Consumer Cyclical,Internet Retail,716924000000.0,2947448045568.0,0,0.0
consumer_cyclical_revenue_20m,Consumer Cyclical companies with revenue >= $20M,AOUT,Consumer Cyclical,Leisure,222322000.0,129862288.0,0,0.0
consumer_cyclical_revenue_20m,Consumer Cyclical companies with revenue >= $20M,ARHS,Consumer Cyclical,Specialty Retail,1379222000.0,970964864.0,0,0.0
consumer_cyclical_revenue_20m,Consumer Cyclical companies with revenue >= $20M,ARKO,Consumer Cyclical,Specialty Retail,7643471000.0,878414208.0,0,0.0
consumer_cyclical_revenue_20m,Consumer Cyclical companies with revenue >= $20M,ARKR,Consumer Cyclical,Restaurants,165751000.0,23223652.0,0,0.0
consumer_cyclical_revenue_20m,Consumer Cyclical companies with revenue >= $20M,ASO,Consumer Cyclical,Specialty Retail,6053414000.0,3555688448.0,0,0.0
consumer_cyclical_revenue_20m,Consumer Cyclical companies with revenue >= $20M,ATAT,Consumer Cyclical,Lodging,9790159000.0,4716286464.0,0,0.0
consumer_cyclical_revenue_20m,Consumer Cyclical companies with revenue >= $20M,ATER,Consumer Cyclical,"Furnishings, Fixtures & Appliances",68975000.0,12441746.0,0,0.0
consumer_cyclical_revenue_20m,Consumer Cyclical companies with revenue >= $20M,AZI,Consumer Cyclical,Auto & Truck Dealerships,122799000.0,6247876.0,0,0.0
consumer_cyclical_revenue_20m,Consumer Cyclical companies with revenue >= $20M,BIRD,Consumer Cyclical,Apparel Retail,152466000.0,37601836.0,0,0.0
consumer_cyclical_revenue_20m,Consumer Cyclical companies with revenue >= $20M,BJRI,Consumer Cyclical,Restaurants,1399126000.0,977286976.0,0,0.0
consumer_cyclical_revenue_20m,Consumer Cyclical companies with revenue >= $20M,BKNG,Consumer Cyclical,Travel Services,26917000000.0,131589865472.0,0,0.0
consumer_cyclical_revenue_20m,Consumer Cyclical companies with revenue >= $20M,BLMN,Consumer Cyclical,Restaurants,3955996000.0,712310848.0,0,0.0
consumer_cyclical_revenue_20m,Consumer Cyclical companies with revenue >= $20M,BRAG,Consumer Cyclical,Gambling,106074000.0,43318012.0,0,0.0
consumer_cyclical_revenue_20m,Consumer Cyclical companies with revenue >= $20M,BRCB,Consumer Cyclical,Restaurants,200321000.0,183369584.0,0,0.0
consumer_cyclical_revenue_20m,Consumer Cyclical companies with revenue >= $20M,BRLT,Consumer Cyclical,Luxury Goods,437483000.0,126501504.0,0,0.0
consumer_cyclical_revenue_20m,Consumer Cyclical companies with revenue >= $20M,BSET,Consumer Cyclical,"Furnishings, Fixtures & Appliances",335280000.0,128238480.0,0,0.0
consumer_cyclical_revenue_20m,Consumer Cyclical companies with revenue >= $20M,BZUN,Consumer Cyclical,Internet Retail,9945483000.0,148808672.0,0,0.0
consumer_cyclical_revenue_20m,Consumer Cyclical companies with revenue >= $20M,CAAS,Consumer Cyclical,Auto Parts,765736000.0,140595472.0,1,0.125
consumer_cyclical_revenue_20m,Consumer Cyclical companies with revenue >= $20M,CAKE,Consumer Cyclical,Restaurants,3751806000.0,3192781568.0,0,0.0
consumer_cyclical_revenue_20m,Consumer Cyclical companies with revenue >= $20M,CARG,Consumer Cyclical,Auto & Truck Dealerships,906980000.0,2737178368.0,0,0.0
consumer_cyclical_revenue_20m,Consumer Cyclical companies with revenue >= $20M,CART,Consumer Cyclical,Internet Retail,3742000000.0,9387089920.0,0,0.0
consumer_cyclical_revenue_20m,Consumer Cyclical companies with revenue >= $20M,CASY,Consumer Cyclical,Specialty Retail,15940899000.0,28948160512.0,0,0.0
consumer_cyclical_revenue_20m,Consumer Cyclical companies with revenue >= $20M,CBRL,Consumer Cyclical,Restaurants,3483684000.0,764852096.0,0,0.0
consumer_cyclical_revenue_20m,Consumer Cyclical companies with revenue >= $20M,CDRO,Consumer Cyclical,Gambling,210407000.0,427763072.0,0,0.0
consumer_cyclical_revenue_20m,Consumer Cyclical companies with revenue >= $20M,CGTL,Consumer Cyclical,Specialty Retail,21150042.0,17979202.0,0,0.0
consumer_cyclical_revenue_20m,Consumer Cyclical companies with revenue >= $20M,CHA,Consumer Cyclical,Restaurants,12907407000.0,1938155392.0,0,0.0
consumer_cyclical_revenue_20m,Consumer Cyclical companies with revenue >= $20M,CHDN,Consumer Cyclical,Gambling,2925900000.0,6163297792.0,0,0.0
consumer_cyclical_revenue_20m,Consumer Cyclical companies with revenue >= $20M,CLAR,Consumer Cyclical,Leisure,250440000.0,119553024.0,0,0.0
consumer_cyclical_revenue_20m,Consumer Cyclical companies with revenue >= $20M,CLIK,Consumer Cyclical,Personal Services,83548892.0,5971350.0,0,0.0
consumer_cyclical_revenue_20m,Consumer Cyclical companies with revenue >= $20M,CNTY,Consumer Cyclical,Resorts & Casinos,572975000.0,37750288.0,0,0.0
consumer_cyclical_revenue_20m,Consumer Cyclical companies with revenue >= $20M,COLM,Consumer Cyclical,Apparel Manufacturing,3397351000.0,3466834432.0,0,0.0
consumer_cyclical_revenue_20m,Consumer Cyclical companies with revenue >= $20M,CPHC,Consumer Cyclical,Resorts & Casinos,59567585.0,80757240.0,0,0.0
consumer_cyclical_revenue_20m,Consumer Cyclical companies with revenue >= $20M,CRMT,Consumer Cyclical,Auto & Truck Dealerships,1390932000.0,106603456.0,0,0.0
consumer_cyclical_revenue_20m,Consumer Cyclical companies with revenue >= $20M,CROX,Consumer Cyclical,Footwear & Accessories,4040647000.0,5894185984.0,0,0.0
consumer_cyclical_revenue_20m,Consumer Cyclical companies with revenue >= $20M,CRWS,Consumer Cyclical,"Furnishings, Fixtures & Appliances",87250000.0,31023584.0,0,0.0
consumer_cyclical_revenue_20m,Consumer Cyclical companies with revenue >= $20M,CTRN,Consumer Cyclical,Apparel Retail,819962000.0,422233216.0,0,0.0
consumer_cyclical_revenue_20m,Consumer Cyclical companies with revenue >= $20M,CULP,Consumer Cyclical,Textile Manufacturing,213237000.0,38241608.0,0,0.0
consumer_cyclical_revenue_20m,Consumer Cyclical companies with revenue >= $20M,CVCO,Consumer Cyclical,Residential Construction,2244505000.0,4137361664.0,0,0.0
consumer_cyclical_revenue_20m,Consumer Cyclical companies with revenue >= $20M,CVGI,Consumer Cyclical,Auto Parts,649002000.0,176820624.0,0,0.0
consumer_cyclical_revenue_20m,Consumer Cyclical companies with revenue >= $20M,CZR,Consumer Cyclical,Resorts & Casinos,11486000000.0,5922925056.0,0,0.0
consumer_cyclical_revenue_20m,Consumer Cyclical companies with revenue >= $20M,DASH,Consumer Cyclical,Internet Retail,13717000000.0,68277121024.0,0,0.0
consumer_cyclical_revenue_20m,Consumer Cyclical companies with revenue >= $20M,DKNG,Consumer Cyclical,Gambling,6054525000.0,12170040320.0,0,0.0
consumer_cyclical_revenue_20m,Consumer Cyclical companies with revenue >= $20M,DLTH,Consumer Cyclical,Apparel Retail,565184000.0,136882016.0,0,0.0
consumer_cyclical_revenue_20m,Consumer Cyclical companies with revenue >= $20M,DOO,Consumer Cyclical,Recreational Vehicles,8442700000.0,4318814208.0,0,0.0
consumer_cyclical_revenue_20m,Consumer Cyclical companies with revenue >= $20M,DORM,Consumer Cyclical,Auto Parts,2130319000.0,3736842752.0,0,0.0
consumer_cyclical_revenue_20m,Consumer Cyclical companies with revenue >= $20M,DPZ,Consumer Cyclical,Restaurants,4939994000.0,10322821120.0,0,0.0
consumer_cyclical_revenue_20m,Consumer Cyclical companies with revenue >= $20M,DRVN,Consumer Cyclical,Auto & Truck Dealerships,1862438000.0,2340398336.0,0,0.0
consumer_cyclical_revenue_20m,Consumer Cyclical companies with revenue >= $20M,DXLG,Consumer Cyclical,Apparel Retail,435017000.0,40553868.0,0,0.0
consumer_cyclical_revenue_20m,Consumer Cyclical companies with revenue >= $20M,EBAY,Consumer Cyclical,Internet Retail,11100000000.0,49785716736.0,0,0.0
consumer_cyclical_revenue_20m,Consumer Cyclical companies with revenue >= $20M,ECX,Consumer Cyclical,Auto Parts,847858000.0,400112960.0,0,0.0
consumer_cyclical_revenue_20m,Consumer Cyclical companies with revenue >= $20M,ESCA,Consumer Cyclical,Leisure,240158000.0,263676224.0,0,0.0
consumer_cyclical_revenue_20m,Consumer Cyclical companies with revenue >= $20M,EVGO,Consumer Cyclical,Specialty Retail,384086000.0,677936256.0,0,0.0
consumer_cyclical_revenue_20m,Consumer Cyclical companies with revenue >= $20M,EXPE,Consumer Cyclical,Travel Services,14733000000.0,27311024128.0,0,0.0
consumer_cyclical_revenue_20m,Consumer Cyclical companies with revenue >= $20M,EYE,Consumer Cyclical,Specialty Retail,1987488000.0,1392427520.0,0,0.0
consumer_cyclical_revenue_20m,Consumer Cyclical companies with revenue >= $20M,EZGO,Consumer Cyclical,Recreational Vehicles,20486067.0,3182140.0,0,0.0
consumer_cyclical_revenue_20m,Consumer Cyclical companies with revenue >= $20M,FGI,Consumer Cyclical,"Furnishings, Fixtures & Appliances",130528652.0,11413811.0,0,0.0
consumer_cyclical_revenue_20m,Consumer Cyclical companies with revenue >= $20M,FIVE,Consumer Cyclical,Specialty Retail,4764147000.0,12435828736.0,0,0.0
consumer_cyclical_revenue_20m,Consumer Cyclical companies with revenue >= $20M,FLL,Consumer Cyclical,Resorts & Casinos,302376000.0,97190696.0,0,0.0
consumer_cyclical_revenue_20m,Consumer Cyclical companies with revenue >= $20M,FLWS,Consumer Cyclical,Specialty Retail,1685658000.0,288443168.0,0,0.0
consumer_cyclical_revenue_20m,Consumer Cyclical companies with revenue >= $20M,FLXS,Consumer Cyclical,"Furnishings, Fixtures & Appliances",441073000.0,244009824.0,0,0.0
consumer_cyclical_revenue_20m,Consumer Cyclical companies with revenue >= $20M,FLYE,Consumer Cyclical,Auto Manufacturers,25427163.0,2954618.0,0,0.0
consumer_cyclical_revenue_20m,Consumer Cyclical companies with revenue >= $20M,FNKO,Consumer Cyclical,Leisure,908209000.0,307117696.0,0,0.0
consumer_cyclical_revenue_20m,Consumer Cyclical companies with revenue >= $20M,FOSL,Consumer Cyclical,Footwear & Accessories,1004406000.0,265957200.0,0,0.0
consumer_cyclical_revenue_20m,Consumer Cyclical companies with revenue >= $20M,FOXF,Consumer Cyclical,Auto Parts,1467321000.0,789657344.0,0,0.0
consumer_cyclical_revenue_20m,Consumer Cyclical companies with revenue >= $20M,FTDR,Consumer Cyclical,Personal Services,2093000000.0,4360886272.0,0,0.0
consumer_cyclical_revenue_20m,Consumer Cyclical companies with revenue >= $20M,FWRG,Consumer Cyclical,Restaurants,1222501000.0,720628672.0,0,0.0
consumer_cyclical_revenue_20m,Consumer Cyclical companies with revenue >= $20M,GAMB,Consumer Cyclical,Gambling,165447000.0,86353136.0,0,0.0
consumer_cyclical_revenue_20m,Consumer Cyclical companies with revenue >= $20M,GENK,Consumer Cyclical,Restaurants,212541000.0,69225696.0,0,0.0
consumer_cyclical_revenue_20m,Consumer Cyclical companies with revenue >= $20M,GGR,Consumer Cyclical,Auto Manufacturers,281480000.0,80294320.0,0,0.0
consumer_cyclical_revenue_20m,Consumer Cyclical companies with revenue >= $20M,GIII,Consumer Cyclical,Apparel Manufacturing,2957012000.0,1389293312.0,0,0.0
consumer_cyclical_revenue_20m,Consumer Cyclical companies with revenue >= $20M,GLBE,Consumer Cyclical,Internet Retail,962195000.0,5054138880.0,0,0.0
consumer_cyclical_revenue_20m,Consumer Cyclical companies with revenue >= $20M,GNTX,Consumer Cyclical,Auto Parts,2534268965.0,5127880192.0,0,0.0
consumer_cyclical_revenue_20m,Consumer Cyclical companies with revenue >= $20M,GRWG,Consumer Cyclical,Specialty Retail,161741000.0,106961808.0,0,0.0
consumer_cyclical_revenue_20m,Consumer Cyclical companies with revenue >= $20M,GT,Consumer Cyclical,Auto Parts,18280000000.0,1782119424.0,0,0.0
consumer_cyclical_revenue_20m,Consumer Cyclical companies with revenue >= $20M,GTEC,Consumer Cyclical,Auto Parts,90694007.0,17014846.0,0,0.0
consumer_cyclical_revenue_20m,Consumer Cyclical companies with revenue >= $20M,GTIM,Consumer Cyclical,Restaurants,141630000.0,13830843.0,0,0.0
consumer_cyclical_revenue_20m,Consumer Cyclical companies with revenue >= $20M,GTX,Consumer Cyclical,Auto Parts,3584000000.0,6233376768.0,0,0.0
consumer_cyclical_revenue_20m,Consumer Cyclical companies with revenue >= $20M,HAS,Consumer Cyclical,Leisure,4701300000.0,12221965312.0,0,0.0
consumer_cyclical_revenue_20m,Consumer Cyclical companies with revenue >= $20M,HDL,Consumer Cyclical,Restaurants,840755000.0,788416320.0,0,0.0
consumer_cyclical_revenue_20m,Consumer Cyclical companies with revenue >= $20M,HEPS,Consumer Cyclical,Internet Retail,84651820000.0,1003802816.0,0,0.0
consumer_cyclical_revenue_20m,Consumer Cyclical companies with revenue >= $20M,HOFT,Consumer Cyclical,"Furnishings, Fixtures & Appliances",278139000.0,139999296.0,0,0.0
consumer_cyclical_revenue_20m,Consumer Cyclical companies with revenue >= $20M,HOUR,Consumer Cyclical,Internet Retail,142440236.0,65104992.0,0,0.0
consumer_cyclical_revenue_20m,Consumer Cyclical companies with revenue >= $20M,HSAI,Consumer Cyclical,Auto Parts,3027573000.0,3125558528.0,0,0.0
consumer_cyclical_revenue_20m,Consumer Cyclical companies with revenue >= $20M,HTHT,Consumer Cyclical,Lodging,25307000000.0,13746314240.0,0,0.0
consumer_cyclical_revenue_20m,Consumer Cyclical companies with revenue >= $20M,HTLM,Consumer Cyclical,Specialty Retail,377876123.0,163231264.0,0,0.0
consumer_cyclical_revenue_20m,Consumer Cyclical companies with revenue >= $20M,INEO,Consumer Cyclical,Auto Parts,58425000.0,10081622.0,1,0.125
consumer_cyclical_revenue_20m,Consumer Cyclical companies with revenue >= $20M,INSE,Consumer Cyclical,Gambling,304100000.0,203266208.0,0,0.0
consumer_cyclical_revenue_20m,Consumer Cyclical companies with revenue >= $20M,INTG,Consumer Cyclical,Lodging,64378000.0,88445104.0,0,0.0
consumer_cyclical_revenue_20m,Consumer Cyclical companies with revenue >= $20M,INVZ,Consumer Cyclical,Auto Parts,55089000.0,162083696.0,0,0.0
consumer_cyclical_revenue_20m,Consumer Cyclical companies with revenue >= $20M,JACK,Consumer Cyclical,Restaurants,1465314000.0,220491008.0,0,0.0
consumer_cyclical_revenue_20m,Consumer Cyclical companies with revenue >= $20M,JAKK,Consumer Cyclical,Leisure,570671000.0,261848112.0,0,0.0
consumer_cyclical_revenue_20m,Consumer Cyclical companies with revenue >= $20M,JD,Consumer Cyclical,Internet Retail,1309085000000.0,39353569280.0,0,0.0
consumer_cyclical_revenue_20m,Consumer Cyclical companies with revenue >= $20M,JEM,Consumer Cyclical,Apparel Retail,106909244.0,2719914.0,1,0.125
consumer_cyclical_revenue_20m,Consumer Cyclical companies with revenue >= $20M,JL,Consumer Cyclical,Apparel Manufacturing,39075090.0,24676758.0,0,0.0
consumer_cyclical_revenue_20m,Consumer Cyclical companies with revenue >= $20M,JOUT,Consumer Cyclical,Leisure,592415000.0,476598496.0,0,0.0
consumer_cyclical_revenue_20m,Consumer Cyclical companies with revenue >= $20M,JRSH,Consumer Cyclical,Apparel Manufacturing,145812006.0,43052796.0,0,0.0
consumer_cyclical_revenue_20m,Consumer Cyclical companies with revenue >= $20M,JWEL,Consumer Cyclical,Internet Retail,165000000.0,5298772.0,0,0.0
consumer_cyclical_revenue_20m,Consumer Cyclical companies with revenue >= $20M,JXG,Consumer Cyclical,Apparel Manufacturing,82936767.0,92016864.0,0,0.0
consumer_cyclical_revenue_20m,Consumer Cyclical companies with revenue >= $20M,KEQU,Consumer Cyclical,"Furnishings, Fixtures & Appliances",240472000.0,117292432.0,0,0.0
consumer_cyclical_revenue_20m,Consumer Cyclical companies with revenue >= $20M,KNDI,Consumer Cyclical,Recreational Vehicles,87439981.0,83485336.0,0,0.0
consumer_cyclical_revenue_20m,Consumer Cyclical companies with revenue >= $20M,KRT,Consumer Cyclical,Packaging & Containers,467743000.0,546008064.0,0,0.0
consumer_cyclical_revenue_20m,Consumer Cyclical companies with revenue >= $20M,KRUS,Consumer Cyclical,Restaurants,282763000.0,695709184.0,0,0.0
consumer_cyclical_revenue_20m,Consumer Cyclical companies with revenue >= $20M,LAKE,Consumer Cyclical,Apparel Manufacturing,192648000.0,107744696.0,0,0.0
consumer_cyclical_revenue_20m,Consumer Cyclical companies with revenue >= $20M,LCID,Consumer Cyclical,Auto Manufacturers,1353790000.0,2521058816.0,0,0.0
consumer_cyclical_revenue_20m,Consumer Cyclical companies with revenue >= $20M,LCUT,Consumer Cyclical,"Furnishings, Fixtures & Appliances",647933000.0,196781616.0,0,0.0
consumer_cyclical_revenue_20m,Consumer Cyclical companies with revenue >= $20M,LE,Consumer Cyclical,Apparel Retail,1335146000.0,364303328.0,0,0.0
consumer_cyclical_revenue_20m,Consumer Cyclical companies with revenue >= $20M,LEGH,Consumer Cyclical,Residential Construction,164567000.0,577417280.0,0,0.0
consumer_cyclical_revenue_20m,Consumer Cyclical companies with revenue >= $20M,LESL,Consumer Cyclical,Specialty Retail,1241915000.0,41087976.0,0,0.0
consumer_cyclical_revenue_20m,Consumer Cyclical companies with revenue >= $20M,LGIH,Consumer Cyclical,Residential Construction,1705504000.0,1132805888.0,0,0.0
consumer_cyclical_revenue_20m,Consumer Cyclical companies with revenue >= $20M,LI,Consumer Cyclical,Auto Manufacturers,112312511000.0,15811938304.0,0,0.0
consumer_cyclical_revenue_20m,Consumer Cyclical companies with revenue >= $20M,LIND,Consumer Cyclical,Travel Services,771019000.0,1507488000.0,0,0.0
consumer_cyclical_revenue_20m,Consumer Cyclical companies with revenue >= $20M,LIVE,Consumer Cyclical,Home Improvement Retail,444944000.0,31638058.0,1,0.125
consumer_cyclical_revenue_20m,Consumer Cyclical companies with revenue >= $20M,LKQ,Consumer Cyclical,Auto Parts,13651000000.0,6953242112.0,0,0.0
consumer_cyclical_revenue_20m,Consumer Cyclical companies with revenue >= $20M,LOBO,Consumer Cyclical,Auto Manufacturers,23217642.0,10935131.0,0,0.0
consumer_cyclical_revenue_20m,Consumer Cyclical companies with revenue >= $20M,LOCO,Consumer Cyclical,Restaurants,490046000.0,424851392.0,0,0.0
consumer_cyclical_revenue_20m,Consumer Cyclical companies with revenue >= $20M,LOT,Consumer Cyclical,Auto Manufacturers,519098000.0,828546816.0,0,0.0
consumer_cyclical_revenue_20m,Consumer Cyclical companies with revenue >= $20M,LOVE,Consumer Cyclical,"Furnishings, Fixtures & Appliances",697115000.0,238104192.0,0,0.0
consumer_cyclical_revenue_20m,Consumer Cyclical companies with revenue >= $20M,LQDT,Consumer Cyclical,Internet Retail,476669000.0,1132814208.0,0,0.0
consumer_cyclical_revenue_20m,Consumer Cyclical companies with revenue >= $20M,LULU,Consumer Cyclical,Apparel Retail,11102600000.0,15700620288.0,0,0.0
consumer_cyclical_revenue_20m,Consumer Cyclical companies with revenue >= $20M,LVLU,Consumer Cyclical,Apparel Retail,282284000.0,27899304.0,0,0.0
consumer_cyclical_revenue_20m,Consumer Cyclical companies with revenue >= $20M,MAMO,Consumer Cyclical,Recreational Vehicles,71828444.0,42890180.0,0,0.0
consumer_cyclical_revenue_20m,Consumer Cyclical companies with revenue >= $20M,MAR,Consumer Cyclical,Lodging,26186000000.0,101720522752.0,0,0.0
consumer_cyclical_revenue_20m,Consumer Cyclical companies with revenue >= $20M,MAT,Consumer Cyclical,Leisure,5347623000.0,4326572544.0,0,0.0
consumer_cyclical_revenue_20m,Consumer Cyclical companies with revenue >= $20M,MB,Consumer Cyclical,Restaurants,459102040.0,112708352.0,0,0.0
consumer_cyclical_revenue_20m,Consumer Cyclical companies with revenue >= $20M,MBLY,Consumer Cyclical,Auto Parts,1894000000.0,8767157248.0,1,0.125
consumer_cyclical_revenue_20m,Consumer Cyclical companies with revenue >= $20M,MBUU,Consumer Cyclical,Recreational Vehicles,807561000.0,546695168.0,0,0.0
consumer_cyclical_revenue_20m,Consumer Cyclical companies with revenue >= $20M,MCFT,Consumer Cyclical,Recreational Vehicles,284203000.0,582061184.0,1,0.125
consumer_cyclical_revenue_20m,Consumer Cyclical companies with revenue >= $20M,MCRI,Consumer Cyclical,Resorts & Casinos,545125000.0,2144141568.0,0,0.0
consumer_cyclical_revenue_20m,Consumer Cyclical companies with revenue >= $20M,MELI,Consumer Cyclical,Internet Retail,28893000000.0,85958598656.0,0,0.0
consumer_cyclical_revenue_20m,Consumer Cyclical companies with revenue >= $20M,MGIH,Consumer Cyclical,Packaging & Containers,38530773.0,16537500.0,0,0.0
consumer_cyclical_revenue_20m,Consumer Cyclical companies with revenue >= $20M,MLCO,Consumer Cyclical,Resorts & Casinos,5163299000.0,2151135232.0,0,0.0
consumer_cyclical_revenue_20m,Consumer Cyclical companies with revenue >= $20M,MLKN,Consumer Cyclical,"Furnishings, Fixtures & Appliances",3669900000.0,1126815616.0,0,0.0
consumer_cyclical_revenue_20m,Consumer Cyclical companies with revenue >= $20M,MMYT,Consumer Cyclical,Travel Services,978336000.0,4490064384.0,1,0.125
consumer_cyclical_revenue_20m,Consumer Cyclical companies with revenue >= $20M,MNRO,Consumer Cyclical,Auto Parts,1195334000.0,499019936.0,1,0.125
consumer_cyclical_revenue_20m,Consumer Cyclical companies with revenue >= $20M,MPAA,Consumer Cyclical,Auto Parts,757354000.0,216315344.0,0,0.0
consumer_cyclical_revenue_20m,Consumer Cyclical companies with revenue >= $20M,MRM,Consumer Cyclical,Personal Services,8299134000.0,9482342.0,0,0.0
consumer_cyclical_revenue_20m,Consumer Cyclical companies with revenue >= $20M,MVST,Consumer Cyclical,Auto Parts,427516000.0,533051808.0,0,0.0
consumer_cyclical_revenue_20m,Consumer Cyclical companies with revenue >= $20M,MWC,Consumer Cyclical,Auto Parts,21119304000.0,418252672.0,0,0.0
consumer_cyclical_revenue_20m,Consumer Cyclical companies with revenue >= $20M,NAAS,Consumer Cyclical,Specialty Retail,125139000.0,38223428.0,0,0.0
consumer_cyclical_revenue_20m,Consumer Cyclical companies with revenue >= $20M,NATH,Consumer Cyclical,Restaurants,148182000.0,414353760.0,0,0.0
consumer_cyclical_revenue_20m,Consumer Cyclical companies with revenue >= $20M,NCI,Consumer Cyclical,Apparel Manufacturing,137247341.0,191031584.0,1,0.125
consumer_cyclical_revenue_20m,Consumer Cyclical companies with revenue >= $20M,NDLS,Consumer Cyclical,Restaurants,495089000.0,67640720.0,0,0.0
consumer_cyclical_revenue_20m,Consumer Cyclical companies with revenue >= $20M,NEGG,Consumer Cyclical,Internet Retail,1444468000.0,390308672.0,0,0.0
consumer_cyclical_revenue_20m,Consumer Cyclical companies with revenue >= $20M,NHTC,Consumer Cyclical,Internet Retail,39776000.0,24189534.0,0,0.0
consumer_cyclical_revenue_20m,Consumer Cyclical companies with revenue >= $20M,NIU,Consumer Cyclical,Auto Manufacturers,4307865498.0,191384064.0,0,0.0
consumer_cyclical_revenue_20m,Consumer Cyclical companies with revenue >= $20M,NPT,Consumer Cyclical,Specialty Retail,797148640.0,28396800.0,0,0.0
consumer_cyclical_revenue_20m,Consumer Cyclical companies with revenue >= $20M,OLPX,Consumer Cyclical,Specialty Retail,422960000.0,1377686400.0,0,0.0
consumer_cyclical_revenue_20m,Consumer Cyclical companies with revenue >= $20M,ONEW,Consumer Cyclical,Specialty Retail,1872334000.0,188609104.0,0,0.0
consumer_cyclical_revenue_20m,Consumer Cyclical companies with revenue >= $20M,ORBS,Consumer Cyclical,Packaging & Containers,32981126.0,373267104.0,0,0.0
consumer_cyclical_revenue_20m,Consumer Cyclical companies with revenue >= $20M,ORLY,Consumer Cyclical,Auto Parts,17781992000.0,73946251264.0,0,0.0
consumer_cyclical_revenue_20m,Consumer Cyclical companies with revenue >= $20M,OSW,Consumer Cyclical,Leisure,961001000.0,2466810624.0,0,0.0
consumer_cyclical_revenue_20m,Consumer Cyclical companies with revenue >= $20M,PASW,Consumer Cyclical,Textile Manufacturing,34147936.0,19429800.0,0,0.0
consumer_cyclical_revenue_20m,Consumer Cyclical companies with revenue >= $20M,PATK,Consumer Cyclical,Recreational Vehicles,3950773000.0,3065319680.0,0,0.0
consumer_cyclical_revenue_20m,Consumer Cyclical companies with revenue >= $20M,PDD,Consumer Cyclical,Internet Retail,431845713000.0,118184607744.0,0,0.0
consumer_cyclical_revenue_20m,Consumer Cyclical companies with revenue >= $20M,PENN,Consumer Cyclical,Resorts & Casinos,6961000000.0,2601915136.0,0,0.0
consumer_cyclical_revenue_20m,Consumer Cyclical companies with revenue >= $20M,PLBL,Consumer Cyclical,Department Stores,26419714.0,2557384448.0,0,0.0
consumer_cyclical_revenue_20m,Consumer Cyclical companies with revenue >= $20M,PLBY,Consumer Cyclical,Leisure,120928000.0,160034544.0,0,0.0
consumer_cyclical_revenue_20m,Consumer Cyclical companies with revenue >= $20M,PLCE,Consumer Cyclical,Apparel Manufacturing,1208830000.0,96621672.0,0,0.0
consumer_cyclical_revenue_20m,Consumer Cyclical companies with revenue >= $20M,PRPL,Consumer Cyclical,"Furnishings, Fixtures & Appliances",468725000.0,45314992.0,0,0.0
consumer_cyclical_revenue_20m,Consumer Cyclical companies with revenue >= $20M,PRTS,Consumer Cyclical,Auto Parts,547525000.0,46815852.0,0,0.0
consumer_cyclical_revenue_20m,Consumer Cyclical companies with revenue >= $20M,PSNY,Consumer Cyclical,Auto Manufacturers,3058109000.0,2120233856.0,0,0.0
consumer_cyclical_revenue_20m,Consumer Cyclical companies with revenue >= $20M,PSNYW,Consumer Cyclical,Auto Manufacturers,3058109000.0,29326352384.0,0,0.0
consumer_cyclical_revenue_20m,Consumer Cyclical companies with revenue >= $20M,PTLE,Consumer Cyclical,Specialty Retail,71647383.0,31468422.0,0,0.0
consumer_cyclical_revenue_20m,Consumer Cyclical companies with revenue >= $20M,PTLO,Consumer Cyclical,Restaurants,732066000.0,308342912.0,0,0.0
consumer_cyclical_revenue_20m,Consumer Cyclical companies with revenue >= $20M,PTON,Consumer Cyclical,Leisure,2490800000.0,2615271168.0,0,0.0
consumer_cyclical_revenue_20m,Consumer Cyclical companies with revenue >= $20M,PZZA,Consumer Cyclical,Restaurants,2053808000.0,1140054784.0,0,0.0
consumer_cyclical_revenue_20m,Consumer Cyclical companies with revenue >= $20M,RCKY,Consumer Cyclical,Footwear & Accessories,481976000.0,291322848.0,0,0.0
consumer_cyclical_revenue_20m,Consumer Cyclical companies with revenue >= $20M,RDNW,Consumer Cyclical,Auto & Truck Dealerships,1082500000.0,312556128.0,0,0.0
consumer_cyclical_revenue_20m,Consumer Cyclical companies with revenue >= $20M,REAL,Consumer Cyclical,Luxury Goods,692845000.0,1181984640.0,0,0.0
consumer_cyclical_revenue_20m,Consumer Cyclical companies with revenue >= $20M,RECT,Consumer Cyclical,Specialty Retail,43796144.0,19720000.0,0,0.0
consumer_cyclical_revenue_20m,Consumer Cyclical companies with revenue >= $20M,RENT,Consumer Cyclical,Apparel Retail,329800000.0,134521888.0,0,0.0
consumer_cyclical_revenue_20m,Consumer Cyclical companies with revenue >= $20M,REYN,Consumer Cyclical,Packaging & Containers,3721000000.0,4657958912.0,0,0.0
consumer_cyclical_revenue_20m,Consumer Cyclical companies with revenue >= $20M,RGS,Consumer Cyclical,Personal Services,210134000.0,72839376.0,0,0.0
consumer_cyclical_revenue_20m,Consumer Cyclical companies with revenue >= $20M,RICK,Consumer Cyclical,Restaurants,279434000.0,192970832.0,0,0.0
consumer_cyclical_revenue_20m,Consumer Cyclical companies with revenue >= $20M,RIVN,Consumer Cyclical,Auto Manufacturers,5387000000.0,20411570176.0,0,0.0
consumer_cyclical_revenue_20m,Consumer Cyclical companies with revenue >= $20M,ROST,Consumer Cyclical,Apparel Retail,22750559000.0,73486688256.0,0,0.0
consumer_cyclical_revenue_20m,Consumer Cyclical companies with revenue >= $20M,RRGB,Consumer Cyclical,Restaurants,1210225000.0,88983328.0,0,0.0
consumer_cyclical_revenue_20m,Consumer Cyclical companies with revenue >= $20M,RRR,Consumer Cyclical,Resorts & Casinos,2011483000.0,5854441472.0,0,0.0
consumer_cyclical_revenue_20m,Consumer Cyclical companies with revenue >= $20M,RUSHA,Consumer Cyclical,Auto & Truck Dealerships,7434195000.0,5518349824.0,0,0.0
consumer_cyclical_revenue_20m,Consumer Cyclical companies with revenue >= $20M,RUSHB,Consumer Cyclical,Auto & Truck Dealerships,7434195000.0,5150770176.0,0,0.0
consumer_cyclical_revenue_20m,Consumer Cyclical companies with revenue >= $20M,SBUX,Consumer Cyclical,Restaurants,37184400000.0,114824773632.0,0,0.0
consumer_cyclical_revenue_20m,Consumer Cyclical companies with revenue >= $20M,SCVL,Consumer Cyclical,Apparel Retail,1135324000.0,483721568.0,0,0.0
consumer_cyclical_revenue_20m,Consumer Cyclical companies with revenue >= $20M,SDA,Consumer Cyclical,Auto & Truck Dealerships,489291000.0,80587400.0,0,0.0
consumer_cyclical_revenue_20m,Consumer Cyclical companies with revenue >= $20M,SFIX,Consumer Cyclical,Apparel Retail,1267171000.0,503768128.0,0,0.0
consumer_cyclical_revenue_20m,Consumer Cyclical companies with revenue >= $20M,SGC,Consumer Cyclical,Apparel Manufacturing,566184000.0,207151152.0,0,0.0
consumer_cyclical_revenue_20m,Consumer Cyclical companies with revenue >= $20M,SHOO,Consumer Cyclical,Footwear & Accessories,2534109000.0,3171908096.0,0,0.0
consumer_cyclical_revenue_20m,Consumer Cyclical companies with revenue >= $20M,SNBR,Consumer Cyclical,"Furnishings, Fixtures & Appliances",1411450000.0,41949180.0,0,0.0
consumer_cyclical_revenue_20m,Consumer Cyclical companies with revenue >= $20M,SPWH,Consumer Cyclical,Specialty Retail,1209182000.0,52197492.0,0,0.0
consumer_cyclical_revenue_20m,Consumer Cyclical companies with revenue >= $20M,STKS,Consumer Cyclical,Restaurants,805722000.0,63759884.0,0,0.0
consumer_cyclical_revenue_20m,Consumer Cyclical companies with revenue >= $20M,STRT,Consumer Cyclical,Auto Parts,565066000.0,331044448.0,0,0.0
consumer_cyclical_revenue_20m,Consumer Cyclical companies with revenue >= $20M,SYPR,Consumer Cyclical,Auto Parts,119887000.0,81919624.0,0,0.0
consumer_cyclical_revenue_20m,Consumer Cyclical companies with revenue >= $20M,TCOM,Consumer Cyclical,Travel Services,62409000000.0,29646522368.0,0,0.0
consumer_cyclical_revenue_20m,Consumer Cyclical companies with revenue >= $20M,TDUP,Consumer Cyclical,Internet Retail,310813000.0,615524864.0,0,0.0
consumer_cyclical_revenue_20m,Consumer Cyclical companies with revenue >= $20M,THCH,Consumer Cyclical,Restaurants,1316196474.0,59267576.0,0,0.0
consumer_cyclical_revenue_20m,Consumer Cyclical companies with revenue >= $20M,THRM,Consumer Cyclical,Auto Parts,1498602000.0,1069368384.0,0,0.0
consumer_cyclical_revenue_20m,Consumer Cyclical companies with revenue >= $20M,TILE,Consumer Cyclical,"Furnishings, Fixtures & Appliances",1386854000.0,1735880064.0,0,0.0
consumer_cyclical_revenue_20m,Consumer Cyclical companies with revenue >= $20M,TKLF,Consumer Cyclical,Specialty Retail,210119238.0,8423234.0,0,0.0
consumer_cyclical_revenue_20m,Consumer Cyclical companies with revenue >= $20M,TLF,Consumer Cyclical,Specialty Retail,76324000.0,19055950.0,0,0.0
consumer_cyclical_revenue_20m,Consumer Cyclical companies with revenue >= $20M,TOUR,Consumer Cyclical,Travel Services,577974000.0,66160280.0,0,0.0
consumer_cyclical_revenue_20m,Consumer Cyclical companies with revenue >= $20M,TRIP,Consumer Cyclical,Travel Services,1891000000.0,1268336640.0,0,0.0
consumer_cyclical_revenue_20m,Consumer Cyclical companies with revenue >= $20M,TRS,Consumer Cyclical,Packaging & Containers,645720000.0,1483624448.0,0,0.0
consumer_cyclical_revenue_20m,Consumer Cyclical companies with revenue >= $20M,TSCO,Consumer Cyclical,Specialty Retail,15524046000.0,16451984384.0,0,0.0
consumer_cyclical_revenue_20m,Consumer Cyclical companies with revenue >= $20M,TSLA,Consumer Cyclical,Auto Manufacturers,94827000000.0,1660405547008.0,0,0.0
consumer_cyclical_revenue_20m,Consumer Cyclical companies with revenue >= $20M,TXRH,Consumer Cyclical,Restaurants,5878075000.0,11854337024.0,0,0.0
consumer_cyclical_revenue_20m,Consumer Cyclical companies with revenue >= $20M,UCAR,Consumer Cyclical,Auto & Truck Dealerships,41125000.0,33613432.0,1,0.125
consumer_cyclical_revenue_20m,Consumer Cyclical companies with revenue >= $20M,ULTA,Consumer Cyclical,Specialty Retail,12392820000.0,22749609984.0,0,0.0
consumer_cyclical_revenue_20m,Consumer Cyclical companies with revenue >= $20M,URBN,Consumer Cyclical,Apparel Retail,6165376000.0,6712467968.0,0,0.0
consumer_cyclical_revenue_20m,Consumer Cyclical companies with revenue >= $20M,UXIN,Consumer Cyclical,Auto & Truck Dealerships,3239693000.0,503754784.0,0,0.0
consumer_cyclical_revenue_20m,Consumer Cyclical companies with revenue >= $20M,VC,Consumer Cyclical,Auto Parts,3768000000.0,3179791616.0,0,0.0
consumer_cyclical_revenue_20m,Consumer Cyclical companies with revenue >= $20M,VFS,Consumer Cyclical,Auto Manufacturers,90178628000000.0,8328748544.0,0,0.0
consumer_cyclical_revenue_20m,Consumer Cyclical companies with revenue >= $20M,VIOT,Consumer Cyclical,"Furnishings, Fixtures & Appliances",2428226000.0,64144140.0,0,0.0
consumer_cyclical_revenue_20m,Consumer Cyclical companies with revenue >= $20M,VIRC,Consumer Cyclical,"Furnishings, Fixtures & Appliances",199652000.0,95478328.0,0,0.0
consumer_cyclical_revenue_20m,Consumer Cyclical companies with revenue >= $20M,VNCE,Consumer Cyclical,Apparel Manufacturing,300007000.0,55243368.0,0,0.0
consumer_cyclical_revenue_20m,Consumer Cyclical companies with revenue >= $20M,VRA,Consumer Cyclical,Footwear & Accessories,269651000.0,97258824.0,0,0.0
consumer_cyclical_revenue_20m,Consumer Cyclical companies with revenue >= $20M,WEN,Consumer Cyclical,Restaurants,2176891000.0,1428604800.0,0,0.0
consumer_cyclical_revenue_20m,Consumer Cyclical companies with revenue >= $20M,WEYS,Consumer Cyclical,Footwear & Accessories,276169000.0,341443488.0,0,0.0
consumer_cyclical_revenue_20m,Consumer Cyclical companies with revenue >= $20M,WINA,Consumer Cyclical,Specialty Retail,86055700.0,1400264704.0,0,0.0
consumer_cyclical_revenue_20m,Consumer Cyclical companies with revenue >= $20M,WING,Consumer Cyclical,Restaurants,696853000.0,4292122624.0,0,0.0
consumer_cyclical_revenue_20m,Consumer Cyclical companies with revenue >= $20M,WKHS,Consumer Cyclical,Auto Manufacturers,21211000.0,49673904.0,0,0.0
consumer_cyclical_revenue_20m,Consumer Cyclical companies with revenue >= $20M,WOOF,Consumer Cyclical,Specialty Retail,5961467000.0,976398976.0,0,0.0
consumer_cyclical_revenue_20m,Consumer Cyclical companies with revenue >= $20M,WPRT,Consumer Cyclical,Auto Parts,23318000.0,34791468.0,0,0.0
consumer_cyclical_revenue_20m,Consumer Cyclical companies with revenue >= $20M,WYNN,Consumer Cyclical,Resorts & Casinos,7137924000.0,10538504192.0,0,0.0
consumer_cyclical_revenue_20m,Consumer Cyclical companies with revenue >= $20M,XPEL,Consumer Cyclical,Auto Parts,476200000.0,1293436928.0,0,0.0
consumer_cyclical_revenue_20m,Consumer Cyclical companies with revenue >= $20M,YJ,Consumer Cyclical,Internet Retail,317016000.0,7733590.0,0,0.0
consumer_cyclical_revenue_20m,Consumer Cyclical companies with revenue >= $20M,YTRA,Consumer Cyclical,Travel Services,7954522000.0,54917800.0,0,0.0
consumer_cyclical_revenue_20m,Consumer Cyclical companies with revenue >= $20M,YYGH,Consumer Cyclical,Personal Services,57245167.0,1014162.0,0,0.0
consumer_cyclical_revenue_20m,Consumer Cyclical companies with revenue >= $20M,ZUMZ,Consumer Cyclical,Apparel Retail,929057000.0,436914880.0,0,0.0
consumer_cyclical_revenue_20m,Consumer Cyclical companies with revenue >= $20M,AAP,Consumer Cyclical,Auto Parts,8601000000.0,3611306496.0,0,0.0
consumer_cyclical_revenue_20m,Consumer Cyclical companies with revenue >= $20M,ABG,Consumer Cyclical,Auto & Truck Dealerships,17999000000.0,3626011392.0,0,0.0
consumer_cyclical_revenue_20m,Consumer Cyclical companies with revenue >= $20M,ACEL,Consumer Cyclical,Gambling,1330960000.0,979970496.0,0,0.0
consumer_cyclical_revenue_20m,Consumer Cyclical companies with revenue >= $20M,ACVA,Consumer Cyclical,Auto & Truck Dealerships,759606000.0,1101630720.0,0,0.0
consumer_cyclical_revenue_20m,Consumer Cyclical companies with revenue >= $20M,ADNT,Consumer Cyclical,Auto Parts,14535000000.0,1861533696.0,0,0.0
consumer_cyclical_revenue_20m,Consumer Cyclical companies with revenue >= $20M,AEO,Consumer Cyclical,Apparel Retail,5547236000.0,3002082560.0,0,0.0
consumer_cyclical_revenue_20m,Consumer Cyclical companies with revenue >= $20M,AIN,Consumer Cyclical,Textile Manufacturing,1182813000.0,1833432064.0,0,0.0
consumer_cyclical_revenue_20m,Consumer Cyclical companies with revenue >= $20M,AKA,Consumer Cyclical,Apparel Retail,600208000.0,105407176.0,0,0.0
consumer_cyclical_revenue_20m,Consumer Cyclical companies with revenue >= $20M,ALH,Consumer Cyclical,"Furnishings, Fixtures & Appliances",1709237000.0,5072465408.0,0,0.0
consumer_cyclical_revenue_20m,Consumer Cyclical companies with revenue >= $20M,ALSN,Consumer Cyclical,Auto Parts,3010000000.0,9414892544.0,0,0.0
consumer_cyclical_revenue_20m,Consumer Cyclical companies with revenue >= $20M,ALV,Consumer Cyclical,Auto Parts,10815000000.0,9652878336.0,0,0.0
consumer_cyclical_revenue_20m,Consumer Cyclical companies with revenue >= $20M,AMBP,Consumer Cyclical,Packaging & Containers,5497000000.0,2510366464.0,0,0.0
consumer_cyclical_revenue_20m,Consumer Cyclical companies with revenue >= $20M,AMCR,Consumer Cyclical,Packaging & Containers,15009000000.0,18147067904.0,0,0.0
consumer_cyclical_revenue_20m,Consumer Cyclical companies with revenue >= $20M,AN,Consumer Cyclical,Auto & Truck Dealerships,27631400000.0,6482830336.0,0,0.0
consumer_cyclical_revenue_20m,Consumer Cyclical companies with revenue >= $20M,ANDG,Consumer Cyclical,Personal Services,838692000.0,4326439936.0,0,0.0
consumer_cyclical_revenue_20m,Consumer Cyclical companies with revenue >= $20M,ANF,Consumer Cyclical,Apparel Retail,5266292000.0,3691893248.0,0,0.0
consumer_cyclical_revenue_20m,Consumer Cyclical companies with revenue >= $20M,APTV,Consumer Cyclical,Auto Parts,20398000000.0,13473879040.0,0,0.0
consumer_cyclical_revenue_20m,Consumer Cyclical companies with revenue >= $20M,ARCO,Consumer Cyclical,Restaurants,4678259000.0,1868581248.0,1,0.125
consumer_cyclical_revenue_20m,Consumer Cyclical companies with revenue >= $20M,AS,Consumer Cyclical,Leisure,6566200000.0,20968865792.0,0,0.0
consumer_cyclical_revenue_20m,Consumer Cyclical companies with revenue >= $20M,ATMU,Consumer Cyclical,Auto Parts,1764300000.0,3902308608.0,0,0.0
consumer_cyclical_revenue_20m,Consumer Cyclical companies with revenue >= $20M,AVY,Consumer Cyclical,Packaging & Containers,8855500000.0,12328719360.0,0,0.0
consumer_cyclical_revenue_20m,Consumer Cyclical companies with revenue >= $20M,AZO,Consumer Cyclical,Auto Parts,18938717000.0,49222893568.0,0,0.0
consumer_cyclical_revenue_20m,Consumer Cyclical companies with revenue >= $20M,BABA,Consumer Cyclical,Internet Retail,1023670000000.0,302674739200.0,0,0.0
consumer_cyclical_revenue_20m,Consumer Cyclical companies with revenue >= $20M,BALL,Consumer Cyclical,Packaging & Containers,13161000000.0,14973704192.0,0,0.0
consumer_cyclical_revenue_20m,Consumer Cyclical companies with revenue >= $20M,BALY,Consumer Cyclical,Resorts & Casinos,2450478000.0,684793664.0,0,0.0
consumer_cyclical_revenue_20m,Consumer Cyclical companies with revenue >= $20M,BARK,Consumer Cyclical,Specialty Retail,484182000.0,84774800.0,0,0.0
consumer_cyclical_revenue_20m,Consumer Cyclical companies with revenue >= $20M,BBW,Consumer Cyclical,Specialty Retail,529832000.0,489380640.0,0,0.0
consumer_cyclical_revenue_20m,Consumer Cyclical companies with revenue >= $20M,BBWI,Consumer Cyclical,Specialty Retail,7291000000.0,4100147968.0,0,0.0
consumer_cyclical_revenue_20m,Consumer Cyclical companies with revenue >= $20M,BBY,Consumer Cyclical,Specialty Retail,41691000000.0,15747357696.0,0,0.0
consumer_cyclical_revenue_20m,Consumer Cyclical companies with revenue >= $20M,BC,Consumer Cyclical,Recreational Vehicles,5362800000.0,5433812480.0,0,0.0
consumer_cyclical_revenue_20m,Consumer Cyclical companies with revenue >= $20M,BGSI,Consumer Cyclical,Auto & Truck Dealerships,3142794000.0,2997297920.0,0,0.0
consumer_cyclical_revenue_20m,Consumer Cyclical companies with revenue >= $20M,BH,Consumer Cyclical,Restaurants,395261000.0,881876288.0,0,0.0
consumer_cyclical_revenue_20m,Consumer Cyclical companies with revenue >= $20M,BIRK,Consumer Cyclical,Footwear & Accessories,2097429000.0,8104739328.0,0,0.0
consumer_cyclical_revenue_20m,Consumer Cyclical companies with revenue >= $20M,BKE,Consumer Cyclical,Apparel Retail,1297835000.0,2600633088.0,0,0.0
consumer_cyclical_revenue_20m,Consumer Cyclical companies with revenue >= $20M,BNED,Consumer Cyclical,Specialty Retail,1610170000.0,353250048.0,0,0.0
consumer_cyclical_revenue_20m,Consumer Cyclical companies with revenue >= $20M,BOBS,Consumer Cyclical,Specialty Retail,2368039000.0,1759552256.0,0,0.0
consumer_cyclical_revenue_20m,Consumer Cyclical companies with revenue >= $20M,BOOT,Consumer Cyclical,Apparel Retail,2253859000.0,5182437888.0,0,0.0
consumer_cyclical_revenue_20m,Consumer Cyclical companies with revenue >= $20M,BROS,Consumer Cyclical,Restaurants,1638159000.0,9880093696.0,0,0.0
consumer_cyclical_revenue_20m,Consumer Cyclical companies with revenue >= $20M,BURL,Consumer Cyclical,Apparel Retail,11566910000.0,18881753088.0,0,0.0
consumer_cyclical_revenue_20m,Consumer Cyclical companies with revenue >= $20M,BWA,Consumer Cyclical,Auto Parts,14316000000.0,14626746368.0,0,0.0
consumer_cyclical_revenue_20m,Consumer Cyclical companies with revenue >= $20M,BWMX,Consumer Cyclical,Specialty Retail,14243015000.0,643202496.0,0,0.0
consumer_cyclical_revenue_20m,Consumer Cyclical companies with revenue >= $20M,BYD,Consumer Cyclical,Resorts & Casinos,4091989000.0,6185012736.0,0,0.0
consumer_cyclical_revenue_20m,Consumer Cyclical companies with revenue >= $20M,BZH,Consumer Cyclical,Residential Construction,2371555000.0,687992384.0,0,0.0
consumer_cyclical_revenue_20m,Consumer Cyclical companies with revenue >= $20M,CAL,Consumer Cyclical,Apparel Retail,2757853000.0,494977824.0,0,0.0
consumer_cyclical_revenue_20m,Consumer Cyclical companies with revenue >= $20M,CALY,Consumer Cyclical,Leisure,2060100000.0,2831181824.0,0,0.0
consumer_cyclical_revenue_20m,Consumer Cyclical companies with revenue >= $20M,CATO,Consumer Cyclical,Apparel Retail,653812000.0,64137512.0,0,0.0
consumer_cyclical_revenue_20m,Consumer Cyclical companies with revenue >= $20M,CAVA,Consumer Cyclical,Restaurants,1179664000.0,9108254720.0,0,0.0
consumer_cyclical_revenue_20m,Consumer Cyclical companies with revenue >= $20M,CCK,Consumer Cyclical,Packaging & Containers,12365000000.0,10893060096.0,0,0.0
consumer_cyclical_revenue_20m,Consumer Cyclical companies with revenue >= $20M,CCL,Consumer Cyclical,Travel Services,26621000000.0,38700802048.0,0,0.0
consumer_cyclical_revenue_20m,Consumer Cyclical companies with revenue >= $20M,CHH,Consumer Cyclical,Lodging,1596793000.0,5157368832.0,0,0.0
consumer_cyclical_revenue_20m,Consumer Cyclical companies with revenue >= $20M,CHPT,Consumer Cyclical,Specialty Retail,411224000.0,190446640.0,0,0.0
consumer_cyclical_revenue_20m,Consumer Cyclical companies with revenue >= $20M,CHWY,Consumer Cyclical,Internet Retail,12601500000.0,8744070144.0,0,0.0
consumer_cyclical_revenue_20m,Consumer Cyclical companies with revenue >= $20M,CMG,Consumer Cyclical,Restaurants,11925601000.0,41586233344.0,0,0.0
consumer_cyclical_revenue_20m,Consumer Cyclical companies with revenue >= $20M,CNNE,Consumer Cyclical,Restaurants,423600000.0,652516480.0,0,0.0
consumer_cyclical_revenue_20m,Consumer Cyclical companies with revenue >= $20M,COOK,Consumer Cyclical,"Furnishings, Fixtures & Appliances",559520000.0,182208352.0,0,0.0
consumer_cyclical_revenue_20m,Consumer Cyclical companies with revenue >= $20M,CPNG,Consumer Cyclical,Internet Retail,34534000000.0,29080041472.0,0,0.0
consumer_cyclical_revenue_20m,Consumer Cyclical companies with revenue >= $20M,CPRI,Consumer Cyclical,Luxury Goods,4442000000.0,2273559808.0,1,0.125
consumer_cyclical_revenue_20m,Consumer Cyclical companies with revenue >= $20M,CPS,Consumer Cyclical,Auto Parts,2740915000.0,544021888.0,0,0.0
consumer_cyclical_revenue_20m,Consumer Cyclical companies with revenue >= $20M,CRI,Consumer Cyclical,Apparel Retail,2898426000.0,1478426624.0,0,0.0
consumer_cyclical_revenue_20m,Consumer Cyclical companies with revenue >= $20M,CSV,Consumer Cyclical,Personal Services,417440000.0,674415232.0,0,0.0
consumer_cyclical_revenue_20m,Consumer Cyclical companies with revenue >= $20M,CURV,Consumer Cyclical,Apparel Retail,1000092000.0,159197552.0,0,0.0
consumer_cyclical_revenue_20m,Consumer Cyclical companies with revenue >= $20M,CVEO,Consumer Cyclical,Lodging,638849000.0,382468192.0,0,0.0
consumer_cyclical_revenue_20m,Consumer Cyclical companies with revenue >= $20M,CVNA,Consumer Cyclical,Auto & Truck Dealerships,20322000000.0,80606453760.0,0,0.0
consumer_cyclical_revenue_20m,Consumer Cyclical companies with revenue >= $20M,CWH,Consumer Cyclical,Auto & Truck Dealerships,6369149000.0,486561536.0,0,0.0
consumer_cyclical_revenue_20m,Consumer Cyclical companies with revenue >= $20M,CYD,Consumer Cyclical,Auto Manufacturers,24661772000.0,2113407232.0,0,0.0
consumer_cyclical_revenue_20m,Consumer Cyclical companies with revenue >= $20M,DAN,Consumer Cyclical,Auto Parts,7500000000.0,3914884864.0,0,0.0
consumer_cyclical_revenue_20m,Consumer Cyclical companies with revenue >= $20M,DBI,Consumer Cyclical,Footwear & Accessories,2892671000.0,400413696.0,0,0.0
consumer_cyclical_revenue_20m,Consumer Cyclical companies with revenue >= $20M,DCH,Consumer Cyclical,Auto Parts,5836700000.0,1606972800.0,0,0.0
consumer_cyclical_revenue_20m,Consumer Cyclical companies with revenue >= $20M,DDS,Consumer Cyclical,Department Stores,6563336000.0,9505799168.0,1,0.125
consumer_cyclical_revenue_20m,Consumer Cyclical companies with revenue >= $20M,DECK,Consumer Cyclical,Footwear & Accessories,5472296000.0,15875482624.0,0,0.0
consumer_cyclical_revenue_20m,Consumer Cyclical companies with revenue >= $20M,DFH,Consumer Cyclical,Residential Construction,4322848000.0,1421545216.0,0,0.0
consumer_cyclical_revenue_20m,Consumer Cyclical companies with revenue >= $20M,DHI,Consumer Cyclical,Residential Construction,34250400000.0,41663516672.0,0,0.0
consumer_cyclical_revenue_20m,Consumer Cyclical companies with revenue >= $20M,DIN,Consumer Cyclical,Restaurants,879400000.0,396031168.0,1,0.125
consumer_cyclical_revenue_20m,Consumer Cyclical companies with revenue >= $20M,DKS,Consumer Cyclical,Specialty Retail,17215120000.0,20243181568.0,0,0.0
consumer_cyclical_revenue_20m,Consumer Cyclical companies with revenue >= $20M,DRI,Consumer Cyclical,Restaurants,12076700000.0,23418972160.0,0,0.0
consumer_cyclical_revenue_20m,Consumer Cyclical companies with revenue >= $20M,EAT,Consumer Cyclical,Restaurants,5384200000.0,6005148672.0,0,0.0
consumer_cyclical_revenue_20m,Consumer Cyclical companies with revenue >= $20M,ETD,Consumer Cyclical,"Furnishings, Fixtures & Appliances",614649000.0,535391008.0,0,0.0
consumer_cyclical_revenue_20m,Consumer Cyclical companies with revenue >= $20M,ETSY,Consumer Cyclical,Internet Retail,2883501000.0,6337170432.0,0,0.0
consumer_cyclical_revenue_20m,Consumer Cyclical companies with revenue >= $20M,F,Consumer Cyclical,Auto Manufacturers,187267000000.0,66345132032.0,0,0.0
consumer_cyclical_revenue_20m,Consumer Cyclical companies with revenue >= $20M,FIGS,Consumer Cyclical,Apparel Manufacturing,631098000.0,2047999360.0,0,0.0
consumer_cyclical_revenue_20m,Consumer Cyclical companies with revenue >= $20M,FLUT,Consumer Cyclical,Gambling,16383000000.0,16567781376.0,0,0.0
consumer_cyclical_revenue_20m,Consumer Cyclical companies with revenue >= $20M,FND,Consumer Cyclical,Home Improvement Retail,4684088000.0,5558201344.0,0,0.0
consumer_cyclical_revenue_20m,Consumer Cyclical companies with revenue >= $20M,FUN,Consumer Cyclical,Leisure,3100289000.0,2074739968.0,0,0.0
consumer_cyclical_revenue_20m,Consumer Cyclical companies with revenue >= $20M,GAP,Consumer Cyclical,Apparel Retail,15366000000.0,9133504512.0,0,0.0
consumer_cyclical_revenue_20m,Consumer Cyclical companies with revenue >= $20M,GBTG,Consumer Cyclical,Travel Services,2718000000.0,4959046144.0,0,0.0
consumer_cyclical_revenue_20m,Consumer Cyclical companies with revenue >= $20M,GCO,Consumer Cyclical,Apparel Retail,2436096000.0,395022208.0,0,0.0
consumer_cyclical_revenue_20m,Consumer Cyclical companies with revenue >= $20M,GEF,Consumer Cyclical,Packaging & Containers,4354900000.0,3625438208.0,0,0.0
consumer_cyclical_revenue_20m,Consumer Cyclical companies with revenue >= $20M,GHG,Consumer Cyclical,Lodging,1097353393.0,129148576.0,0,0.0
consumer_cyclical_revenue_20m,Consumer Cyclical companies with revenue >= $20M,GIL,Consumer Cyclical,Apparel Manufacturing,3619236000.0,11321963520.0,0,0.0
consumer_cyclical_revenue_20m,Consumer Cyclical companies with revenue >= $20M,GM,Consumer Cyclical,Auto Manufacturers,185019000000.0,76055461888.0,0,0.0
consumer_cyclical_revenue_20m,Consumer Cyclical companies with revenue >= $20M,GME,Consumer Cyclical,Specialty Retail,3629900000.0,9727626240.0,0,0.0
consumer_cyclical_revenue_20m,Consumer Cyclical companies with revenue >= $20M,GOLF,Consumer Cyclical,Leisure,2558730000.0,5213067264.0,0,0.0
consumer_cyclical_revenue_20m,Consumer Cyclical companies with revenue >= $20M,GOOS,Consumer Cyclical,Apparel Manufacturing,1528200000.0,969481536.0,1,0.125
consumer_cyclical_revenue_20m,Consumer Cyclical companies with revenue >= $20M,GPC,Consumer Cyclical,Auto Parts,24300141000.0,13809261568.0,0,0.0
consumer_cyclical_revenue_20m,Consumer Cyclical companies with revenue >= $20M,GPI,Consumer Cyclical,Auto & Truck Dealerships,22571400000.0,3884046080.0,1,0.125
consumer_cyclical_revenue_20m,Consumer Cyclical companies with revenue >= $20M,GPK,Consumer Cyclical,Packaging & Containers,8617000000.0,3408622848.0,0,0.0
consumer_cyclical_revenue_20m,Consumer Cyclical companies with revenue >= $20M,GRBK,Consumer Cyclical,Residential Construction,2039994000.0,2919591680.0,0,0.0
consumer_cyclical_revenue_20m,Consumer Cyclical companies with revenue >= $20M,H,Consumer Cyclical,Lodging,7101000000.0,17463212032.0,0,0.0
consumer_cyclical_revenue_20m,Consumer Cyclical companies with revenue >= $20M,HBB,Consumer Cyclical,"Furnishings, Fixtures & Appliances",606852000.0,274030112.0,0,0.0
consumer_cyclical_revenue_20m,Consumer Cyclical companies with revenue >= $20M,HD,Consumer Cyclical,Home Improvement Retail,164683000000.0,320283836416.0,0,0.0
consumer_cyclical_revenue_20m,Consumer Cyclical companies with revenue >= $20M,HGV,Consumer Cyclical,Resorts & Casinos,5047000000.0,4146126080.0,0,0.0
consumer_cyclical_revenue_20m,Consumer Cyclical companies with revenue >= $20M,HLLY,Consumer Cyclical,Auto Parts,613514000.0,349072576.0,0,0.0
consumer_cyclical_revenue_20m,Consumer Cyclical companies with revenue >= $20M,HLT,Consumer Cyclical,Lodging,12039000000.0,76842704896.0,0,0.0
consumer_cyclical_revenue_20m,Consumer Cyclical companies with revenue >= $20M,HNI,Consumer Cyclical,"Furnishings, Fixtures & Appliances",2839000000.0,2286494976.0,0,0.0
consumer_cyclical_revenue_20m,Consumer Cyclical companies with revenue >= $20M,HOG,Consumer Cyclical,Recreational Vehicles,4473175000.0,2538018816.0,0,0.0
consumer_cyclical_revenue_20m,Consumer Cyclical companies with revenue >= $20M,HOV,Consumer Cyclical,Residential Construction,2978581000.0,651838592.0,0,0.0
consumer_cyclical_revenue_20m,Consumer Cyclical companies with revenue >= $20M,HRB,Consumer Cyclical,Personal Services,3760995000.0,4854916096.0,0,0.0
consumer_cyclical_revenue_20m,Consumer Cyclical companies with revenue >= $20M,HVT,Consumer Cyclical,Home Improvement Retail,758995000.0,383391296.0,0,0.0
consumer_cyclical_revenue_20m,Consumer Cyclical companies with revenue >= $20M,HZO,Consumer Cyclical,Specialty Retail,2309288000.0,774509888.0,0,0.0
consumer_cyclical_revenue_20m,Consumer Cyclical companies with revenue >= $20M,IBP,Consumer Cyclical,Residential Construction,2970800000.0,5652161024.0,0,0.0
consumer_cyclical_revenue_20m,Consumer Cyclical companies with revenue >= $20M,IHG,Consumer Cyclical,Lodging,5189000000.0,23471894528.0,0,0.0
consumer_cyclical_revenue_20m,Consumer Cyclical companies with revenue >= $20M,IP,Consumer Cyclical,Packaging & Containers,23634000000.0,17643505664.0,0,0.0
consumer_cyclical_revenue_20m,Consumer Cyclical companies with revenue >= $20M,JILL,Consumer Cyclical,Apparel Retail,596549000.0,197656816.0,0,0.0
consumer_cyclical_revenue_20m,Consumer Cyclical companies with revenue >= $20M,JMIA,Consumer Cyclical,Internet Retail,188930000.0,916509376.0,0,0.0
consumer_cyclical_revenue_20m,Consumer Cyclical companies with revenue >= $20M,KBH,Consumer Cyclical,Residential Construction,6236214000.0,3076790016.0,0,0.0
consumer_cyclical_revenue_20m,Consumer Cyclical companies with revenue >= $20M,KMX,Consumer Cyclical,Auto & Truck Dealerships,25881131000.0,6225929728.0,0,0.0
consumer_cyclical_revenue_20m,Consumer Cyclical companies with revenue >= $20M,KSS,Consumer Cyclical,Department Stores,15527000000.0,1750026624.0,0,0.0
consumer_cyclical_revenue_20m,Consumer Cyclical companies with revenue >= $20M,KTB,Consumer Cyclical,Apparel Manufacturing,3152456000.0,4076336640.0,0,0.0
consumer_cyclical_revenue_20m,Consumer Cyclical companies with revenue >= $20M,LAD,Consumer Cyclical,Auto & Truck Dealerships,37634900000.0,6741856256.0,0,0.0
consumer_cyclical_revenue_20m,Consumer Cyclical companies with revenue >= $20M,LANV,Consumer Cyclical,Luxury Goods,240498000.0,225039056.0,0,0.0
consumer_cyclical_revenue_20m,Consumer Cyclical companies with revenue >= $20M,LCII,Consumer Cyclical,Recreational Vehicles,4122017000.0,2740827904.0,0,0.0
consumer_cyclical_revenue_20m,Consumer Cyclical companies with revenue >= $20M,LEA,Consumer Cyclical,Auto Parts,23259100000.0,7360472576.0,0,0.0
consumer_cyclical_revenue_20m,Consumer Cyclical companies with revenue >= $20M,LEG,Consumer Cyclical,"Furnishings, Fixtures & Appliances",4055100000.0,1416168832.0,0,0.0
consumer_cyclical_revenue_20m,Consumer Cyclical companies with revenue >= $20M,LEN,Consumer Cyclical,Residential Construction,34186934000.0,22105272320.0,0,0.0
consumer_cyclical_revenue_20m,Consumer Cyclical companies with revenue >= $20M,LEVI,Consumer Cyclical,Apparel Manufacturing,6282000000.0,9122622464.0,0,0.0
consumer_cyclical_revenue_20m,Consumer Cyclical companies with revenue >= $20M,LITB,Consumer Cyclical,Internet Retail,224315000.0,58854580.0,0,0.0
consumer_cyclical_revenue_20m,Consumer Cyclical companies with revenue >= $20M,LOW,Consumer Cyclical,Home Improvement Retail,86286000000.0,122253115392.0,0,0.0
consumer_cyclical_revenue_20m,Consumer Cyclical companies with revenue >= $20M,LTH,Consumer Cyclical,Leisure,2995255000.0,7439383040.0,0,0.0
consumer_cyclical_revenue_20m,Consumer Cyclical companies with revenue >= $20M,LUCK,Consumer Cyclical,Leisure,1201333000.0,1216528640.0,0,0.0
consumer_cyclical_revenue_20m,Consumer Cyclical companies with revenue >= $20M,LVS,Consumer Cyclical,Resorts & Casinos,13017000000.0,33867393024.0,0,0.0
consumer_cyclical_revenue_20m,Consumer Cyclical companies with revenue >= $20M,LVWR,Consumer Cyclical,Auto Manufacturers,25672000.0,307142720.0,0,0.0
consumer_cyclical_revenue_20m,Consumer Cyclical companies with revenue >= $20M,LZB,Consumer Cyclical,"Furnishings, Fixtures & Appliances",2109207000.0,1573648384.0,0,0.0
consumer_cyclical_revenue_20m,Consumer Cyclical companies with revenue >= $20M,M,Consumer Cyclical,Department Stores,22621000000.0,5921445888.0,0,0.0
consumer_cyclical_revenue_20m,Consumer Cyclical companies with revenue >= $20M,MBC,Consumer Cyclical,"Furnishings, Fixtures & Appliances",2734700000.0,1162100096.0,0,0.0
consumer_cyclical_revenue_20m,Consumer Cyclical companies with revenue >= $20M,MCD,Consumer Cyclical,Restaurants,26885000000.0,197499305984.0,0,0.0
consumer_cyclical_revenue_20m,Consumer Cyclical companies with revenue >= $20M,MED,Consumer Cyclical,Personal Services,385788000.0,146216352.0,0,0.0
consumer_cyclical_revenue_20m,Consumer Cyclical companies with revenue >= $20M,MGA,Consumer Cyclical,Auto Parts,42010000000.0,17999486976.0,0,0.0
consumer_cyclical_revenue_20m,Consumer Cyclical companies with revenue >= $20M,MGM,Consumer Cyclical,Resorts & Casinos,17537683000.0,10983693312.0,0,0.0
consumer_cyclical_revenue_20m,Consumer Cyclical companies with revenue >= $20M,MHK,Consumer Cyclical,"Furnishings, Fixtures & Appliances",10785400000.0,6561606144.0,0,0.0
consumer_cyclical_revenue_20m,Consumer Cyclical companies with revenue >= $20M,MHO,Consumer Cyclical,Residential Construction,4417781000.0,3414737152.0,0,0.0
consumer_cyclical_revenue_20m,Consumer Cyclical companies with revenue >= $20M,MLR,Consumer Cyclical,Auto Parts,790271000.0,556566784.0,0,0.0
consumer_cyclical_revenue_20m,Consumer Cyclical companies with revenue >= $20M,MNSO,Consumer Cyclical,Specialty Retail,16994025000.0,3916004096.0,0,0.0
consumer_cyclical_revenue_20m,Consumer Cyclical companies with revenue >= $20M,MOD,Consumer Cyclical,Auto Parts,2583500000.0,14274335744.0,0,0.0
consumer_cyclical_revenue_20m,Consumer Cyclical companies with revenue >= $20M,MOGU,Consumer Cyclical,Internet Retail,141233000.0,16429835.0,0,0.0
consumer_cyclical_revenue_20m,Consumer Cyclical companies with revenue >= $20M,MOV,Consumer Cyclical,Luxury Goods,671310000.0,791067200.0,0,0.0
consumer_cyclical_revenue_20m,Consumer Cyclical companies with revenue >= $20M,MSC,Consumer Cyclical,Resorts & Casinos,694566000.0,450598560.0,0,0.0
consumer_cyclical_revenue_20m,Consumer Cyclical companies with revenue >= $20M,MTH,Consumer Cyclical,Residential Construction,5860615000.0,4383459840.0,0,0.0
consumer_cyclical_revenue_20m,Consumer Cyclical companies with revenue >= $20M,MTN,Consumer Cyclical,Resorts & Casinos,2964347000.0,4775541760.0,0,0.0
consumer_cyclical_revenue_20m,Consumer Cyclical companies with revenue >= $20M,MUSA,Consumer Cyclical,Specialty Retail,19384000000.0,9449048064.0,0,0.0
consumer_cyclical_revenue_20m,Consumer Cyclical companies with revenue >= $20M,MYE,Consumer Cyclical,Packaging & Containers,825742000.0,873583296.0,0,0.0
consumer_cyclical_revenue_20m,Consumer Cyclical companies with revenue >= $20M,NCLH,Consumer Cyclical,Travel Services,9827592000.0,8392533504.0,0,0.0
consumer_cyclical_revenue_20m,Consumer Cyclical companies with revenue >= $20M,NIO,Consumer Cyclical,Auto Manufacturers,87487510000.0,13906452480.0,0,0.0
consumer_cyclical_revenue_20m,Consumer Cyclical companies with revenue >= $20M,NKE,Consumer Cyclical,Footwear & Accessories,46309000000.0,70149619712.0,0,0.0
consumer_cyclical_revenue_20m,Consumer Cyclical companies with revenue >= $20M,NTZ,Consumer Cyclical,"Furnishings, Fixtures & Appliances",308217000.0,25884330.0,0,0.0
consumer_cyclical_revenue_20m,Consumer Cyclical companies with revenue >= $20M,NVR,Consumer Cyclical,Residential Construction,10341845000.0,16629096448.0,0,0.0
consumer_cyclical_revenue_20m,Consumer Cyclical companies with revenue >= $20M,OI,Consumer Cyclical,Packaging & Containers,6426000000.0,1396558976.0,0,0.0
consumer_cyclical_revenue_20m,Consumer Cyclical companies with revenue >= $20M,ONON,Consumer Cyclical,Footwear & Accessories,3014000000.0,13249856512.0,0,0.0
consumer_cyclical_revenue_20m,Consumer Cyclical companies with revenue >= $20M,OPLN,Consumer Cyclical,Auto & Truck Dealerships,1934500000.0,3989930240.0,0,0.0
consumer_cyclical_revenue_20m,Consumer Cyclical companies with revenue >= $20M,OXM,Consumer Cyclical,Apparel Manufacturing,1477834000.0,700487488.0,0,0.0
consumer_cyclical_revenue_20m,Consumer Cyclical companies with revenue >= $20M,PACK,Consumer Cyclical,Packaging & Containers,395000000.0,599669568.0,0,0.0
consumer_cyclical_revenue_20m,Consumer Cyclical companies with revenue >= $20M,PAG,Consumer Cyclical,Auto & Truck Dealerships,31808500000.0,11057052672.0,0,0.0
consumer_cyclical_revenue_20m,Consumer Cyclical companies with revenue >= $20M,PHIN,Consumer Cyclical,Auto Parts,3483000000.0,2866131712.0,0,0.0
consumer_cyclical_revenue_20m,Consumer Cyclical companies with revenue >= $20M,PHM,Consumer Cyclical,Residential Construction,17311953000.0,22479294464.0,0,0.0
consumer_cyclical_revenue_20m,Consumer Cyclical companies with revenue >= $20M,PII,Consumer Cyclical,Recreational Vehicles,7152000000.0,3984307200.0,0,0.0
consumer_cyclical_revenue_20m,Consumer Cyclical companies with revenue >= $20M,PKG,Consumer Cyclical,Packaging & Containers,8989300000.0,19435978752.0,0,0.0
consumer_cyclical_revenue_20m,Consumer Cyclical companies with revenue >= $20M,PLNT,Consumer Cyclical,Leisure,1324144000.0,4202522880.0,0,0.0
consumer_cyclical_revenue_20m,Consumer Cyclical companies with revenue >= $20M,PLOW,Consumer Cyclical,Auto Parts,656053000.0,1030458560.0,0,0.0
consumer_cyclical_revenue_20m,Consumer Cyclical companies with revenue >= $20M,PRSU,Consumer Cyclical,Travel Services,452417000.0,1242444928.0,0,0.0
consumer_cyclical_revenue_20m,Consumer Cyclical companies with revenue >= $20M,PVH,Consumer Cyclical,Apparel Manufacturing,8950200000.0,4459507200.0,0,0.0
consumer_cyclical_revenue_20m,Consumer Cyclical companies with revenue >= $20M,QSR,Consumer Cyclical,Restaurants,9434000000.0,33910392832.0,0,0.0
consumer_cyclical_revenue_20m,Consumer Cyclical companies with revenue >= $20M,RACE,Consumer Cyclical,Auto Manufacturers,7145768000.0,61016883200.0,0,0.0
consumer_cyclical_revenue_20m,Consumer Cyclical companies with revenue >= $20M,RCL,Consumer Cyclical,Travel Services,17934000000.0,75440570368.0,0,0.0
consumer_cyclical_revenue_20m,Consumer Cyclical companies with revenue >= $20M,RERE,Consumer Cyclical,Internet Retail,21048256000.0,1025502720.0,0,0.0
consumer_cyclical_revenue_20m,Consumer Cyclical companies with revenue >= $20M,RH,Consumer Cyclical,Specialty Retail,3439536000.0,2819049472.0,0,0.0
consumer_cyclical_revenue_20m,Consumer Cyclical companies with revenue >= $20M,RL,Consumer Cyclical,Apparel Manufacturing,8114500000.0,22066874368.0,0,0.0
consumer_cyclical_revenue_20m,Consumer Cyclical companies with revenue >= $20M,ROL,Consumer Cyclical,Personal Services,3761050000.0,23793932288.0,0,0.0
consumer_cyclical_revenue_20m,Consumer Cyclical companies with revenue >= $20M,RSI,Consumer Cyclical,Gambling,1134428000.0,6106613248.0,0,0.0
consumer_cyclical_revenue_20m,Consumer Cyclical companies with revenue >= $20M,RVLV,Consumer Cyclical,Internet Retail,1225682000.0,1461879808.0,0,0.0
consumer_cyclical_revenue_20m,Consumer Cyclical companies with revenue >= $20M,SAH,Consumer Cyclical,Auto & Truck Dealerships,15153600000.0,2646527488.0,0,0.0
consumer_cyclical_revenue_20m,Consumer Cyclical companies with revenue >= $20M,SBH,Consumer Cyclical,Specialty Retail,3701424000.0,1264162432.0,0,0.0
consumer_cyclical_revenue_20m,Consumer Cyclical companies with revenue >= $20M,SCI,Consumer Cyclical,Personal Services,4309234000.0,10525807616.0,0,0.0
consumer_cyclical_revenue_20m,Consumer Cyclical companies with revenue >= $20M,SE,Consumer Cyclical,Internet Retail,22938469000.0,56311828480.0,0,0.0
consumer_cyclical_revenue_20m,Consumer Cyclical companies with revenue >= $20M,SES,Consumer Cyclical,Auto Parts,21000000.0,509611040.0,0,0.0
consumer_cyclical_revenue_20m,Consumer Cyclical companies with revenue >= $20M,SG,Consumer Cyclical,Restaurants,679474000.0,1213230336.0,0,0.0
consumer_cyclical_revenue_20m,Consumer Cyclical companies with revenue >= $20M,SGHC,Consumer Cyclical,Gambling,2231000000.0,6483060224.0,0,0.0
consumer_cyclical_revenue_20m,Consumer Cyclical companies with revenue >= $20M,SGI,Consumer Cyclical,"Furnishings, Fixtures & Appliances",7476500000.0,15009906688.0,0,0.0
consumer_cyclical_revenue_20m,Consumer Cyclical companies with revenue >= $20M,SHAK,Consumer Cyclical,Restaurants,1445306000.0,2658016000.0,0,0.0
consumer_cyclical_revenue_20m,Consumer Cyclical companies with revenue >= $20M,SIG,Consumer Cyclical,Luxury Goods,6813600000.0,3449358592.0,0,0.0
consumer_cyclical_revenue_20m,Consumer Cyclical companies with revenue >= $20M,SKY,Consumer Cyclical,Residential Construction,2483448000.0,4009996288.0,0,0.0
consumer_cyclical_revenue_20m,Consumer Cyclical companies with revenue >= $20M,SLGN,Consumer Cyclical,Packaging & Containers,6483166000.0,4015830784.0,0,0.0
consumer_cyclical_revenue_20m,Consumer Cyclical companies with revenue >= $20M,SMP,Consumer Cyclical,Auto Parts,1791158000.0,903666560.0,0,0.0
consumer_cyclical_revenue_20m,Consumer Cyclical companies with revenue >= $20M,SN,Consumer Cyclical,"Furnishings, Fixtures & Appliances",6399188000.0,16908856320.0,0,0.0
consumer_cyclical_revenue_20m,Consumer Cyclical companies with revenue >= $20M,SON,Consumer Cyclical,Packaging & Containers,7518753000.0,4895977472.0,0,0.0
consumer_cyclical_revenue_20m,Consumer Cyclical companies with revenue >= $20M,SRI,Consumer Cyclical,Auto Parts,861263000.0,220799616.0,0,0.0
consumer_cyclical_revenue_20m,Consumer Cyclical companies with revenue >= $20M,STLA,Consumer Cyclical,Auto Manufacturers,153508000000.0,23759562752.0,0,0.0
consumer_cyclical_revenue_20m,Consumer Cyclical companies with revenue >= $20M,SVV,Consumer Cyclical,Specialty Retail,1678954000.0,1387415296.0,0,0.0
consumer_cyclical_revenue_20m,Consumer Cyclical companies with revenue >= $20M,SW,Consumer Cyclical,Packaging & Containers,31179000000.0,21513517056.0,0,0.0
consumer_cyclical_revenue_20m,Consumer Cyclical companies with revenue >= $20M,THO,Consumer Cyclical,Recreational Vehicles,9579490000.0,4224505344.0,0,0.0
consumer_cyclical_revenue_20m,Consumer Cyclical companies with revenue >= $20M,TJX,Consumer Cyclical,Apparel Retail,60372000000.0,171279564800.0,0,0.0
consumer_cyclical_revenue_20m,Consumer Cyclical companies with revenue >= $20M,TLYS,Consumer Cyclical,Apparel Retail,553585000.0,139332080.0,0,0.0
consumer_cyclical_revenue_20m,Consumer Cyclical companies with revenue >= $20M,TM,Consumer Cyclical,Auto Manufacturers,50684952000000.0,250032422912.0,0,0.0
consumer_cyclical_revenue_20m,Consumer Cyclical companies with revenue >= $20M,TMHC,Consumer Cyclical,Residential Construction,8121480000.0,5487006208.0,0,0.0
consumer_cyclical_revenue_20m,Consumer Cyclical companies with revenue >= $20M,TNL,Consumer Cyclical,Travel Services,4021000000.0,4263595520.0,0,0.0
consumer_cyclical_revenue_20m,Consumer Cyclical companies with revenue >= $20M,TOL,Consumer Cyclical,Residential Construction,10966723000.0,12935429120.0,0,0.0
consumer_cyclical_revenue_20m,Consumer Cyclical companies with revenue >= $20M,TPR,Consumer Cyclical,Luxury Goods,7010700000.0,29375281152.0,0,0.0
consumer_cyclical_revenue_20m,Consumer Cyclical companies with revenue >= $20M,UA,Consumer Cyclical,Apparel Manufacturing,4966370000.0,2489737472.0,0,0.0
consumer_cyclical_revenue_20m,Consumer Cyclical companies with revenue >= $20M,UAA,Consumer Cyclical,Apparel Manufacturing,4966370000.0,2553686016.0,0,0.0
consumer_cyclical_revenue_20m,Consumer Cyclical companies with revenue >= $20M,UFI,Consumer Cyclical,Textile Manufacturing,571344000.0,75464248.0,0,0.0
consumer_cyclical_revenue_20m,Consumer Cyclical companies with revenue >= $20M,VAC,Consumer Cyclical,Resorts & Casinos,5032000000.0,2930493696.0,0,0.0
consumer_cyclical_revenue_20m,Consumer Cyclical companies with revenue >= $20M,VFC,Consumer Cyclical,Apparel Manufacturing,9605207000.0,7024430592.0,0,0.0
consumer_cyclical_revenue_20m,Consumer Cyclical companies with revenue >= $20M,VGNT,Consumer Cyclical,Auto Parts,8818000000.0,3140589312.0,0,0.0
consumer_cyclical_revenue_20m,Consumer Cyclical companies with revenue >= $20M,VIK,Consumer Cyclical,Travel Services,6501419000.0,41198145536.0,0,0.0
consumer_cyclical_revenue_20m,Consumer Cyclical companies with revenue >= $20M,VIPS,Consumer Cyclical,Internet Retail,105919546000.0,6968725504.0,0,0.0
consumer_cyclical_revenue_20m,Consumer Cyclical companies with revenue >= $20M,VSCO,Consumer Cyclical,Apparel Retail,6553000000.0,4733769216.0,0,0.0
consumer_cyclical_revenue_20m,Consumer Cyclical companies with revenue >= $20M,VVV,Consumer Cyclical,Auto & Truck Dealerships,1710300000.0,4359183360.0,0,0.0
consumer_cyclical_revenue_20m,Consumer Cyclical companies with revenue >= $20M,W,Consumer Cyclical,Internet Retail,12457000000.0,9602745344.0,0,0.0
consumer_cyclical_revenue_20m,Consumer Cyclical companies with revenue >= $20M,WGO,Consumer Cyclical,Recreational Vehicles,2798200000.0,857301376.0,0,0.0
consumer_cyclical_revenue_20m,Consumer Cyclical companies with revenue >= $20M,WH,Consumer Cyclical,Lodging,1429000000.0,6184224256.0,0,0.0
consumer_cyclical_revenue_20m,Consumer Cyclical companies with revenue >= $20M,WHR,Consumer Cyclical,"Furnishings, Fixtures & Appliances",15524000000.0,2856754944.0,0,0.0
consumer_cyclical_revenue_20m,Consumer Cyclical companies with revenue >= $20M,WSM,Consumer Cyclical,Specialty Retail,7806816000.0,24208703488.0,0,0.0
consumer_cyclical_revenue_20m,Consumer Cyclical companies with revenue >= $20M,WWW,Consumer Cyclical,Footwear & Accessories,1874300000.0,1455314432.0,0,0.0
consumer_cyclical_revenue_20m,Consumer Cyclical companies with revenue >= $20M,XPEV,Consumer Cyclical,Auto Manufacturers,76719742000.0,15712542720.0,0,0.0
consumer_cyclical_revenue_20m,Consumer Cyclical companies with revenue >= $20M,XPOF,Consumer Cyclical,Leisure,314879000.0,285792992.0,0,0.0
consumer_cyclical_revenue_20m,Consumer Cyclical companies with revenue >= $20M,YETI,Consumer Cyclical,Leisure,1868494000.0,3539428864.0,0,0.0
consumer_cyclical_revenue_20m,Consumer Cyclical companies with revenue >= $20M,YUM,Consumer Cyclical,Restaurants,8214000000.0,41351450624.0,0,0.0
consumer_cyclical_revenue_20m,Consumer Cyclical companies with revenue >= $20M,YUMC,Consumer Cyclical,Restaurants,11797000000.0,15108537344.0,0,0.0
consumer_cyclical_revenue_20m,Consumer Cyclical companies with revenue >= $20M,ZGN,Consumer Cyclical,Apparel Manufacturing,1916947000.0,4002147328.0,0,0.0
consumer_cyclical_revenue_20m,Consumer Cyclical companies with revenue >= $20M,ZKH,Consumer Cyclical,Internet Retail,8987738000.0,439603040.0,0,0.0
non_financial_large_cap_revenue_1b,Non-financial companies with revenue >= $1B,BTG,Basic Materials,Gold,3061238000.0,6129121280.0,1,0.125
non_financial_large_cap_revenue_1b,Non-financial companies with revenue >= $1B,DIT,Consumer Defensive,Food Distribution,2816688287.0,79929800.0,0,0.0
non_financial_large_cap_revenue_1b,Non-financial companies with revenue >= $1B,EQX,Basic Materials,Gold,1817195000.0,9927034880.0,1,0.125
non_financial_large_cap_revenue_1b,Non-financial companies with revenue >= $1B,IMO,Energy,Oil & Gas Integrated,45203000000.0,61006131200.0,0,0.0
non_financial_large_cap_revenue_1b,Non-financial companies with revenue >= $1B,LGPS,Industrials,Conglomerates,20650916000.0,15795620.0,0,0.0
non_financial_large_cap_revenue_1b,Non-financial companies with revenue >= $1B,NHC,Healthcare,Medical Care Facilities,1517781000.0,2887134464.0,0,0.0
non_financial_large_cap_revenue_1b,Non-financial companies with revenue >= $1B,ORLA,Basic Materials,Gold,1057881000.0,4311060480.0,0,0.0
non_financial_large_cap_revenue_1b,Non-financial companies with revenue >= $1B,SEB,Industrials,Conglomerates,9746000000.0,4834202112.0,0,0.0
non_financial_large_cap_revenue_1b,Non-financial companies with revenue >= $1B,SIM,Basic Materials,Steel,33657672000.0,4605283328.0,0,0.0
non_financial_large_cap_revenue_1b,Non-financial companies with revenue >= $1B,AAL,Industrials,Airlines,54633000000.0,9689291776.0,0,0.0
non_financial_large_cap_revenue_1b,Non-financial companies with revenue >= $1B,AAON,Industrials,Building Products & Equipment,1442076000.0,11652759552.0,0,0.0
non_financial_large_cap_revenue_1b,Non-financial companies with revenue >= $1B,AAPL,Technology,Consumer Electronics,416161000000.0,4589945880576.0,0,0.0
non_financial_large_cap_revenue_1b,Non-financial companies with revenue >= $1B,ABNB,Consumer Cyclical,Travel Services,12241000000.0,79826411520.0,0,0.0
non_financial_large_cap_revenue_1b,Non-financial companies with revenue >= $1B,ACAD,Healthcare,Biotechnology,1071505000.0,3703831808.0,0,0.0
non_financial_large_cap_revenue_1b,Non-financial companies with revenue >= $1B,ACDC,Energy,Oil & Gas Equipment & Services,1941800000.0,1098189056.0,0,0.0
non_financial_large_cap_revenue_1b,Non-financial companies with revenue >= $1B,ACHC,Healthcare,Medical Care Facilities,3312769000.0,2185136384.0,0,0.0
non_financial_large_cap_revenue_1b,Non-financial companies with revenue >= $1B,ACIW,Technology,Software - Infrastructure,1759782000.0,4310450688.0,0,0.0
non_financial_large_cap_revenue_1b,Non-financial companies with revenue >= $1B,ADBE,Technology,Software - Application,23769000000.0,97590050816.0,0,0.0
non_financial_large_cap_revenue_1b,Non-financial companies with revenue >= $1B,ADI,Technology,Semiconductors,11019707000.0,204094341120.0,0,0.0
non_financial_large_cap_revenue_1b,Non-financial companies with revenue >= $1B,ADP,Technology,Software - Application,20560900000.0,87885578240.0,0,0.0
non_financial_large_cap_revenue_1b,Non-financial companies with revenue >= $1B,ADSK,Technology,Software - Application,7206000000.0,50875445248.0,0,0.0
non_financial_large_cap_revenue_1b,Non-financial companies with revenue >= $1B,ADTN,Technology,Communication Equipment,1083807000.0,1370487808.0,0,0.0
non_financial_large_cap_revenue_1b,Non-financial companies with revenue >= $1B,ADUS,Healthcare,Medical Care Facilities,1422530000.0,1745716480.0,0,0.0
non_financial_large_cap_revenue_1b,Non-financial companies with revenue >= $1B,ADV,Communication Services,Advertising Agencies,3542642000.0,519712512.0,0,0.0
non_financial_large_cap_revenue_1b,Non-financial companies with revenue >= $1B,AEBI,Industrials,Farm & Heavy Construction Machinery,1526625000.0,1000604096.0,0,0.0
non_financial_large_cap_revenue_1b,Non-financial companies with revenue >= $1B,AEIS,Industrials,Electrical Equipment & Parts,1798800000.0,12686578688.0,0,0.0
non_financial_large_cap_revenue_1b,Non-financial companies with revenue >= $1B,AENT,Communication Services,Entertainment,1063457000.0,719115648.0,0,0.0
non_financial_large_cap_revenue_1b,Non-financial companies with revenue >= $1B,AEP,Utilities,Utilities - Regulated Electric,21876000000.0,69514862592.0,0,0.0
non_financial_large_cap_revenue_1b,Non-financial companies with revenue >= $1B,AFYA,Consumer Defensive,Education & Training Services,3697255000.0,1250609024.0,0,0.0
non_financial_large_cap_revenue_1b,Non-financial companies with revenue >= $1B,AGNC,Real Estate,REIT - Mortgage,1797000000.0,12110653440.0,2,0.25
non_financial_large_cap_revenue_1b,Non-financial companies with revenue >= $1B,AGNT,Real Estate,Real Estate Services,4772311000.0,801900736.0,1,0.125
non_financial_large_cap_revenue_1b,Non-financial companies with revenue >= $1B,AHCO,Healthcare,Medical Devices,3244857000.0,1408160384.0,0,0.0
non_financial_large_cap_revenue_1b,Non-financial companies with revenue >= $1B,AKAM,Technology,Software - Infrastructure,4208175000.0,20809021440.0,0,0.0
non_financial_large_cap_revenue_1b,Non-financial companies with revenue >= $1B,ALGN,Healthcare,Medical Instruments & Supplies,4034964000.0,12407840768.0,0,0.0
non_financial_large_cap_revenue_1b,Non-financial companies with revenue >= $1B,ALGT,Industrials,Airlines,2606579000.0,2438362368.0,0,0.0
non_financial_large_cap_revenue_1b,Non-financial companies with revenue >= $1B,ALHC,Healthcare,Healthcare Plans,3948719000.0,3279832064.0,0,0.0
non_financial_large_cap_revenue_1b,Non-financial companies with revenue >= $1B,ALKS,Healthcare,Drug Manufacturers - Specialty & Generic,1475899000.0,6657031680.0,0,0.0
non_financial_large_cap_revenue_1b,Non-financial companies with revenue >= $1B,ALNY,Healthcare,Biotechnology,3713937000.0,40729346048.0,0,0.0
non_financial_large_cap_revenue_1b,Non-financial companies with revenue >= $1B,ALRM,Technology,Software - Application,1011187000.0,2181211648.0,0,0.0
non_financial_large_cap_revenue_1b,Non-financial companies with revenue >= $1B,AMAT,Technology,Semiconductor Equipment & Materials,28368000000.0,357027676160.0,0,0.0
non_financial_large_cap_revenue_1b,Non-financial companies with revenue >= $1B,AMCX,Communication Services,Entertainment,2311801000.0,431809408.0,0,0.0
non_financial_large_cap_revenue_1b,Non-financial companies with revenue >= $1B,AMD,Technology,Semiconductors,34639000000.0,844797902848.0,0,0.0
non_financial_large_cap_revenue_1b,Non-financial companies with revenue >= $1B,AMGN,Healthcare,Drug Manufacturers - General,36751000000.0,181601058816.0,0,0.0
non_financial_large_cap_revenue_1b,Non-financial companies with revenue >= $1B,AMRX,Healthcare,Drug Manufacturers - Specialty & Generic,3018760000.0,4131344896.0,0,0.0
non_financial_large_cap_revenue_1b,Non-financial companies with revenue >= $1B,AMWD,Consumer Cyclical,"Furnishings, Fixtures & Appliances",1709585000.0,700651840.0,0,0.0
non_financial_large_cap_revenue_1b,Non-financial companies with revenue >= $1B,AMZN,Consumer Cyclical,Internet Retail,716924000000.0,2947448045568.0,0,0.0
non_financial_large_cap_revenue_1b,Non-financial companies with revenue >= $1B,ANDE,Consumer Defensive,Food Distribution,11008928000.0,2432140544.0,0,0.0
non_financial_large_cap_revenue_1b,Non-financial companies with revenue >= $1B,ANGI,Communication Services,Internet Content & Information,1030535000.0,228126800.0,0,0.0
non_financial_large_cap_revenue_1b,Non-financial companies with revenue >= $1B,APA,Energy,Oil & Gas E&P,8920000000.0,12912267264.0,0,0.0
non_financial_large_cap_revenue_1b,Non-financial companies with revenue >= $1B,APC,Energy,Oil & Gas Refining & Marketing,5581264000.0,1578742784.0,0,0.0
non_financial_large_cap_revenue_1b,Non-financial companies with revenue >= $1B,APOG,Industrials,Building Products & Equipment,1404733000.0,805786944.0,0,0.0
non_financial_large_cap_revenue_1b,Non-financial companies with revenue >= $1B,APP,Communication Services,Advertising Agencies,5480717000.0,201526771712.0,0,0.0
non_financial_large_cap_revenue_1b,Non-financial companies with revenue >= $1B,ARCB,Industrials,Trucking,4010158000.0,2978448384.0,1,0.125
non_financial_large_cap_revenue_1b,Non-financial companies with revenue >= $1B,ARGX,Healthcare,Biotechnology,4153482000.0,52401405952.0,0,0.0
non_financial_large_cap_revenue_1b,Non-financial companies with revenue >= $1B,ARHS,Consumer Cyclical,Specialty Retail,1379222000.0,970964864.0,0,0.0
non_financial_large_cap_revenue_1b,Non-financial companies with revenue >= $1B,ARKO,Consumer Cyclical,Specialty Retail,7643471000.0,878414208.0,0,0.0
non_financial_large_cap_revenue_1b,Non-financial companies with revenue >= $1B,ARRY,Technology,Solar,1284141000.0,1424432384.0,0,0.0
non_financial_large_cap_revenue_1b,Non-financial companies with revenue >= $1B,ARXS,Industrials,Aerospace & Defense,1601074000.0,19219302400.0,1,0.125
non_financial_large_cap_revenue_1b,Non-financial companies with revenue >= $1B,ASML,Technology,Semiconductor Equipment & Materials,32667300000.0,618892099584.0,1,0.125
non_financial_large_cap_revenue_1b,Non-financial companies with revenue >= $1B,ASO,Consumer Cyclical,Specialty Retail,6053414000.0,3555688448.0,0,0.0
non_financial_large_cap_revenue_1b,Non-financial companies with revenue >= $1B,ASTE,Industrials,Farm & Heavy Construction Machinery,1410400000.0,1162047488.0,0,0.0
non_financial_large_cap_revenue_1b,Non-financial companies with revenue >= $1B,ASTH,Healthcare,Medical Care Facilities,3181769000.0,1900532480.0,0,0.0
non_financial_large_cap_revenue_1b,Non-financial companies with revenue >= $1B,ASTL,Basic Materials,Steel,2085700000.0,585960704.0,0,0.0
non_financial_large_cap_revenue_1b,Non-financial companies with revenue >= $1B,ATAT,Consumer Cyclical,Lodging,9790159000.0,4716286464.0,0,0.0
non_financial_large_cap_revenue_1b,Non-financial companies with revenue >= $1B,AVAH,Healthcare,Medical Care Facilities,2433199000.0,1596145536.0,0,0.0
non_financial_large_cap_revenue_1b,Non-financial companies with revenue >= $1B,AVGO,Technology,Semiconductors,63887000000.0,2019714793472.0,0,0.0
non_financial_large_cap_revenue_1b,Non-financial companies with revenue >= $1B,AVO,Consumer Defensive,Food Distribution,1391200000.0,797021632.0,0,0.0
non_financial_large_cap_revenue_1b,Non-financial companies with revenue >= $1B,AVT,Technology,Electronics & Computer Distribution,22200754000.0,7145937920.0,0,0.0
non_financial_large_cap_revenue_1b,Non-financial companies with revenue >= $1B,AXON,Industrials,Aerospace & Defense,2779536000.0,35410108416.0,0,0.0
non_financial_large_cap_revenue_1b,Non-financial companies with revenue >= $1B,BBSI,Industrials,Staffing & Employment Services,1240298000.0,788855872.0,0,0.0
non_financial_large_cap_revenue_1b,Non-financial companies with revenue >= $1B,BCPC,Basic Materials,Specialty Chemicals,1037161000.0,5149127168.0,0,0.0
non_financial_large_cap_revenue_1b,Non-financial companies with revenue >= $1B,BIDU,Communication Services,Internet Content & Information,129079000000.0,44930367488.0,0,0.0
non_financial_large_cap_revenue_1b,Non-financial companies with revenue >= $1B,BIIB,Healthcare,Drug Manufacturers - General,9890600000.0,28994453504.0,0,0.0
non_financial_large_cap_revenue_1b,Non-financial companies with revenue >= $1B,BILI,Communication Services,Internet Content & Information,30347766000.0,7174344704.0,0,0.0
non_financial_large_cap_revenue_1b,Non-financial companies with revenue >= $1B,BJRI,Consumer Cyclical,Restaurants,1399126000.0,977286976.0,0,0.0
non_financial_large_cap_revenue_1b,Non-financial companies with revenue >= $1B,BKNG,Consumer Cyclical,Travel Services,26917000000.0,131589865472.0,0,0.0
non_financial_large_cap_revenue_1b,Non-financial companies with revenue >= $1B,BKR,Energy,Oil & Gas Equipment & Services,27733000000.0,64196763648.0,0,0.0
non_financial_large_cap_revenue_1b,Non-financial companies with revenue >= $1B,BLBD,Industrials,Farm & Heavy Construction Machinery,1480099000.0,2221274112.0,0,0.0
non_financial_large_cap_revenue_1b,Non-financial companies with revenue >= $1B,BLKB,Technology,Software - Application,1128365000.0,1396336000.0,1,0.125
non_financial_large_cap_revenue_1b,Non-financial companies with revenue >= $1B,BLMN,Consumer Cyclical,Restaurants,3955996000.0,712310848.0,0,0.0
non_financial_large_cap_revenue_1b,Non-financial companies with revenue >= $1B,BMRN,Healthcare,Biotechnology,3221253000.0,10193821696.0,0,0.0
non_financial_large_cap_revenue_1b,Non-financial companies with revenue >= $1B,BNTX,Healthcare,Biotechnology,2869900000.0,23629504512.0,0,0.0
non_financial_large_cap_revenue_1b,Non-financial companies with revenue >= $1B,BRKR,Healthcare,Medical Devices,3436500000.0,8279552000.0,0,0.0
non_financial_large_cap_revenue_1b,Non-financial companies with revenue >= $1B,BSY,Technology,Software - Application,1501779000.0,9782253568.0,0,0.0
non_financial_large_cap_revenue_1b,Non-financial companies with revenue >= $1B,BZ,Communication Services,Internet Content & Information,8267518000.0,6097261568.0,0,0.0
non_financial_large_cap_revenue_1b,Non-financial companies with revenue >= $1B,BZUN,Consumer Cyclical,Internet Retail,9945483000.0,148808672.0,0,0.0
non_financial_large_cap_revenue_1b,Non-financial companies with revenue >= $1B,CAKE,Consumer Cyclical,Restaurants,3751806000.0,3192781568.0,0,0.0
non_financial_large_cap_revenue_1b,Non-financial companies with revenue >= $1B,CALM,Consumer Defensive,Farm Products,4261885000.0,3623835136.0,1,0.125
non_financial_large_cap_revenue_1b,Non-financial companies with revenue >= $1B,CAR,Industrials,Rental & Leasing Services,11414000000.0,6177633280.0,0,0.0
non_financial_large_cap_revenue_1b,Non-financial companies with revenue >= $1B,CART,Consumer Cyclical,Internet Retail,3742000000.0,9387089920.0,0,0.0
non_financial_large_cap_revenue_1b,Non-financial companies with revenue >= $1B,CASY,Consumer Cyclical,Specialty Retail,15940899000.0,28948160512.0,0,0.0
non_financial_large_cap_revenue_1b,Non-financial companies with revenue >= $1B,CBRL,Consumer Cyclical,Restaurants,3483684000.0,764852096.0,0,0.0
non_financial_large_cap_revenue_1b,Non-financial companies with revenue >= $1B,CCC,Technology,Software - Application,1057001000.0,2688187648.0,0,0.0
non_financial_large_cap_revenue_1b,Non-financial companies with revenue >= $1B,CCEP,Consumer Defensive,Beverages - Non-Alcoholic,20901000000.0,40863895552.0,0,0.0
non_financial_large_cap_revenue_1b,Non-financial companies with revenue >= $1B,CCG,Communication Services,Internet Content & Information,3009845000.0,45670164.0,0,0.0
non_financial_large_cap_revenue_1b,Non-financial companies with revenue >= $1B,CCRN,Healthcare,Medical Care Facilities,1054293000.0,405896992.0,0,0.0
non_financial_large_cap_revenue_1b,Non-financial companies with revenue >= $1B,CDNS,Technology,Software - Application,5296759000.0,103113809920.0,0,0.0
non_financial_large_cap_revenue_1b,Non-financial companies with revenue >= $1B,CDW,Technology,Information Technology Services,22424100000.0,14839840768.0,0,0.0
non_financial_large_cap_revenue_1b,Non-financial companies with revenue >= $1B,CEG,Utilities,Utilities - Independent Power Producers,25533000000.0,103412318208.0,0,0.0
non_financial_large_cap_revenue_1b,Non-financial companies with revenue >= $1B,CELH,Consumer Defensive,Beverages - Non-Alcoholic,2515269000.0,8492372992.0,0,0.0
non_financial_large_cap_revenue_1b,Non-financial companies with revenue >= $1B,CENT,Consumer Defensive,Packaged Foods,3129064000.0,2454651648.0,0,0.0
non_financial_large_cap_revenue_1b,Non-financial companies with revenue >= $1B,CENTA,Consumer Defensive,Packaged Foods,3129064000.0,2182468864.0,0,0.0
non_financial_large_cap_revenue_1b,Non-financial companies with revenue >= $1B,CENX,Basic Materials,Aluminum,2527900000.0,6683717120.0,0,0.0
non_financial_large_cap_revenue_1b,Non-financial companies with revenue >= $1B,CHA,Consumer Cyclical,Restaurants,12907407000.0,1938155392.0,0,0.0
non_financial_large_cap_revenue_1b,Non-financial companies with revenue >= $1B,CHDN,Consumer Cyclical,Gambling,2925900000.0,6163297792.0,0,0.0
non_financial_large_cap_revenue_1b,Non-financial companies with revenue >= $1B,CHEF,Consumer Defensive,Food Distribution,4149537000.0,3176985088.0,0,0.0
non_financial_large_cap_revenue_1b,Non-financial companies with revenue >= $1B,CHKP,Technology,Software - Infrastructure,2725400000.0,13661972480.0,0,0.0
non_financial_large_cap_revenue_1b,Non-financial companies with revenue >= $1B,CHRD,Energy,Oil & Gas E&P,4877126000.0,7537897472.0,0,0.0
non_financial_large_cap_revenue_1b,Non-financial companies with revenue >= $1B,CHRW,Industrials,Integrated Freight & Logistics,16232763000.0,20676110336.0,0,0.0
non_financial_large_cap_revenue_1b,Non-financial companies with revenue >= $1B,CHTR,Communication Services,Telecom Services,54774000000.0,20789925888.0,0,0.0
non_financial_large_cap_revenue_1b,Non-financial companies with revenue >= $1B,CHYM,Technology,Software - Application,2186770000.0,6896446464.0,0,0.0
non_financial_large_cap_revenue_1b,Non-financial companies with revenue >= $1B,CIGI,Real Estate,Real Estate Services,5558462000.0,4894723584.0,0,0.0
non_financial_large_cap_revenue_1b,Non-financial companies with revenue >= $1B,CLMT,Basic Materials,Specialty Chemicals,4137100000.0,3093723648.0,0,0.0
non_financial_large_cap_revenue_1b,Non-financial companies with revenue >= $1B,CLOV,Healthcare,Healthcare Plans,1924308000.0,2201540352.0,1,0.125
non_financial_large_cap_revenue_1b,Non-financial companies with revenue >= $1B,CMCSA,Communication Services,Telecom Services,123707000000.0,89877274624.0,0,0.0
non_financial_large_cap_revenue_1b,Non-financial companies with revenue >= $1B,CMPR,Industrials,Specialty Business Services,3403079000.0,2419574272.0,0,0.0
non_financial_large_cap_revenue_1b,Non-financial companies with revenue >= $1B,CNDT,Technology,Information Technology Services,3042000000.0,277623296.0,0,0.0
non_financial_large_cap_revenue_1b,Non-financial companies with revenue >= $1B,CNXC,Technology,Information Technology Services,9825771000.0,1615407744.0,0,0.0
non_financial_large_cap_revenue_1b,Non-financial companies with revenue >= $1B,CNXN,Technology,Electronics & Computer Distribution,2872746000.0,1714109824.0,0,0.0
non_financial_large_cap_revenue_1b,Non-financial companies with revenue >= $1B,COKE,Consumer Defensive,Beverages - Non-Alcoholic,7228055000.0,11626120192.0,0,0.0
non_financial_large_cap_revenue_1b,Non-financial companies with revenue >= $1B,COLM,Consumer Cyclical,Apparel Manufacturing,3397351000.0,3466834432.0,0,0.0
non_financial_large_cap_revenue_1b,Non-financial companies with revenue >= $1B,COO,Healthcare,Medical Instruments & Supplies,4092400000.0,11909783552.0,0,0.0
non_financial_large_cap_revenue_1b,Non-financial companies with revenue >= $1B,COST,Consumer Defensive,Discount Stores,275235000000.0,441523011584.0,0,0.0
non_financial_large_cap_revenue_1b,Non-financial companies with revenue >= $1B,CPB,Consumer Defensive,Packaged Foods,10253000000.0,6201446912.0,0,0.0
non_financial_large_cap_revenue_1b,Non-financial companies with revenue >= $1B,CPRT,Industrials,Specialty Business Services,4646958000.0,32058902528.0,0,0.0
non_financial_large_cap_revenue_1b,Non-financial companies with revenue >= $1B,CRMT,Consumer Cyclical,Auto & Truck Dealerships,1390932000.0,106603456.0,0,0.0
non_financial_large_cap_revenue_1b,Non-financial companies with revenue >= $1B,CROX,Consumer Cyclical,Footwear & Accessories,4040647000.0,5894185984.0,0,0.0
non_financial_large_cap_revenue_1b,Non-financial companies with revenue >= $1B,CRSR,Technology,Computer Hardware,1472480000.0,1277242368.0,0,0.0
non_financial_large_cap_revenue_1b,Non-financial companies with revenue >= $1B,CRTO,Communication Services,Advertising Agencies,1944901000.0,918972480.0,0,0.0
non_financial_large_cap_revenue_1b,Non-financial companies with revenue >= $1B,CRUS,Technology,Semiconductors,1997379000.0,8818115584.0,0,0.0
non_financial_large_cap_revenue_1b,Non-financial companies with revenue >= $1B,CRWD,Technology,Software - Infrastructure,4812005000.0,170794008576.0,0,0.0
non_financial_large_cap_revenue_1b,Non-financial companies with revenue >= $1B,CRWV,Technology,Software - Infrastructure,5131000000.0,58299650048.0,0,0.0
non_financial_large_cap_revenue_1b,Non-financial companies with revenue >= $1B,CSCO,Technology,Communication Equipment,56654000000.0,467611811840.0,0,0.0
non_financial_large_cap_revenue_1b,Non-financial companies with revenue >= $1B,CSGP,Real Estate,Real Estate Services,3247000000.0,13189889024.0,0,0.0
non_financial_large_cap_revenue_1b,Non-financial companies with revenue >= $1B,CSIQ,Technology,Solar,5595107000.0,1373966720.0,0,0.0
non_financial_large_cap_revenue_1b,Non-financial companies with revenue >= $1B,CSX,Industrials,Railroads,14092000000.0,85121343488.0,0,0.0
non_financial_large_cap_revenue_1b,Non-financial companies with revenue >= $1B,CTAS,Industrials,Specialty Business Services,10340181000.0,69247688704.0,0,0.0
non_financial_large_cap_revenue_1b,Non-financial companies with revenue >= $1B,CTSH,Technology,Information Technology Services,21108000000.0,25471049728.0,0,0.0
non_financial_large_cap_revenue_1b,Non-financial companies with revenue >= $1B,CVCO,Consumer Cyclical,Residential Construction,2244505000.0,4137361664.0,0,0.0
non_financial_large_cap_revenue_1b,Non-financial companies with revenue >= $1B,CVLT,Technology,Software - Application,1183690000.0,4567682048.0,0,0.0
non_financial_large_cap_revenue_1b,Non-financial companies with revenue >= $1B,CWST,Industrials,Waste Management,1836841000.0,5357229056.0,0,0.0
non_financial_large_cap_revenue_1b,Non-financial companies with revenue >= $1B,CZR,Consumer Cyclical,Resorts & Casinos,11486000000.0,5922925056.0,0,0.0
non_financial_large_cap_revenue_1b,Non-financial companies with revenue >= $1B,DASH,Consumer Cyclical,Internet Retail,13717000000.0,68277121024.0,0,0.0
non_financial_large_cap_revenue_1b,Non-financial companies with revenue >= $1B,DBX,Technology,Software - Infrastructure,2521000000.0,6110144512.0,0,0.0
non_financial_large_cap_revenue_1b,Non-financial companies with revenue >= $1B,DDOG,Technology,Software - Application,3427158000.0,80176472064.0,0,0.0
non_financial_large_cap_revenue_1b,Non-financial companies with revenue >= $1B,DIOD,Technology,Semiconductors,1482073000.0,5048866816.0,0,0.0
non_financial_large_cap_revenue_1b,Non-financial companies with revenue >= $1B,DKNG,Consumer Cyclical,Gambling,6054525000.0,12170040320.0,0,0.0
non_financial_large_cap_revenue_1b,Non-financial companies with revenue >= $1B,DLO,Technology,Software - Infrastructure,1093587000.0,3434120704.0,0,0.0
non_financial_large_cap_revenue_1b,Non-financial companies with revenue >= $1B,DLTR,Consumer Defensive,Discount Stores,19411800000.0,22003972096.0,0,0.0
non_financial_large_cap_revenue_1b,Non-financial companies with revenue >= $1B,DNUT,Consumer Defensive,Grocery Stores,1522616000.0,589608000.0,0,0.0
non_financial_large_cap_revenue_1b,Non-financial companies with revenue >= $1B,DOCU,Technology,Software - Application,3219500000.0,9632967680.0,0,0.0
non_financial_large_cap_revenue_1b,Non-financial companies with revenue >= $1B,DOO,Consumer Cyclical,Recreational Vehicles,8442700000.0,4318814208.0,0,0.0
non_financial_large_cap_revenue_1b,Non-financial companies with revenue >= $1B,DORM,Consumer Cyclical,Auto Parts,2130319000.0,3736842752.0,0,0.0
non_financial_large_cap_revenue_1b,Non-financial companies with revenue >= $1B,DOX,Technology,Software - Infrastructure,4532913000.0,6545010688.0,0,0.0
non_financial_large_cap_revenue_1b,Non-financial companies with revenue >= $1B,DOYU,Communication Services,Internet Content & Information,3818851679.0,154515760.0,0,0.0
non_financial_large_cap_revenue_1b,Non-financial companies with revenue >= $1B,DPZ,Consumer Cyclical,Restaurants,4939994000.0,10322821120.0,0,0.0
non_financial_large_cap_revenue_1b,Non-financial companies with revenue >= $1B,DRH,Real Estate,REIT - Hotel & Motel,1120491000.0,2292910848.0,0,0.0
non_financial_large_cap_revenue_1b,Non-financial companies with revenue >= $1B,DRS,Industrials,Aerospace & Defense,3648000000.0,12913951744.0,0,0.0
non_financial_large_cap_revenue_1b,Non-financial companies with revenue >= $1B,DRVN,Consumer Cyclical,Auto & Truck Dealerships,1862438000.0,2340398336.0,0,0.0
non_financial_large_cap_revenue_1b,Non-financial companies with revenue >= $1B,DSGR,Industrials,Industrial Distribution,1980023000.0,1266671360.0,0,0.0
non_financial_large_cap_revenue_1b,Non-financial companies with revenue >= $1B,DUOL,Technology,Software - Application,1037589000.0,5063273984.0,0,0.0
non_financial_large_cap_revenue_1b,Non-financial companies with revenue >= $1B,DXCM,Healthcare,Medical Devices,4662000000.0,27914051584.0,0,0.0
non_financial_large_cap_revenue_1b,Non-financial companies with revenue >= $1B,DXPE,Industrials,Industrial Distribution,2016365000.0,2309206016.0,0,0.0
non_financial_large_cap_revenue_1b,Non-financial companies with revenue >= $1B,EA,Communication Services,Electronic Gaming & Multimedia,7531000000.0,50438660096.0,0,0.0
non_financial_large_cap_revenue_1b,Non-financial companies with revenue >= $1B,EBAY,Consumer Cyclical,Internet Retail,11100000000.0,49785716736.0,0,0.0
non_financial_large_cap_revenue_1b,Non-financial companies with revenue >= $1B,EEFT,Technology,Software - Infrastructure,4244200000.0,2687340288.0,0,0.0
non_financial_large_cap_revenue_1b,Non-financial companies with revenue >= $1B,EMBC,Healthcare,Medical Instruments & Supplies,1080400000.0,197561152.0,0,0.0
non_financial_large_cap_revenue_1b,Non-financial companies with revenue >= $1B,ENPH,Technology,Solar,1472985000.0,9159976960.0,0,0.0
non_financial_large_cap_revenue_1b,Non-financial companies with revenue >= $1B,ENSG,Healthcare,Medical Care Facilities,5057841000.0,9990657024.0,0,0.0
non_financial_large_cap_revenue_1b,Non-financial companies with revenue >= $1B,ENTG,Technology,Semiconductor Equipment & Materials,3196600000.0,21084411904.0,0,0.0
non_financial_large_cap_revenue_1b,Non-financial companies with revenue >= $1B,EQIX,Real Estate,REIT - Specialty,9217000000.0,105472712704.0,0,0.0
non_financial_large_cap_revenue_1b,Non-financial companies with revenue >= $1B,EQPT,Industrials,Rental & Leasing Services,4379000000.0,5769294848.0,0,0.0
non_financial_large_cap_revenue_1b,Non-financial companies with revenue >= $1B,ERIC,Technology,Communication Equipment,236681000000.0,42342473728.0,0,0.0
non_financial_large_cap_revenue_1b,Non-financial companies with revenue >= $1B,EVRG,Utilities,Utilities - Regulated Electric,5961600000.0,19098003456.0,0,0.0
non_financial_large_cap_revenue_1b,Non-financial companies with revenue >= $1B,EXC,Utilities,Utilities - Regulated Electric,24258000000.0,46637830144.0,0,0.0
non_financial_large_cap_revenue_1b,Non-financial companies with revenue >= $1B,EXE,Energy,Oil & Gas E&P,12189000000.0,22389426176.0,0,0.0
non_financial_large_cap_revenue_1b,Non-financial companies with revenue >= $1B,EXEL,Healthcare,Biotechnology,2320126000.0,12932219904.0,0,0.0
non_financial_large_cap_revenue_1b,Non-financial companies with revenue >= $1B,EXLS,Technology,Information Technology Services,2087679000.0,4447511040.0,0,0.0
non_financial_large_cap_revenue_1b,Non-financial companies with revenue >= $1B,EXPE,Consumer Cyclical,Travel Services,14733000000.0,27311024128.0,0,0.0
non_financial_large_cap_revenue_1b,Non-financial companies with revenue >= $1B,EXTR,Technology,Communication Equipment,1140067000.0,3427693568.0,0,0.0
non_financial_large_cap_revenue_1b,Non-financial companies with revenue >= $1B,EYE,Consumer Cyclical,Specialty Retail,1987488000.0,1392427520.0,0,0.0
non_financial_large_cap_revenue_1b,Non-financial companies with revenue >= $1B,FA,Industrials,Specialty Business Services,1574389000.0,2727438848.0,0,0.0
non_financial_large_cap_revenue_1b,Non-financial companies with revenue >= $1B,FANG,Energy,Oil & Gas E&P,14929000000.0,54614167552.0,0,0.0
non_financial_large_cap_revenue_1b,Non-financial companies with revenue >= $1B,FAST,Industrials,Industrial Distribution,8200500000.0,51386048512.0,0,0.0
non_financial_large_cap_revenue_1b,Non-financial companies with revenue >= $1B,FELE,Industrials,Specialty Industrial Machinery,2131250000.0,4378017280.0,0,0.0
non_financial_large_cap_revenue_1b,Non-financial companies with revenue >= $1B,FER,Industrials,Engineering & Construction,9627000000.0,48937566208.0,0,0.0
non_financial_large_cap_revenue_1b,Non-financial companies with revenue >= $1B,FFIV,Technology,Software - Infrastructure,3088072000.0,21632831488.0,0,0.0
non_financial_large_cap_revenue_1b,Non-financial companies with revenue >= $1B,FIVE,Consumer Cyclical,Specialty Retail,4764147000.0,12435828736.0,0,0.0
non_financial_large_cap_revenue_1b,Non-financial companies with revenue >= $1B,FIVN,Technology,Software - Infrastructure,1149088000.0,1747955712.0,0,0.0
non_financial_large_cap_revenue_1b,Non-financial companies with revenue >= $1B,FIZZ,Consumer Defensive,Beverages - Non-Alcoholic,1201354000.0,3486859776.0,0,0.0
non_financial_large_cap_revenue_1b,Non-financial companies with revenue >= $1B,FLEX,Technology,Electronic Components,27914000000.0,53069844480.0,0,0.0
non_financial_large_cap_revenue_1b,Non-financial companies with revenue >= $1B,FLNC,Utilities,Utilities - Renewable,2262830000.0,3936876288.0,0,0.0
non_financial_large_cap_revenue_1b,Non-financial companies with revenue >= $1B,FLWS,Consumer Cyclical,Specialty Retail,1685658000.0,288443168.0,0,0.0
non_financial_large_cap_revenue_1b,Non-financial companies with revenue >= $1B,FLX,Industrials,Integrated Freight & Logistics,3992067000.0,175511792.0,0,0.0
non_financial_large_cap_revenue_1b,Non-financial companies with revenue >= $1B,FORTY,Technology,Information Technology Services,2627124000.0,2032456704.0,1,0.125
non_financial_large_cap_revenue_1b,Non-financial companies with revenue >= $1B,FOSL,Consumer Cyclical,Footwear & Accessories,1004406000.0,265957200.0,0,0.0
non_financial_large_cap_revenue_1b,Non-financial companies with revenue >= $1B,FOX,Communication Services,Entertainment,16300000000.0,24887633920.0,0,0.0
non_financial_large_cap_revenue_1b,Non-financial companies with revenue >= $1B,FOXA,Communication Services,Entertainment,16300000000.0,27660865536.0,0,0.0
non_financial_large_cap_revenue_1b,Non-financial companies with revenue >= $1B,FOXF,Consumer Cyclical,Auto Parts,1467321000.0,789657344.0,0,0.0
non_financial_large_cap_revenue_1b,Non-financial companies with revenue >= $1B,FRPT,Consumer Defensive,Packaged Foods,1102015000.0,2608990720.0,0,0.0
non_financial_large_cap_revenue_1b,Non-financial companies with revenue >= $1B,FSLR,Technology,Solar,5219376000.0,32599201792.0,0,0.0
non_financial_large_cap_revenue_1b,Non-financial companies with revenue >= $1B,FSV,Real Estate,Real Estate Services,5497500000.0,6379030528.0,0,0.0
non_financial_large_cap_revenue_1b,Non-financial companies with revenue >= $1B,FTAI,Industrials,Aerospace & Defense,2507409000.0,26956754944.0,0,0.0
non_financial_large_cap_revenue_1b,Non-financial companies with revenue >= $1B,FTDR,Consumer Cyclical,Personal Services,2093000000.0,4360886272.0,0,0.0
non_financial_large_cap_revenue_1b,Non-financial companies with revenue >= $1B,FTNT,Technology,Software - Infrastructure,6799600000.0,95024496640.0,0,0.0
non_financial_large_cap_revenue_1b,Non-financial companies with revenue >= $1B,FTRE,Healthcare,Biotechnology,2723400000.0,1418770944.0,0,0.0
non_financial_large_cap_revenue_1b,Non-financial companies with revenue >= $1B,FWONA,Communication Services,Entertainment,4482000000.0,20950636544.0,1,0.125
non_financial_large_cap_revenue_1b,Non-financial companies with revenue >= $1B,FWONK,Communication Services,Entertainment,4482000000.0,22820155392.0,1,0.125
non_financial_large_cap_revenue_1b,Non-financial companies with revenue >= $1B,FWRD,Industrials,Integrated Freight & Logistics,2495118000.0,327635456.0,0,0.0
non_financial_large_cap_revenue_1b,Non-financial companies with revenue >= $1B,FWRG,Consumer Cyclical,Restaurants,1222501000.0,720628672.0,0,0.0
non_financial_large_cap_revenue_1b,Non-financial companies with revenue >= $1B,GCT,Technology,Software - Infrastructure,1289897000.0,1378554368.0,0,0.0
non_financial_large_cap_revenue_1b,Non-financial companies with revenue >= $1B,GDS,Technology,Information Technology Services,11432274000.0,7059303424.0,0,0.0
non_financial_large_cap_revenue_1b,Non-financial companies with revenue >= $1B,GEHC,Healthcare,Medical Devices,20625000000.0,28594497536.0,0,0.0
non_financial_large_cap_revenue_1b,Non-financial companies with revenue >= $1B,GEN,Technology,Software - Infrastructure,5000000000.0,14789750784.0,0,0.0
non_financial_large_cap_revenue_1b,Non-financial companies with revenue >= $1B,GFS,Technology,Semiconductors,6791000000.0,44218818560.0,0,0.0
non_financial_large_cap_revenue_1b,Non-financial companies with revenue >= $1B,GIII,Consumer Cyclical,Apparel Manufacturing,2957012000.0,1389293312.0,0,0.0
non_financial_large_cap_revenue_1b,Non-financial companies with revenue >= $1B,GILD,Healthcare,Drug Manufacturers - General,29442000000.0,169126658048.0,0,0.0
non_financial_large_cap_revenue_1b,Non-financial companies with revenue >= $1B,GLPI,Real Estate,REIT - Specialty,1594752000.0,13433212928.0,0,0.0
non_financial_large_cap_revenue_1b,Non-financial companies with revenue >= $1B,GMAB,Healthcare,Biotechnology,3720000000.0,16600776704.0,0,0.0
non_financial_large_cap_revenue_1b,Non-financial companies with revenue >= $1B,GNTX,Consumer Cyclical,Auto Parts,2534268965.0,5127880192.0,0,0.0
non_financial_large_cap_revenue_1b,Non-financial companies with revenue >= $1B,GO,Consumer Defensive,Grocery Stores,4688759000.0,852713408.0,0,0.0
non_financial_large_cap_revenue_1b,Non-financial companies with revenue >= $1B,GOOG,Communication Services,Internet Content & Information,402836000000.0,4678015254528.0,0,0.0
non_financial_large_cap_revenue_1b,Non-financial companies with revenue >= $1B,GOOGL,Communication Services,Internet Content & Information,402836000000.0,4726597877760.0,0,0.0
non_financial_large_cap_revenue_1b,Non-financial companies with revenue >= $1B,GPRE,Basic Materials,Chemicals,2091680000.0,1107177088.0,0,0.0
non_financial_large_cap_revenue_1b,Non-financial companies with revenue >= $1B,GRAB,Technology,Software - Application,3370000000.0,14478599168.0,0,0.0
non_financial_large_cap_revenue_1b,Non-financial companies with revenue >= $1B,GRFS,Healthcare,Drug Manufacturers - General,7524000000.0,5430990848.0,0,0.0
non_financial_large_cap_revenue_1b,Non-financial companies with revenue >= $1B,GRVY,Communication Services,Electronic Gaming & Multimedia,560548000000.0,438823040.0,1,0.125
non_financial_large_cap_revenue_1b,Non-financial companies with revenue >= $1B,GSM,Basic Materials,Other Industrial Metals & Mining,1335121000.0,835266432.0,0,0.0
non_financial_large_cap_revenue_1b,Non-financial companies with revenue >= $1B,GT,Consumer Cyclical,Auto Parts,18280000000.0,1782119424.0,0,0.0
non_financial_large_cap_revenue_1b,Non-financial companies with revenue >= $1B,GTM,Technology,Software - Application,1249500000.0,946044928.0,0,0.0
non_financial_large_cap_revenue_1b,Non-financial companies with revenue >= $1B,GTX,Consumer Cyclical,Auto Parts,3584000000.0,6233376768.0,0,0.0
non_financial_large_cap_revenue_1b,Non-financial companies with revenue >= $1B,HAIN,Consumer Defensive,Packaged Foods,1559780000.0,67978920.0,0,0.0
non_financial_large_cap_revenue_1b,Non-financial companies with revenue >= $1B,HALO,Healthcare,Biotechnology,1396611000.0,8087034368.0,0,0.0
non_financial_large_cap_revenue_1b,Non-financial companies with revenue >= $1B,HAS,Consumer Cyclical,Leisure,4701300000.0,12221965312.0,0,0.0
non_financial_large_cap_revenue_1b,Non-financial companies with revenue >= $1B,HCSG,Healthcare,Medical Care Facilities,1837173000.0,1423015296.0,0,0.0
non_financial_large_cap_revenue_1b,Non-financial companies with revenue >= $1B,HELE,Consumer Defensive,Household & Personal Products,1786290000.0,630748928.0,0,0.0
non_financial_large_cap_revenue_1b,Non-financial companies with revenue >= $1B,HEPS,Consumer Cyclical,Internet Retail,84651820000.0,1003802816.0,0,0.0
non_financial_large_cap_revenue_1b,Non-financial companies with revenue >= $1B,HFFG,Consumer Defensive,Food Distribution,1228282000.0,108555096.0,0,0.0
non_financial_large_cap_revenue_1b,Non-financial companies with revenue >= $1B,HLMN,Industrials,Tools & Accessories,1552224000.0,1475496192.0,0,0.0
non_financial_large_cap_revenue_1b,Non-financial companies with revenue >= $1B,HON,Industrials,Conglomerates,37442000000.0,147641171968.0,0,0.0
non_financial_large_cap_revenue_1b,Non-financial companies with revenue >= $1B,HQY,Healthcare,Health Information Services,1313429000.0,7588332544.0,0,0.0
non_financial_large_cap_revenue_1b,Non-financial companies with revenue >= $1B,HSAI,Consumer Cyclical,Auto Parts,3027573000.0,3125558528.0,0,0.0
non_financial_large_cap_revenue_1b,Non-financial companies with revenue >= $1B,HSIC,Healthcare,Medical Distribution,13184000000.0,8694126592.0,0,0.0
non_financial_large_cap_revenue_1b,Non-financial companies with revenue >= $1B,HST,Real Estate,REIT - Hotel & Motel,6114000000.0,16150879232.0,0,0.0
non_financial_large_cap_revenue_1b,Non-financial companies with revenue >= $1B,HTHT,Consumer Cyclical,Lodging,25307000000.0,13746314240.0,0,0.0
non_financial_large_cap_revenue_1b,Non-financial companies with revenue >= $1B,HTZ,Industrials,Rental & Leasing Services,8504000000.0,1733547136.0,0,0.0
non_financial_large_cap_revenue_1b,Non-financial companies with revenue >= $1B,HUBG,Industrials,Integrated Freight & Logistics,3946390000.0,2603916544.0,0,0.0
non_financial_large_cap_revenue_1b,Non-financial companies with revenue >= $1B,HURN,Industrials,Consulting Services,1699143000.0,1733855104.0,0,0.0
non_financial_large_cap_revenue_1b,Non-financial companies with revenue >= $1B,HWKN,Basic Materials,Specialty Chemicals,1083696000.0,3340577536.0,0,0.0
non_financial_large_cap_revenue_1b,Non-financial companies with revenue >= $1B,IAC,Communication Services,Internet Content & Information,2393189000.0,3342639616.0,0,0.0
non_financial_large_cap_revenue_1b,Non-financial companies with revenue >= $1B,IART,Healthcare,Medical Devices,1635245000.0,1280536960.0,0,0.0
non_financial_large_cap_revenue_1b,Non-financial companies with revenue >= $1B,ICFI,Industrials,Consulting Services,1872851000.0,1253895552.0,0,0.0
non_financial_large_cap_revenue_1b,Non-financial companies with revenue >= $1B,ICLR,Healthcare,Diagnostics & Research,8281676000.0,10639226880.0,0,0.0
non_financial_large_cap_revenue_1b,Non-financial companies with revenue >= $1B,ICUI,Healthcare,Medical Instruments & Supplies,2231262000.0,3470859008.0,0,0.0
non_financial_large_cap_revenue_1b,Non-financial companies with revenue >= $1B,IDXX,Healthcare,Diagnostics & Research,4303702000.0,44807913472.0,0,0.0
non_financial_large_cap_revenue_1b,Non-financial companies with revenue >= $1B,IESC,Industrials,Engineering & Construction,3371468000.0,13926001664.0,0,0.0
non_financial_large_cap_revenue_1b,Non-financial companies with revenue >= $1B,IHRT,Communication Services,Broadcasting,3864991000.0,733089152.0,0,0.0
non_financial_large_cap_revenue_1b,Non-financial companies with revenue >= $1B,ILMN,Healthcare,Diagnostics & Research,4343000000.0,24011309056.0,0,0.0
non_financial_large_cap_revenue_1b,Non-financial companies with revenue >= $1B,IMKTA,Consumer Defensive,Grocery Stores,5334032609.0,1695438080.0,0,0.0
non_financial_large_cap_revenue_1b,Non-financial companies with revenue >= $1B,IMMR,Technology,Software - Application,1555876000.0,212835904.0,0,0.0
non_financial_large_cap_revenue_1b,Non-financial companies with revenue >= $1B,IMOS,Technology,Semiconductors,23932900000.0,2329302784.0,1,0.125
non_financial_large_cap_revenue_1b,Non-financial companies with revenue >= $1B,INCY,Healthcare,Biotechnology,5141242000.0,19478761472.0,0,0.0
non_financial_large_cap_revenue_1b,Non-financial companies with revenue >= $1B,INDV,Healthcare,Drug Manufacturers - Specialty & Generic,1239000000.0,4327470080.0,0,0.0
non_financial_large_cap_revenue_1b,Non-financial companies with revenue >= $1B,INTC,Technology,Semiconductors,52853000000.0,607593103360.0,0,0.0
non_financial_large_cap_revenue_1b,Non-financial companies with revenue >= $1B,INTU,Technology,Software - Application,18831000000.0,85617082368.0,0,0.0
non_financial_large_cap_revenue_1b,Non-financial companies with revenue >= $1B,IOSP,Basic Materials,Specialty Chemicals,1778000000.0,2026888960.0,0,0.0
non_financial_large_cap_revenue_1b,Non-financial companies with revenue >= $1B,IPAR,Consumer Defensive,Household & Personal Products,1488509000.0,3087285248.0,0,0.0
non_financial_large_cap_revenue_1b,Non-financial companies with revenue >= $1B,IPGP,Technology,Semiconductor Equipment & Materials,1003777000.0,4980758528.0,0,0.0
non_financial_large_cap_revenue_1b,Non-financial companies with revenue >= $1B,IQ,Communication Services,Entertainment,27291300000.0,1090477952.0,0,0.0
non_financial_large_cap_revenue_1b,Non-financial companies with revenue >= $1B,ISRG,Healthcare,Medical Instruments & Supplies,10064700000.0,150034006016.0,2,0.25
non_financial_large_cap_revenue_1b,Non-financial companies with revenue >= $1B,ITRI,Technology,Scientific & Technical Instruments,2367194000.0,3706326016.0,0,0.0
non_financial_large_cap_revenue_1b,Non-financial companies with revenue >= $1B,JACK,Consumer Cyclical,Restaurants,1465314000.0,220491008.0,0,0.0
non_financial_large_cap_revenue_1b,Non-financial companies with revenue >= $1B,JAZZ,Healthcare,Biotechnology,4267586000.0,14768405504.0,0,0.0
non_financial_large_cap_revenue_1b,Non-financial companies with revenue >= $1B,JBHT,Industrials,Integrated Freight & Logistics,11999096000.0,25698416640.0,0,0.0
non_financial_large_cap_revenue_1b,Non-financial companies with revenue >= $1B,JBLU,Industrials,Airlines,9062000000.0,2001461632.0,0,0.0
non_financial_large_cap_revenue_1b,Non-financial companies with revenue >= $1B,JBSS,Consumer Defensive,Packaged Foods,1107246000.0,886303552.0,0,0.0
non_financial_large_cap_revenue_1b,Non-financial companies with revenue >= $1B,JD,Consumer Cyclical,Internet Retail,1309085000000.0,39353569280.0,0,0.0
non_financial_large_cap_revenue_1b,Non-financial companies with revenue >= $1B,JJSF,Consumer Defensive,Packaged Foods,1583233000.0,1448138752.0,0,0.0
non_financial_large_cap_revenue_1b,Non-financial companies with revenue >= $1B,JKHY,Technology,Information Technology Services,2375288000.0,9678537728.0,1,0.125
non_financial_large_cap_revenue_1b,Non-financial companies with revenue >= $1B,JOYY,Communication Services,Internet Content & Information,2124248000.0,3321670656.0,0,0.0
non_financial_large_cap_revenue_1b,Non-financial companies with revenue >= $1B,KALU,Basic Materials,Aluminum,3373000000.0,3006018048.0,0,0.0
non_financial_large_cap_revenue_1b,Non-financial companies with revenue >= $1B,KARO,Technology,Software - Application,5479120000.0,1471756800.0,1,0.125
non_financial_large_cap_revenue_1b,Non-financial companies with revenue >= $1B,KC,Technology,Software - Application,9558619000.0,3778045184.0,0,0.0
non_financial_large_cap_revenue_1b,Non-financial companies with revenue >= $1B,KDP,Consumer Defensive,Beverages - Non-Alcoholic,16603000000.0,40871206912.0,0,0.0
non_financial_large_cap_revenue_1b,Non-financial companies with revenue >= $1B,KE,Industrials,Electrical Equipment & Parts,1486727000.0,637056000.0,0,0.0
non_financial_large_cap_revenue_1b,Non-financial companies with revenue >= $1B,KELYA,Industrials,Staffing & Employment Services,4250900000.0,404242784.0,0,0.0
non_financial_large_cap_revenue_1b,Non-financial companies with revenue >= $1B,KELYB,Industrials,Staffing & Employment Services,4250900000.0,727012928.0,0,0.0
non_financial_large_cap_revenue_1b,Non-financial companies with revenue >= $1B,KHC,Consumer Defensive,Packaged Foods,24942000000.0,29015977984.0,0,0.0
non_financial_large_cap_revenue_1b,Non-financial companies with revenue >= $1B,KLAC,Technology,Semiconductor Equipment & Materials,12156162000.0,251801534464.0,0,0.0
non_financial_large_cap_revenue_1b,Non-financial companies with revenue >= $1B,KMB,Consumer Defensive,Household & Personal Products,16447000000.0,33240506368.0,0,0.0
non_financial_large_cap_revenue_1b,Non-financial companies with revenue >= $1B,KSPI,Technology,Software - Infrastructure,4027824000000.0,17634531328.0,0,0.0
non_financial_large_cap_revenue_1b,Non-financial companies with revenue >= $1B,KTOS,Industrials,Aerospace & Defense,1346800000.0,12224428032.0,1,0.125
non_financial_large_cap_revenue_1b,Non-financial companies with revenue >= $1B,KWM,Communication Services,Entertainment,78080920000.0,19104898.0,1,0.125
non_financial_large_cap_revenue_1b,Non-financial companies with revenue >= $1B,KYIV,Communication Services,Telecom Services,1157000000.0,3312892928.0,0,0.0
non_financial_large_cap_revenue_1b,Non-financial companies with revenue >= $1B,LAMR,Real Estate,REIT - Specialty,2266214000.0,15436392448.0,0,0.0
non_financial_large_cap_revenue_1b,Non-financial companies with revenue >= $1B,LAUR,Consumer Defensive,Education & Training Services,1701930000.0,4549294592.0,0,0.0
non_financial_large_cap_revenue_1b,Non-financial companies with revenue >= $1B,LBTYA,Communication Services,Telecom Services,4878500000.0,4128169728.0,0,0.0
non_financial_large_cap_revenue_1b,Non-financial companies with revenue >= $1B,LBTYB,Communication Services,Telecom Services,4878500000.0,4817888768.0,0,0.0
non_financial_large_cap_revenue_1b,Non-financial companies with revenue >= $1B,LBTYK,Communication Services,Telecom Services,4878500000.0,4013216512.0,0,0.0
non_financial_large_cap_revenue_1b,Non-financial companies with revenue >= $1B,LCID,Consumer Cyclical,Auto Manufacturers,1353790000.0,2521058816.0,0,0.0
non_financial_large_cap_revenue_1b,Non-financial companies with revenue >= $1B,LE,Consumer Cyclical,Apparel Retail,1335146000.0,364303328.0,0,0.0
non_financial_large_cap_revenue_1b,Non-financial companies with revenue >= $1B,LECO,Industrials,Tools & Accessories,4233003000.0,14186574848.0,0,0.0
non_financial_large_cap_revenue_1b,Non-financial companies with revenue >= $1B,LEGN,Healthcare,Biotechnology,1028900000.0,5249006592.0,0,0.0
non_financial_large_cap_revenue_1b,Non-financial companies with revenue >= $1B,LESL,Consumer Cyclical,Specialty Retail,1241915000.0,41087976.0,0,0.0
non_financial_large_cap_revenue_1b,Non-financial companies with revenue >= $1B,LFS,Communication Services,Entertainment,11728402114.0,77435440.0,0,0.0
non_financial_large_cap_revenue_1b,Non-financial companies with revenue >= $1B,LFST,Healthcare,Medical Care Facilities,1424285000.0,2982126848.0,0,0.0
non_financial_large_cap_revenue_1b,Non-financial companies with revenue >= $1B,LFUS,Technology,Electronic Components,2386294000.0,11976824832.0,0,0.0
non_financial_large_cap_revenue_1b,Non-financial companies with revenue >= $1B,LGIH,Consumer Cyclical,Residential Construction,1705504000.0,1132805888.0,0,0.0
non_financial_large_cap_revenue_1b,Non-financial companies with revenue >= $1B,LGN,Industrials,Engineering & Construction,2550491000.0,13675238400.0,0,0.0
non_financial_large_cap_revenue_1b,Non-financial companies with revenue >= $1B,LI,Consumer Cyclical,Auto Manufacturers,112312511000.0,15811938304.0,0,0.0
non_financial_large_cap_revenue_1b,Non-financial companies with revenue >= $1B,LILA,Communication Services,Telecom Services,4442200000.0,1607171968.0,0,0.0
non_financial_large_cap_revenue_1b,Non-financial companies with revenue >= $1B,LILAK,Communication Services,Telecom Services,4442200000.0,1637382016.0,0,0.0
non_financial_large_cap_revenue_1b,Non-financial companies with revenue >= $1B,LIN,Basic Materials,Specialty Chemicals,33986000000.0,232089108480.0,0,0.0
non_financial_large_cap_revenue_1b,Non-financial companies with revenue >= $1B,LINE,Real Estate,REIT - Industrial,5355000000.0,11012845568.0,0,0.0
non_financial_large_cap_revenue_1b,Non-financial companies with revenue >= $1B,LITE,Technology,Communication Equipment,1645000000.0,66956234752.0,0,0.0
non_financial_large_cap_revenue_1b,Non-financial companies with revenue >= $1B,LIVN,Healthcare,Medical Devices,1388053000.0,4012345600.0,0,0.0
non_financial_large_cap_revenue_1b,Non-financial companies with revenue >= $1B,LKFT,Healthcare,Biotechnology,1112248000.0,1866205056.0,1,0.125
non_financial_large_cap_revenue_1b,Non-financial companies with revenue >= $1B,LKQ,Consumer Cyclical,Auto Parts,13651000000.0,6953242112.0,0,0.0
non_financial_large_cap_revenue_1b,Non-financial companies with revenue >= $1B,LMRI,Healthcare,Medical Devices,1023081000.0,739821632.0,0,0.0
non_financial_large_cap_revenue_1b,Non-financial companies with revenue >= $1B,LNT,Utilities,Utilities - Regulated Electric,4362000000.0,18639853568.0,0,0.0
non_financial_large_cap_revenue_1b,Non-financial companies with revenue >= $1B,LNTH,Healthcare,Drug Manufacturers - Specialty & Generic,1541609000.0,6485868032.0,0,0.0
non_financial_large_cap_revenue_1b,Non-financial companies with revenue >= $1B,LOGI,Technology,Computer Hardware,4840761000.0,16041537536.0,0,0.0
non_financial_large_cap_revenue_1b,Non-financial companies with revenue >= $1B,LOPE,Consumer Defensive,Education & Training Services,1106070000.0,3991992320.0,1,0.125
non_financial_large_cap_revenue_1b,Non-financial companies with revenue >= $1B,LRCX,Technology,Semiconductor Equipment & Materials,18435591000.0,397681590272.0,0,0.0
non_financial_large_cap_revenue_1b,Non-financial companies with revenue >= $1B,LSTR,Industrials,Integrated Freight & Logistics,4743760000.0,6902693888.0,0,0.0
non_financial_large_cap_revenue_1b,Non-financial companies with revenue >= $1B,LULU,Consumer Cyclical,Apparel Retail,11102600000.0,15700620288.0,0,0.0
non_financial_large_cap_revenue_1b,Non-financial companies with revenue >= $1B,LYFT,Technology,Software - Application,6316261000.0,5247212544.0,0,0.0
non_financial_large_cap_revenue_1b,Non-financial companies with revenue >= $1B,LZMH,Technology,Information Technology Services,1129008000.0,11492480.0,0,0.0
non_financial_large_cap_revenue_1b,Non-financial companies with revenue >= $1B,MANH,Technology,Software - Application,1081392000.0,8471186944.0,0,0.0
non_financial_large_cap_revenue_1b,Non-financial companies with revenue >= $1B,MAR,Consumer Cyclical,Lodging,26186000000.0,101720522752.0,0,0.0
non_financial_large_cap_revenue_1b,Non-financial companies with revenue >= $1B,MASI,Healthcare,Medical Devices,1526900000.0,9345263616.0,0,0.0
non_financial_large_cap_revenue_1b,Non-financial companies with revenue >= $1B,MAT,Consumer Cyclical,Leisure,5347623000.0,4326572544.0,0,0.0
non_financial_large_cap_revenue_1b,Non-financial companies with revenue >= $1B,MATW,Industrials,Conglomerates,1497689000.0,844649984.0,0,0.0
non_financial_large_cap_revenue_1b,Non-financial companies with revenue >= $1B,MBLY,Consumer Cyclical,Auto Parts,1894000000.0,8767157248.0,1,0.125
non_financial_large_cap_revenue_1b,Non-financial companies with revenue >= $1B,MCHP,Technology,Semiconductors,4713100000.0,52061294592.0,0,0.0
non_financial_large_cap_revenue_1b,Non-financial companies with revenue >= $1B,MDB,Technology,Software - Infrastructure,2463797000.0,26217218048.0,0,0.0
non_financial_large_cap_revenue_1b,Non-financial companies with revenue >= $1B,MDLN,Healthcare,Medical Instruments & Supplies,28432000000.0,31118307328.0,0,0.0
non_financial_large_cap_revenue_1b,Non-financial companies with revenue >= $1B,MDLZ,Consumer Defensive,Confectioners,38537000000.0,80086908928.0,0,0.0
non_financial_large_cap_revenue_1b,Non-financial companies with revenue >= $1B,MEDP,Healthcare,Diagnostics & Research,2530234000.0,12798167040.0,0,0.0
non_financial_large_cap_revenue_1b,Non-financial companies with revenue >= $1B,MELI,Consumer Cyclical,Internet Retail,28893000000.0,85958598656.0,0,0.0
non_financial_large_cap_revenue_1b,Non-financial companies with revenue >= $1B,MEOH,Basic Materials,Chemicals,3589224000.0,4628704256.0,0,0.0
non_financial_large_cap_revenue_1b,Non-financial companies with revenue >= $1B,MERC,Basic Materials,Paper & Paper Products,1868070000.0,65267752.0,0,0.0
non_financial_large_cap_revenue_1b,Non-financial companies with revenue >= $1B,META,Communication Services,Internet Content & Information,200966000000.0,1612634914816.0,0,0.0
non_financial_large_cap_revenue_1b,Non-financial companies with revenue >= $1B,MIDD,Industrials,Specialty Industrial Machinery,3201202000.0,6968006144.0,0,0.0
non_financial_large_cap_revenue_1b,Non-financial companies with revenue >= $1B,MKSI,Technology,Scientific & Technical Instruments,3931000000.0,21844447232.0,0,0.0
non_financial_large_cap_revenue_1b,Non-financial companies with revenue >= $1B,MLCO,Consumer Cyclical,Resorts & Casinos,5163299000.0,2151135232.0,0,0.0
non_financial_large_cap_revenue_1b,Non-financial companies with revenue >= $1B,MLKN,Consumer Cyclical,"Furnishings, Fixtures & Appliances",3669900000.0,1126815616.0,0,0.0
non_financial_large_cap_revenue_1b,Non-financial companies with revenue >= $1B,MMED,Healthcare,Health Information Services,2715000000.0,3232238336.0,0,0.0
non_financial_large_cap_revenue_1b,Non-financial companies with revenue >= $1B,MMSI,Healthcare,Medical Instruments & Supplies,1515906000.0,3802996992.0,0,0.0
non_financial_large_cap_revenue_1b,Non-financial companies with revenue >= $1B,MNDY,Technology,Software - Application,1231997000.0,3994722816.0,0,0.0
non_financial_large_cap_revenue_1b,Non-financial companies with revenue >= $1B,MNRO,Consumer Cyclical,Auto Parts,1195334000.0,499019936.0,1,0.125
non_financial_large_cap_revenue_1b,Non-financial companies with revenue >= $1B,MNST,Consumer Defensive,Beverages - Non-Alcoholic,8294343000.0,86054936576.0,1,0.125
non_financial_large_cap_revenue_1b,Non-financial companies with revenue >= $1B,MOMO,Communication Services,Internet Content & Information,10367096000.0,882051968.0,0,0.0
non_financial_large_cap_revenue_1b,Non-financial companies with revenue >= $1B,MPWR,Technology,Semiconductors,2790459000.0,80237641728.0,0,0.0
non_financial_large_cap_revenue_1b,Non-financial companies with revenue >= $1B,MRM,Consumer Cyclical,Personal Services,8299134000.0,9482342.0,0,0.0
non_financial_large_cap_revenue_1b,Non-financial companies with revenue >= $1B,MRNA,Healthcare,Biotechnology,1922000000.0,18875123712.0,0,0.0
non_financial_large_cap_revenue_1b,Non-financial companies with revenue >= $1B,MRNO,Real Estate,Real Estate - Development,1140545581.0,26745668.0,0,0.0
non_financial_large_cap_revenue_1b,Non-financial companies with revenue >= $1B,MRVL,Technology,Semiconductors,8194600000.0,179339558912.0,0,0.0
non_financial_large_cap_revenue_1b,Non-financial companies with revenue >= $1B,MSFT,Technology,Software - Infrastructure,281724000000.0,3171867426816.0,0,0.0
non_financial_large_cap_revenue_1b,Non-financial companies with revenue >= $1B,MTCH,Communication Services,Internet Content & Information,3487197000.0,8481571328.0,0,0.0
non_financial_large_cap_revenue_1b,Non-financial companies with revenue >= $1B,MU,Technology,Semiconductors,37378000000.0,1041484939264.0,0,0.0
non_financial_large_cap_revenue_1b,Non-financial companies with revenue >= $1B,MWC,Consumer Cyclical,Auto Parts,21119304000.0,418252672.0,0,0.0
non_financial_large_cap_revenue_1b,Non-financial companies with revenue >= $1B,MWH,Utilities,Utilities - Renewable,2490496000.0,7429796864.0,0,0.0
non_financial_large_cap_revenue_1b,Non-financial companies with revenue >= $1B,MYRG,Industrials,Engineering & Construction,3657889000.0,7457436160.0,0,0.0
non_financial_large_cap_revenue_1b,Non-financial companies with revenue >= $1B,MZTI,Consumer Defensive,Packaged Foods,1909122000.0,3132184320.0,0,0.0
non_financial_large_cap_revenue_1b,Non-financial companies with revenue >= $1B,NBIX,Healthcare,Drug Manufacturers - Specialty & Generic,2860500000.0,15725011968.0,0,0.0
non_financial_large_cap_revenue_1b,Non-financial companies with revenue >= $1B,NDSN,Industrials,Specialty Industrial Machinery,2791687000.0,16053454848.0,0,0.0
non_financial_large_cap_revenue_1b,Non-financial companies with revenue >= $1B,NEGG,Consumer Cyclical,Internet Retail,1444468000.0,390308672.0,0,0.0
non_financial_large_cap_revenue_1b,Non-financial companies with revenue >= $1B,NFE,Energy,Oil & Gas Midstream,1504037000.0,170095440.0,0,0.0
non_financial_large_cap_revenue_1b,Non-financial companies with revenue >= $1B,NICE,Technology,Software - Application,2945399000.0,5297272320.0,0,0.0
non_financial_large_cap_revenue_1b,Non-financial companies with revenue >= $1B,NIU,Consumer Cyclical,Auto Manufacturers,4307865498.0,191384064.0,0,0.0
non_financial_large_cap_revenue_1b,Non-financial companies with revenue >= $1B,NMRK,Real Estate,Real Estate Services,3294024000.0,3553724672.0,0,0.0
non_financial_large_cap_revenue_1b,Non-financial companies with revenue >= $1B,NSIT,Technology,Electronics & Computer Distribution,8247180000.0,3122480640.0,0,0.0
non_financial_large_cap_revenue_1b,Non-financial companies with revenue >= $1B,NTAP,Technology,Software - Infrastructure,6572000000.0,28203792384.0,0,0.0
non_financial_large_cap_revenue_1b,Non-financial companies with revenue >= $1B,NTES,Communication Services,Electronic Gaming & Multimedia,112625807000.0,79461531648.0,0,0.0
non_financial_large_cap_revenue_1b,Non-financial companies with revenue >= $1B,NTNX,Technology,Software - Infrastructure,2537927000.0,13146919936.0,0,0.0
non_financial_large_cap_revenue_1b,Non-financial companies with revenue >= $1B,NTRA,Healthcare,Diagnostics & Research,2306113000.0,30639497216.0,0,0.0
non_financial_large_cap_revenue_1b,Non-financial companies with revenue >= $1B,NVAX,Healthcare,Biotechnology,1123479000.0,1697001216.0,0,0.0
non_financial_large_cap_revenue_1b,Non-financial companies with revenue >= $1B,NVDA,Technology,Semiconductors,215938000000.0,5189349146624.0,0,0.0
non_financial_large_cap_revenue_1b,Non-financial companies with revenue >= $1B,NWE,Utilities,Utilities - Regulated Electric,1610559000.0,4359688192.0,0,0.0
non_financial_large_cap_revenue_1b,Non-financial companies with revenue >= $1B,NWL,Consumer Defensive,Household & Personal Products,7204000000.0,1516992128.0,0,0.0
non_financial_large_cap_revenue_1b,Non-financial companies with revenue >= $1B,NWS,Communication Services,Entertainment,8452000000.0,16558560256.0,0,0.0
non_financial_large_cap_revenue_1b,Non-financial companies with revenue >= $1B,NWSA,Communication Services,Entertainment,8452000000.0,14473732096.0,0,0.0
non_financial_large_cap_revenue_1b,Non-financial companies with revenue >= $1B,NXPI,Technology,Semiconductors,12269000000.0,83386146816.0,0,0.0
non_financial_large_cap_revenue_1b,Non-financial companies with revenue >= $1B,NXST,Communication Services,Broadcasting,4949000000.0,5678414848.0,1,0.125
non_financial_large_cap_revenue_1b,Non-financial companies with revenue >= $1B,NXT,Technology,Solar,3559390000.0,20874983424.0,1,0.125
non_financial_large_cap_revenue_1b,Non-financial companies with revenue >= $1B,OCTVV,Technology,Software - Application,1604171000.0,4692292608.0,1,0.125
non_financial_large_cap_revenue_1b,Non-financial companies with revenue >= $1B,ODFL,Industrials,Trucking,5496389000.0,45931876352.0,0,0.0
non_financial_large_cap_revenue_1b,Non-financial companies with revenue >= $1B,OKTA,Technology,Software - Infrastructure,2919000000.0,16608816128.0,0,0.0
non_financial_large_cap_revenue_1b,Non-financial companies with revenue >= $1B,OLLI,Consumer Defensive,Discount Stores,2649198000.0,5006983680.0,0,0.0
non_financial_large_cap_revenue_1b,Non-financial companies with revenue >= $1B,OMAB,Industrials,Airports & Air Services,15964414000.0,4861873152.0,0,0.0
non_financial_large_cap_revenue_1b,Non-financial companies with revenue >= $1B,OMCL,Healthcare,Health Information Services,1184845000.0,2033816832.0,0,0.0
non_financial_large_cap_revenue_1b,Non-financial companies with revenue >= $1B,ON,Technology,Semiconductors,5995400000.0,48122171392.0,0,0.0
non_financial_large_cap_revenue_1b,Non-financial companies with revenue >= $1B,ONC,Healthcare,Biotechnology,5343033000.0,30148026368.0,0,0.0
non_financial_large_cap_revenue_1b,Non-financial companies with revenue >= $1B,ONEW,Consumer Cyclical,Specialty Retail,1872334000.0,188609104.0,0,0.0
non_financial_large_cap_revenue_1b,Non-financial companies with revenue >= $1B,OPCH,Healthcare,Medical Care Facilities,5649519000.0,3388653568.0,0,0.0
non_financial_large_cap_revenue_1b,Non-financial companies with revenue >= $1B,OPEN,Real Estate,Real Estate Services,4371000000.0,4891214848.0,0,0.0
non_financial_large_cap_revenue_1b,Non-financial companies with revenue >= $1B,ORLY,Consumer Cyclical,Auto Parts,17781992000.0,73946251264.0,0,0.0
non_financial_large_cap_revenue_1b,Non-financial companies with revenue >= $1B,OSIS,Technology,Electronic Components,1713166000.0,3645356032.0,0,0.0
non_financial_large_cap_revenue_1b,Non-financial companies with revenue >= $1B,OTEX,Technology,Software - Application,5168405000.0,5656459776.0,0,0.0
non_financial_large_cap_revenue_1b,Non-financial companies with revenue >= $1B,OTTR,Industrials,Conglomerates,1304058000.0,3664796672.0,0,0.0
non_financial_large_cap_revenue_1b,Non-financial companies with revenue >= $1B,PAGP,Energy,Oil & Gas Midstream,44262000000.0,5755110912.0,1,0.125
non_financial_large_cap_revenue_1b,Non-financial companies with revenue >= $1B,PAHC,Healthcare,Drug Manufacturers - Specialty & Generic,1296215000.0,1291174912.0,0,0.0
non_financial_large_cap_revenue_1b,Non-financial companies with revenue >= $1B,PANW,Technology,Software - Infrastructure,9221500000.0,209051467776.0,0,0.0
non_financial_large_cap_revenue_1b,Non-financial companies with revenue >= $1B,PATK,Consumer Cyclical,Recreational Vehicles,3950773000.0,3065319680.0,0,0.0
non_financial_large_cap_revenue_1b,Non-financial companies with revenue >= $1B,PAYP,Technology,Software - Infrastructure,292037000000.0,13354714112.0,1,0.125
non_financial_large_cap_revenue_1b,Non-financial companies with revenue >= $1B,PAYX,Technology,Software - Application,5571700000.0,34220361728.0,1,0.125
non_financial_large_cap_revenue_1b,Non-financial companies with revenue >= $1B,PCAR,Industrials,Farm & Heavy Construction Machinery,28444800000.0,59059843072.0,0,0.0
non_financial_large_cap_revenue_1b,Non-financial companies with revenue >= $1B,PCTY,Technology,Software - Application,1595221000.0,5936964608.0,0,0.0
non_financial_large_cap_revenue_1b,Non-financial companies with revenue >= $1B,PDD,Consumer Cyclical,Internet Retail,431845713000.0,118184607744.0,0,0.0
non_financial_large_cap_revenue_1b,Non-financial companies with revenue >= $1B,PEGA,Technology,Software - Application,1745812000.0,5655206912.0,0,0.0
non_financial_large_cap_revenue_1b,Non-financial companies with revenue >= $1B,PENG,Technology,Information Technology Services,1368794000.0,2841927680.0,0,0.0
non_financial_large_cap_revenue_1b,Non-financial companies with revenue >= $1B,PENN,Consumer Cyclical,Resorts & Casinos,6961000000.0,2601915136.0,0,0.0
non_financial_large_cap_revenue_1b,Non-financial companies with revenue >= $1B,PEP,Consumer Defensive,Beverages - Non-Alcoholic,93925000000.0,199969783808.0,0,0.0
non_financial_large_cap_revenue_1b,Non-financial companies with revenue >= $1B,PGNY,Healthcare,Healthcare Plans,1288661000.0,2012358528.0,0,0.0
non_financial_large_cap_revenue_1b,Non-financial companies with revenue >= $1B,PGY,Technology,Software - Infrastructure,1261341000.0,1156876928.0,0,0.0
non_financial_large_cap_revenue_1b,Non-financial companies with revenue >= $1B,PIII,Healthcare,Medical Care Facilities,1459080000.0,3346736384.0,0,0.0
non_financial_large_cap_revenue_1b,Non-financial companies with revenue >= $1B,PKOH,Industrials,Specialty Industrial Machinery,1599100000.0,479603040.0,0,0.0
non_financial_large_cap_revenue_1b,Non-financial companies with revenue >= $1B,PLAY,Communication Services,Entertainment,2102800000.0,468981952.0,0,0.0
non_financial_large_cap_revenue_1b,Non-financial companies with revenue >= $1B,PLCE,Consumer Cyclical,Apparel Manufacturing,1208830000.0,96621672.0,0,0.0
non_financial_large_cap_revenue_1b,Non-financial companies with revenue >= $1B,PLTK,Communication Services,Electronic Gaming & Multimedia,2755400000.0,1365562496.0,0,0.0
non_financial_large_cap_revenue_1b,Non-financial companies with revenue >= $1B,PLTR,Technology,Software - Infrastructure,4475446000.0,343630708736.0,0,0.0
non_financial_large_cap_revenue_1b,Non-financial companies with revenue >= $1B,PLUS,Technology,Software - Application,2068789000.0,2343806464.0,0,0.0
non_financial_large_cap_revenue_1b,Non-financial companies with revenue >= $1B,PLXS,Technology,Electronic Components,4032966000.0,7167777792.0,0,0.0
non_financial_large_cap_revenue_1b,Non-financial companies with revenue >= $1B,PODD,Healthcare,Medical Devices,2708100000.0,9880604672.0,0,0.0
non_financial_large_cap_revenue_1b,Non-financial companies with revenue >= $1B,POOL,Industrials,Industrial Distribution,5289396000.0,6731022848.0,0,0.0
non_financial_large_cap_revenue_1b,Non-financial companies with revenue >= $1B,POWL,Industrials,Electrical Equipment & Parts,1104318000.0,10525103104.0,0,0.0
non_financial_large_cap_revenue_1b,Non-financial companies with revenue >= $1B,PPC,Consumer Defensive,Packaged Foods,18497553000.0,6790292480.0,0,0.0
non_financial_large_cap_revenue_1b,Non-financial companies with revenue >= $1B,PRVA,Healthcare,Health Information Services,2122842000.0,2720607232.0,0,0.0
non_financial_large_cap_revenue_1b,Non-financial companies with revenue >= $1B,PSKY,Communication Services,Entertainment,29213000000.0,12098262016.0,0,0.0
non_financial_large_cap_revenue_1b,Non-financial companies with revenue >= $1B,PSMT,Consumer Defensive,Discount Stores,5270094000.0,5299570176.0,0,0.0
non_financial_large_cap_revenue_1b,Non-financial companies with revenue >= $1B,PSNY,Consumer Cyclical,Auto Manufacturers,3058109000.0,2120233856.0,0,0.0
non_financial_large_cap_revenue_1b,Non-financial companies with revenue >= $1B,PSNYW,Consumer Cyclical,Auto Manufacturers,3058109000.0,29326352384.0,0,0.0
non_financial_large_cap_revenue_1b,Non-financial companies with revenue >= $1B,PTC,Technology,Software - Application,2739226000.0,16031047680.0,0,0.0
non_financial_large_cap_revenue_1b,Non-financial companies with revenue >= $1B,PTCT,Healthcare,Biotechnology,1730655000.0,5893550592.0,0,0.0
non_financial_large_cap_revenue_1b,Non-financial companies with revenue >= $1B,PTEN,Energy,Oil & Gas Drilling,4826624000.0,4289679616.0,0,0.0
non_financial_large_cap_revenue_1b,Non-financial companies with revenue >= $1B,PTON,Consumer Cyclical,Leisure,2490800000.0,2615271168.0,0,0.0
non_financial_large_cap_revenue_1b,Non-financial companies with revenue >= $1B,PTRN,Technology,Software - Application,2501315000.0,3731215872.0,0,0.0
non_financial_large_cap_revenue_1b,Non-financial companies with revenue >= $1B,PZZA,Consumer Cyclical,Restaurants,2053808000.0,1140054784.0,0,0.0
non_financial_large_cap_revenue_1b,Non-financial companies with revenue >= $1B,QCOM,Technology,Semiconductors,44284000000.0,256427655168.0,0,0.0
non_financial_large_cap_revenue_1b,Non-financial companies with revenue >= $1B,QDEL,Healthcare,Medical Devices,2730200000.0,891256256.0,0,0.0
non_financial_large_cap_revenue_1b,Non-financial companies with revenue >= $1B,QNST,Communication Services,Advertising Agencies,1093711000.0,714045952.0,0,0.0
non_financial_large_cap_revenue_1b,Non-financial companies with revenue >= $1B,QRVO,Technology,Semiconductors,3678517000.0,9366414336.0,0,0.0
non_financial_large_cap_revenue_1b,Non-financial companies with revenue >= $1B,RDNT,Healthcare,Diagnostics & Research,2040210000.0,4349259776.0,0,0.0
non_financial_large_cap_revenue_1b,Non-financial companies with revenue >= $1B,RDNW,Consumer Cyclical,Auto & Truck Dealerships,1082500000.0,312556128.0,0,0.0
non_financial_large_cap_revenue_1b,Non-financial companies with revenue >= $1B,REAX,Real Estate,Real Estate Services,1968416000.0,375568768.0,1,0.125
non_financial_large_cap_revenue_1b,Non-financial companies with revenue >= $1B,REG,Real Estate,REIT - Retail,1553524000.0,14678133760.0,0,0.0
non_financial_large_cap_revenue_1b,Non-financial companies with revenue >= $1B,REGN,Healthcare,Biotechnology,14342900000.0,65159557120.0,0,0.0
non_financial_large_cap_revenue_1b,Non-financial companies with revenue >= $1B,RELY,Technology,Software - Infrastructure,1635147000.0,4211221504.0,0,0.0
non_financial_large_cap_revenue_1b,Non-financial companies with revenue >= $1B,REYN,Consumer Cyclical,Packaging & Containers,3721000000.0,4657958912.0,0,0.0
non_financial_large_cap_revenue_1b,Non-financial companies with revenue >= $1B,RGLD,Basic Materials,Gold,1030471000.0,18898094080.0,0,0.0
non_financial_large_cap_revenue_1b,Non-financial companies with revenue >= $1B,RIVN,Consumer Cyclical,Auto Manufacturers,5387000000.0,20411570176.0,0,0.0
non_financial_large_cap_revenue_1b,Non-financial companies with revenue >= $1B,RJET,Industrials,Airlines,1676500000.0,1097214592.0,0,0.0
non_financial_large_cap_revenue_1b,Non-financial companies with revenue >= $1B,ROAD,Industrials,Engineering & Construction,2812356000.0,6791518720.0,0,0.0
non_financial_large_cap_revenue_1b,Non-financial companies with revenue >= $1B,ROCK,Industrials,Building Products & Equipment,1135501000.0,1163637120.0,0,0.0
non_financial_large_cap_revenue_1b,Non-financial companies with revenue >= $1B,ROKU,Communication Services,Entertainment,4737251000.0,19361171456.0,0,0.0
non_financial_large_cap_revenue_1b,Non-financial companies with revenue >= $1B,ROP,Technology,Software - Application,7902500000.0,32268324864.0,0,0.0
non_financial_large_cap_revenue_1b,Non-financial companies with revenue >= $1B,ROST,Consumer Cyclical,Apparel Retail,22750559000.0,73486688256.0,0,0.0
non_financial_large_cap_revenue_1b,Non-financial companies with revenue >= $1B,RPRX,Healthcare,Biotechnology,2378193000.0,31371337728.0,0,0.0
non_financial_large_cap_revenue_1b,Non-financial companies with revenue >= $1B,RRGB,Consumer Cyclical,Restaurants,1210225000.0,88983328.0,0,0.0
non_financial_large_cap_revenue_1b,Non-financial companies with revenue >= $1B,RRR,Consumer Cyclical,Resorts & Casinos,2011483000.0,5854441472.0,0,0.0
non_financial_large_cap_revenue_1b,Non-financial companies with revenue >= $1B,RUN,Technology,Solar,2956997000.0,3790548224.0,0,0.0
non_financial_large_cap_revenue_1b,Non-financial companies with revenue >= $1B,RUSHA,Consumer Cyclical,Auto & Truck Dealerships,7434195000.0,5518349824.0,0,0.0
non_financial_large_cap_revenue_1b,Non-financial companies with revenue >= $1B,RUSHB,Consumer Cyclical,Auto & Truck Dealerships,7434195000.0,5150770176.0,0,0.0
non_financial_large_cap_revenue_1b,Non-financial companies with revenue >= $1B,RXT,Technology,Software - Infrastructure,2685700000.0,1208729088.0,0,0.0
non_financial_large_cap_revenue_1b,Non-financial companies with revenue >= $1B,RYAAY,Industrials,Airlines,15544300000.0,31856836608.0,0,0.0
non_financial_large_cap_revenue_1b,Non-financial companies with revenue >= $1B,SABR,Technology,Software - Infrastructure,2770983000.0,660173184.0,0,0.0
non_financial_large_cap_revenue_1b,Non-financial companies with revenue >= $1B,SAIA,Industrials,Trucking,3234286000.0,12481887232.0,0,0.0
non_financial_large_cap_revenue_1b,Non-financial companies with revenue >= $1B,SAIC,Technology,Information Technology Services,7262000000.0,4469717504.0,0,0.0
non_financial_large_cap_revenue_1b,Non-financial companies with revenue >= $1B,SAIL,Technology,Software - Infrastructure,1071416000.0,9387533312.0,0,0.0
non_financial_large_cap_revenue_1b,Non-financial companies with revenue >= $1B,SANM,Technology,Electronic Components,8128382000.0,14108532736.0,0,0.0
non_financial_large_cap_revenue_1b,Non-financial companies with revenue >= $1B,SATS,Communication Services,Telecom Services,15004989000.0,37985857536.0,0,0.0
non_financial_large_cap_revenue_1b,Non-financial companies with revenue >= $1B,SBAC,Real Estate,REIT - Specialty,2815139000.0,21702612992.0,0,0.0
non_financial_large_cap_revenue_1b,Non-financial companies with revenue >= $1B,SBGI,Communication Services,Broadcasting,3169000000.0,1031967872.0,0,0.0
non_financial_large_cap_revenue_1b,Non-financial companies with revenue >= $1B,SBLK,Industrials,Marine Shipping,1042499000.0,3094373632.0,0,0.0
non_financial_large_cap_revenue_1b,Non-financial companies with revenue >= $1B,SBUX,Consumer Cyclical,Restaurants,37184400000.0,114824773632.0,0,0.0
non_financial_large_cap_revenue_1b,Non-financial companies with revenue >= $1B,SCHL,Communication Services,Publishing,1625500000.0,754776512.0,0,0.0
non_financial_large_cap_revenue_1b,Non-financial companies with revenue >= $1B,SCSC,Technology,Electronics & Computer Distribution,3040810000.0,931269888.0,0,0.0
non_financial_large_cap_revenue_1b,Non-financial companies with revenue >= $1B,SCVL,Consumer Cyclical,Apparel Retail,1135324000.0,483721568.0,0,0.0
non_financial_large_cap_revenue_1b,Non-financial companies with revenue >= $1B,SEDG,Technology,Solar,1184444000.0,4451283968.0,0,0.0
non_financial_large_cap_revenue_1b,Non-financial companies with revenue >= $1B,SENEA,Consumer Defensive,Packaged Foods,1578887000.0,1001467840.0,0,0.0
non_financial_large_cap_revenue_1b,Non-financial companies with revenue >= $1B,SENEB,Consumer Defensive,Packaged Foods,1578887000.0,987226816.0,0,0.0
non_financial_large_cap_revenue_1b,Non-financial companies with revenue >= $1B,SFD,Consumer Defensive,Packaged Foods,15531000000.0,10387799040.0,0,0.0
non_financial_large_cap_revenue_1b,Non-financial companies with revenue >= $1B,SFIX,Consumer Cyclical,Apparel Retail,1267171000.0,503768128.0,0,0.0
non_financial_large_cap_revenue_1b,Non-financial companies with revenue >= $1B,SFM,Consumer Defensive,Grocery Stores,8806159000.0,8152700928.0,0,0.0
non_financial_large_cap_revenue_1b,Non-financial companies with revenue >= $1B,SGRY,Healthcare,Medical Care Facilities,3308700000.0,1785258368.0,0,0.0
non_financial_large_cap_revenue_1b,Non-financial companies with revenue >= $1B,SHC,Healthcare,Diagnostics & Research,1163617000.0,4491380224.0,0,0.0
non_financial_large_cap_revenue_1b,Non-financial companies with revenue >= $1B,SHOO,Consumer Cyclical,Footwear & Accessories,2534109000.0,3171908096.0,0,0.0
non_financial_large_cap_revenue_1b,Non-financial companies with revenue >= $1B,SHOP,Technology,Software - Application,11556000000.0,149269217280.0,0,0.0
non_financial_large_cap_revenue_1b,Non-financial companies with revenue >= $1B,SIFY,Communication Services,Telecom Services,39885580000.0,1236468352.0,1,0.125
non_financial_large_cap_revenue_1b,Non-financial companies with revenue >= $1B,SIRI,Communication Services,Entertainment,8558000000.0,10054838272.0,0,0.0
non_financial_large_cap_revenue_1b,Non-financial companies with revenue >= $1B,SJ,Communication Services,Internet Content & Information,1241621000.0,50530696.0,0,0.0
non_financial_large_cap_revenue_1b,Non-financial companies with revenue >= $1B,SKYW,Industrials,Airlines,4058202000.0,3419509504.0,0,0.0
non_financial_large_cap_revenue_1b,Non-financial companies with revenue >= $1B,SMCI,Technology,Computer Hardware,21972042000.0,24838584320.0,0,0.0
non_financial_large_cap_revenue_1b,Non-financial companies with revenue >= $1B,SMPL,Consumer Defensive,Packaged Foods,1450920000.0,1092388096.0,0,0.0
non_financial_large_cap_revenue_1b,Non-financial companies with revenue >= $1B,SMTC,Technology,Semiconductors,1049975000.0,15487735808.0,0,0.0
non_financial_large_cap_revenue_1b,Non-financial companies with revenue >= $1B,SNBR,Consumer Cyclical,"Furnishings, Fixtures & Appliances",1411450000.0,41949180.0,0,0.0
non_financial_large_cap_revenue_1b,Non-financial companies with revenue >= $1B,SNDK,Technology,Computer Hardware,7355000000.0,243110068224.0,0,0.0
non_financial_large_cap_revenue_1b,Non-financial companies with revenue >= $1B,SNPS,Technology,Software - Infrastructure,7054178000.0,92072378368.0,0,0.0
non_financial_large_cap_revenue_1b,Non-financial companies with revenue >= $1B,SNY,Healthcare,Drug Manufacturers - General,46716000000.0,105852928000.0,0,0.0
non_financial_large_cap_revenue_1b,Non-financial companies with revenue >= $1B,SOGP,Communication Services,Internet Content & Information,3102754000.0,56893612.0,1,0.125
non_financial_large_cap_revenue_1b,Non-financial companies with revenue >= $1B,SOLS,Basic Materials,Specialty Chemicals,3886000000.0,13430077440.0,0,0.0
non_financial_large_cap_revenue_1b,Non-financial companies with revenue >= $1B,SONO,Technology,Consumer Electronics,1443276000.0,1888189440.0,0,0.0
non_financial_large_cap_revenue_1b,Non-financial companies with revenue >= $1B,SPWH,Consumer Cyclical,Specialty Retail,1209182000.0,52197492.0,0,0.0
non_financial_large_cap_revenue_1b,Non-financial companies with revenue >= $1B,SRAD,Technology,Software - Application,1289965000.0,3862169088.0,0,0.0
non_financial_large_cap_revenue_1b,Non-financial companies with revenue >= $1B,SRPT,Healthcare,Biotechnology,2198237000.0,1826468608.0,0,0.0
non_financial_large_cap_revenue_1b,Non-financial companies with revenue >= $1B,SSNC,Technology,Software - Application,6272200000.0,15921538048.0,0,0.0
non_financial_large_cap_revenue_1b,Non-financial companies with revenue >= $1B,SSP,Communication Services,Broadcasting,2150585000.0,320392896.0,0,0.0
non_financial_large_cap_revenue_1b,Non-financial companies with revenue >= $1B,SSRM,Basic Materials,Gold,1629637000.0,6255855616.0,0,0.0
non_financial_large_cap_revenue_1b,Non-financial companies with revenue >= $1B,STGW,Communication Services,Advertising Agencies,2909000000.0,1737456640.0,0,0.0
non_financial_large_cap_revenue_1b,Non-financial companies with revenue >= $1B,STLD,Basic Materials,Steel,18176581000.0,37603483648.0,0,0.0
non_financial_large_cap_revenue_1b,Non-financial companies with revenue >= $1B,STNE,Technology,Software - Infrastructure,13399706000.0,2755775744.0,1,0.125
non_financial_large_cap_revenue_1b,Non-financial companies with revenue >= $1B,STRA,Consumer Defensive,Education & Training Services,1268220000.0,1754786176.0,0,0.0
non_financial_large_cap_revenue_1b,Non-financial companies with revenue >= $1B,STRL,Industrials,Engineering & Construction,2490049000.0,25867032576.0,0,0.0
non_financial_large_cap_revenue_1b,Non-financial companies with revenue >= $1B,STRZ,Communication Services,Entertainment,1369600000.0,408485216.0,0,0.0
non_financial_large_cap_revenue_1b,Non-financial companies with revenue >= $1B,STX,Technology,Computer Hardware,9097000000.0,197482954752.0,0,0.0
non_financial_large_cap_revenue_1b,Non-financial companies with revenue >= $1B,SWKS,Technology,Semiconductors,4086900000.0,12244550656.0,0,0.0
non_financial_large_cap_revenue_1b,Non-financial companies with revenue >= $1B,SY,Healthcare,Health Information Services,1523410000.0,195741728.0,0,0.0
non_financial_large_cap_revenue_1b,Non-financial companies with revenue >= $1B,SYM,Industrials,Specialty Industrial Machinery,2246922000.0,29463365632.0,1,0.125
non_financial_large_cap_revenue_1b,Non-financial companies with revenue >= $1B,SYNA,Technology,Semiconductors,1074300000.0,5535234560.0,0,0.0
non_financial_large_cap_revenue_1b,Non-financial companies with revenue >= $1B,TASK,Technology,Information Technology Services,1183547000.0,577858496.0,0,0.0
non_financial_large_cap_revenue_1b,Non-financial companies with revenue >= $1B,TBLA,Communication Services,Internet Content & Information,1912040000.0,1366621696.0,0,0.0
non_financial_large_cap_revenue_1b,Non-financial companies with revenue >= $1B,TCOM,Consumer Cyclical,Travel Services,62409000000.0,29646522368.0,0,0.0
non_financial_large_cap_revenue_1b,Non-financial companies with revenue >= $1B,TEAD,Communication Services,Internet Content & Information,1300461000.0,121239288.0,0,0.0
non_financial_large_cap_revenue_1b,Non-financial companies with revenue >= $1B,TEAM,Technology,Software - Application,5215304000.0,23674003456.0,0,0.0
non_financial_large_cap_revenue_1b,Non-financial companies with revenue >= $1B,TECH,Healthcare,Biotechnology,1219635000.0,7959955456.0,0,0.0
non_financial_large_cap_revenue_1b,Non-financial companies with revenue >= $1B,TEM,Healthcare,Health Information Services,1271789000.0,9209877504.0,0,0.0
non_financial_large_cap_revenue_1b,Non-financial companies with revenue >= $1B,TER,Technology,Semiconductor Equipment & Materials,3190024000.0,59900858368.0,0,0.0
non_financial_large_cap_revenue_1b,Non-financial companies with revenue >= $1B,THCH,Consumer Cyclical,Restaurants,1316196474.0,59267576.0,0,0.0
non_financial_large_cap_revenue_1b,Non-financial companies with revenue >= $1B,THH,Industrials,Specialty Business Services,3461235000.0,19367898.0,0,0.0
non_financial_large_cap_revenue_1b,Non-financial companies with revenue >= $1B,THRM,Consumer Cyclical,Auto Parts,1498602000.0,1069368384.0,0,0.0
non_financial_large_cap_revenue_1b,Non-financial companies with revenue >= $1B,TIGO,Communication Services,Telecom Services,5819000000.0,14044999680.0,0,0.0
non_financial_large_cap_revenue_1b,Non-financial companies with revenue >= $1B,TILE,Consumer Cyclical,"Furnishings, Fixtures & Appliances",1386854000.0,1735880064.0,0,0.0
non_financial_large_cap_revenue_1b,Non-financial companies with revenue >= $1B,TITN,Industrials,Industrial Distribution,2427107000.0,506508224.0,0,0.0
non_financial_large_cap_revenue_1b,Non-financial companies with revenue >= $1B,TLN,Utilities,Utilities - Independent Power Producers,2626000000.0,17431275520.0,0,0.0
non_financial_large_cap_revenue_1b,Non-financial companies with revenue >= $1B,TMUS,Communication Services,Telecom Services,88309000000.0,204547506176.0,0,0.0
non_financial_large_cap_revenue_1b,Non-financial companies with revenue >= $1B,TNDM,Healthcare,Medical Devices,1014736000.0,1145806336.0,0,0.0
non_financial_large_cap_revenue_1b,Non-financial companies with revenue >= $1B,TRI,Industrials,Specialty Business Services,7476000000.0,36883165184.0,0,0.0
non_financial_large_cap_revenue_1b,Non-financial companies with revenue >= $1B,TRIP,Consumer Cyclical,Travel Services,1891000000.0,1268336640.0,0,0.0
non_financial_large_cap_revenue_1b,Non-financial companies with revenue >= $1B,TRMB,Technology,Scientific & Technical Instruments,3587300000.0,12802484224.0,0,0.0
non_financial_large_cap_revenue_1b,Non-financial companies with revenue >= $1B,TRMD,Energy,Oil & Gas Midstream,1339500000.0,2861397760.0,0,0.0
non_financial_large_cap_revenue_1b,Non-financial companies with revenue >= $1B,TSCO,Consumer Cyclical,Specialty Retail,15524046000.0,16451984384.0,0,0.0
non_financial_large_cap_revenue_1b,Non-financial companies with revenue >= $1B,TSEM,Technology,Semiconductors,1566104000.0,32781475840.0,1,0.125
non_financial_large_cap_revenue_1b,Non-financial companies with revenue >= $1B,TSLA,Consumer Cyclical,Auto Manufacturers,94827000000.0,1660405547008.0,0,0.0
non_financial_large_cap_revenue_1b,Non-financial companies with revenue >= $1B,TTD,Communication Services,Advertising Agencies,2896284000.0,9942791168.0,0,0.0
non_financial_large_cap_revenue_1b,Non-financial companies with revenue >= $1B,TTEC,Technology,Information Technology Services,2136899000.0,131864208.0,0,0.0
non_financial_large_cap_revenue_1b,Non-financial companies with revenue >= $1B,TTEK,Industrials,Engineering & Construction,5442590000.0,7188834304.0,0,0.0
non_financial_large_cap_revenue_1b,Non-financial companies with revenue >= $1B,TTMI,Technology,Electronic Components,2906345000.0,19502002176.0,0,0.0
non_financial_large_cap_revenue_1b,Non-financial companies with revenue >= $1B,TTWO,Communication Services,Electronic Gaming & Multimedia,6656400000.0,40451194880.0,0,0.0
non_financial_large_cap_revenue_1b,Non-financial companies with revenue >= $1B,TXN,Technology,Semiconductors,17682000000.0,287543820288.0,0,0.0
non_financial_large_cap_revenue_1b,Non-financial companies with revenue >= $1B,TXRH,Consumer Cyclical,Restaurants,5878075000.0,11854337024.0,0,0.0
non_financial_large_cap_revenue_1b,Non-financial companies with revenue >= $1B,UCTT,Technology,Semiconductor Equipment & Materials,2054000000.0,3913067008.0,0,0.0
non_financial_large_cap_revenue_1b,Non-financial companies with revenue >= $1B,UFPI,Basic Materials,Lumber & Wood Production,6320343000.0,4603703808.0,0,0.0
non_financial_large_cap_revenue_1b,Non-financial companies with revenue >= $1B,ULCC,Industrials,Airlines,3724000000.0,1330480256.0,0,0.0
non_financial_large_cap_revenue_1b,Non-financial companies with revenue >= $1B,ULH,Industrials,Trucking,1558397000.0,429562304.0,0,0.0
non_financial_large_cap_revenue_1b,Non-financial companies with revenue >= $1B,ULTA,Consumer Cyclical,Specialty Retail,12392820000.0,22749609984.0,0,0.0
non_financial_large_cap_revenue_1b,Non-financial companies with revenue >= $1B,UPBD,Technology,Software - Application,4695061000.0,1132064256.0,0,0.0
non_financial_large_cap_revenue_1b,Non-financial companies with revenue >= $1B,URBN,Consumer Cyclical,Apparel Retail,6165376000.0,6712467968.0,0,0.0
non_financial_large_cap_revenue_1b,Non-financial companies with revenue >= $1B,UXIN,Consumer Cyclical,Auto & Truck Dealerships,3239693000.0,503754784.0,0,0.0
non_financial_large_cap_revenue_1b,Non-financial companies with revenue >= $1B,VC,Consumer Cyclical,Auto Parts,3768000000.0,3179791616.0,0,0.0
non_financial_large_cap_revenue_1b,Non-financial companies with revenue >= $1B,VEON,Communication Services,Telecom Services,4399000000.0,3916291840.0,0,0.0
non_financial_large_cap_revenue_1b,Non-financial companies with revenue >= $1B,VFS,Consumer Cyclical,Auto Manufacturers,90178628000000.0,8328748544.0,0,0.0
non_financial_large_cap_revenue_1b,Non-financial companies with revenue >= $1B,VIAV,Technology,Communication Equipment,1084300000.0,11961787392.0,0,0.0
non_financial_large_cap_revenue_1b,Non-financial companies with revenue >= $1B,VIOT,Consumer Cyclical,"Furnishings, Fixtures & Appliances",2428226000.0,64144140.0,0,0.0
non_financial_large_cap_revenue_1b,Non-financial companies with revenue >= $1B,VISN,Technology,Communication Equipment,1931600000.0,2790296320.0,0,0.0
non_financial_large_cap_revenue_1b,Non-financial companies with revenue >= $1B,VNET,Technology,Information Technology Services,9949261000.0,3023425280.0,0,0.0
non_financial_large_cap_revenue_1b,Non-financial companies with revenue >= $1B,VNOM,Energy,Oil & Gas Midstream,1394000000.0,16154762240.0,1,0.125
non_financial_large_cap_revenue_1b,Non-financial companies with revenue >= $1B,VOD,Communication Services,Telecom Services,40461000000.0,34378350592.0,0,0.0
non_financial_large_cap_revenue_1b,Non-financial companies with revenue >= $1B,VRSK,Industrials,Consulting Services,3072700000.0,22643195904.0,0,0.0
non_financial_large_cap_revenue_1b,Non-financial companies with revenue >= $1B,VRSN,Technology,Software - Infrastructure,1656600000.0,26948741120.0,0,0.0
non_financial_large_cap_revenue_1b,Non-financial companies with revenue >= $1B,VRTX,Healthcare,Biotechnology,12001300000.0,113697218560.0,0,0.0
non_financial_large_cap_revenue_1b,Non-financial companies with revenue >= $1B,VSAT,Technology,Communication Equipment,4519571000.0,11775224832.0,0,0.0
non_financial_large_cap_revenue_1b,Non-financial companies with revenue >= $1B,VSEC,Industrials,Aerospace & Defense,1112275000.0,4963871232.0,0,0.0
non_financial_large_cap_revenue_1b,Non-financial companies with revenue >= $1B,VSNT,Communication Services,Entertainment,6688000000.0,6131109376.0,0,0.0
non_financial_large_cap_revenue_1b,Non-financial companies with revenue >= $1B,VTRS,Healthcare,Drug Manufacturers - Specialty & Generic,14299900000.0,18760945664.0,0,0.0
non_financial_large_cap_revenue_1b,Non-financial companies with revenue >= $1B,WAY,Healthcare,Health Information Services,1099278000.0,3719251968.0,0,0.0
non_financial_large_cap_revenue_1b,Non-financial companies with revenue >= $1B,WB,Communication Services,Internet Content & Information,1757216000.0,1926073088.0,0,0.0
non_financial_large_cap_revenue_1b,Non-financial companies with revenue >= $1B,WBD,Communication Services,Entertainment,37296000000.0,67792982016.0,0,0.0
non_financial_large_cap_revenue_1b,Non-financial companies with revenue >= $1B,WBTN,Communication Services,Internet Content & Information,1382705000.0,1620112128.0,0,0.0
non_financial_large_cap_revenue_1b,Non-financial companies with revenue >= $1B,WDAY,Technology,Software - Application,9552000000.0,32109019136.0,0,0.0
non_financial_large_cap_revenue_1b,Non-financial companies with revenue >= $1B,WDC,Technology,Computer Hardware,9520000000.0,183088250880.0,0,0.0
non_financial_large_cap_revenue_1b,Non-financial companies with revenue >= $1B,WEN,Consumer Cyclical,Restaurants,2176891000.0,1428604800.0,0,0.0
non_financial_large_cap_revenue_1b,Non-financial companies with revenue >= $1B,WERN,Industrials,Trucking,2974396000.0,2489128960.0,0,0.0
non_financial_large_cap_revenue_1b,Non-financial companies with revenue >= $1B,WEST,Consumer Defensive,Packaged Foods,1188952000.0,781439296.0,0,0.0
non_financial_large_cap_revenue_1b,Non-financial companies with revenue >= $1B,WFRD,Energy,Oil & Gas Equipment & Services,4918000000.0,7471602688.0,0,0.0
non_financial_large_cap_revenue_1b,Non-financial companies with revenue >= $1B,WIX,Technology,Software - Infrastructure,1993044000.0,2203376896.0,0,0.0
non_financial_large_cap_revenue_1b,Non-financial companies with revenue >= $1B,WMG,Communication Services,Entertainment,6707000000.0,16874261504.0,0,0.0
non_financial_large_cap_revenue_1b,Non-financial companies with revenue >= $1B,WMT,Consumer Defensive,Discount Stores,713163000000.0,947750764544.0,0,0.0
non_financial_large_cap_revenue_1b,Non-financial companies with revenue >= $1B,WOOF,Consumer Cyclical,Specialty Retail,5961467000.0,976398976.0,0,0.0
non_financial_large_cap_revenue_1b,Non-financial companies with revenue >= $1B,WSC,Industrials,Rental & Leasing Services,2281446000.0,4676902400.0,0,0.0
non_financial_large_cap_revenue_1b,Non-financial companies with revenue >= $1B,WSE,Technology,Information Technology Services,1806200000.0,12473299968.0,0,0.0
non_financial_large_cap_revenue_1b,Non-financial companies with revenue >= $1B,WWD,Industrials,Aerospace & Defense,3567064000.0,21149532160.0,0,0.0
non_financial_large_cap_revenue_1b,Non-financial companies with revenue >= $1B,WYNN,Consumer Cyclical,Resorts & Casinos,7137924000.0,10538504192.0,0,0.0
non_financial_large_cap_revenue_1b,Non-financial companies with revenue >= $1B,XEL,Utilities,Utilities - Regulated Electric,14669000000.0,49479606272.0,0,0.0
non_financial_large_cap_revenue_1b,Non-financial companies with revenue >= $1B,XRAY,Healthcare,Medical Instruments & Supplies,3680000000.0,2061361664.0,0,0.0
non_financial_large_cap_revenue_1b,Non-financial companies with revenue >= $1B,XRX,Industrials,Business Equipment & Supplies,7022000000.0,397570016.0,0,0.0
non_financial_large_cap_revenue_1b,Non-financial companies with revenue >= $1B,YB,Technology,Software - Application,4373153000.0,656642880.0,0,0.0
non_financial_large_cap_revenue_1b,Non-financial companies with revenue >= $1B,YI,Healthcare,Medical Distribution,12556023000.0,48119392.0,1,0.125
non_financial_large_cap_revenue_1b,Non-financial companies with revenue >= $1B,YOUL,Consumer Defensive,Education & Training Services,1854302000.0,44503580.0,1,0.125
non_financial_large_cap_revenue_1b,Non-financial companies with revenue >= $1B,YSWY,Consumer Defensive,Grocery Stores,2672573000.0,1371325952.0,1,0.125
non_financial_large_cap_revenue_1b,Non-financial companies with revenue >= $1B,YTRA,Consumer Cyclical,Travel Services,7954522000.0,54917800.0,0,0.0
non_financial_large_cap_revenue_1b,Non-financial companies with revenue >= $1B,Z,Communication Services,Internet Content & Information,2583000000.0,8108736000.0,0,0.0
non_financial_large_cap_revenue_1b,Non-financial companies with revenue >= $1B,ZBRA,Technology,Communication Equipment,5396000000.0,11808317440.0,0,0.0
non_financial_large_cap_revenue_1b,Non-financial companies with revenue >= $1B,ZD,Communication Services,Advertising Agencies,1451268000.0,1660171520.0,0,0.0
non_financial_large_cap_revenue_1b,Non-financial companies with revenue >= $1B,ZG,Communication Services,Internet Content & Information,2583000000.0,8191104512.0,0,0.0
non_financial_large_cap_revenue_1b,Non-financial companies with revenue >= $1B,ZM,Technology,Software - Application,4868769000.0,29458108416.0,0,0.0
non_financial_large_cap_revenue_1b,Non-financial companies with revenue >= $1B,ZS,Technology,Software - Infrastructure,2673115000.0,21028704256.0,0,0.0
non_financial_large_cap_revenue_1b,Non-financial companies with revenue >= $1B,A,Healthcare,Diagnostics & Research,6948000000.0,38258700288.0,0,0.0
non_financial_large_cap_revenue_1b,Non-financial companies with revenue >= $1B,AA,Basic Materials,Aluminum,12831000000.0,19944796160.0,0,0.0
non_financial_large_cap_revenue_1b,Non-financial companies with revenue >= $1B,AAP,Consumer Cyclical,Auto Parts,8601000000.0,3611306496.0,0,0.0
non_financial_large_cap_revenue_1b,Non-financial companies with revenue >= $1B,AAUC,Basic Materials,Gold,1331824000.0,3421452032.0,0,0.0
non_financial_large_cap_revenue_1b,Non-financial companies with revenue >= $1B,ABBV,Healthcare,Drug Manufacturers - General,61160000000.0,386273935360.0,0,0.0
non_financial_large_cap_revenue_1b,Non-financial companies with revenue >= $1B,ABEV,Consumer Defensive,Beverages - Brewers,88242500000.0,49832620032.0,0,0.0
non_financial_large_cap_revenue_1b,Non-financial companies with revenue >= $1B,ABG,Consumer Cyclical,Auto & Truck Dealerships,17999000000.0,3626011392.0,0,0.0
non_financial_large_cap_revenue_1b,Non-financial companies with revenue >= $1B,ABM,Industrials,Specialty Business Services,8745900000.0,2331362304.0,0,0.0
non_financial_large_cap_revenue_1b,Non-financial companies with revenue >= $1B,ABT,Healthcare,Medical Devices,44328000000.0,150318481408.0,0,0.0
non_financial_large_cap_revenue_1b,Non-financial companies with revenue >= $1B,ACA,Industrials,Engineering & Construction,2883400000.0,6242111488.0,0,0.0
non_financial_large_cap_revenue_1b,Non-financial companies with revenue >= $1B,ACCO,Industrials,Business Equipment & Supplies,1524700000.0,373644064.0,0,0.0
non_financial_large_cap_revenue_1b,Non-financial companies with revenue >= $1B,ACEL,Consumer Cyclical,Gambling,1330960000.0,979970496.0,0,0.0
non_financial_large_cap_revenue_1b,Non-financial companies with revenue >= $1B,ACH,Healthcare,Medical Distribution,2762032000.0,221326912.0,0,0.0
non_financial_large_cap_revenue_1b,Non-financial companies with revenue >= $1B,ACI,Consumer Defensive,Grocery Stores,83172500000.0,7872994816.0,0,0.0
non_financial_large_cap_revenue_1b,Non-financial companies with revenue >= $1B,ACM,Industrials,Engineering & Construction,16139622000.0,9108419584.0,0,0.0
non_financial_large_cap_revenue_1b,Non-financial companies with revenue >= $1B,ACN,Technology,Information Technology Services,69672977000.0,109793624064.0,0,0.0
non_financial_large_cap_revenue_1b,Non-financial companies with revenue >= $1B,ADM,Consumer Defensive,Farm Products,80269000000.0,38575800320.0,0,0.0
non_financial_large_cap_revenue_1b,Non-financial companies with revenue >= $1B,ADNT,Consumer Cyclical,Auto Parts,14535000000.0,1861533696.0,0,0.0
non_financial_large_cap_revenue_1b,Non-financial companies with revenue >= $1B,ADT,Industrials,Security & Protection Services,5128607000.0,5179354624.0,0,0.0
non_financial_large_cap_revenue_1b,Non-financial companies with revenue >= $1B,AEE,Utilities,Utilities - Regulated Electric,8799000000.0,30146553856.0,2,0.25
non_financial_large_cap_revenue_1b,Non-financial companies with revenue >= $1B,AEM,Basic Materials,Gold,11907851000.0,88991449088.0,1,0.125
non_financial_large_cap_revenue_1b,Non-financial companies with revenue >= $1B,AEO,Consumer Cyclical,Apparel Retail,5547236000.0,3002082560.0,0,0.0
non_financial_large_cap_revenue_1b,Non-financial companies with revenue >= $1B,AER,Industrials,Rental & Leasing Services,8516668000.0,21915074560.0,0,0.0
non_financial_large_cap_revenue_1b,Non-financial companies with revenue >= $1B,AERO,Industrials,Airlines,5360570000.0,2564982016.0,1,0.125
non_financial_large_cap_revenue_1b,Non-financial companies with revenue >= $1B,AES,Utilities,Utilities - Diversified,12233000000.0,10476285952.0,0,0.0
non_financial_large_cap_revenue_1b,Non-financial companies with revenue >= $1B,AESI,Energy,Oil & Gas Equipment & Services,1095310000.0,2125893120.0,0,0.0
non_financial_large_cap_revenue_1b,Non-financial companies with revenue >= $1B,AG,Basic Materials,Silver,1265157000.0,10161777664.0,1,0.125
non_financial_large_cap_revenue_1b,Non-financial companies with revenue >= $1B,AGCO,Industrials,Farm & Heavy Construction Machinery,10082000000.0,8245159424.0,0,0.0
non_financial_large_cap_revenue_1b,Non-financial companies with revenue >= $1B,AGI,Basic Materials,Gold,1808800000.0,16597032960.0,0,0.0
non_financial_large_cap_revenue_1b,Non-financial companies with revenue >= $1B,AGL,Healthcare,Medical Care Facilities,5932576000.0,1507713792.0,0,0.0
non_financial_large_cap_revenue_1b,Non-financial companies with revenue >= $1B,AGRO,Consumer Defensive,Farm Products,1427734000.0,1822615936.0,1,0.125
non_financial_large_cap_revenue_1b,Non-financial companies with revenue >= $1B,AHR,Real Estate,REIT - Healthcare Facilities,2260123000.0,9532045312.0,0,0.0
non_financial_large_cap_revenue_1b,Non-financial companies with revenue >= $1B,AIN,Consumer Cyclical,Textile Manufacturing,1182813000.0,1833432064.0,0,0.0
non_financial_large_cap_revenue_1b,Non-financial companies with revenue >= $1B,AIR,Industrials,Aerospace & Defense,2780500000.0,4571698176.0,0,0.0
non_financial_large_cap_revenue_1b,Non-financial companies with revenue >= $1B,AIT,Industrials,Industrial Distribution,4563424000.0,11403126784.0,0,0.0
non_financial_large_cap_revenue_1b,Non-financial companies with revenue >= $1B,ALB,Basic Materials,Specialty Chemicals,5142733000.0,20794238976.0,0,0.0
non_financial_large_cap_revenue_1b,Non-financial companies with revenue >= $1B,ALC,Healthcare,Medical Instruments & Supplies,10401000000.0,32022384640.0,0,0.0
non_financial_large_cap_revenue_1b,Non-financial companies with revenue >= $1B,ALG,Industrials,Farm & Heavy Construction Machinery,1603715000.0,1855428864.0,0,0.0
non_financial_large_cap_revenue_1b,Non-financial companies with revenue >= $1B,ALH,Consumer Cyclical,"Furnishings, Fixtures & Appliances",1709237000.0,5072465408.0,0,0.0
non_financial_large_cap_revenue_1b,Non-financial companies with revenue >= $1B,ALIT,Technology,Software - Application,2262000000.0,517349024.0,1,0.125
non_financial_large_cap_revenue_1b,Non-financial companies with revenue >= $1B,ALK,Industrials,Airlines,14239000000.0,5191476224.0,0,0.0
non_financial_large_cap_revenue_1b,Non-financial companies with revenue >= $1B,ALLE,Industrials,Security & Protection Services,4067300000.0,11289394176.0,0,0.0
non_financial_large_cap_revenue_1b,Non-financial companies with revenue >= $1B,ALSN,Consumer Cyclical,Auto Parts,3010000000.0,9414892544.0,0,0.0
non_financial_large_cap_revenue_1b,Non-financial companies with revenue >= $1B,ALTG,Industrials,Rental & Leasing Services,1835900000.0,203672480.0,0,0.0
non_financial_large_cap_revenue_1b,Non-financial companies with revenue >= $1B,ALV,Consumer Cyclical,Auto Parts,10815000000.0,9652878336.0,0,0.0
non_financial_large_cap_revenue_1b,Non-financial companies with revenue >= $1B,AM,Energy,Oil & Gas Midstream,1259098000.0,10050576384.0,0,0.0
non_financial_large_cap_revenue_1b,Non-financial companies with revenue >= $1B,AMBP,Consumer Cyclical,Packaging & Containers,5497000000.0,2510366464.0,0,0.0
non_financial_large_cap_revenue_1b,Non-financial companies with revenue >= $1B,AMC,Communication Services,Entertainment,4848900000.0,1191591296.0,0,0.0
non_financial_large_cap_revenue_1b,Non-financial companies with revenue >= $1B,AMCR,Consumer Cyclical,Packaging & Containers,15009000000.0,18147067904.0,0,0.0
non_financial_large_cap_revenue_1b,Non-financial companies with revenue >= $1B,AME,Industrials,Specialty Industrial Machinery,7401116000.0,51673817088.0,0,0.0
non_financial_large_cap_revenue_1b,Non-financial companies with revenue >= $1B,AMH,Real Estate,REIT - Residential,1850234000.0,13139335168.0,0,0.0
non_financial_large_cap_revenue_1b,Non-financial companies with revenue >= $1B,AMN,Healthcare,Medical Care Facilities,2730429000.0,1083294464.0,0,0.0
non_financial_large_cap_revenue_1b,Non-financial companies with revenue >= $1B,AMR,Basic Materials,Coking Coal,2129481000.0,2717369344.0,0,0.0
non_financial_large_cap_revenue_1b,Non-financial companies with revenue >= $1B,AMRC,Industrials,Engineering & Construction,1932126000.0,1935903872.0,0,0.0
non_financial_large_cap_revenue_1b,Non-financial companies with revenue >= $1B,AMRZ,Basic Materials,Building Materials,11815000000.0,29265481728.0,0,0.0
non_financial_large_cap_revenue_1b,Non-financial companies with revenue >= $1B,AMT,Real Estate,REIT - Specialty,10644600000.0,86972915712.0,0,0.0
non_financial_large_cap_revenue_1b,Non-financial companies with revenue >= $1B,AMTM,Industrials,Specialty Business Services,14393000000.0,5824501248.0,0,0.0
non_financial_large_cap_revenue_1b,Non-financial companies with revenue >= $1B,AN,Consumer Cyclical,Auto & Truck Dealerships,27631400000.0,6482830336.0,0,0.0
non_financial_large_cap_revenue_1b,Non-financial companies with revenue >= $1B,ANET,Technology,Computer Hardware,9005700000.0,195511238656.0,1,0.125
non_financial_large_cap_revenue_1b,Non-financial companies with revenue >= $1B,ANF,Consumer Cyclical,Apparel Retail,5266292000.0,3691893248.0,0,0.0
non_financial_large_cap_revenue_1b,Non-financial companies with revenue >= $1B,AOS,Industrials,Specialty Industrial Machinery,3830200000.0,7941685248.0,0,0.0
non_financial_large_cap_revenue_1b,Non-financial companies with revenue >= $1B,APD,Basic Materials,Specialty Chemicals,12037300000.0,63163375616.0,0,0.0
non_financial_large_cap_revenue_1b,Non-financial companies with revenue >= $1B,APG,Industrials,Engineering & Construction,7911000000.0,18013620224.0,0,0.0
non_financial_large_cap_revenue_1b,Non-financial companies with revenue >= $1B,APH,Technology,Electronic Components,23094700000.0,181681029120.0,0,0.0
non_financial_large_cap_revenue_1b,Non-financial companies with revenue >= $1B,APLE,Real Estate,REIT - Hotel & Motel,1412386000.0,3536291840.0,0,0.0
non_financial_large_cap_revenue_1b,Non-financial companies with revenue >= $1B,APTV,Consumer Cyclical,Auto Parts,20398000000.0,13473879040.0,0,0.0
non_financial_large_cap_revenue_1b,Non-financial companies with revenue >= $1B,AQN,Utilities,Utilities - Diversified,2433600000.0,4564116480.0,0,0.0
non_financial_large_cap_revenue_1b,Non-financial companies with revenue >= $1B,AR,Energy,Oil & Gas E&P,5013610000.0,11095227392.0,0,0.0
non_financial_large_cap_revenue_1b,Non-financial companies with revenue >= $1B,ARCO,Consumer Cyclical,Restaurants,4678259000.0,1868581248.0,1,0.125
non_financial_large_cap_revenue_1b,Non-financial companies with revenue >= $1B,ARDT,Healthcare,Medical Care Facilities,6324339000.0,1356091264.0,0,0.0
non_financial_large_cap_revenue_1b,Non-financial companies with revenue >= $1B,ARE,Real Estate,REIT - Office,2945175000.0,8723930112.0,0,0.0
non_financial_large_cap_revenue_1b,Non-financial companies with revenue >= $1B,ARMK,Industrials,Specialty Business Services,18506299000.0,14020683776.0,0,0.0
non_financial_large_cap_revenue_1b,Non-financial companies with revenue >= $1B,AROC,Energy,Oil & Gas Equipment & Services,1489818000.0,6064051200.0,0,0.0
non_financial_large_cap_revenue_1b,Non-financial companies with revenue >= $1B,ARW,Technology,Electronics & Computer Distribution,30852935000.0,11045442560.0,0,0.0
non_financial_large_cap_revenue_1b,Non-financial companies with revenue >= $1B,AS,Consumer Cyclical,Leisure,6566200000.0,20968865792.0,0,0.0
non_financial_large_cap_revenue_1b,Non-financial companies with revenue >= $1B,ASH,Basic Materials,Specialty Chemicals,1824000000.0,2624555264.0,0,0.0
non_financial_large_cap_revenue_1b,Non-financial companies with revenue >= $1B,ASIX,Basic Materials,Chemicals,1522233000.0,621675328.0,0,0.0
non_financial_large_cap_revenue_1b,Non-financial companies with revenue >= $1B,ASR,Industrials,Airports & Air Services,37237431000.0,9028540416.0,0,0.0
non_financial_large_cap_revenue_1b,Non-financial companies with revenue >= $1B,ASX,Technology,Semiconductors,645387710000.0,89074196480.0,0,0.0
non_financial_large_cap_revenue_1b,Non-financial companies with revenue >= $1B,ATHM,Communication Services,Internet Content & Information,6452030000.0,1992456704.0,0,0.0
non_financial_large_cap_revenue_1b,Non-financial companies with revenue >= $1B,ATI,Industrials,Metal Fabrication,4587400000.0,23272302592.0,0,0.0
non_financial_large_cap_revenue_1b,Non-financial companies with revenue >= $1B,ATKR,Industrials,Electrical Equipment & Parts,2850378000.0,2770941696.0,0,0.0
non_financial_large_cap_revenue_1b,Non-financial companies with revenue >= $1B,ATMU,Consumer Cyclical,Auto Parts,1764300000.0,3902308608.0,0,0.0
non_financial_large_cap_revenue_1b,Non-financial companies with revenue >= $1B,ATO,Utilities,Utilities - Regulated Gas,4702755000.0,28882137088.0,0,0.0
non_financial_large_cap_revenue_1b,Non-financial companies with revenue >= $1B,ATR,Healthcare,Medical Instruments & Supplies,3777181000.0,7402518528.0,0,0.0
non_financial_large_cap_revenue_1b,Non-financial companies with revenue >= $1B,ATS,Industrials,Specialty Industrial Machinery,2533288000.0,2950208256.0,0,0.0
non_financial_large_cap_revenue_1b,Non-financial companies with revenue >= $1B,AU,Basic Materials,Gold,9893000000.0,48696659968.0,0,0.0
non_financial_large_cap_revenue_1b,Non-financial companies with revenue >= $1B,AUNA,Healthcare,Medical Care Facilities,4385298000.0,310296000.0,0,0.0
non_financial_large_cap_revenue_1b,Non-financial companies with revenue >= $1B,AVA,Utilities,Utilities - Diversified,1964000000.0,3411314432.0,1,0.125
non_financial_large_cap_revenue_1b,Non-financial companies with revenue >= $1B,AVNT,Basic Materials,Specialty Chemicals,3260200000.0,3318073856.0,0,0.0
non_financial_large_cap_revenue_1b,Non-financial companies with revenue >= $1B,AVTR,Healthcare,Medical Instruments & Supplies,6552200000.0,6247211520.0,0,0.0
non_financial_large_cap_revenue_1b,Non-financial companies with revenue >= $1B,AVY,Consumer Cyclical,Packaging & Containers,8855500000.0,12328719360.0,0,0.0
non_financial_large_cap_revenue_1b,Non-financial companies with revenue >= $1B,AWI,Industrials,Building Products & Equipment,1620800000.0,6843124224.0,0,0.0
non_financial_large_cap_revenue_1b,Non-financial companies with revenue >= $1B,AWK,Utilities,Utilities - Regulated Water,5140000000.0,23892572160.0,0,0.0
non_financial_large_cap_revenue_1b,Non-financial companies with revenue >= $1B,AXIA,Utilities,Utilities - Renewable,41281593000.0,23434862592.0,0,0.0
non_financial_large_cap_revenue_1b,Non-financial companies with revenue >= $1B,AXTA,Basic Materials,Specialty Chemicals,5117000000.0,6461226496.0,0,0.0
non_financial_large_cap_revenue_1b,Non-financial companies with revenue >= $1B,AYI,Industrials,Electrical Equipment & Parts,4345600000.0,9103947776.0,0,0.0
non_financial_large_cap_revenue_1b,Non-financial companies with revenue >= $1B,AZN,Healthcare,Drug Manufacturers - General,58739000000.0,287418679296.0,0,0.0
non_financial_large_cap_revenue_1b,Non-financial companies with revenue >= $1B,AZO,Consumer Cyclical,Auto Parts,18938717000.0,49222893568.0,0,0.0
non_financial_large_cap_revenue_1b,Non-financial companies with revenue >= $1B,AZZ,Industrials,Specialty Business Services,1650080000.0,4206828800.0,0,0.0
non_financial_large_cap_revenue_1b,Non-financial companies with revenue >= $1B,B,Basic Materials,Gold,16956000000.0,70019956736.0,1,0.125
non_financial_large_cap_revenue_1b,Non-financial companies with revenue >= $1B,BA,Industrials,Aerospace & Defense,89463000000.0,180347813888.0,0,0.0
non_financial_large_cap_revenue_1b,Non-financial companies with revenue >= $1B,BABA,Consumer Cyclical,Internet Retail,1023670000000.0,302674739200.0,0,0.0
non_financial_large_cap_revenue_1b,Non-financial companies with revenue >= $1B,BAH,Industrials,Consulting Services,11217000000.0,9705423872.0,0,0.0
non_financial_large_cap_revenue_1b,Non-financial companies with revenue >= $1B,BAK,Basic Materials,Chemicals,70717000000.0,1777239552.0,0,0.0
non_financial_large_cap_revenue_1b,Non-financial companies with revenue >= $1B,BALL,Consumer Cyclical,Packaging & Containers,13161000000.0,14973704192.0,0,0.0
non_financial_large_cap_revenue_1b,Non-financial companies with revenue >= $1B,BALY,Consumer Cyclical,Resorts & Casinos,2450478000.0,684793664.0,0,0.0
non_financial_large_cap_revenue_1b,Non-financial companies with revenue >= $1B,BAX,Healthcare,Medical Instruments & Supplies,11244000000.0,9942028288.0,0,0.0
non_financial_large_cap_revenue_1b,Non-financial companies with revenue >= $1B,BBUC,Industrials,Conglomerates,27457000000.0,6890659328.0,1,0.125
non_financial_large_cap_revenue_1b,Non-financial companies with revenue >= $1B,BBWI,Consumer Cyclical,Specialty Retail,7291000000.0,4100147968.0,0,0.0
non_financial_large_cap_revenue_1b,Non-financial companies with revenue >= $1B,BBY,Consumer Cyclical,Specialty Retail,41691000000.0,15747357696.0,0,0.0
non_financial_large_cap_revenue_1b,Non-financial companies with revenue >= $1B,BC,Consumer Cyclical,Recreational Vehicles,5362800000.0,5433812480.0,0,0.0
non_financial_large_cap_revenue_1b,Non-financial companies with revenue >= $1B,BCC,Basic Materials,Lumber & Wood Production,6404595000.0,2475597824.0,0,0.0
non_financial_large_cap_revenue_1b,Non-financial companies with revenue >= $1B,BCE,Communication Services,Telecom Services,24468000000.0,23229218816.0,0,0.0
non_financial_large_cap_revenue_1b,Non-financial companies with revenue >= $1B,BCO,Industrials,Security & Protection Services,5261200000.0,4409664512.0,0,0.0
non_financial_large_cap_revenue_1b,Non-financial companies with revenue >= $1B,BDC,Technology,Communication Equipment,2715194000.0,4105870080.0,0,0.0
non_financial_large_cap_revenue_1b,Non-financial companies with revenue >= $1B,BDX,Healthcare,Medical Instruments & Supplies,21840000000.0,40892952576.0,0,0.0
non_financial_large_cap_revenue_1b,Non-financial companies with revenue >= $1B,BE,Industrials,Electrical Equipment & Parts,2023994000.0,82491572224.0,0,0.0
non_financial_large_cap_revenue_1b,Non-financial companies with revenue >= $1B,BEKE,Real Estate,Real Estate Services,94580205000.0,18244724736.0,0,0.0
non_financial_large_cap_revenue_1b,Non-financial companies with revenue >= $1B,BEPC,Utilities,Utilities - Renewable,3728000000.0,7269730304.0,0,0.0
non_financial_large_cap_revenue_1b,Non-financial companies with revenue >= $1B,BG,Consumer Defensive,Farm Products,70329000000.0,24000038912.0,0,0.0
non_financial_large_cap_revenue_1b,Non-financial companies with revenue >= $1B,BGS,Consumer Defensive,Packaged Foods,1828687000.0,336031360.0,0,0.0
non_financial_large_cap_revenue_1b,Non-financial companies with revenue >= $1B,BGSI,Consumer Cyclical,Auto & Truck Dealerships,3142794000.0,2997297920.0,0,0.0
non_financial_large_cap_revenue_1b,Non-financial companies with revenue >= $1B,BHC,Healthcare,Drug Manufacturers - Specialty & Generic,10266000000.0,2020503168.0,0,0.0
non_financial_large_cap_revenue_1b,Non-financial companies with revenue >= $1B,BHE,Technology,Electronic Components,2659108000.0,3033403392.0,0,0.0
non_financial_large_cap_revenue_1b,Non-financial companies with revenue >= $1B,BHP,Basic Materials,Other Industrial Metals & Mining,51262000000.0,223042306048.0,0,0.0
non_financial_large_cap_revenue_1b,Non-financial companies with revenue >= $1B,BILL,Technology,Software - Application,1462570000.0,3470945792.0,0,0.0
non_financial_large_cap_revenue_1b,Non-financial companies with revenue >= $1B,BIO,Healthcare,Medical Devices,2583200000.0,8516075520.0,0,0.0
non_financial_large_cap_revenue_1b,Non-financial companies with revenue >= $1B,BIPC,Utilities,Utilities - Regulated Gas,3668000000.0,5174217728.0,1,0.125
non_financial_large_cap_revenue_1b,Non-financial companies with revenue >= $1B,BIRK,Consumer Cyclical,Footwear & Accessories,2097429000.0,8104739328.0,0,0.0
non_financial_large_cap_revenue_1b,Non-financial companies with revenue >= $1B,BJ,Consumer Defensive,Discount Stores,21457274000.0,10981549056.0,0,0.0
non_financial_large_cap_revenue_1b,Non-financial companies with revenue >= $1B,BKD,Healthcare,Medical Care Facilities,3194066000.0,3111807744.0,0,0.0
non_financial_large_cap_revenue_1b,Non-financial companies with revenue >= $1B,BKE,Consumer Cyclical,Apparel Retail,1297835000.0,2600633088.0,0,0.0
non_financial_large_cap_revenue_1b,Non-financial companies with revenue >= $1B,BKH,Utilities,Utilities - Regulated Gas,2310000000.0,5564204032.0,0,0.0
non_financial_large_cap_revenue_1b,Non-financial companies with revenue >= $1B,BKKT,Technology,Software - Infrastructure,2335243000.0,490735616.0,0,0.0
non_financial_large_cap_revenue_1b,Non-financial companies with revenue >= $1B,BLCO,Healthcare,Medical Instruments & Supplies,5101000000.0,5558401536.0,0,0.0
non_financial_large_cap_revenue_1b,Non-financial companies with revenue >= $1B,BLD,Industrials,Engineering & Construction,5409086000.0,11838843904.0,0,0.0
non_financial_large_cap_revenue_1b,Non-financial companies with revenue >= $1B,BLDR,Industrials,Building Products & Equipment,15190638000.0,8251993600.0,0,0.0
non_financial_large_cap_revenue_1b,Non-financial companies with revenue >= $1B,BLSH,Technology,Software - Infrastructure,244970328000.0,5432044032.0,0,0.0
non_financial_large_cap_revenue_1b,Non-financial companies with revenue >= $1B,BMY,Healthcare,Drug Manufacturers - General,48195000000.0,116214276096.0,0,0.0
non_financial_large_cap_revenue_1b,Non-financial companies with revenue >= $1B,BNED,Consumer Cyclical,Specialty Retail,1610170000.0,353250048.0,0,0.0
non_financial_large_cap_revenue_1b,Non-financial companies with revenue >= $1B,BOBS,Consumer Cyclical,Specialty Retail,2368039000.0,1759552256.0,0,0.0
non_financial_large_cap_revenue_1b,Non-financial companies with revenue >= $1B,BOOT,Consumer Cyclical,Apparel Retail,2253859000.0,5182437888.0,0,0.0
non_financial_large_cap_revenue_1b,Non-financial companies with revenue >= $1B,BORR,Energy,Oil & Gas Drilling,1020800000.0,1565041664.0,0,0.0
non_financial_large_cap_revenue_1b,Non-financial companies with revenue >= $1B,BOX,Technology,Software - Infrastructure,1177253000.0,3497949184.0,0,0.0
non_financial_large_cap_revenue_1b,Non-financial companies with revenue >= $1B,BP,Energy,Oil & Gas Integrated,189335000000.0,107094138880.0,0,0.0
non_financial_large_cap_revenue_1b,Non-financial companies with revenue >= $1B,BR,Technology,Information Technology Services,6889100000.0,17316360192.0,0,0.0
non_financial_large_cap_revenue_1b,Non-financial companies with revenue >= $1B,BRBR,Consumer Defensive,Packaged Foods,2316600000.0,1006966144.0,0,0.0
non_financial_large_cap_revenue_1b,Non-financial companies with revenue >= $1B,BRC,Industrials,Security & Protection Services,1513605000.0,4056882432.0,0,0.0
non_financial_large_cap_revenue_1b,Non-financial companies with revenue >= $1B,BROS,Consumer Cyclical,Restaurants,1638159000.0,9880093696.0,0,0.0
non_financial_large_cap_revenue_1b,Non-financial companies with revenue >= $1B,BRX,Real Estate,REIT - Retail,1371597000.0,9441362944.0,0,0.0
non_financial_large_cap_revenue_1b,Non-financial companies with revenue >= $1B,BSX,Healthcare,Medical Devices,20074000000.0,72994906112.0,0,0.0
non_financial_large_cap_revenue_1b,Non-financial companies with revenue >= $1B,BTE,Energy,Oil & Gas E&P,1684648000.0,3551894016.0,1,0.125
non_financial_large_cap_revenue_1b,Non-financial companies with revenue >= $1B,BTI,Consumer Defensive,Tobacco,25610000000.0,136030871552.0,0,0.0
non_financial_large_cap_revenue_1b,Non-financial companies with revenue >= $1B,BTU,Energy,Thermal Coal,3861500000.0,3545370368.0,0,0.0
non_financial_large_cap_revenue_1b,Non-financial companies with revenue >= $1B,BUD,Consumer Defensive,Beverages - Brewers,59320000000.0,158697832448.0,0,0.0
non_financial_large_cap_revenue_1b,Non-financial companies with revenue >= $1B,BURL,Consumer Cyclical,Apparel Retail,11566910000.0,18881753088.0,0,0.0
non_financial_large_cap_revenue_1b,Non-financial companies with revenue >= $1B,BVN,Basic Materials,Other Precious Metals & Mining,1731639000.0,8892080128.0,2,0.25
non_financial_large_cap_revenue_1b,Non-financial companies with revenue >= $1B,BWA,Consumer Cyclical,Auto Parts,14316000000.0,14626746368.0,0,0.0
non_financial_large_cap_revenue_1b,Non-financial companies with revenue >= $1B,BWLP,Energy,Oil & Gas Midstream,3582139000.0,3116753920.0,0,0.0
non_financial_large_cap_revenue_1b,Non-financial companies with revenue >= $1B,BWMX,Consumer Cyclical,Specialty Retail,14243015000.0,643202496.0,0,0.0
non_financial_large_cap_revenue_1b,Non-financial companies with revenue >= $1B,BWXT,Industrials,Aerospace & Defense,3198425000.0,18256052224.0,0,0.0
non_financial_large_cap_revenue_1b,Non-financial companies with revenue >= $1B,BXC,Industrials,Industrial Distribution,2954007000.0,412466944.0,0,0.0
non_financial_large_cap_revenue_1b,Non-financial companies with revenue >= $1B,BXP,Real Estate,REIT - Office,3482279000.0,10811022336.0,0,0.0
non_financial_large_cap_revenue_1b,Non-financial companies with revenue >= $1B,BYD,Consumer Cyclical,Resorts & Casinos,4091989000.0,6185012736.0,0,0.0
non_financial_large_cap_revenue_1b,Non-financial companies with revenue >= $1B,BZH,Consumer Cyclical,Residential Construction,2371555000.0,687992384.0,0,0.0
non_financial_large_cap_revenue_1b,Non-financial companies with revenue >= $1B,CAAP,Industrials,Airports & Air Services,1962134000.0,4289492736.0,0,0.0
non_financial_large_cap_revenue_1b,Non-financial companies with revenue >= $1B,CABO,Communication Services,Telecom Services,1501423000.0,320629664.0,0,0.0
non_financial_large_cap_revenue_1b,Non-financial companies with revenue >= $1B,CACI,Technology,Information Technology Services,8627824000.0,11550437376.0,0,0.0
non_financial_large_cap_revenue_1b,Non-financial companies with revenue >= $1B,CAE,Industrials,Aerospace & Defense,4914000000.0,8255704576.0,1,0.125
non_financial_large_cap_revenue_1b,Non-financial companies with revenue >= $1B,CAG,Consumer Defensive,Packaged Foods,11612800000.0,6401488896.0,0,0.0
non_financial_large_cap_revenue_1b,Non-financial companies with revenue >= $1B,CAH,Healthcare,Medical Distribution,222578000000.0,46806040576.0,0,0.0
non_financial_large_cap_revenue_1b,Non-financial companies with revenue >= $1B,CAL,Consumer Cyclical,Apparel Retail,2757853000.0,494977824.0,0,0.0
non_financial_large_cap_revenue_1b,Non-financial companies with revenue >= $1B,CALX,Technology,Software - Infrastructure,1000010000.0,2553205504.0,0,0.0
non_financial_large_cap_revenue_1b,Non-financial companies with revenue >= $1B,CALY,Consumer Cyclical,Leisure,2060100000.0,2831181824.0,0,0.0
non_financial_large_cap_revenue_1b,Non-financial companies with revenue >= $1B,CARR,Industrials,Building Products & Equipment,21747000000.0,52999335936.0,0,0.0
non_financial_large_cap_revenue_1b,Non-financial companies with revenue >= $1B,CAT,Industrials,Farm & Heavy Construction Machinery,67589000000.0,408853676032.0,0,0.0
non_financial_large_cap_revenue_1b,Non-financial companies with revenue >= $1B,CAVA,Consumer Cyclical,Restaurants,1179664000.0,9108254720.0,0,0.0
non_financial_large_cap_revenue_1b,Non-financial companies with revenue >= $1B,CBRE,Real Estate,Real Estate Services,40550000000.0,37017870336.0,0,0.0
non_financial_large_cap_revenue_1b,Non-financial companies with revenue >= $1B,CBT,Basic Materials,Specialty Chemicals,3713000000.0,4527714304.0,0,0.0
non_financial_large_cap_revenue_1b,Non-financial companies with revenue >= $1B,CBZ,Industrials,Specialty Business Services,2757991000.0,1733927040.0,0,0.0
non_financial_large_cap_revenue_1b,Non-financial companies with revenue >= $1B,CC,Basic Materials,Specialty Chemicals,5808000000.0,3416581632.0,0,0.0
non_financial_large_cap_revenue_1b,Non-financial companies with revenue >= $1B,CCI,Real Estate,REIT - Specialty,4264000000.0,39756406784.0,0,0.0
non_financial_large_cap_revenue_1b,Non-financial companies with revenue >= $1B,CCJ,Energy,Uranium,3481933000.0,48183013376.0,1,0.125
non_financial_large_cap_revenue_1b,Non-financial companies with revenue >= $1B,CCK,Consumer Cyclical,Packaging & Containers,12365000000.0,10893060096.0,0,0.0
non_financial_large_cap_revenue_1b,Non-financial companies with revenue >= $1B,CCL,Consumer Cyclical,Travel Services,26621000000.0,38700802048.0,0,0.0
non_financial_large_cap_revenue_1b,Non-financial companies with revenue >= $1B,CCO,Communication Services,Advertising Agencies,1604140000.0,1221560448.0,0,0.0
non_financial_large_cap_revenue_1b,Non-financial companies with revenue >= $1B,CCU,Consumer Defensive,Beverages - Brewers,2909625448000.0,2177238528.0,1,0.125
non_financial_large_cap_revenue_1b,Non-financial companies with revenue >= $1B,CDE,Basic Materials,Gold,2070126000.0,19157637120.0,0,0.0
non_financial_large_cap_revenue_1b,Non-financial companies with revenue >= $1B,CE,Basic Materials,Chemicals,9544000000.0,5841723392.0,0,0.0
non_financial_large_cap_revenue_1b,Non-financial companies with revenue >= $1B,CEPU,Utilities,Utilities - Regulated Electric,1097422190000.0,2278290944.0,1,0.125
non_financial_large_cap_revenue_1b,Non-financial companies with revenue >= $1B,CF,Basic Materials,Agricultural Inputs,7084000000.0,17897811968.0,0,0.0
non_financial_large_cap_revenue_1b,Non-financial companies with revenue >= $1B,CGAU,Basic Materials,Gold,1384562000.0,3386045440.0,1,0.125
non_financial_large_cap_revenue_1b,Non-financial companies with revenue >= $1B,CHD,Consumer Defensive,Household & Personal Products,6203200000.0,23132803072.0,0,0.0
non_financial_large_cap_revenue_1b,Non-financial companies with revenue >= $1B,CHE,Healthcare,Medical Care Facilities,2529978000.0,5839145984.0,0,0.0
non_financial_large_cap_revenue_1b,Non-financial companies with revenue >= $1B,CHH,Consumer Cyclical,Lodging,1596793000.0,5157368832.0,0,0.0
non_financial_large_cap_revenue_1b,Non-financial companies with revenue >= $1B,CHT,Communication Services,Telecom Services,234751000000.0,33752647680.0,1,0.125
non_financial_large_cap_revenue_1b,Non-financial companies with revenue >= $1B,CHWY,Consumer Cyclical,Internet Retail,12601500000.0,8744070144.0,0,0.0
non_financial_large_cap_revenue_1b,Non-financial companies with revenue >= $1B,CI,Healthcare,Healthcare Plans,274876000000.0,75214495744.0,1,0.125
non_financial_large_cap_revenue_1b,Non-financial companies with revenue >= $1B,CIEN,Technology,Communication Equipment,4769507000.0,80622559232.0,0,0.0
non_financial_large_cap_revenue_1b,Non-financial companies with revenue >= $1B,CIG,Utilities,Utilities - Regulated Electric,42751000000.0,6179073536.0,0,0.0
non_financial_large_cap_revenue_1b,Non-financial companies with revenue >= $1B,CL,Consumer Defensive,Household & Personal Products,20382000000.0,73345351680.0,0,0.0
non_financial_large_cap_revenue_1b,Non-financial companies with revenue >= $1B,CLF,Basic Materials,Steel,18610000000.0,7580810752.0,0,0.0
non_financial_large_cap_revenue_1b,Non-financial companies with revenue >= $1B,CLH,Industrials,Waste Management,6030837000.0,14834409472.0,0,0.0
non_financial_large_cap_revenue_1b,Non-financial companies with revenue >= $1B,CLS,Technology,Electronic Components,12390900000.0,40357859328.0,0,0.0
non_financial_large_cap_revenue_1b,Non-financial companies with revenue >= $1B,CLVT,Technology,Information Technology Services,2455200000.0,1630002048.0,0,0.0
non_financial_large_cap_revenue_1b,Non-financial companies with revenue >= $1B,CLW,Basic Materials,Paper & Paper Products,1555400000.0,260261568.0,0,0.0
non_financial_large_cap_revenue_1b,Non-financial companies with revenue >= $1B,CLX,Consumer Defensive,Household & Personal Products,7104000000.0,11632633856.0,0,0.0
non_financial_large_cap_revenue_1b,Non-financial companies with revenue >= $1B,CMBT,Energy,Oil & Gas Midstream,1666080000.0,4506336256.0,1,0.125
non_financial_large_cap_revenue_1b,Non-financial companies with revenue >= $1B,CMC,Industrials,Metal Fabrication,7798480000.0,8536111104.0,0,0.0
non_financial_large_cap_revenue_1b,Non-financial companies with revenue >= $1B,CMCM,Communication Services,Internet Content & Information,1150444000.0,148364656.0,0,0.0
non_financial_large_cap_revenue_1b,Non-financial companies with revenue >= $1B,CMG,Consumer Cyclical,Restaurants,11925601000.0,41586233344.0,0,0.0
non_financial_large_cap_revenue_1b,Non-financial companies with revenue >= $1B,CMI,Industrials,Specialty Industrial Machinery,33670000000.0,92270534656.0,0,0.0
non_financial_large_cap_revenue_1b,Non-financial companies with revenue >= $1B,CMP,Basic Materials,Other Industrial Metals & Mining,1243900000.0,1362807168.0,0,0.0
non_financial_large_cap_revenue_1b,Non-financial companies with revenue >= $1B,CMS,Utilities,Utilities - Regulated Electric,8539000000.0,22603646976.0,0,0.0
non_financial_large_cap_revenue_1b,Non-financial companies with revenue >= $1B,CNC,Healthcare,Healthcare Plans,194777000000.0,29089581056.0,0,0.0
non_financial_large_cap_revenue_1b,Non-financial companies with revenue >= $1B,CNH,Industrials,Farm & Heavy Construction Machinery,18095000000.0,12969883648.0,0,0.0
non_financial_large_cap_revenue_1b,Non-financial companies with revenue >= $1B,CNI,Industrials,Railroads,17304000000.0,72064081920.0,0,0.0
non_financial_large_cap_revenue_1b,Non-financial companies with revenue >= $1B,CNK,Communication Services,Entertainment,3115000000.0,3181298432.0,0,0.0
non_financial_large_cap_revenue_1b,Non-financial companies with revenue >= $1B,CNM,Industrials,Industrial Distribution,7647000000.0,9574404096.0,0,0.0
non_financial_large_cap_revenue_1b,Non-financial companies with revenue >= $1B,CNMD,Healthcare,Medical Devices,1374724000.0,1069478592.0,0,0.0
non_financial_large_cap_revenue_1b,Non-financial companies with revenue >= $1B,CNP,Utilities,Utilities - Regulated Electric,9357000000.0,27619035136.0,0,0.0
non_financial_large_cap_revenue_1b,Non-financial companies with revenue >= $1B,CNQ,Energy,Oil & Gas E&P,44167000000.0,95546376192.0,0,0.0
non_financial_large_cap_revenue_1b,Non-financial companies with revenue >= $1B,CNR,Energy,Thermal Coal,4164775000.0,4735794688.0,0,0.0
non_financial_large_cap_revenue_1b,Non-financial companies with revenue >= $1B,CNX,Energy,Oil & Gas E&P,2142473000.0,4800334848.0,0,0.0
non_financial_large_cap_revenue_1b,Non-financial companies with revenue >= $1B,CODI,Industrials,Conglomerates,1873584000.0,859194752.0,0,0.0
non_financial_large_cap_revenue_1b,Non-financial companies with revenue >= $1B,COHR,Technology,Scientific & Technical Instruments,5810115000.0,73746243584.0,0,0.0
non_financial_large_cap_revenue_1b,Non-financial companies with revenue >= $1B,COMP,Real Estate,Real Estate Services,6961600000.0,6246198784.0,0,0.0
non_financial_large_cap_revenue_1b,Non-financial companies with revenue >= $1B,CON,Healthcare,Medical Care Facilities,2163417000.0,3245110784.0,0,0.0
non_financial_large_cap_revenue_1b,Non-financial companies with revenue >= $1B,COP,Energy,Oil & Gas E&P,58944000000.0,140091621376.0,0,0.0
non_financial_large_cap_revenue_1b,Non-financial companies with revenue >= $1B,COR,Healthcare,Medical Distribution,321332819000.0,52085940224.0,0,0.0
non_financial_large_cap_revenue_1b,Non-financial companies with revenue >= $1B,COTY,Consumer Defensive,Household & Personal Products,5892900000.0,1963440128.0,0,0.0
non_financial_large_cap_revenue_1b,Non-financial companies with revenue >= $1B,CP,Industrials,Railroads,15078000000.0,80428916736.0,0,0.0
non_financial_large_cap_revenue_1b,Non-financial companies with revenue >= $1B,CPA,Industrials,Airlines,3617822000.0,5800051200.0,0,0.0
non_financial_large_cap_revenue_1b,Non-financial companies with revenue >= $1B,CPAC,Basic Materials,Building Materials,2116883000.0,909298944.0,1,0.125
non_financial_large_cap_revenue_1b,Non-financial companies with revenue >= $1B,CPAY,Technology,Software - Infrastructure,4528403000.0,23031578624.0,0,0.0
non_financial_large_cap_revenue_1b,Non-financial companies with revenue >= $1B,CPNG,Consumer Cyclical,Internet Retail,34534000000.0,29080041472.0,0,0.0
non_financial_large_cap_revenue_1b,Non-financial companies with revenue >= $1B,CPRI,Consumer Cyclical,Luxury Goods,4442000000.0,2273559808.0,1,0.125
non_financial_large_cap_revenue_1b,Non-financial companies with revenue >= $1B,CPS,Consumer Cyclical,Auto Parts,2740915000.0,544021888.0,0,0.0
non_financial_large_cap_revenue_1b,Non-financial companies with revenue >= $1B,CR,Industrials,Specialty Industrial Machinery,2305000000.0,10478532608.0,0,0.0
non_financial_large_cap_revenue_1b,Non-financial companies with revenue >= $1B,CRC,Energy,Oil & Gas E&P,3403000000.0,5412937216.0,0,0.0
non_financial_large_cap_revenue_1b,Non-financial companies with revenue >= $1B,CRGY,Energy,Oil & Gas E&P,3579782000.0,3903574016.0,0,0.0
non_financial_large_cap_revenue_1b,Non-financial companies with revenue >= $1B,CRH,Basic Materials,Building Materials,37447000000.0,71337050112.0,0,0.0
non_financial_large_cap_revenue_1b,Non-financial companies with revenue >= $1B,CRI,Consumer Cyclical,Apparel Retail,2898426000.0,1478426624.0,0,0.0
non_financial_large_cap_revenue_1b,Non-financial companies with revenue >= $1B,CRK,Energy,Oil & Gas E&P,1928351000.0,4008948224.0,0,0.0
non_financial_large_cap_revenue_1b,Non-financial companies with revenue >= $1B,CRL,Healthcare,Diagnostics & Research,4015382000.0,8734735360.0,0,0.0
non_financial_large_cap_revenue_1b,Non-financial companies with revenue >= $1B,CRM,Technology,Software - Application,41525000000.0,144116531200.0,0,0.0
non_financial_large_cap_revenue_1b,Non-financial companies with revenue >= $1B,CRS,Industrials,Metal Fabrication,2877100000.0,22955249664.0,0,0.0
non_financial_large_cap_revenue_1b,Non-financial companies with revenue >= $1B,CSAN,Energy,Oil & Gas Refining & Marketing,40418596000.0,3065189120.0,1,0.125
non_financial_large_cap_revenue_1b,Non-financial companies with revenue >= $1B,CSL,Industrials,Building Products & Equipment,5019900000.0,13866977280.0,0,0.0
non_financial_large_cap_revenue_1b,Non-financial companies with revenue >= $1B,CSTM,Basic Materials,Aluminum,8449000000.0,4676767744.0,0,0.0
non_financial_large_cap_revenue_1b,Non-financial companies with revenue >= $1B,CTOS,Industrials,Rental & Leasing Services,1943957000.0,2224292864.0,0,0.0
non_financial_large_cap_revenue_1b,Non-financial companies with revenue >= $1B,CTRI,Utilities,Utilities - Regulated Gas,2982781000.0,3095666176.0,0,0.0
non_financial_large_cap_revenue_1b,Non-financial companies with revenue >= $1B,CTVA,Basic Materials,Agricultural Inputs,17401000000.0,53906886656.0,0,0.0
non_financial_large_cap_revenue_1b,Non-financial companies with revenue >= $1B,CUBE,Real Estate,REIT - Industrial,1123110000.0,9227242496.0,0,0.0
non_financial_large_cap_revenue_1b,Non-financial companies with revenue >= $1B,CURV,Consumer Cyclical,Apparel Retail,1000092000.0,159197552.0,0,0.0
non_financial_large_cap_revenue_1b,Non-financial companies with revenue >= $1B,CVE,Energy,Oil & Gas Integrated,52751000000.0,52289523712.0,0,0.0
non_financial_large_cap_revenue_1b,Non-financial companies with revenue >= $1B,CVI,Energy,Oil & Gas Refining & Marketing,7162000000.0,3379838720.0,0,0.0
non_financial_large_cap_revenue_1b,Non-financial companies with revenue >= $1B,CVNA,Consumer Cyclical,Auto & Truck Dealerships,20322000000.0,80606453760.0,0,0.0
non_financial_large_cap_revenue_1b,Non-financial companies with revenue >= $1B,CVS,Healthcare,Healthcare Plans,402067000000.0,118622961664.0,0,0.0
non_financial_large_cap_revenue_1b,Non-financial companies with revenue >= $1B,CVSA,Consumer Defensive,Education & Training Services,1788290000.0,4122161408.0,0,0.0
non_financial_large_cap_revenue_1b,Non-financial companies with revenue >= $1B,CVX,Energy,Oil & Gas Integrated,184432000000.0,364522110976.0,0,0.0
non_financial_large_cap_revenue_1b,Non-financial companies with revenue >= $1B,CWEN,Utilities,Utilities - Renewable,1429000000.0,9755131904.0,1,0.125
non_financial_large_cap_revenue_1b,Non-financial companies with revenue >= $1B,CWH,Consumer Cyclical,Auto & Truck Dealerships,6369149000.0,486561536.0,0,0.0
non_financial_large_cap_revenue_1b,Non-financial companies with revenue >= $1B,CWK,Real Estate,Real Estate Services,10288200000.0,2989674496.0,0,0.0
non_financial_large_cap_revenue_1b,Non-financial companies with revenue >= $1B,CWT,Utilities,Utilities - Regulated Water,1000140000.0,2622769920.0,0,0.0
non_financial_large_cap_revenue_1b,Non-financial companies with revenue >= $1B,CX,Basic Materials,Building Materials,16132000000.0,18844958720.0,0,0.0
non_financial_large_cap_revenue_1b,Non-financial companies with revenue >= $1B,CXT,Industrials,Specialty Industrial Machinery,1656700000.0,2307448832.0,0,0.0
non_financial_large_cap_revenue_1b,Non-financial companies with revenue >= $1B,CXW,Industrials,Security & Protection Services,2211182000.0,2152801792.0,0,0.0
non_financial_large_cap_revenue_1b,Non-financial companies with revenue >= $1B,CYD,Consumer Cyclical,Auto Manufacturers,24661772000.0,2113407232.0,0,0.0
non_financial_large_cap_revenue_1b,Non-financial companies with revenue >= $1B,D,Utilities,Utilities - Regulated Electric,16506000000.0,59261550592.0,0,0.0
non_financial_large_cap_revenue_1b,Non-financial companies with revenue >= $1B,DAC,Industrials,Marine Shipping,1042456000.0,2292187648.0,0,0.0
non_financial_large_cap_revenue_1b,Non-financial companies with revenue >= $1B,DAL,Industrials,Airlines,63364000000.0,54195462144.0,0,0.0
non_financial_large_cap_revenue_1b,Non-financial companies with revenue >= $1B,DAN,Consumer Cyclical,Auto Parts,7500000000.0,3914884864.0,0,0.0
non_financial_large_cap_revenue_1b,Non-financial companies with revenue >= $1B,DAO,Consumer Defensive,Education & Training Services,5909019000.0,1404187136.0,0,0.0
non_financial_large_cap_revenue_1b,Non-financial companies with revenue >= $1B,DAR,Consumer Defensive,Packaged Foods,6135877000.0,9475249152.0,0,0.0
non_financial_large_cap_revenue_1b,Non-financial companies with revenue >= $1B,DBD,Technology,Software - Application,3805700000.0,2806284800.0,0,0.0
non_financial_large_cap_revenue_1b,Non-financial companies with revenue >= $1B,DBI,Consumer Cyclical,Footwear & Accessories,2892671000.0,400413696.0,0,0.0
non_financial_large_cap_revenue_1b,Non-financial companies with revenue >= $1B,DCH,Consumer Cyclical,Auto Parts,5836700000.0,1606972800.0,0,0.0
non_financial_large_cap_revenue_1b,Non-financial companies with revenue >= $1B,DCI,Industrials,Specialty Industrial Machinery,3690900000.0,9653116928.0,0,0.0
non_financial_large_cap_revenue_1b,Non-financial companies with revenue >= $1B,DD,Basic Materials,Specialty Chemicals,6849000000.0,19325327360.0,0,0.0
non_financial_large_cap_revenue_1b,Non-financial companies with revenue >= $1B,DDL,Consumer Defensive,Grocery Stores,24359888000.0,564135360.0,0,0.0
non_financial_large_cap_revenue_1b,Non-financial companies with revenue >= $1B,DDS,Consumer Cyclical,Department Stores,6563336000.0,9505799168.0,1,0.125
non_financial_large_cap_revenue_1b,Non-financial companies with revenue >= $1B,DE,Industrials,Farm & Heavy Construction Machinery,44665000000.0,145587830784.0,0,0.0
non_financial_large_cap_revenue_1b,Non-financial companies with revenue >= $1B,DEC,Energy,Oil & Gas Integrated,1611455000.0,1072557056.0,0,0.0
non_financial_large_cap_revenue_1b,Non-financial companies with revenue >= $1B,DECK,Consumer Cyclical,Footwear & Accessories,5472296000.0,15875482624.0,0,0.0
non_financial_large_cap_revenue_1b,Non-financial companies with revenue >= $1B,DEI,Real Estate,REIT - Office,1003982000.0,2322480640.0,0,0.0
non_financial_large_cap_revenue_1b,Non-financial companies with revenue >= $1B,DELL,Technology,Computer Hardware,113538000000.0,205945602048.0,0,0.0
non_financial_large_cap_revenue_1b,Non-financial companies with revenue >= $1B,DEO,Consumer Defensive,Beverages - Wineries & Distilleries,20245000000.0,47023271936.0,0,0.0
non_financial_large_cap_revenue_1b,Non-financial companies with revenue >= $1B,DFH,Consumer Cyclical,Residential Construction,4322848000.0,1421545216.0,0,0.0
non_financial_large_cap_revenue_1b,Non-financial companies with revenue >= $1B,DG,Consumer Defensive,Discount Stores,42724369000.0,24202872832.0,0,0.0
non_financial_large_cap_revenue_1b,Non-financial companies with revenue >= $1B,DGX,Healthcare,Diagnostics & Research,11035000000.0,21718640640.0,0,0.0
non_financial_large_cap_revenue_1b,Non-financial companies with revenue >= $1B,DHI,Consumer Cyclical,Residential Construction,34250400000.0,41663516672.0,0,0.0
non_financial_large_cap_revenue_1b,Non-financial companies with revenue >= $1B,DHR,Healthcare,Diagnostics & Research,24568000000.0,127844614144.0,0,0.0
non_financial_large_cap_revenue_1b,Non-financial companies with revenue >= $1B,DINO,Energy,Oil & Gas Refining & Marketing,26869000000.0,12305601536.0,0,0.0
non_financial_large_cap_revenue_1b,Non-financial companies with revenue >= $1B,DIS,Communication Services,Entertainment,94425000000.0,180128350208.0,0,0.0
non_financial_large_cap_revenue_1b,Non-financial companies with revenue >= $1B,DK,Energy,Oil & Gas Refining & Marketing,10722900000.0,2720553984.0,0,0.0
non_financial_large_cap_revenue_1b,Non-financial companies with revenue >= $1B,DKS,Consumer Cyclical,Specialty Retail,17215120000.0,20243181568.0,0,0.0
non_financial_large_cap_revenue_1b,Non-financial companies with revenue >= $1B,DLB,Industrials,Specialty Business Services,1349130000.0,5227491328.0,0,0.0
non_financial_large_cap_revenue_1b,Non-financial companies with revenue >= $1B,DLX,Industrials,Conglomerates,2133200000.0,1109805568.0,0,0.0
non_financial_large_cap_revenue_1b,Non-financial companies with revenue >= $1B,DNOW,Industrials,Industrial Distribution,2820000000.0,2420559872.0,0,0.0
non_financial_large_cap_revenue_1b,Non-financial companies with revenue >= $1B,DOC,Real Estate,REIT - Healthcare Facilities,2822512000.0,13450578944.0,0,0.0
non_financial_large_cap_revenue_1b,Non-financial companies with revenue >= $1B,DOLE,Consumer Defensive,Farm Products,9172907000.0,1372192128.0,0,0.0
non_financial_large_cap_revenue_1b,Non-financial companies with revenue >= $1B,DOUG,Real Estate,Real Estate Services,1033055000.0,165449072.0,0,0.0
non_financial_large_cap_revenue_1b,Non-financial companies with revenue >= $1B,DOV,Industrials,Specialty Industrial Machinery,8092571000.0,28616894464.0,0,0.0
non_financial_large_cap_revenue_1b,Non-financial companies with revenue >= $1B,DOW,Basic Materials,Chemicals,39968000000.0,25060179968.0,0,0.0
non_financial_large_cap_revenue_1b,Non-financial companies with revenue >= $1B,DRD,Basic Materials,Gold,6239700000.0,2291664640.0,0,0.0
non_financial_large_cap_revenue_1b,Non-financial companies with revenue >= $1B,DRI,Consumer Cyclical,Restaurants,12076700000.0,23418972160.0,0,0.0
non_financial_large_cap_revenue_1b,Non-financial companies with revenue >= $1B,DT,Technology,Software - Application,2018387000.0,11807681536.0,0,0.0
non_financial_large_cap_revenue_1b,Non-financial companies with revenue >= $1B,DTE,Utilities,Utilities - Regulated Electric,15814000000.0,29827100672.0,0,0.0
non_financial_large_cap_revenue_1b,Non-financial companies with revenue >= $1B,DTM,Energy,Oil & Gas Midstream,1243000000.0,14601281536.0,0,0.0
non_financial_large_cap_revenue_1b,Non-financial companies with revenue >= $1B,DUK,Utilities,Utilities - Regulated Electric,32237000000.0,96482828288.0,0,0.0
non_financial_large_cap_revenue_1b,Non-financial companies with revenue >= $1B,DVA,Healthcare,Medical Care Facilities,13643069000.0,12650863616.0,0,0.0
non_financial_large_cap_revenue_1b,Non-financial companies with revenue >= $1B,DVN,Energy,Oil & Gas E&P,17188000000.0,50858389504.0,0,0.0
non_financial_large_cap_revenue_1b,Non-financial companies with revenue >= $1B,DXC,Technology,Information Technology Services,12644000000.0,1515458304.0,0,0.0
non_financial_large_cap_revenue_1b,Non-financial companies with revenue >= $1B,DY,Industrials,Engineering & Construction,5545912000.0,16065954816.0,0,0.0
non_financial_large_cap_revenue_1b,Non-financial companies with revenue >= $1B,E,Energy,Oil & Gas Integrated,82151000000.0,76792496128.0,0,0.0
non_financial_large_cap_revenue_1b,Non-financial companies with revenue >= $1B,EAT,Consumer Cyclical,Restaurants,5384200000.0,6005148672.0,0,0.0
non_financial_large_cap_revenue_1b,Non-financial companies with revenue >= $1B,EC,Energy,Oil & Gas Integrated,119694000000000.0,30364680192.0,1,0.125
non_financial_large_cap_revenue_1b,Non-financial companies with revenue >= $1B,ECG,Industrials,Engineering & Construction,3746387000.0,7733313536.0,0,0.0
non_financial_large_cap_revenue_1b,Non-financial companies with revenue >= $1B,ECL,Basic Materials,Specialty Chemicals,16081200000.0,73244106752.0,0,0.0
non_financial_large_cap_revenue_1b,Non-financial companies with revenue >= $1B,ED,Utilities,Utilities - Regulated Electric,16918000000.0,39174709248.0,0,0.0
non_financial_large_cap_revenue_1b,Non-financial companies with revenue >= $1B,EDN,Utilities,Utilities - Regulated Electric,2990891000000.0,1272133632.0,0,0.0
non_financial_large_cap_revenue_1b,Non-financial companies with revenue >= $1B,EDU,Consumer Defensive,Education & Training Services,4900262000.0,7712102912.0,0,0.0
non_financial_large_cap_revenue_1b,Non-financial companies with revenue >= $1B,EE,Energy,Oil & Gas Midstream,1228263000.0,3777848832.0,0,0.0
non_financial_large_cap_revenue_1b,Non-financial companies with revenue >= $1B,EFOR,Technology,Information Technology Services,3980400000.0,856899968.0,0,0.0
non_financial_large_cap_revenue_1b,Non-financial companies with revenue >= $1B,EFX,Industrials,Consulting Services,6074500000.0,19764772864.0,0,0.0
non_financial_large_cap_revenue_1b,Non-financial companies with revenue >= $1B,EFXT,Energy,Oil & Gas Equipment & Services,2571000000.0,3041908480.0,0,0.0
non_financial_large_cap_revenue_1b,Non-financial companies with revenue >= $1B,EGO,Basic Materials,Gold,1803431000.0,8576842752.0,0,0.0
non_financial_large_cap_revenue_1b,Non-financial companies with revenue >= $1B,EHC,Healthcare,Medical Care Facilities,5935200000.0,10451614720.0,0,0.0
non_financial_large_cap_revenue_1b,Non-financial companies with revenue >= $1B,EIX,Utilities,Utilities - Regulated Electric,19317000000.0,27043317760.0,0,0.0
non_financial_large_cap_revenue_1b,Non-financial companies with revenue >= $1B,EL,Consumer Defensive,Household & Personal Products,14326000000.0,32876304384.0,0,0.0
non_financial_large_cap_revenue_1b,Non-financial companies with revenue >= $1B,ELAN,Healthcare,Drug Manufacturers - Specialty & Generic,4715000000.0,11976800256.0,0,0.0
non_financial_large_cap_revenue_1b,Non-financial companies with revenue >= $1B,ELF,Consumer Defensive,Household & Personal Products,1636472000.0,3411886336.0,0,0.0
non_financial_large_cap_revenue_1b,Non-financial companies with revenue >= $1B,ELPC,Utilities,Utilities - Regulated Electric,26116856000.0,8515265024.0,0,0.0
non_financial_large_cap_revenue_1b,Non-financial companies with revenue >= $1B,ELS,Real Estate,REIT - Residential,1450244000.0,12471891968.0,0,0.0
non_financial_large_cap_revenue_1b,Non-financial companies with revenue >= $1B,ELV,Healthcare,Healthcare Plans,199125000000.0,85290524672.0,2,0.25
non_financial_large_cap_revenue_1b,Non-financial companies with revenue >= $1B,EMA,Utilities,Utilities - Regulated Electric,8776000000.0,16123988992.0,0,0.0
non_financial_large_cap_revenue_1b,Non-financial companies with revenue >= $1B,EMBJ,Industrials,Aerospace & Defense,7577500000.0,10392761344.0,0,0.0
non_financial_large_cap_revenue_1b,Non-financial companies with revenue >= $1B,EME,Industrials,Engineering & Construction,16986422000.0,37783658496.0,0,0.0
non_financial_large_cap_revenue_1b,Non-financial companies with revenue >= $1B,EMN,Basic Materials,Specialty Chemicals,8752000000.0,8731762688.0,0,0.0
non_financial_large_cap_revenue_1b,Non-financial companies with revenue >= $1B,EMR,Industrials,Specialty Industrial Machinery,18016000000.0,79416573952.0,0,0.0
non_financial_large_cap_revenue_1b,Non-financial companies with revenue >= $1B,ENB,Energy,Oil & Gas Midstream,65194000000.0,121326174208.0,0,0.0
non_financial_large_cap_revenue_1b,Non-financial companies with revenue >= $1B,ENIC,Utilities,Utilities - Regulated Electric,4509547000.0,5934490624.0,1,0.125
non_financial_large_cap_revenue_1b,Non-financial companies with revenue >= $1B,ENOV,Healthcare,Medical Devices,2248049000.0,1326242432.0,0,0.0
non_financial_large_cap_revenue_1b,Non-financial companies with revenue >= $1B,ENR,Industrials,Electrical Equipment & Parts,2952700000.0,1270183168.0,0,0.0
non_financial_large_cap_revenue_1b,Non-financial companies with revenue >= $1B,ENS,Industrials,Electrical Equipment & Parts,3751376000.0,8338102784.0,0,0.0
non_financial_large_cap_revenue_1b,Non-financial companies with revenue >= $1B,EOG,Energy,Oil & Gas E&P,22582000000.0,71681146880.0,0,0.0
non_financial_large_cap_revenue_1b,Non-financial companies with revenue >= $1B,EPAM,Technology,Information Technology Services,5457056000.0,5299154944.0,0,0.0
non_financial_large_cap_revenue_1b,Non-financial companies with revenue >= $1B,EPC,Consumer Defensive,Household & Personal Products,2223500000.0,803658368.0,0,0.0
non_financial_large_cap_revenue_1b,Non-financial companies with revenue >= $1B,EPD,Energy,Oil & Gas Midstream,52596000000.0,81131929600.0,1,0.125
non_financial_large_cap_revenue_1b,Non-financial companies with revenue >= $1B,EQNR,Energy,Oil & Gas Integrated,105828000000.0,91061411840.0,0,0.0
non_financial_large_cap_revenue_1b,Non-financial companies with revenue >= $1B,EQR,Real Estate,REIT - Residential,3093959000.0,25601273856.0,0,0.0
non_financial_large_cap_revenue_1b,Non-financial companies with revenue >= $1B,EQT,Energy,Oil & Gas E&P,8353217000.0,34620207104.0,0,0.0
non_financial_large_cap_revenue_1b,Non-financial companies with revenue >= $1B,ES,Utilities,Utilities - Regulated Electric,13547244000.0,25983367168.0,0,0.0
non_financial_large_cap_revenue_1b,Non-financial companies with revenue >= $1B,ESAB,Industrials,Metal Fabrication,2842555000.0,5662608384.0,0,0.0
non_financial_large_cap_revenue_1b,Non-financial companies with revenue >= $1B,ESE,Technology,Scientific & Technical Instruments,1095388000.0,7894433280.0,0,0.0
non_financial_large_cap_revenue_1b,Non-financial companies with revenue >= $1B,ESI,Basic Materials,Specialty Chemicals,2551200000.0,10212013056.0,0,0.0
non_financial_large_cap_revenue_1b,Non-financial companies with revenue >= $1B,ESTC,Technology,Software - Application,1483296000.0,5962693120.0,0,0.0
non_financial_large_cap_revenue_1b,Non-financial companies with revenue >= $1B,ETN,Industrials,Specialty Industrial Machinery,27448000000.0,156073295872.0,0,0.0
non_financial_large_cap_revenue_1b,Non-financial companies with revenue >= $1B,ETR,Utilities,Utilities - Regulated Electric,12946686000.0,50193559552.0,0,0.0
non_financial_large_cap_revenue_1b,Non-financial companies with revenue >= $1B,ETSY,Consumer Cyclical,Internet Retail,2883501000.0,6337170432.0,0,0.0
non_financial_large_cap_revenue_1b,Non-financial companies with revenue >= $1B,EVH,Healthcare,Health Information Services,1876229000.0,438676160.0,0,0.0
non_financial_large_cap_revenue_1b,Non-financial companies with revenue >= $1B,EW,Healthcare,Medical Devices,6067600000.0,49495769088.0,0,0.0
non_financial_large_cap_revenue_1b,Non-financial companies with revenue >= $1B,EXP,Basic Materials,Building Materials,2308658000.0,6776406528.0,0,0.0
non_financial_large_cap_revenue_1b,Non-financial companies with revenue >= $1B,EXPD,Industrials,Integrated Freight & Logistics,11069009000.0,20790560768.0,0,0.0
non_financial_large_cap_revenue_1b,Non-financial companies with revenue >= $1B,EXR,Real Estate,REIT - Industrial,3377542000.0,32179380224.0,0,0.0
non_financial_large_cap_revenue_1b,Non-financial companies with revenue >= $1B,F,Consumer Cyclical,Auto Manufacturers,187267000000.0,66345132032.0,0,0.0
non_financial_large_cap_revenue_1b,Non-financial companies with revenue >= $1B,FBIN,Industrials,Building Products & Equipment,4463200000.0,4698967552.0,0,0.0
non_financial_large_cap_revenue_1b,Non-financial companies with revenue >= $1B,FCN,Industrials,Consulting Services,3788857000.0,4669312000.0,0,0.0
non_financial_large_cap_revenue_1b,Non-financial companies with revenue >= $1B,FCX,Basic Materials,Copper,25915000000.0,94692065280.0,0,0.0
non_financial_large_cap_revenue_1b,Non-financial companies with revenue >= $1B,FDP,Consumer Defensive,Farm Products,4322300000.0,1598098304.0,0,0.0
non_financial_large_cap_revenue_1b,Non-financial companies with revenue >= $1B,FDX,Industrials,Integrated Freight & Logistics,87926000000.0,98162819072.0,0,0.0
non_financial_large_cap_revenue_1b,Non-financial companies with revenue >= $1B,FE,Utilities,Utilities - Regulated Electric,15090000000.0,26717734912.0,0,0.0
non_financial_large_cap_revenue_1b,Non-financial companies with revenue >= $1B,FICO,Technology,Software - Application,1990869000.0,30063763456.0,0,0.0
non_financial_large_cap_revenue_1b,Non-financial companies with revenue >= $1B,FIG,Technology,Software - Application,1055788000.0,12395713536.0,0,0.0
non_financial_large_cap_revenue_1b,Non-financial companies with revenue >= $1B,FIS,Technology,Information Technology Services,10677000000.0,21822638080.0,0,0.0
non_financial_large_cap_revenue_1b,Non-financial companies with revenue >= $1B,FIX,Industrials,Engineering & Construction,9101641000.0,65271537664.0,0,0.0
non_financial_large_cap_revenue_1b,Non-financial companies with revenue >= $1B,FLO,Consumer Defensive,Packaged Foods,5256479000.0,1632347904.0,0,0.0
non_financial_large_cap_revenue_1b,Non-financial companies with revenue >= $1B,FLR,Industrials,Engineering & Construction,15503000000.0,6560294912.0,0,0.0
non_financial_large_cap_revenue_1b,Non-financial companies with revenue >= $1B,FLS,Industrials,Specialty Industrial Machinery,4729260000.0,9612365824.0,0,0.0
non_financial_large_cap_revenue_1b,Non-financial companies with revenue >= $1B,FLUT,Consumer Cyclical,Gambling,16383000000.0,16567781376.0,0,0.0
non_financial_large_cap_revenue_1b,Non-financial companies with revenue >= $1B,FMC,Basic Materials,Agricultural Inputs,3467400000.0,1696864768.0,0,0.0
non_financial_large_cap_revenue_1b,Non-financial companies with revenue >= $1B,FMS,Healthcare,Medical Care Facilities,19627602000.0,11618106368.0,0,0.0
non_financial_large_cap_revenue_1b,Non-financial companies with revenue >= $1B,FMX,Consumer Defensive,Beverages - Brewers,840954000000.0,41174761472.0,0,0.0
non_financial_large_cap_revenue_1b,Non-financial companies with revenue >= $1B,FN,Technology,Electronic Components,3419327000.0,23932475392.0,0,0.0
non_financial_large_cap_revenue_1b,Non-financial companies with revenue >= $1B,FND,Consumer Cyclical,Home Improvement Retail,4684088000.0,5558201344.0,0,0.0
non_financial_large_cap_revenue_1b,Non-financial companies with revenue >= $1B,FNV,Basic Materials,Gold,1822800000.0,43500494848.0,2,0.25
non_financial_large_cap_revenue_1b,Non-financial companies with revenue >= $1B,FOR,Real Estate,Real Estate - Development,1662400000.0,1398659456.0,0,0.0
non_financial_large_cap_revenue_1b,Non-financial companies with revenue >= $1B,FOUR,Technology,Software - Infrastructure,4180000000.0,4344865792.0,0,0.0
non_financial_large_cap_revenue_1b,Non-financial companies with revenue >= $1B,FRO,Energy,Oil & Gas Midstream,1965104000.0,7689395200.0,0,0.0
non_financial_large_cap_revenue_1b,Non-financial companies with revenue >= $1B,FSS,Industrials,Pollution & Treatment Controls,2180500000.0,6913385984.0,0,0.0
non_financial_large_cap_revenue_1b,Non-financial companies with revenue >= $1B,FTI,Energy,Oil & Gas Equipment & Services,9932600000.0,26992115712.0,1,0.125
non_financial_large_cap_revenue_1b,Non-financial companies with revenue >= $1B,FTS,Utilities,Utilities - Regulated Electric,12170000000.0,28567451648.0,0,0.0
non_financial_large_cap_revenue_1b,Non-financial companies with revenue >= $1B,FTV,Technology,Scientific & Technical Instruments,4159100000.0,18038626304.0,0,0.0
non_financial_large_cap_revenue_1b,Non-financial companies with revenue >= $1B,FUBO,Communication Services,Broadcasting,1622796000.0,307013280.0,0,0.0
non_financial_large_cap_revenue_1b,Non-financial companies with revenue >= $1B,FUL,Basic Materials,Specialty Chemicals,3473589000.0,3464847104.0,0,0.0
non_financial_large_cap_revenue_1b,Non-financial companies with revenue >= $1B,FUN,Consumer Cyclical,Leisure,3100289000.0,2074739968.0,0,0.0
non_financial_large_cap_revenue_1b,Non-financial companies with revenue >= $1B,G,Technology,Information Technology Services,5079879000.0,5495400960.0,0,0.0
non_financial_large_cap_revenue_1b,Non-financial companies with revenue >= $1B,GAP,Consumer Cyclical,Apparel Retail,15366000000.0,9133504512.0,0,0.0
non_financial_large_cap_revenue_1b,Non-financial companies with revenue >= $1B,GATX,Industrials,Rental & Leasing Services,1740400000.0,6053931008.0,0,0.0
non_financial_large_cap_revenue_1b,Non-financial companies with revenue >= $1B,GBTG,Consumer Cyclical,Travel Services,2718000000.0,4959046144.0,0,0.0
non_financial_large_cap_revenue_1b,Non-financial companies with revenue >= $1B,GBX,Industrials,Railroads,3240200000.0,1481958656.0,0,0.0
non_financial_large_cap_revenue_1b,Non-financial companies with revenue >= $1B,GCO,Consumer Cyclical,Apparel Retail,2436096000.0,395022208.0,0,0.0
non_financial_large_cap_revenue_1b,Non-financial companies with revenue >= $1B,GD,Industrials,Aerospace & Defense,52550000000.0,94369308672.0,0,0.0
non_financial_large_cap_revenue_1b,Non-financial companies with revenue >= $1B,GDDY,Technology,Software - Infrastructure,4951100000.0,11374006272.0,0,0.0
non_financial_large_cap_revenue_1b,Non-financial companies with revenue >= $1B,GE,Industrials,Aerospace & Defense,45855000000.0,335202254848.0,0,0.0
non_financial_large_cap_revenue_1b,Non-financial companies with revenue >= $1B,GEF,Consumer Cyclical,Packaging & Containers,4354900000.0,3625438208.0,0,0.0
non_financial_large_cap_revenue_1b,Non-financial companies with revenue >= $1B,GEO,Industrials,Security & Protection Services,2631549000.0,3087918592.0,0,0.0
non_financial_large_cap_revenue_1b,Non-financial companies with revenue >= $1B,GEV,Industrials,Specialty Industrial Machinery,38068000000.0,267645124608.0,0,0.0
non_financial_large_cap_revenue_1b,Non-financial companies with revenue >= $1B,GFF,Industrials,Building Products & Equipment,2519926000.0,4039015424.0,0,0.0
non_financial_large_cap_revenue_1b,Non-financial companies with revenue >= $1B,GFI,Basic Materials,Gold,8751300000.0,35982458880.0,1,0.125
non_financial_large_cap_revenue_1b,Non-financial companies with revenue >= $1B,GFL,Industrials,Waste Management,6615900000.0,12374095872.0,0,0.0
non_financial_large_cap_revenue_1b,Non-financial companies with revenue >= $1B,GGB,Basic Materials,Steel,69858532000.0,9148097536.0,0,0.0
non_financial_large_cap_revenue_1b,Non-financial companies with revenue >= $1B,GGG,Industrials,Specialty Industrial Machinery,2236604000.0,12583706624.0,0,0.0
non_financial_large_cap_revenue_1b,Non-financial companies with revenue >= $1B,GHC,Consumer Defensive,Education & Training Services,4911563000.0,4839095296.0,0,0.0
non_financial_large_cap_revenue_1b,Non-financial companies with revenue >= $1B,GHG,Consumer Cyclical,Lodging,1097353393.0,129148576.0,0,0.0
non_financial_large_cap_revenue_1b,Non-financial companies with revenue >= $1B,GIB,Technology,Information Technology Services,15912673000.0,14163077120.0,0,0.0
non_financial_large_cap_revenue_1b,Non-financial companies with revenue >= $1B,GIC,Industrials,Industrial Distribution,1379100000.0,1163137408.0,0,0.0
non_financial_large_cap_revenue_1b,Non-financial companies with revenue >= $1B,GIL,Consumer Cyclical,Apparel Manufacturing,3619236000.0,11321963520.0,0,0.0
non_financial_large_cap_revenue_1b,Non-financial companies with revenue >= $1B,GIS,Consumer Defensive,Packaged Foods,19486600000.0,18086455296.0,0,0.0
non_financial_large_cap_revenue_1b,Non-financial companies with revenue >= $1B,GLOB,Technology,Information Technology Services,2454877000.0,1724159744.0,0,0.0
non_financial_large_cap_revenue_1b,Non-financial companies with revenue >= $1B,GLW,Technology,Electronic Components,15629000000.0,157470900224.0,0,0.0
non_financial_large_cap_revenue_1b,Non-financial companies with revenue >= $1B,GM,Consumer Cyclical,Auto Manufacturers,185019000000.0,76055461888.0,0,0.0
non_financial_large_cap_revenue_1b,Non-financial companies with revenue >= $1B,GME,Consumer Cyclical,Specialty Retail,3629900000.0,9727626240.0,0,0.0
non_financial_large_cap_revenue_1b,Non-financial companies with revenue >= $1B,GMED,Healthcare,Medical Devices,2938931000.0,11192143872.0,0,0.0
non_financial_large_cap_revenue_1b,Non-financial companies with revenue >= $1B,GMRS,Healthcare,Medical Care Facilities,5739776000.0,676352064.0,0,0.0
non_financial_large_cap_revenue_1b,Non-financial companies with revenue >= $1B,GNRC,Industrials,Specialty Industrial Machinery,4209147000.0,16450852864.0,0,0.0
non_financial_large_cap_revenue_1b,Non-financial companies with revenue >= $1B,GOLF,Consumer Cyclical,Leisure,2558730000.0,5213067264.0,0,0.0
non_financial_large_cap_revenue_1b,Non-financial companies with revenue >= $1B,GOOS,Consumer Cyclical,Apparel Manufacturing,1528200000.0,969481536.0,1,0.125
non_financial_large_cap_revenue_1b,Non-financial companies with revenue >= $1B,GOTU,Consumer Defensive,Education & Training Services,6146772000.0,431601280.0,0,0.0
non_financial_large_cap_revenue_1b,Non-financial companies with revenue >= $1B,GPC,Consumer Cyclical,Auto Parts,24300141000.0,13809261568.0,0,0.0
non_financial_large_cap_revenue_1b,Non-financial companies with revenue >= $1B,GPI,Consumer Cyclical,Auto & Truck Dealerships,22571400000.0,3884046080.0,1,0.125
non_financial_large_cap_revenue_1b,Non-financial companies with revenue >= $1B,GPK,Consumer Cyclical,Packaging & Containers,8617000000.0,3408622848.0,0,0.0
non_financial_large_cap_revenue_1b,Non-financial companies with revenue >= $1B,GPN,Industrials,Specialty Business Services,7705878000.0,20228542464.0,0,0.0
non_financial_large_cap_revenue_1b,Non-financial companies with revenue >= $1B,GPOR,Energy,Oil & Gas E&P,1323527000.0,3076222720.0,1,0.125
non_financial_large_cap_revenue_1b,Non-financial companies with revenue >= $1B,GRBK,Consumer Cyclical,Residential Construction,2039994000.0,2919591680.0,0,0.0
non_financial_large_cap_revenue_1b,Non-financial companies with revenue >= $1B,GRDN,Healthcare,Medical Care Facilities,1448685000.0,2453674496.0,0,0.0
non_financial_large_cap_revenue_1b,Non-financial companies with revenue >= $1B,GRMN,Technology,Scientific & Technical Instruments,7245519000.0,45581565952.0,0,0.0
non_financial_large_cap_revenue_1b,Non-financial companies with revenue >= $1B,GSK,Healthcare,Drug Manufacturers - General,32667000000.0,102779781120.0,0,0.0
non_financial_large_cap_revenue_1b,Non-financial companies with revenue >= $1B,GTES,Industrials,Specialty Industrial Machinery,3443200000.0,6468752384.0,0,0.0
non_financial_large_cap_revenue_1b,Non-financial companies with revenue >= $1B,GTLS,Industrials,Specialty Industrial Machinery,4264000000.0,9954852864.0,0,0.0
non_financial_large_cap_revenue_1b,Non-financial companies with revenue >= $1B,GTN,Communication Services,Broadcasting,3095000000.0,428419360.0,0,0.0
non_financial_large_cap_revenue_1b,Non-financial companies with revenue >= $1B,GVA,Industrials,Engineering & Construction,4424379000.0,6006859264.0,0,0.0
non_financial_large_cap_revenue_1b,Non-financial companies with revenue >= $1B,GWRE,Technology,Software - Application,1202459000.0,12083775488.0,0,0.0
non_financial_large_cap_revenue_1b,Non-financial companies with revenue >= $1B,GWW,Industrials,Industrial Distribution,17942000000.0,58894118912.0,0,0.0
non_financial_large_cap_revenue_1b,Non-financial companies with revenue >= $1B,GXO,Industrials,Integrated Freight & Logistics,13178000000.0,5839866368.0,0,0.0
non_financial_large_cap_revenue_1b,Non-financial companies with revenue >= $1B,H,Consumer Cyclical,Lodging,7101000000.0,17463212032.0,0,0.0
non_financial_large_cap_revenue_1b,Non-financial companies with revenue >= $1B,HAE,Healthcare,Medical Devices,1334027000.0,3046698752.0,0,0.0
non_financial_large_cap_revenue_1b,Non-financial companies with revenue >= $1B,HAFN,Industrials,Marine Shipping,2281909000.0,3888298752.0,0,0.0
non_financial_large_cap_revenue_1b,Non-financial companies with revenue >= $1B,HAL,Energy,Oil & Gas Equipment & Services,22184000000.0,32856195072.0,0,0.0
non_financial_large_cap_revenue_1b,Non-financial companies with revenue >= $1B,HAYW,Industrials,Electrical Equipment & Parts,1122155000.0,3061347840.0,0,0.0
non_financial_large_cap_revenue_1b,Non-financial companies with revenue >= $1B,HBM,Basic Materials,Copper,2211000000.0,11212846080.0,1,0.125
non_financial_large_cap_revenue_1b,Non-financial companies with revenue >= $1B,HCA,Healthcare,Medical Care Facilities,75600000000.0,85273010176.0,0,0.0
non_financial_large_cap_revenue_1b,Non-financial companies with revenue >= $1B,HCC,Basic Materials,Coking Coal,1310043000.0,5522029568.0,0,0.0
non_financial_large_cap_revenue_1b,Non-financial companies with revenue >= $1B,HD,Consumer Cyclical,Home Improvement Retail,164683000000.0,320283836416.0,0,0.0
non_financial_large_cap_revenue_1b,Non-financial companies with revenue >= $1B,HE,Utilities,Utilities - Regulated Electric,3086896000.0,2328854528.0,0,0.0
non_financial_large_cap_revenue_1b,Non-financial companies with revenue >= $1B,HEI,Industrials,Aerospace & Defense,4485044000.0,48143613952.0,0,0.0
non_financial_large_cap_revenue_1b,Non-financial companies with revenue >= $1B,HESM,Energy,Oil & Gas Midstream,1617200000.0,7922354176.0,1,0.125
non_financial_large_cap_revenue_1b,Non-financial companies with revenue >= $1B,HGV,Consumer Cyclical,Resorts & Casinos,5047000000.0,4146126080.0,0,0.0
non_financial_large_cap_revenue_1b,Non-financial companies with revenue >= $1B,HHH,Real Estate,Real Estate - Development,1474892000.0,3838630912.0,0,0.0
non_financial_large_cap_revenue_1b,Non-financial companies with revenue >= $1B,HII,Industrials,Aerospace & Defense,12484000000.0,12644752384.0,0,0.0
non_financial_large_cap_revenue_1b,Non-financial companies with revenue >= $1B,HIMS,Healthcare,Drug Manufacturers - Specialty & Generic,2347637000.0,5874396160.0,0,0.0
non_financial_large_cap_revenue_1b,Non-financial companies with revenue >= $1B,HL,Basic Materials,Other Precious Metals & Mining,1423019000.0,11797830656.0,0,0.0
non_financial_large_cap_revenue_1b,Non-financial companies with revenue >= $1B,HLF,Consumer Defensive,Packaged Foods,5037500000.0,1300014464.0,0,0.0
non_financial_large_cap_revenue_1b,Non-financial companies with revenue >= $1B,HLN,Healthcare,Drug Manufacturers - Specialty & Generic,11030000000.0,40782307328.0,0,0.0
non_financial_large_cap_revenue_1b,Non-financial companies with revenue >= $1B,HLT,Consumer Cyclical,Lodging,12039000000.0,76842704896.0,0,0.0
non_financial_large_cap_revenue_1b,Non-financial companies with revenue >= $1B,HLX,Energy,Oil & Gas Equipment & Services,1291474000.0,1377218560.0,0,0.0
non_financial_large_cap_revenue_1b,Non-financial companies with revenue >= $1B,HNI,Consumer Cyclical,"Furnishings, Fixtures & Appliances",2839000000.0,2286494976.0,0,0.0
non_financial_large_cap_revenue_1b,Non-financial companies with revenue >= $1B,HOG,Consumer Cyclical,Recreational Vehicles,4473175000.0,2538018816.0,0,0.0
non_financial_large_cap_revenue_1b,Non-financial companies with revenue >= $1B,HOV,Consumer Cyclical,Residential Construction,2978581000.0,651838592.0,0,0.0
non_financial_large_cap_revenue_1b,Non-financial companies with revenue >= $1B,HP,Energy,Oil & Gas Drilling,3746013000.0,3804371200.0,0,0.0
non_financial_large_cap_revenue_1b,Non-financial companies with revenue >= $1B,HPE,Technology,Communication Equipment,34296000000.0,50699096064.0,0,0.0
non_financial_large_cap_revenue_1b,Non-financial companies with revenue >= $1B,HPQ,Technology,Computer Hardware,55295000000.0,22958792704.0,0,0.0
non_financial_large_cap_revenue_1b,Non-financial companies with revenue >= $1B,HRB,Consumer Cyclical,Personal Services,3760995000.0,4854916096.0,0,0.0
non_financial_large_cap_revenue_1b,Non-financial companies with revenue >= $1B,HRI,Industrials,Rental & Leasing Services,4328000000.0,4580858880.0,0,0.0
non_financial_large_cap_revenue_1b,Non-financial companies with revenue >= $1B,HRL,Consumer Defensive,Packaged Foods,12106160000.0,12981204992.0,0,0.0
non_financial_large_cap_revenue_1b,Non-financial companies with revenue >= $1B,HSY,Consumer Defensive,Confectioners,11692576000.0,39968256000.0,0,0.0
non_financial_large_cap_revenue_1b,Non-financial companies with revenue >= $1B,HUBB,Industrials,Electrical Equipment & Parts,5844600000.0,25043302400.0,0,0.0
non_financial_large_cap_revenue_1b,Non-financial companies with revenue >= $1B,HUBS,Technology,Software - Application,3131266000.0,10176712704.0,0,0.0
non_financial_large_cap_revenue_1b,Non-financial companies with revenue >= $1B,HUM,Healthcare,Healthcare Plans,129664000000.0,37062987776.0,2,0.25
non_financial_large_cap_revenue_1b,Non-financial companies with revenue >= $1B,HUN,Basic Materials,Chemicals,6036000000.0,2712651008.0,0,0.0
non_financial_large_cap_revenue_1b,Non-financial companies with revenue >= $1B,HUYA,Communication Services,Entertainment,6502400000.0,590563392.0,0,0.0
non_financial_large_cap_revenue_1b,Non-financial companies with revenue >= $1B,HWM,Industrials,Aerospace & Defense,8252000000.0,103983939584.0,0,0.0
non_financial_large_cap_revenue_1b,Non-financial companies with revenue >= $1B,HXL,Industrials,Aerospace & Defense,1893900000.0,6869907968.0,0,0.0
non_financial_large_cap_revenue_1b,Non-financial companies with revenue >= $1B,HY,Industrials,Farm & Heavy Construction Machinery,3769300000.0,650347200.0,0,0.0
non_financial_large_cap_revenue_1b,Non-financial companies with revenue >= $1B,HZO,Consumer Cyclical,Specialty Retail,2309288000.0,774509888.0,0,0.0
non_financial_large_cap_revenue_1b,Non-financial companies with revenue >= $1B,IAG,Basic Materials,Gold,2852800000.0,10034080768.0,0,0.0
non_financial_large_cap_revenue_1b,Non-financial companies with revenue >= $1B,IBM,Technology,Information Technology Services,67536000000.0,248336498688.0,0,0.0
non_financial_large_cap_revenue_1b,Non-financial companies with revenue >= $1B,IBP,Consumer Cyclical,Residential Construction,2970800000.0,5652161024.0,0,0.0
non_financial_large_cap_revenue_1b,Non-financial companies with revenue >= $1B,ICL,Basic Materials,Agricultural Inputs,7153000000.0,8712041472.0,0,0.0
non_financial_large_cap_revenue_1b,Non-financial companies with revenue >= $1B,IDA,Utilities,Utilities - Regulated Electric,1812997000.0,7789843456.0,0,0.0
non_financial_large_cap_revenue_1b,Non-financial companies with revenue >= $1B,IDT,Communication Services,Telecom Services,1231495000.0,1355370240.0,0,0.0
non_financial_large_cap_revenue_1b,Non-financial companies with revenue >= $1B,IEX,Industrials,Specialty Industrial Machinery,3457500000.0,15545381888.0,0,0.0
non_financial_large_cap_revenue_1b,Non-financial companies with revenue >= $1B,IFF,Basic Materials,Specialty Chemicals,10890000000.0,19921330176.0,0,0.0
non_financial_large_cap_revenue_1b,Non-financial companies with revenue >= $1B,IHG,Consumer Cyclical,Lodging,5189000000.0,23471894528.0,0,0.0
non_financial_large_cap_revenue_1b,Non-financial companies with revenue >= $1B,IHS,Real Estate,Real Estate Services,1582000000.0,2804469504.0,0,0.0
non_financial_large_cap_revenue_1b,Non-financial companies with revenue >= $1B,INFY,Technology,Information Technology Services,20158000000.0,51405905920.0,0,0.0
non_financial_large_cap_revenue_1b,Non-financial companies with revenue >= $1B,INGM,Technology,Information Technology Services,52556263000.0,6238135296.0,0,0.0
non_financial_large_cap_revenue_1b,Non-financial companies with revenue >= $1B,INGR,Consumer Defensive,Packaged Foods,7219000000.0,6508325376.0,0,0.0
non_financial_large_cap_revenue_1b,Non-financial companies with revenue >= $1B,INVH,Real Estate,REIT - Residential,2729296000.0,17452953600.0,0,0.0
non_financial_large_cap_revenue_1b,Non-financial companies with revenue >= $1B,IOT,Technology,Software - Infrastructure,1618635000.0,18396157952.0,0,0.0
non_financial_large_cap_revenue_1b,Non-financial companies with revenue >= $1B,IP,Consumer Cyclical,Packaging & Containers,23634000000.0,17643505664.0,0,0.0
non_financial_large_cap_revenue_1b,Non-financial companies with revenue >= $1B,IQV,Healthcare,Diagnostics & Research,16310000000.0,30223921152.0,0,0.0
non_financial_large_cap_revenue_1b,Non-financial companies with revenue >= $1B,IR,Industrials,Specialty Industrial Machinery,7650900000.0,27781001216.0,0,0.0
non_financial_large_cap_revenue_1b,Non-financial companies with revenue >= $1B,IRM,Real Estate,REIT - Specialty,6901737000.0,37735055360.0,0,0.0
non_financial_large_cap_revenue_1b,Non-financial companies with revenue >= $1B,IRS,Real Estate,Real Estate Services,458059000000.0,1253097728.0,1,0.125
non_financial_large_cap_revenue_1b,Non-financial companies with revenue >= $1B,IT,Technology,Information Technology Services,6497226000.0,10791305216.0,0,0.0
non_financial_large_cap_revenue_1b,Non-financial companies with revenue >= $1B,ITGR,Healthcare,Medical Devices,1853637000.0,3057633536.0,0,0.0
non_financial_large_cap_revenue_1b,Non-financial companies with revenue >= $1B,ITT,Industrials,Specialty Industrial Machinery,3938500000.0,17370529792.0,0,0.0
non_financial_large_cap_revenue_1b,Non-financial companies with revenue >= $1B,ITW,Industrials,Specialty Industrial Machinery,16044000000.0,71821426688.0,0,0.0
non_financial_large_cap_revenue_1b,Non-financial companies with revenue >= $1B,J,Industrials,Engineering & Construction,12029783000.0,14046901248.0,0,0.0
non_financial_large_cap_revenue_1b,Non-financial companies with revenue >= $1B,JBL,Technology,Electronic Components,29802000000.0,38366027776.0,0,0.0
non_financial_large_cap_revenue_1b,Non-financial companies with revenue >= $1B,JBS,Consumer Defensive,Packaged Foods,86184182000.0,13857145856.0,0,0.0
non_financial_large_cap_revenue_1b,Non-financial companies with revenue >= $1B,JBTM,Industrials,Specialty Industrial Machinery,3798200000.0,7027592704.0,0,0.0
non_financial_large_cap_revenue_1b,Non-financial companies with revenue >= $1B,JCI,Industrials,Building Products & Equipment,23596000000.0,83067232256.0,0,0.0
non_financial_large_cap_revenue_1b,Non-financial companies with revenue >= $1B,JELD,Industrials,Building Products & Equipment,3211181000.0,181779280.0,0,0.0
non_financial_large_cap_revenue_1b,Non-financial companies with revenue >= $1B,JHX,Basic Materials,Building Materials,4835800000.0,13329824768.0,0,0.0
non_financial_large_cap_revenue_1b,Non-financial companies with revenue >= $1B,JKS,Technology,Solar,65497646000.0,1190898048.0,0,0.0
non_financial_large_cap_revenue_1b,Non-financial companies with revenue >= $1B,JLL,Real Estate,Real Estate Services,26115600000.0,13253715968.0,0,0.0
non_financial_large_cap_revenue_1b,Non-financial companies with revenue >= $1B,JNJ,Healthcare,Drug Manufacturers - General,94193000000.0,555585634304.0,0,0.0
non_financial_large_cap_revenue_1b,Non-financial companies with revenue >= $1B,KAI,Industrials,Specialty Industrial Machinery,1052248000.0,3811653632.0,0,0.0
non_financial_large_cap_revenue_1b,Non-financial companies with revenue >= $1B,KBH,Consumer Cyclical,Residential Construction,6236214000.0,3076790016.0,0,0.0
non_financial_large_cap_revenue_1b,Non-financial companies with revenue >= $1B,KBR,Industrials,Engineering & Construction,7786000000.0,4366646272.0,0,0.0
non_financial_large_cap_revenue_1b,Non-financial companies with revenue >= $1B,KEP,Utilities,Utilities - Regulated Electric,96567586000000.0,16973531136.0,1,0.125
non_financial_large_cap_revenue_1b,Non-financial companies with revenue >= $1B,KEX,Industrials,Marine Shipping,3364050000.0,7510677504.0,0,0.0
non_financial_large_cap_revenue_1b,Non-financial companies with revenue >= $1B,KEYS,Technology,Scientific & Technical Instruments,5375000000.0,57902546944.0,0,0.0
non_financial_large_cap_revenue_1b,Non-financial companies with revenue >= $1B,KFRC,Industrials,Staffing & Employment Services,1329007000.0,797090432.0,0,0.0
non_financial_large_cap_revenue_1b,Non-financial companies with revenue >= $1B,KFY,Industrials,Staffing & Employment Services,2761086000.0,3630020608.0,0,0.0
non_financial_large_cap_revenue_1b,Non-financial companies with revenue >= $1B,KGC,Basic Materials,Gold,7051100000.0,34975465472.0,1,0.125
non_financial_large_cap_revenue_1b,Non-financial companies with revenue >= $1B,KGS,Energy,Oil & Gas Equipment & Services,1308100000.0,6948267008.0,0,0.0
non_financial_large_cap_revenue_1b,Non-financial companies with revenue >= $1B,KIM,Real Estate,REIT - Retail,2140116000.0,16300000256.0,0,0.0
non_financial_large_cap_revenue_1b,Non-financial companies with revenue >= $1B,KLAR,Technology,Software - Infrastructure,3510000000.0,6594299392.0,0,0.0
non_financial_large_cap_revenue_1b,Non-financial companies with revenue >= $1B,KLC,Consumer Defensive,Education & Training Services,2733323000.0,452396096.0,0,0.0
non_financial_large_cap_revenue_1b,Non-financial companies with revenue >= $1B,KMI,Energy,Oil & Gas Midstream,16937000000.0,70994190336.0,0,0.0
non_financial_large_cap_revenue_1b,Non-financial companies with revenue >= $1B,KMT,Industrials,Tools & Accessories,1966845000.0,2565232128.0,0,0.0
non_financial_large_cap_revenue_1b,Non-financial companies with revenue >= $1B,KMX,Consumer Cyclical,Auto & Truck Dealerships,25881131000.0,6225929728.0,0,0.0
non_financial_large_cap_revenue_1b,Non-financial companies with revenue >= $1B,KNF,Basic Materials,Building Materials,3146012000.0,4469366272.0,0,0.0
non_financial_large_cap_revenue_1b,Non-financial companies with revenue >= $1B,KNTK,Energy,Oil & Gas Midstream,1764389000.0,3432812800.0,0,0.0
non_financial_large_cap_revenue_1b,Non-financial companies with revenue >= $1B,KNX,Industrials,Trucking,7469689000.0,12190299136.0,0,0.0
non_financial_large_cap_revenue_1b,Non-financial companies with revenue >= $1B,KO,Consumer Defensive,Beverages - Non-Alcoholic,47941000000.0,345962643456.0,0,0.0
non_financial_large_cap_revenue_1b,Non-financial companies with revenue >= $1B,KODK,Industrials,Specialty Business Services,1069000000.0,982832000.0,0,0.0
non_financial_large_cap_revenue_1b,Non-financial companies with revenue >= $1B,KOP,Basic Materials,Specialty Chemicals,1879300000.0,794082112.0,0,0.0
non_financial_large_cap_revenue_1b,Non-financial companies with revenue >= $1B,KOS,Energy,Oil & Gas E&P,1288352000.0,1625338496.0,0,0.0
non_financial_large_cap_revenue_1b,Non-financial companies with revenue >= $1B,KR,Consumer Defensive,Grocery Stores,147642000000.0,39250255872.0,0,0.0
non_financial_large_cap_revenue_1b,Non-financial companies with revenue >= $1B,KRC,Real Estate,REIT - Office,1112667000.0,4034289152.0,0,0.0
non_financial_large_cap_revenue_1b,Non-financial companies with revenue >= $1B,KRO,Basic Materials,Specialty Chemicals,1859400000.0,860597312.0,0,0.0
non_financial_large_cap_revenue_1b,Non-financial companies with revenue >= $1B,KSS,Consumer Cyclical,Department Stores,15527000000.0,1750026624.0,0,0.0
non_financial_large_cap_revenue_1b,Non-financial companies with revenue >= $1B,KT,Communication Services,Telecom Services,28253193000000.0,8483126784.0,1,0.125
non_financial_large_cap_revenue_1b,Non-financial companies with revenue >= $1B,KTB,Consumer Cyclical,Apparel Manufacturing,3152456000.0,4076336640.0,0,0.0
non_financial_large_cap_revenue_1b,Non-financial companies with revenue >= $1B,KVUE,Consumer Defensive,Household & Personal Products,15124000000.0,33868951552.0,0,0.0
non_financial_large_cap_revenue_1b,Non-financial companies with revenue >= $1B,KVYO,Technology,Software - Application,1234019000.0,4411384320.0,0,0.0
non_financial_large_cap_revenue_1b,Non-financial companies with revenue >= $1B,KWR,Basic Materials,Specialty Chemicals,1888634000.0,2551825408.0,0,0.0
non_financial_large_cap_revenue_1b,Non-financial companies with revenue >= $1B,LAD,Consumer Cyclical,Auto & Truck Dealerships,37634900000.0,6741856256.0,0,0.0
non_financial_large_cap_revenue_1b,Non-financial companies with revenue >= $1B,LBRT,Energy,Oil & Gas Equipment & Services,4006116000.0,4742342656.0,0,0.0
non_financial_large_cap_revenue_1b,Non-financial companies with revenue >= $1B,LCII,Consumer Cyclical,Recreational Vehicles,4122017000.0,2740827904.0,0,0.0
non_financial_large_cap_revenue_1b,Non-financial companies with revenue >= $1B,LDOS,Technology,Information Technology Services,17174000000.0,16552109056.0,0,0.0
non_financial_large_cap_revenue_1b,Non-financial companies with revenue >= $1B,LEA,Consumer Cyclical,Auto Parts,23259100000.0,7360472576.0,0,0.0
non_financial_large_cap_revenue_1b,Non-financial companies with revenue >= $1B,LEG,Consumer Cyclical,"Furnishings, Fixtures & Appliances",4055100000.0,1416168832.0,0,0.0
non_financial_large_cap_revenue_1b,Non-financial companies with revenue >= $1B,LEN,Consumer Cyclical,Residential Construction,34186934000.0,22105272320.0,0,0.0
non_financial_large_cap_revenue_1b,Non-financial companies with revenue >= $1B,LEVI,Consumer Cyclical,Apparel Manufacturing,6282000000.0,9122622464.0,0,0.0
non_financial_large_cap_revenue_1b,Non-financial companies with revenue >= $1B,LH,Healthcare,Diagnostics & Research,13951700000.0,21545500672.0,0,0.0
non_financial_large_cap_revenue_1b,Non-financial companies with revenue >= $1B,LHX,Industrials,Aerospace & Defense,21865000000.0,58641924096.0,0,0.0
non_financial_large_cap_revenue_1b,Non-financial companies with revenue >= $1B,LII,Industrials,Building Products & Equipment,5195300000.0,17296279552.0,1,0.125
non_financial_large_cap_revenue_1b,Non-financial companies with revenue >= $1B,LLY,Healthcare,Drug Manufacturers - General,65179000000.0,1004814204928.0,0,0.0
non_financial_large_cap_revenue_1b,Non-financial companies with revenue >= $1B,LMT,Industrials,Aerospace & Defense,75048000000.0,123861082112.0,0,0.0
non_financial_large_cap_revenue_1b,Non-financial companies with revenue >= $1B,LNG,Energy,Oil & Gas Midstream,19976000000.0,48106823680.0,0,0.0
non_financial_large_cap_revenue_1b,Non-financial companies with revenue >= $1B,LOMA,Basic Materials,Building Materials,848086622000.0,1368851456.0,1,0.125
non_financial_large_cap_revenue_1b,Non-financial companies with revenue >= $1B,LOW,Consumer Cyclical,Home Improvement Retail,86286000000.0,122253115392.0,0,0.0
non_financial_large_cap_revenue_1b,Non-financial companies with revenue >= $1B,LPL,Technology,Consumer Electronics,25810082000000.0,5030000128.0,1,0.125
non_financial_large_cap_revenue_1b,Non-financial companies with revenue >= $1B,LPX,Industrials,Building Products & Equipment,2708000000.0,5316018688.0,0,0.0
non_financial_large_cap_revenue_1b,Non-financial companies with revenue >= $1B,LRN,Consumer Defensive,Education & Training Services,2405317000.0,3911009536.0,0,0.0
non_financial_large_cap_revenue_1b,Non-financial companies with revenue >= $1B,LSPD,Technology,Software - Application,1227046000.0,1277276416.0,0,0.0
non_financial_large_cap_revenue_1b,Non-financial companies with revenue >= $1B,LTH,Consumer Cyclical,Leisure,2995255000.0,7439383040.0,0,0.0
non_financial_large_cap_revenue_1b,Non-financial companies with revenue >= $1B,LTM,Industrials,Airlines,14265056000.0,15553485824.0,1,0.125
non_financial_large_cap_revenue_1b,Non-financial companies with revenue >= $1B,LUCK,Consumer Cyclical,Leisure,1201333000.0,1216528640.0,0,0.0
non_financial_large_cap_revenue_1b,Non-financial companies with revenue >= $1B,LUMN,Communication Services,Telecom Services,12402000000.0,11024327680.0,0,0.0
non_financial_large_cap_revenue_1b,Non-financial companies with revenue >= $1B,LUV,Industrials,Airlines,28063000000.0,21168791552.0,0,0.0
non_financial_large_cap_revenue_1b,Non-financial companies with revenue >= $1B,LVS,Consumer Cyclical,Resorts & Casinos,13017000000.0,33867393024.0,0,0.0
non_financial_large_cap_revenue_1b,Non-financial companies with revenue >= $1B,LW,Consumer Defensive,Packaged Foods,6451300000.0,6010308608.0,0,0.0
non_financial_large_cap_revenue_1b,Non-financial companies with revenue >= $1B,LYB,Basic Materials,Specialty Chemicals,30153000000.0,22062338048.0,0,0.0
non_financial_large_cap_revenue_1b,Non-financial companies with revenue >= $1B,LYV,Communication Services,Entertainment,25201406000.0,38870020096.0,0,0.0
non_financial_large_cap_revenue_1b,Non-financial companies with revenue >= $1B,LZB,Consumer Cyclical,"Furnishings, Fixtures & Appliances",2109207000.0,1573648384.0,0,0.0
non_financial_large_cap_revenue_1b,Non-financial companies with revenue >= $1B,M,Consumer Cyclical,Department Stores,22621000000.0,5921445888.0,0,0.0
non_financial_large_cap_revenue_1b,Non-financial companies with revenue >= $1B,MAGN,Consumer Defensive,Household & Personal Products,1385516000.0,405128000.0,0,0.0
non_financial_large_cap_revenue_1b,Non-financial companies with revenue >= $1B,MAIR,Industrials,Building Products & Equipment,3518900000.0,21170626560.0,0,0.0
non_financial_large_cap_revenue_1b,Non-financial companies with revenue >= $1B,MAN,Industrials,Staffing & Employment Services,17957100000.0,1410567680.0,0,0.0
non_financial_large_cap_revenue_1b,Non-financial companies with revenue >= $1B,MAS,Industrials,Building Products & Equipment,7562000000.0,14260608000.0,0,0.0
non_financial_large_cap_revenue_1b,Non-financial companies with revenue >= $1B,MATV,Basic Materials,Specialty Chemicals,1987000000.0,505978016.0,0,0.0
non_financial_large_cap_revenue_1b,Non-financial companies with revenue >= $1B,MATX,Industrials,Marine Shipping,3344500000.0,5467061248.0,0,0.0
non_financial_large_cap_revenue_1b,Non-financial companies with revenue >= $1B,MAX,Communication Services,Internet Content & Information,1113600000.0,480612576.0,0,0.0
non_financial_large_cap_revenue_1b,Non-financial companies with revenue >= $1B,MBC,Consumer Cyclical,"Furnishings, Fixtures & Appliances",2734700000.0,1162100096.0,0,0.0
non_financial_large_cap_revenue_1b,Non-financial companies with revenue >= $1B,MCD,Consumer Cyclical,Restaurants,26885000000.0,197499305984.0,0,0.0
non_financial_large_cap_revenue_1b,Non-financial companies with revenue >= $1B,MCK,Healthcare,Medical Distribution,403430000000.0,90992058368.0,0,0.0
non_financial_large_cap_revenue_1b,Non-financial companies with revenue >= $1B,MD,Healthcare,Medical Care Facilities,1913849000.0,1774654592.0,0,0.0
non_financial_large_cap_revenue_1b,Non-financial companies with revenue >= $1B,MDA,Industrials,Aerospace & Defense,1633200000.0,6754397696.0,0,0.0
non_financial_large_cap_revenue_1b,Non-financial companies with revenue >= $1B,MDT,Healthcare,Medical Devices,33537000000.0,97023180800.0,0,0.0
non_financial_large_cap_revenue_1b,Non-financial companies with revenue >= $1B,MDU,Utilities,Utilities - Regulated Gas,1875066000.0,4501989888.0,0,0.0
non_financial_large_cap_revenue_1b,Non-financial companies with revenue >= $1B,MEI,Technology,Electronic Components,1048100000.0,417724640.0,0,0.0
non_financial_large_cap_revenue_1b,Non-financial companies with revenue >= $1B,MGA,Consumer Cyclical,Auto Parts,42010000000.0,17999486976.0,0,0.0
non_financial_large_cap_revenue_1b,Non-financial companies with revenue >= $1B,MGM,Consumer Cyclical,Resorts & Casinos,17537683000.0,10983693312.0,0,0.0
non_financial_large_cap_revenue_1b,Non-financial companies with revenue >= $1B,MGY,Energy,Oil & Gas E&P,1311845000.0,5289390592.0,0,0.0
non_financial_large_cap_revenue_1b,Non-financial companies with revenue >= $1B,MH,Consumer Defensive,Education & Training Services,2101299000.0,2242357760.0,0,0.0
non_financial_large_cap_revenue_1b,Non-financial companies with revenue >= $1B,MHK,Consumer Cyclical,"Furnishings, Fixtures & Appliances",10785400000.0,6561606144.0,0,0.0
non_financial_large_cap_revenue_1b,Non-financial companies with revenue >= $1B,MHO,Consumer Cyclical,Residential Construction,4417781000.0,3414737152.0,0,0.0
non_financial_large_cap_revenue_1b,Non-financial companies with revenue >= $1B,MICC,Consumer Defensive,Packaged Foods,7910000000.0,10038272000.0,0,0.0
non_financial_large_cap_revenue_1b,Non-financial companies with revenue >= $1B,MKC,Consumer Defensive,Packaged Foods,6840300000.0,12589927424.0,0,0.0
non_financial_large_cap_revenue_1b,Non-financial companies with revenue >= $1B,MLI,Industrials,Metal Fabrication,4178547000.0,14144192512.0,0,0.0
non_financial_large_cap_revenue_1b,Non-financial companies with revenue >= $1B,MLM,Basic Materials,Building Materials,6150000000.0,34534801408.0,0,0.0
non_financial_large_cap_revenue_1b,Non-financial companies with revenue >= $1B,MMM,Industrials,Conglomerates,24948000000.0,79721562112.0,0,0.0
non_financial_large_cap_revenue_1b,Non-financial companies with revenue >= $1B,MMS,Industrials,Specialty Business Services,5431276000.0,3303738112.0,0,0.0
non_financial_large_cap_revenue_1b,Non-financial companies with revenue >= $1B,MNSO,Consumer Cyclical,Specialty Retail,16994025000.0,3916004096.0,0,0.0
non_financial_large_cap_revenue_1b,Non-financial companies with revenue >= $1B,MO,Consumer Defensive,Tobacco,20139000000.0,120182071296.0,0,0.0
non_financial_large_cap_revenue_1b,Non-financial companies with revenue >= $1B,MOD,Consumer Cyclical,Auto Parts,2583500000.0,14274335744.0,0,0.0
non_financial_large_cap_revenue_1b,Non-financial companies with revenue >= $1B,MOH,Healthcare,Healthcare Plans,45426000000.0,9274842112.0,1,0.125
non_financial_large_cap_revenue_1b,Non-financial companies with revenue >= $1B,MOS,Basic Materials,Agricultural Inputs,12052400000.0,7647390208.0,0,0.0
non_financial_large_cap_revenue_1b,Non-financial companies with revenue >= $1B,MPC,Energy,Oil & Gas Refining & Marketing,132699000000.0,73372434432.0,0,0.0
non_financial_large_cap_revenue_1b,Non-financial companies with revenue >= $1B,MRK,Healthcare,Drug Manufacturers - General,65011000000.0,296107245568.0,0,0.0
non_financial_large_cap_revenue_1b,Non-financial companies with revenue >= $1B,MSA,Industrials,Security & Protection Services,1874814000.0,6570802176.0,0,0.0
non_financial_large_cap_revenue_1b,Non-financial companies with revenue >= $1B,MSGS,Communication Services,Entertainment,1039220000.0,8907196416.0,0,0.0
non_financial_large_cap_revenue_1b,Non-financial companies with revenue >= $1B,MSI,Technology,Communication Equipment,11682000000.0,68313825280.0,0,0.0
non_financial_large_cap_revenue_1b,Non-financial companies with revenue >= $1B,MSM,Industrials,Industrial Distribution,3769521000.0,6129490944.0,0,0.0
non_financial_large_cap_revenue_1b,Non-financial companies with revenue >= $1B,MT,Basic Materials,Steel,61352000000.0,52864942080.0,0,0.0
non_financial_large_cap_revenue_1b,Non-financial companies with revenue >= $1B,MTD,Healthcare,Diagnostics & Research,4026399000.0,23511541760.0,0,0.0
non_financial_large_cap_revenue_1b,Non-financial companies with revenue >= $1B,MTDR,Energy,Oil & Gas E&P,3656514000.0,6684513792.0,0,0.0
non_financial_large_cap_revenue_1b,Non-financial companies with revenue >= $1B,MTH,Consumer Cyclical,Residential Construction,5860615000.0,4383459840.0,0,0.0
non_financial_large_cap_revenue_1b,Non-financial companies with revenue >= $1B,MTN,Consumer Cyclical,Resorts & Casinos,2964347000.0,4775541760.0,0,0.0
non_financial_large_cap_revenue_1b,Non-financial companies with revenue >= $1B,MTRN,Basic Materials,Other Industrial Metals & Mining,1786550000.0,4622713856.0,0,0.0
non_financial_large_cap_revenue_1b,Non-financial companies with revenue >= $1B,MTUS,Basic Materials,Steel,1158300000.0,824646848.0,0,0.0
non_financial_large_cap_revenue_1b,Non-financial companies with revenue >= $1B,MTW,Industrials,Farm & Heavy Construction Machinery,2240900000.0,433069600.0,0,0.0
non_financial_large_cap_revenue_1b,Non-financial companies with revenue >= $1B,MTX,Basic Materials,Specialty Chemicals,2072600000.0,2416820736.0,0,0.0
non_financial_large_cap_revenue_1b,Non-financial companies with revenue >= $1B,MTZ,Industrials,Engineering & Construction,14299171000.0,30290184192.0,0,0.0
non_financial_large_cap_revenue_1b,Non-financial companies with revenue >= $1B,MUR,Energy,Oil & Gas E&P,2689845000.0,5187820544.0,0,0.0
non_financial_large_cap_revenue_1b,Non-financial companies with revenue >= $1B,MUSA,Consumer Cyclical,Specialty Retail,19384000000.0,9449048064.0,0,0.0
non_financial_large_cap_revenue_1b,Non-financial companies with revenue >= $1B,MWA,Industrials,Specialty Industrial Machinery,1429700000.0,3968106496.0,0,0.0
non_financial_large_cap_revenue_1b,Non-financial companies with revenue >= $1B,NATL,Technology,Software - Application,4354000000.0,3340012288.0,0,0.0
non_financial_large_cap_revenue_1b,Non-financial companies with revenue >= $1B,NBR,Energy,Oil & Gas Drilling,3184693000.0,1380162432.0,0,0.0
non_financial_large_cap_revenue_1b,Non-financial companies with revenue >= $1B,NCLH,Consumer Cyclical,Travel Services,9827592000.0,8392533504.0,0,0.0
non_financial_large_cap_revenue_1b,Non-financial companies with revenue >= $1B,NE,Energy,Oil & Gas Drilling,3285568000.0,7530569216.0,0,0.0
non_financial_large_cap_revenue_1b,Non-financial companies with revenue >= $1B,NEE,Utilities,Utilities - Regulated Electric,27412000000.0,181969076224.0,0,0.0
non_financial_large_cap_revenue_1b,Non-financial companies with revenue >= $1B,NEM,Basic Materials,Gold,22669000000.0,115541237760.0,0,0.0
non_financial_large_cap_revenue_1b,Non-financial companies with revenue >= $1B,NET,Technology,Software - Infrastructure,2167937000.0,80629186560.0,0,0.0
non_financial_large_cap_revenue_1b,Non-financial companies with revenue >= $1B,NEU,Basic Materials,Specialty Chemicals,2725169000.0,7239944704.0,0,0.0
non_financial_large_cap_revenue_1b,Non-financial companies with revenue >= $1B,NEXA,Basic Materials,Other Industrial Metals & Mining,3002055000.0,1974659584.0,1,0.125
non_financial_large_cap_revenue_1b,Non-financial companies with revenue >= $1B,NFG,Energy,Oil & Gas Integrated,2277541000.0,7424162816.0,0,0.0
non_financial_large_cap_revenue_1b,Non-financial companies with revenue >= $1B,NGVC,Consumer Defensive,Grocery Stores,1330836000.0,683620096.0,0,0.0
non_financial_large_cap_revenue_1b,Non-financial companies with revenue >= $1B,NGVT,Basic Materials,Specialty Chemicals,1167600000.0,2384642304.0,0,0.0
non_financial_large_cap_revenue_1b,Non-financial companies with revenue >= $1B,NI,Utilities,Utilities - Regulated Gas,6642200000.0,22423373824.0,0,0.0
non_financial_large_cap_revenue_1b,Non-financial companies with revenue >= $1B,NIO,Consumer Cyclical,Auto Manufacturers,87487510000.0,13906452480.0,0,0.0
non_financial_large_cap_revenue_1b,Non-financial companies with revenue >= $1B,NJR,Utilities,Utilities - Regulated Gas,2036412000.0,5607202816.0,0,0.0
non_financial_large_cap_revenue_1b,Non-financial companies with revenue >= $1B,NKE,Consumer Cyclical,Footwear & Accessories,46309000000.0,70149619712.0,0,0.0
non_financial_large_cap_revenue_1b,Non-financial companies with revenue >= $1B,NLY,Real Estate,REIT - Mortgage,2244449000.0,15827966976.0,2,0.25
non_financial_large_cap_revenue_1b,Non-financial companies with revenue >= $1B,NOA,Energy,Oil & Gas Equipment & Services,1284291000.0,376725728.0,2,0.25
non_financial_large_cap_revenue_1b,Non-financial companies with revenue >= $1B,NOC,Industrials,Aerospace & Defense,41954000000.0,79437897728.0,0,0.0
non_financial_large_cap_revenue_1b,Non-financial companies with revenue >= $1B,NOG,Energy,Oil & Gas E&P,2095059000.0,2299898880.0,0,0.0
non_financial_large_cap_revenue_1b,Non-financial companies with revenue >= $1B,NOK,Technology,Communication Equipment,19889000000.0,85301116928.0,0,0.0
non_financial_large_cap_revenue_1b,Non-financial companies with revenue >= $1B,NOMD,Consumer Defensive,Packaged Foods,3032500000.0,1416084608.0,0,0.0
non_financial_large_cap_revenue_1b,Non-financial companies with revenue >= $1B,NOV,Energy,Oil & Gas Equipment & Services,8744000000.0,7271080448.0,0,0.0
non_financial_large_cap_revenue_1b,Non-financial companies with revenue >= $1B,NOW,Technology,Software - Application,13278000000.0,112134127616.0,0,0.0
non_financial_large_cap_revenue_1b,Non-financial companies with revenue >= $1B,NPO,Industrials,Specialty Industrial Machinery,1143300000.0,6637152768.0,0,0.0
non_financial_large_cap_revenue_1b,Non-financial companies with revenue >= $1B,NRG,Utilities,Utilities - Independent Power Producers,30713000000.0,29010638848.0,0,0.0
non_financial_large_cap_revenue_1b,Non-financial companies with revenue >= $1B,NSC,Industrials,Railroads,12180000000.0,69148000256.0,0,0.0
non_financial_large_cap_revenue_1b,Non-financial companies with revenue >= $1B,NSP,Industrials,Staffing & Employment Services,6812000000.0,1299660672.0,0,0.0
non_financial_large_cap_revenue_1b,Non-financial companies with revenue >= $1B,NTR,Basic Materials,Agricultural Inputs,26885000000.0,33433640960.0,1,0.125
non_financial_large_cap_revenue_1b,Non-financial companies with revenue >= $1B,NUE,Basic Materials,Steel,32494000000.0,56775819264.0,0,0.0
non_financial_large_cap_revenue_1b,Non-financial companies with revenue >= $1B,NUS,Consumer Defensive,Household & Personal Products,1485159000.0,291303264.0,0,0.0
non_financial_large_cap_revenue_1b,Non-financial companies with revenue >= $1B,NVO,Healthcare,Drug Manufacturers - General,309064000000.0,201644130304.0,0,0.0
non_financial_large_cap_revenue_1b,Non-financial companies with revenue >= $1B,NVR,Consumer Cyclical,Residential Construction,10341845000.0,16629096448.0,0,0.0
non_financial_large_cap_revenue_1b,Non-financial companies with revenue >= $1B,NVRI,Industrials,Waste Management,2240358000.0,1755012736.0,0,0.0
non_financial_large_cap_revenue_1b,Non-financial companies with revenue >= $1B,NVS,Healthcare,Drug Manufacturers - General,56674000000.0,288885112832.0,0,0.0
non_financial_large_cap_revenue_1b,Non-financial companies with revenue >= $1B,NVST,Healthcare,Medical Instruments & Supplies,2719500000.0,3851769856.0,0,0.0
non_financial_large_cap_revenue_1b,Non-financial companies with revenue >= $1B,NVT,Industrials,Electrical Equipment & Parts,3893100000.0,26662848512.0,0,0.0
non_financial_large_cap_revenue_1b,Non-financial companies with revenue >= $1B,NWN,Utilities,Utilities - Regulated Gas,1289363000.0,2068249344.0,0,0.0
non_financial_large_cap_revenue_1b,Non-financial companies with revenue >= $1B,NX,Industrials,Building Products & Equipment,1837641000.0,865020096.0,0,0.0
non_financial_large_cap_revenue_1b,Non-financial companies with revenue >= $1B,NYT,Communication Services,Publishing,2824918000.0,12139703296.0,0,0.0
non_financial_large_cap_revenue_1b,Non-financial companies with revenue >= $1B,OC,Industrials,Building Products & Equipment,10103000000.0,10004838400.0,0,0.0
non_financial_large_cap_revenue_1b,Non-financial companies with revenue >= $1B,OEC,Basic Materials,Specialty Chemicals,1806700000.0,433628704.0,0,0.0
non_financial_large_cap_revenue_1b,Non-financial companies with revenue >= $1B,OGC,Basic Materials,Gold,1893200000.0,6563021824.0,1,0.125
non_financial_large_cap_revenue_1b,Non-financial companies with revenue >= $1B,OGE,Utilities,Utilities - Regulated Electric,3260100000.0,9778015232.0,0,0.0
non_financial_large_cap_revenue_1b,Non-financial companies with revenue >= $1B,OGN,Healthcare,Drug Manufacturers - General,6216000000.0,3505721600.0,0,0.0
non_financial_large_cap_revenue_1b,Non-financial companies with revenue >= $1B,OGS,Utilities,Utilities - Regulated Gas,2427428000.0,4964516352.0,0,0.0
non_financial_large_cap_revenue_1b,Non-financial companies with revenue >= $1B,OHI,Real Estate,REIT - Healthcare Facilities,1190099000.0,14666902528.0,0,0.0
non_financial_large_cap_revenue_1b,Non-financial companies with revenue >= $1B,OI,Consumer Cyclical,Packaging & Containers,6426000000.0,1396558976.0,0,0.0
non_financial_large_cap_revenue_1b,Non-financial companies with revenue >= $1B,OII,Energy,Oil & Gas Equipment & Services,2784156000.0,3819245568.0,0,0.0
non_financial_large_cap_revenue_1b,Non-financial companies with revenue >= $1B,OKE,Energy,Oil & Gas Midstream,33629000000.0,54825455616.0,0,0.0
non_financial_large_cap_revenue_1b,Non-financial companies with revenue >= $1B,OLN,Basic Materials,Chemicals,6780800000.0,3046765312.0,0,0.0
non_financial_large_cap_revenue_1b,Non-financial companies with revenue >= $1B,OMC,Communication Services,Advertising Agencies,17271900000.0,21116108800.0,0,0.0
non_financial_large_cap_revenue_1b,Non-financial companies with revenue >= $1B,ONON,Consumer Cyclical,Footwear & Accessories,3014000000.0,13249856512.0,0,0.0
non_financial_large_cap_revenue_1b,Non-financial companies with revenue >= $1B,ONTO,Technology,Semiconductor Equipment & Materials,1005263000.0,12874132480.0,0,0.0
non_financial_large_cap_revenue_1b,Non-financial companies with revenue >= $1B,OPLN,Consumer Cyclical,Auto & Truck Dealerships,1934500000.0,3989930240.0,0,0.0
non_financial_large_cap_revenue_1b,Non-financial companies with revenue >= $1B,OPTU,Communication Services,Telecom Services,8590467000.0,288072960.0,0,0.0
non_financial_large_cap_revenue_1b,Non-financial companies with revenue >= $1B,ORCL,Technology,Software - Infrastructure,57399000000.0,585850552320.0,0,0.0
non_financial_large_cap_revenue_1b,Non-financial companies with revenue >= $1B,OSCR,Healthcare,Healthcare Plans,11701427000.0,6732338688.0,2,0.25
non_financial_large_cap_revenue_1b,Non-financial companies with revenue >= $1B,OSK,Industrials,Farm & Heavy Construction Machinery,10422300000.0,8083846656.0,0,0.0
non_financial_large_cap_revenue_1b,Non-financial companies with revenue >= $1B,OTIS,Industrials,Specialty Industrial Machinery,14431000000.0,27324420096.0,0,0.0
non_financial_large_cap_revenue_1b,Non-financial companies with revenue >= $1B,OUT,Real Estate,REIT - Specialty,1831700000.0,5718542336.0,0,0.0
non_financial_large_cap_revenue_1b,Non-financial companies with revenue >= $1B,OXM,Consumer Cyclical,Apparel Manufacturing,1477834000.0,700487488.0,0,0.0
non_financial_large_cap_revenue_1b,Non-financial companies with revenue >= $1B,OXY,Energy,Oil & Gas E&P,21593000000.0,57012461568.0,0,0.0
non_financial_large_cap_revenue_1b,Non-financial companies with revenue >= $1B,P,Technology,Computer Hardware,3662843000.0,24260427776.0,0,0.0
non_financial_large_cap_revenue_1b,Non-financial companies with revenue >= $1B,PAAS,Basic Materials,Gold,3619000000.0,23241666560.0,0,0.0
non_financial_large_cap_revenue_1b,Non-financial companies with revenue >= $1B,PAC,Industrials,Airports & Air Services,41408540000.0,14167977984.0,0,0.0
non_financial_large_cap_revenue_1b,Non-financial companies with revenue >= $1B,PACS,Healthcare,Medical Care Facilities,5288932000.0,6014350336.0,0,0.0
non_financial_large_cap_revenue_1b,Non-financial companies with revenue >= $1B,PAG,Consumer Cyclical,Auto & Truck Dealerships,31808500000.0,11057052672.0,0,0.0
non_financial_large_cap_revenue_1b,Non-financial companies with revenue >= $1B,PAGS,Technology,Software - Infrastructure,20410512000.0,2607915264.0,1,0.125
non_financial_large_cap_revenue_1b,Non-financial companies with revenue >= $1B,PAM,Industrials,Conglomerates,1998000000.0,4519332864.0,1,0.125
non_financial_large_cap_revenue_1b,Non-financial companies with revenue >= $1B,PARR,Energy,Oil & Gas Refining & Marketing,7464650000.0,2832148736.0,0,0.0
non_financial_large_cap_revenue_1b,Non-financial companies with revenue >= $1B,PATH,Technology,Software - Infrastructure,1610572000.0,6026734592.0,0,0.0
non_financial_large_cap_revenue_1b,Non-financial companies with revenue >= $1B,PAY,Technology,Software - Infrastructure,1196507000.0,2924602112.0,0,0.0
non_financial_large_cap_revenue_1b,Non-financial companies with revenue >= $1B,PAYC,Technology,Software - Application,2051700000.0,6378586624.0,0,0.0
non_financial_large_cap_revenue_1b,Non-financial companies with revenue >= $1B,PBA,Energy,Oil & Gas Midstream,7778000000.0,27455361024.0,0,0.0
non_financial_large_cap_revenue_1b,Non-financial companies with revenue >= $1B,PBF,Energy,Oil & Gas Refining & Marketing,29332300000.0,4711042560.0,0,0.0
non_financial_large_cap_revenue_1b,Non-financial companies with revenue >= $1B,PBH,Healthcare,Drug Manufacturers - Specialty & Generic,1088705000.0,2296129024.0,0,0.0
non_financial_large_cap_revenue_1b,Non-financial companies with revenue >= $1B,PBI,Industrials,Integrated Freight & Logistics,1892629000.0,2139974528.0,0,0.0
non_financial_large_cap_revenue_1b,Non-financial companies with revenue >= $1B,PBR,Energy,Oil & Gas Integrated,488717244000.0,121347416064.0,0,0.0
non_financial_large_cap_revenue_1b,Non-financial companies with revenue >= $1B,PCG,Utilities,Utilities - Regulated Electric,24935000000.0,35874242560.0,0,0.0
non_financial_large_cap_revenue_1b,Non-financial companies with revenue >= $1B,PCOR,Technology,Software - Application,1322509000.0,7173320704.0,0,0.0
non_financial_large_cap_revenue_1b,Non-financial companies with revenue >= $1B,PDS,Energy,Oil & Gas Drilling,1843704000.0,1166264704.0,0,0.0
non_financial_large_cap_revenue_1b,Non-financial companies with revenue >= $1B,PEG,Utilities,Utilities - Regulated Electric,12168000000.0,39442141184.0,0,0.0
non_financial_large_cap_revenue_1b,Non-financial companies with revenue >= $1B,PEN,Healthcare,Medical Devices,1403665000.0,12544757760.0,0,0.0
non_financial_large_cap_revenue_1b,Non-financial companies with revenue >= $1B,PFE,Healthcare,Drug Manufacturers - General,62579000000.0,148983463936.0,0,0.0
non_financial_large_cap_revenue_1b,Non-financial companies with revenue >= $1B,PFGC,Consumer Defensive,Food Distribution,63298900000.0,15270705152.0,0,0.0
non_financial_large_cap_revenue_1b,Non-financial companies with revenue >= $1B,PG,Consumer Defensive,Household & Personal Products,84284000000.0,339765886976.0,0,0.0
non_financial_large_cap_revenue_1b,Non-financial companies with revenue >= $1B,PH,Industrials,Specialty Industrial Machinery,19850000000.0,107527733248.0,0,0.0
non_financial_large_cap_revenue_1b,Non-financial companies with revenue >= $1B,PHG,Healthcare,Medical Devices,17834000000.0,25180876800.0,0,0.0
non_financial_large_cap_revenue_1b,Non-financial companies with revenue >= $1B,PHI,Communication Services,Telecom Services,218388000000.0,3991764224.0,0,0.0
non_financial_large_cap_revenue_1b,Non-financial companies with revenue >= $1B,PHIN,Consumer Cyclical,Auto Parts,3483000000.0,2866131712.0,0,0.0
non_financial_large_cap_revenue_1b,Non-financial companies with revenue >= $1B,PHM,Consumer Cyclical,Residential Construction,17311953000.0,22479294464.0,0,0.0
non_financial_large_cap_revenue_1b,Non-financial companies with revenue >= $1B,PII,Consumer Cyclical,Recreational Vehicles,7152000000.0,3984307200.0,0,0.0
non_financial_large_cap_revenue_1b,Non-financial companies with revenue >= $1B,PINS,Communication Services,Internet Content & Information,4221767000.0,11567248384.0,0,0.0
non_financial_large_cap_revenue_1b,Non-financial companies with revenue >= $1B,PK,Real Estate,REIT - Hotel & Motel,2541000000.0,2450573568.0,0,0.0
non_financial_large_cap_revenue_1b,Non-financial companies with revenue >= $1B,PKG,Consumer Cyclical,Packaging & Containers,8989300000.0,19435978752.0,0,0.0
non_financial_large_cap_revenue_1b,Non-financial companies with revenue >= $1B,PKX,Basic Materials,Steel,68986938000000.0,21742485504.0,1,0.125
non_financial_large_cap_revenue_1b,Non-financial companies with revenue >= $1B,PLD,Real Estate,REIT - Industrial,8790127000.0,135785701376.0,0,0.0
non_financial_large_cap_revenue_1b,Non-financial companies with revenue >= $1B,PLNT,Consumer Cyclical,Leisure,1324144000.0,4202522880.0,0,0.0
non_financial_large_cap_revenue_1b,Non-financial companies with revenue >= $1B,PM,Consumer Defensive,Tobacco,40648000000.0,278311862272.0,0,0.0
non_financial_large_cap_revenue_1b,Non-financial companies with revenue >= $1B,PNR,Industrials,Specialty Industrial Machinery,4176000000.0,11527323648.0,0,0.0
non_financial_large_cap_revenue_1b,Non-financial companies with revenue >= $1B,PNW,Utilities,Utilities - Regulated Electric,5339939000.0,12221725696.0,0,0.0
non_financial_large_cap_revenue_1b,Non-financial companies with revenue >= $1B,POR,Utilities,Utilities - Regulated Electric,3576000000.0,5864039424.0,0,0.0
non_financial_large_cap_revenue_1b,Non-financial companies with revenue >= $1B,POST,Consumer Defensive,Packaged Foods,8158100000.0,4367737344.0,0,0.0
non_financial_large_cap_revenue_1b,Non-financial companies with revenue >= $1B,PPG,Basic Materials,Specialty Chemicals,15875000000.0,25156493312.0,0,0.0
non_financial_large_cap_revenue_1b,Non-financial companies with revenue >= $1B,PPL,Utilities,Utilities - Regulated Electric,9042000000.0,26580539392.0,0,0.0
non_financial_large_cap_revenue_1b,Non-financial companies with revenue >= $1B,PR,Energy,Oil & Gas E&P,5065211000.0,16644877312.0,0,0.0
non_financial_large_cap_revenue_1b,Non-financial companies with revenue >= $1B,PRG,Industrials,Rental & Leasing Services,2409223000.0,1490839552.0,0,0.0
non_financial_large_cap_revenue_1b,Non-financial companies with revenue >= $1B,PRGO,Healthcare,Drug Manufacturers - Specialty & Generic,4253100000.0,1582927360.0,0,0.0
non_financial_large_cap_revenue_1b,Non-financial companies with revenue >= $1B,PRIM,Industrials,Engineering & Construction,7574900000.0,6869217280.0,0,0.0
non_financial_large_cap_revenue_1b,Non-financial companies with revenue >= $1B,PRMB,Consumer Defensive,Beverages - Non-Alcoholic,6664000000.0,9024541696.0,0,0.0
non_financial_large_cap_revenue_1b,Non-financial companies with revenue >= $1B,PSA,Real Estate,REIT - Industrial,4824113000.0,54287519744.0,0,0.0
non_financial_large_cap_revenue_1b,Non-financial companies with revenue >= $1B,PSFE,Technology,Software - Infrastructure,1701388000.0,395324096.0,0,0.0
non_financial_large_cap_revenue_1b,Non-financial companies with revenue >= $1B,PSN,Technology,Information Technology Services,6364245000.0,6293546496.0,0,0.0
non_financial_large_cap_revenue_1b,Non-financial companies with revenue >= $1B,PSO,Communication Services,Publishing,3577000000.0,9044016128.0,0,0.0
non_financial_large_cap_revenue_1b,Non-financial companies with revenue >= $1B,PSX,Energy,Oil & Gas Refining & Marketing,132376000000.0,70849224704.0,0,0.0
non_financial_large_cap_revenue_1b,Non-financial companies with revenue >= $1B,PUMP,Energy,Oil & Gas Equipment & Services,1269158000.0,1858873344.0,0,0.0
non_financial_large_cap_revenue_1b,Non-financial companies with revenue >= $1B,PVH,Consumer Cyclical,Apparel Manufacturing,8950200000.0,4459507200.0,0,0.0
non_financial_large_cap_revenue_1b,Non-financial companies with revenue >= $1B,PWR,Industrials,Engineering & Construction,28479697000.0,109558906880.0,0,0.0
non_financial_large_cap_revenue_1b,Non-financial companies with revenue >= $1B,PXED,Consumer Defensive,Education & Training Services,1007192000.0,1076477952.0,0,0.0
non_financial_large_cap_revenue_1b,Non-financial companies with revenue >= $1B,Q,Technology,Semiconductor Equipment & Materials,4754000000.0,33276561408.0,0,0.0
non_financial_large_cap_revenue_1b,Non-financial companies with revenue >= $1B,QGEN,Healthcare,Diagnostics & Research,2089999000.0,7556999680.0,0,0.0
non_financial_large_cap_revenue_1b,Non-financial companies with revenue >= $1B,QSR,Consumer Cyclical,Restaurants,9434000000.0,33910392832.0,0,0.0
non_financial_large_cap_revenue_1b,Non-financial companies with revenue >= $1B,QUAD,Industrials,Specialty Business Services,2419900000.0,385665248.0,0,0.0
non_financial_large_cap_revenue_1b,Non-financial companies with revenue >= $1B,QXO,Industrials,Industrial Distribution,6842200000.0,12822066176.0,0,0.0
non_financial_large_cap_revenue_1b,Non-financial companies with revenue >= $1B,R,Industrials,Rental & Leasing Services,12687000000.0,9626712064.0,0,0.0
non_financial_large_cap_revenue_1b,Non-financial companies with revenue >= $1B,RACE,Consumer Cyclical,Auto Manufacturers,7145768000.0,61016883200.0,0,0.0
non_financial_large_cap_revenue_1b,Non-financial companies with revenue >= $1B,RAL,Technology,Electronic Components,2068800000.0,6977912832.0,0,0.0
non_financial_large_cap_revenue_1b,Non-financial companies with revenue >= $1B,RBA,Industrials,Specialty Business Services,4590700000.0,19732895744.0,0,0.0
non_financial_large_cap_revenue_1b,Non-financial companies with revenue >= $1B,RBC,Industrials,Tools & Accessories,1870900000.0,18279860224.0,0,0.0
non_financial_large_cap_revenue_1b,Non-financial companies with revenue >= $1B,RBLX,Communication Services,Electronic Gaming & Multimedia,4890551000.0,33529286656.0,0,0.0
non_financial_large_cap_revenue_1b,Non-financial companies with revenue >= $1B,RBRK,Technology,Software - Infrastructure,1316191000.0,14472548352.0,0,0.0
non_financial_large_cap_revenue_1b,Non-financial companies with revenue >= $1B,RCI,Communication Services,Telecom Services,21712000000.0,20663617536.0,0,0.0
non_financial_large_cap_revenue_1b,Non-financial companies with revenue >= $1B,RCL,Consumer Cyclical,Travel Services,17934000000.0,75440570368.0,0,0.0
non_financial_large_cap_revenue_1b,Non-financial companies with revenue >= $1B,RDDT,Communication Services,Internet Content & Information,2202506000.0,32281841664.0,0,0.0
non_financial_large_cap_revenue_1b,Non-financial companies with revenue >= $1B,RDY,Healthcare,Drug Manufacturers - Specialty & Generic,335933000000.0,11287794688.0,1,0.125
non_financial_large_cap_revenue_1b,Non-financial companies with revenue >= $1B,RELX,Industrials,Specialty Business Services,9590000000.0,58403033088.0,0,0.0
non_financial_large_cap_revenue_1b,Non-financial companies with revenue >= $1B,RERE,Consumer Cyclical,Internet Retail,21048256000.0,1025502720.0,0,0.0
non_financial_large_cap_revenue_1b,Non-financial companies with revenue >= $1B,RES,Energy,Oil & Gas Equipment & Services,1626566000.0,1484974080.0,0,0.0
non_financial_large_cap_revenue_1b,Non-financial companies with revenue >= $1B,REXR,Real Estate,REIT - Industrial,1003133000.0,8331433984.0,0,0.0
non_financial_large_cap_revenue_1b,Non-financial companies with revenue >= $1B,REZI,Industrials,Industrial Distribution,7472000000.0,4745698816.0,0,0.0
non_financial_large_cap_revenue_1b,Non-financial companies with revenue >= $1B,RH,Consumer Cyclical,Specialty Retail,3439536000.0,2819049472.0,0,0.0
non_financial_large_cap_revenue_1b,Non-financial companies with revenue >= $1B,RHI,Industrials,Staffing & Employment Services,5378506000.0,2905137920.0,0,0.0
non_financial_large_cap_revenue_1b,Non-financial companies with revenue >= $1B,RHP,Real Estate,REIT - Hotel & Motel,2577061000.0,7313102336.0,0,0.0
non_financial_large_cap_revenue_1b,Non-financial companies with revenue >= $1B,RIG,Energy,Oil & Gas Drilling,3965000000.0,6884048896.0,0,0.0
non_financial_large_cap_revenue_1b,Non-financial companies with revenue >= $1B,RIO,Basic Materials,Other Industrial Metals & Mining,57638000000.0,173146996736.0,0,0.0
non_financial_large_cap_revenue_1b,Non-financial companies with revenue >= $1B,RITM,Real Estate,REIT - Mortgage,2870709000.0,5169919488.0,2,0.25
non_financial_large_cap_revenue_1b,Non-financial companies with revenue >= $1B,RL,Consumer Cyclical,Apparel Manufacturing,8114500000.0,22066874368.0,0,0.0
non_financial_large_cap_revenue_1b,Non-financial companies with revenue >= $1B,RMD,Healthcare,Medical Instruments & Supplies,5146327000.0,29507368960.0,0,0.0
non_financial_large_cap_revenue_1b,Non-financial companies with revenue >= $1B,RNG,Technology,Software - Application,2515142000.0,3510321408.0,0,0.0
non_financial_large_cap_revenue_1b,Non-financial companies with revenue >= $1B,ROK,Industrials,Specialty Industrial Machinery,8342000000.0,50607390720.0,0,0.0
non_financial_large_cap_revenue_1b,Non-financial companies with revenue >= $1B,ROL,Consumer Cyclical,Personal Services,3761050000.0,23793932288.0,0,0.0
non_financial_large_cap_revenue_1b,Non-financial companies with revenue >= $1B,RPM,Basic Materials,Specialty Chemicals,7372644000.0,13692571648.0,0,0.0
non_financial_large_cap_revenue_1b,Non-financial companies with revenue >= $1B,RRC,Energy,Oil & Gas E&P,2988164000.0,9285872640.0,0,0.0
non_financial_large_cap_revenue_1b,Non-financial companies with revenue >= $1B,RRX,Industrials,Specialty Industrial Machinery,5934500000.0,13503638528.0,0,0.0
non_financial_large_cap_revenue_1b,Non-financial companies with revenue >= $1B,RS,Basic Materials,Steel,14294300000.0,19289704448.0,0,0.0
non_financial_large_cap_revenue_1b,Non-financial companies with revenue >= $1B,RSG,Industrials,Waste Management,16591000000.0,62668099584.0,0,0.0
non_financial_large_cap_revenue_1b,Non-financial companies with revenue >= $1B,RSI,Consumer Cyclical,Gambling,1134428000.0,6106613248.0,0,0.0
non_financial_large_cap_revenue_1b,Non-financial companies with revenue >= $1B,RTO,Industrials,Specialty Business Services,6908000000.0,15349062656.0,0,0.0
non_financial_large_cap_revenue_1b,Non-financial companies with revenue >= $1B,RTX,Industrials,Aerospace & Defense,88603000000.0,241002463232.0,0,0.0
non_financial_large_cap_revenue_1b,Non-financial companies with revenue >= $1B,RVLV,Consumer Cyclical,Internet Retail,1225682000.0,1461879808.0,0,0.0
non_financial_large_cap_revenue_1b,Non-financial companies with revenue >= $1B,RVTY,Healthcare,Diagnostics & Research,2856051000.0,11292081152.0,0,0.0
non_financial_large_cap_revenue_1b,Non-financial companies with revenue >= $1B,RXO,Industrials,Trucking,5742000000.0,4271436288.0,0,0.0
non_financial_large_cap_revenue_1b,Non-financial companies with revenue >= $1B,RYAM,Basic Materials,Chemicals,1466397000.0,622457792.0,0,0.0
non_financial_large_cap_revenue_1b,Non-financial companies with revenue >= $1B,RYZ,Industrials,Metal Fabrication,4571300000.0,1473120896.0,0,0.0
non_financial_large_cap_revenue_1b,Non-financial companies with revenue >= $1B,S,Technology,Software - Infrastructure,1001278000.0,6153507840.0,0,0.0
non_financial_large_cap_revenue_1b,Non-financial companies with revenue >= $1B,SAH,Consumer Cyclical,Auto & Truck Dealerships,15153600000.0,2646527488.0,0,0.0
non_financial_large_cap_revenue_1b,Non-financial companies with revenue >= $1B,SAM,Consumer Defensive,Beverages - Brewers,1964994000.0,1879105536.0,0,0.0
non_financial_large_cap_revenue_1b,Non-financial companies with revenue >= $1B,SAP,Technology,Software - Application,36800000000.0,206855471104.0,0,0.0
non_financial_large_cap_revenue_1b,Non-financial companies with revenue >= $1B,SARO,Industrials,Aerospace & Defense,6062513000.0,9408956416.0,0,0.0
non_financial_large_cap_revenue_1b,Non-financial companies with revenue >= $1B,SBH,Consumer Cyclical,Specialty Retail,3701424000.0,1264162432.0,0,0.0
non_financial_large_cap_revenue_1b,Non-financial companies with revenue >= $1B,SBS,Utilities,Utilities - Regulated Water,38092050000.0,19566983168.0,0,0.0
non_financial_large_cap_revenue_1b,Non-financial companies with revenue >= $1B,SBSW,Basic Materials,Other Precious Metals & Mining,129677000000.0,8796182528.0,1,0.125
non_financial_large_cap_revenue_1b,Non-financial companies with revenue >= $1B,SCCO,Basic Materials,Copper,13420000000.0,162593390592.0,0,0.0
non_financial_large_cap_revenue_1b,Non-financial companies with revenue >= $1B,SCI,Consumer Cyclical,Personal Services,4309234000.0,10525807616.0,0,0.0
non_financial_large_cap_revenue_1b,Non-financial companies with revenue >= $1B,SCL,Basic Materials,Specialty Chemicals,2332114000.0,1223112448.0,0,0.0
non_financial_large_cap_revenue_1b,Non-financial companies with revenue >= $1B,SDRL,Energy,Oil & Gas Drilling,1437000000.0,2998337792.0,0,0.0
non_financial_large_cap_revenue_1b,Non-financial companies with revenue >= $1B,SE,Consumer Cyclical,Internet Retail,22938469000.0,56311828480.0,0,0.0
non_financial_large_cap_revenue_1b,Non-financial companies with revenue >= $1B,SEM,Healthcare,Medical Care Facilities,5452830000.0,2047431424.0,0,0.0
non_financial_large_cap_revenue_1b,Non-financial companies with revenue >= $1B,SGHC,Consumer Cyclical,Gambling,2231000000.0,6483060224.0,0,0.0
non_financial_large_cap_revenue_1b,Non-financial companies with revenue >= $1B,SGI,Consumer Cyclical,"Furnishings, Fixtures & Appliances",7476500000.0,15009906688.0,0,0.0
non_financial_large_cap_revenue_1b,Non-financial companies with revenue >= $1B,SGU,Energy,Oil & Gas Refining & Marketing,1784418000.0,418960992.0,0,0.0
non_financial_large_cap_revenue_1b,Non-financial companies with revenue >= $1B,SHAK,Consumer Cyclical,Restaurants,1445306000.0,2658016000.0,0,0.0
non_financial_large_cap_revenue_1b,Non-financial companies with revenue >= $1B,SHEL,Energy,Oil & Gas Integrated,266886000000.0,233164390400.0,0,0.0
non_financial_large_cap_revenue_1b,Non-financial companies with revenue >= $1B,SHW,Basic Materials,Specialty Chemicals,23574300000.0,75258396672.0,0,0.0
non_financial_large_cap_revenue_1b,Non-financial companies with revenue >= $1B,SID,Basic Materials,Steel,44797946000.0,1808472192.0,0,0.0
non_financial_large_cap_revenue_1b,Non-financial companies with revenue >= $1B,SIG,Consumer Cyclical,Luxury Goods,6813600000.0,3449358592.0,0,0.0
non_financial_large_cap_revenue_1b,Non-financial companies with revenue >= $1B,SITE,Industrials,Industrial Distribution,4704800000.0,4950115328.0,0,0.0
non_financial_large_cap_revenue_1b,Non-financial companies with revenue >= $1B,SJM,Consumer Defensive,Packaged Foods,8726100000.0,11121287168.0,0,0.0
non_financial_large_cap_revenue_1b,Non-financial companies with revenue >= $1B,SKM,Communication Services,Telecom Services,17099213000000.0,14127082496.0,1,0.125
non_financial_large_cap_revenue_1b,Non-financial companies with revenue >= $1B,SKY,Consumer Cyclical,Residential Construction,2483448000.0,4009996288.0,0,0.0
non_financial_large_cap_revenue_1b,Non-financial companies with revenue >= $1B,SLB,Energy,Oil & Gas Equipment & Services,35708000000.0,82407579648.0,0,0.0
non_financial_large_cap_revenue_1b,Non-financial companies with revenue >= $1B,SLGN,Consumer Cyclical,Packaging & Containers,6483166000.0,4015830784.0,0,0.0
non_financial_large_cap_revenue_1b,Non-financial companies with revenue >= $1B,SLVM,Basic Materials,Paper & Paper Products,3351000000.0,1566398464.0,0,0.0
non_financial_large_cap_revenue_1b,Non-financial companies with revenue >= $1B,SM,Energy,Oil & Gas E&P,3138000000.0,7470569472.0,0,0.0
non_financial_large_cap_revenue_1b,Non-financial companies with revenue >= $1B,SMG,Basic Materials,Agricultural Inputs,3413100000.0,3518843392.0,0,0.0
non_financial_large_cap_revenue_1b,Non-financial companies with revenue >= $1B,SMP,Consumer Cyclical,Auto Parts,1791158000.0,903666560.0,0,0.0
non_financial_large_cap_revenue_1b,Non-financial companies with revenue >= $1B,SN,Consumer Cyclical,"Furnishings, Fixtures & Appliances",6399188000.0,16908856320.0,0,0.0
non_financial_large_cap_revenue_1b,Non-financial companies with revenue >= $1B,SNA,Industrials,Tools & Accessories,5156100000.0,19397744640.0,0,0.0
non_financial_large_cap_revenue_1b,Non-financial companies with revenue >= $1B,SNAP,Communication Services,Internet Content & Information,5931447000.0,9793820672.0,0,0.0
non_financial_large_cap_revenue_1b,Non-financial companies with revenue >= $1B,SNDR,Industrials,Trucking,5674300000.0,6208156672.0,0,0.0
non_financial_large_cap_revenue_1b,Non-financial companies with revenue >= $1B,SNN,Healthcare,Medical Devices,6164000000.0,12665367552.0,0,0.0
non_financial_large_cap_revenue_1b,Non-financial companies with revenue >= $1B,SNOW,Technology,Software - Application,4683946000.0,82907414528.0,0,0.0
non_financial_large_cap_revenue_1b,Non-financial companies with revenue >= $1B,SNX,Technology,Electronics & Computer Distribution,62508086000.0,19851831296.0,0,0.0
non_financial_large_cap_revenue_1b,Non-financial companies with revenue >= $1B,SO,Utilities,Utilities - Regulated Electric,29553000000.0,104297897984.0,0,0.0
non_financial_large_cap_revenue_1b,Non-financial companies with revenue >= $1B,SOBO,Energy,Oil & Gas Midstream,1986000000.0,7730146304.0,1,0.125
non_financial_large_cap_revenue_1b,Non-financial companies with revenue >= $1B,SOLV,Healthcare,Medical Instruments & Supplies,8325000000.0,13150888960.0,0,0.0
non_financial_large_cap_revenue_1b,Non-financial companies with revenue >= $1B,SON,Consumer Cyclical,Packaging & Containers,7518753000.0,4895977472.0,0,0.0
non_financial_large_cap_revenue_1b,Non-financial companies with revenue >= $1B,SONY,Technology,Consumer Electronics,12957064000000.0,128323084288.0,1,0.125
non_financial_large_cap_revenue_1b,Non-financial companies with revenue >= $1B,SPB,Consumer Defensive,Household & Personal Products,2809000000.0,1819824640.0,0,0.0
non_financial_large_cap_revenue_1b,Non-financial companies with revenue >= $1B,SPG,Real Estate,REIT - Retail,6364505000.0,78568390656.0,0,0.0
non_financial_large_cap_revenue_1b,Non-financial companies with revenue >= $1B,SPH,Utilities,Utilities - Regulated Gas,1432518000.0,1297670144.0,0,0.0
non_financial_large_cap_revenue_1b,Non-financial companies with revenue >= $1B,SPHR,Communication Services,Entertainment,1220045000.0,4787207168.0,0,0.0
non_financial_large_cap_revenue_1b,Non-financial companies with revenue >= $1B,SPOT,Communication Services,Internet Content & Information,17186000000.0,106245947392.0,0,0.0
non_financial_large_cap_revenue_1b,Non-financial companies with revenue >= $1B,SPXC,Industrials,Building Products & Equipment,2265100000.0,10704864256.0,0,0.0
non_financial_large_cap_revenue_1b,Non-financial companies with revenue >= $1B,SQM,Basic Materials,Specialty Chemicals,4576224000.0,24007860224.0,1,0.125
non_financial_large_cap_revenue_1b,Non-financial companies with revenue >= $1B,SR,Utilities,Utilities - Regulated Gas,2476400000.0,4945119744.0,0,0.0
non_financial_large_cap_revenue_1b,Non-financial companies with revenue >= $1B,SRE,Utilities,Utilities - Diversified,13702000000.0,58851713024.0,0,0.0
non_financial_large_cap_revenue_1b,Non-financial companies with revenue >= $1B,SSD,Basic Materials,Lumber & Wood Production,2332808000.0,7866059264.0,0,0.0
non_financial_large_cap_revenue_1b,Non-financial companies with revenue >= $1B,SSL,Basic Materials,Specialty Chemicals,249096000000.0,8052100608.0,0,0.0
non_financial_large_cap_revenue_1b,Non-financial companies with revenue >= $1B,ST,Technology,Scientific & Technical Instruments,3704500000.0,7326866944.0,0,0.0
non_financial_large_cap_revenue_1b,Non-financial companies with revenue >= $1B,STG,Consumer Defensive,Education & Training Services,2019881000.0,36517620.0,0,0.0
non_financial_large_cap_revenue_1b,Non-financial companies with revenue >= $1B,STLA,Consumer Cyclical,Auto Manufacturers,153508000000.0,23759562752.0,0,0.0
non_financial_large_cap_revenue_1b,Non-financial companies with revenue >= $1B,STM,Technology,Semiconductors,11800000000.0,61726748672.0,0,0.0
non_financial_large_cap_revenue_1b,Non-financial companies with revenue >= $1B,STN,Industrials,Engineering & Construction,8144200000.0,8630308864.0,0,0.0
non_financial_large_cap_revenue_1b,Non-financial companies with revenue >= $1B,STUB,Communication Services,Internet Content & Information,1745188000.0,3679285760.0,0,0.0
non_financial_large_cap_revenue_1b,Non-financial companies with revenue >= $1B,STVN,Healthcare,Medical Instruments & Supplies,1186282000.0,5094248448.0,0,0.0
non_financial_large_cap_revenue_1b,Non-financial companies with revenue >= $1B,STZ,Consumer Defensive,Beverages - Brewers,9139000000.0,24478294016.0,0,0.0
non_financial_large_cap_revenue_1b,Non-financial companies with revenue >= $1B,SU,Energy,Oil & Gas Integrated,52377000000.0,74752983040.0,0,0.0
non_financial_large_cap_revenue_1b,Non-financial companies with revenue >= $1B,SUNB,Industrials,Rental & Leasing Services,10791700000.0,32171255808.0,0,0.0
non_financial_large_cap_revenue_1b,Non-financial companies with revenue >= $1B,SUZ,Basic Materials,Paper & Paper Products,50115679000.0,10209736704.0,1,0.125
non_financial_large_cap_revenue_1b,Non-financial companies with revenue >= $1B,SVV,Consumer Cyclical,Specialty Retail,1678954000.0,1387415296.0,0,0.0
non_financial_large_cap_revenue_1b,Non-financial companies with revenue >= $1B,SW,Consumer Cyclical,Packaging & Containers,31179000000.0,21513517056.0,0,0.0
non_financial_large_cap_revenue_1b,Non-financial companies with revenue >= $1B,SWK,Industrials,Tools & Accessories,15130400000.0,12322962432.0,0,0.0
non_financial_large_cap_revenue_1b,Non-financial companies with revenue >= $1B,SWX,Utilities,Utilities - Regulated Gas,1940380000.0,6277072896.0,0,0.0
non_financial_large_cap_revenue_1b,Non-financial companies with revenue >= $1B,SXC,Basic Materials,Coking Coal,1837300000.0,784892096.0,0,0.0
non_financial_large_cap_revenue_1b,Non-financial companies with revenue >= $1B,SXT,Basic Materials,Specialty Chemicals,1612111000.0,4963966464.0,0,0.0
non_financial_large_cap_revenue_1b,Non-financial companies with revenue >= $1B,SYK,Healthcare,Medical Devices,25116000000.0,117933277184.0,0,0.0
non_financial_large_cap_revenue_1b,Non-financial companies with revenue >= $1B,SYY,Consumer Defensive,Food Distribution,81370000000.0,36303622144.0,0,0.0
non_financial_large_cap_revenue_1b,Non-financial companies with revenue >= $1B,T,Communication Services,Telecom Services,125648000000.0,172874661888.0,0,0.0
non_financial_large_cap_revenue_1b,Non-financial companies with revenue >= $1B,TAC,Utilities,Utilities - Independent Power Producers,2405000000.0,4178134016.0,0,0.0
non_financial_large_cap_revenue_1b,Non-financial companies with revenue >= $1B,TAK,Healthcare,Drug Manufacturers - Specialty & Generic,4581551000000.0,51028725760.0,1,0.125
non_financial_large_cap_revenue_1b,Non-financial companies with revenue >= $1B,TALO,Energy,Oil & Gas E&P,1780070000.0,2460486656.0,0,0.0
non_financial_large_cap_revenue_1b,Non-financial companies with revenue >= $1B,TAP,Consumer Defensive,Beverages - Brewers,11140800000.0,7608958464.0,0,0.0
non_financial_large_cap_revenue_1b,Non-financial companies with revenue >= $1B,TBBB,Consumer Defensive,Discount Stores,78152943000.0,3857464064.0,0,0.0
non_financial_large_cap_revenue_1b,Non-financial companies with revenue >= $1B,TBI,Industrials,Staffing & Employment Services,1615997000.0,186073040.0,0,0.0
non_financial_large_cap_revenue_1b,Non-financial companies with revenue >= $1B,TDAY,Communication Services,Publishing,2302226000.0,1135669504.0,0,0.0
non_financial_large_cap_revenue_1b,Non-financial companies with revenue >= $1B,TDC,Technology,Software - Infrastructure,1663000000.0,2976382976.0,0,0.0
non_financial_large_cap_revenue_1b,Non-financial companies with revenue >= $1B,TDG,Industrials,Aerospace & Defense,8831000000.0,70759342080.0,0,0.0
non_financial_large_cap_revenue_1b,Non-financial companies with revenue >= $1B,TDOC,Healthcare,Health Information Services,2529977000.0,1355653376.0,0,0.0
non_financial_large_cap_revenue_1b,Non-financial companies with revenue >= $1B,TDS,Communication Services,Telecom Services,1228207000.0,4475443712.0,0,0.0
non_financial_large_cap_revenue_1b,Non-financial companies with revenue >= $1B,TDW,Energy,Oil & Gas Equipment & Services,1352786000.0,3715376896.0,0,0.0
non_financial_large_cap_revenue_1b,Non-financial companies with revenue >= $1B,TDY,Technology,Scientific & Technical Instruments,6115400000.0,29375451136.0,0,0.0
non_financial_large_cap_revenue_1b,Non-financial companies with revenue >= $1B,TECK,Basic Materials,Other Industrial Metals & Mining,10756000000.0,32377112576.0,1,0.125
non_financial_large_cap_revenue_1b,Non-financial companies with revenue >= $1B,TEL,Technology,Electronic Components,17262000000.0,61394444288.0,0,0.0
non_financial_large_cap_revenue_1b,Non-financial companies with revenue >= $1B,TEO,Communication Services,Telecom Services,8328814000000.0,5948486656.0,0,0.0
non_financial_large_cap_revenue_1b,Non-financial companies with revenue >= $1B,TEVA,Healthcare,Drug Manufacturers - Specialty & Generic,17257000000.0,40196022272.0,0,0.0
non_financial_large_cap_revenue_1b,Non-financial companies with revenue >= $1B,TEX,Industrials,Farm & Heavy Construction Machinery,5421000000.0,6758194688.0,0,0.0
non_financial_large_cap_revenue_1b,Non-financial companies with revenue >= $1B,TFII,Industrials,Trucking,7884671000.0,12562135040.0,0,0.0
non_financial_large_cap_revenue_1b,Non-financial companies with revenue >= $1B,TFX,Healthcare,Medical Instruments & Supplies,1992713000.0,5740076032.0,0,0.0
non_financial_large_cap_revenue_1b,Non-financial companies with revenue >= $1B,TGS,Energy,Oil & Gas Integrated,1706290703000.0,4633997312.0,0,0.0
non_financial_large_cap_revenue_1b,Non-financial companies with revenue >= $1B,TGT,Consumer Defensive,Discount Stores,104780000000.0,58429882368.0,0,0.0
non_financial_large_cap_revenue_1b,Non-financial companies with revenue >= $1B,THC,Healthcare,Medical Care Facilities,21310000000.0,14918928384.0,0,0.0
non_financial_large_cap_revenue_1b,Non-financial companies with revenue >= $1B,THO,Consumer Cyclical,Recreational Vehicles,9579490000.0,4224505344.0,0,0.0
non_financial_large_cap_revenue_1b,Non-financial companies with revenue >= $1B,TIC,Industrials,Specialty Business Services,1530296000.0,1850126592.0,0,0.0
non_financial_large_cap_revenue_1b,Non-financial companies with revenue >= $1B,TIMB,Communication Services,Telecom Services,26624721000.0,10639128576.0,1,0.125
non_financial_large_cap_revenue_1b,Non-financial companies with revenue >= $1B,TJX,Consumer Cyclical,Apparel Retail,60372000000.0,171279564800.0,0,0.0
non_financial_large_cap_revenue_1b,Non-financial companies with revenue >= $1B,TKO,Communication Services,Entertainment,4735151000.0,15034016768.0,0,0.0
non_financial_large_cap_revenue_1b,Non-financial companies with revenue >= $1B,TKR,Industrials,Tools & Accessories,4581800000.0,8810514432.0,0,0.0
non_financial_large_cap_revenue_1b,Non-financial companies with revenue >= $1B,TLK,Communication Services,Telecom Services,146742000000000.0,16425418752.0,1,0.125
non_financial_large_cap_revenue_1b,Non-financial companies with revenue >= $1B,TM,Consumer Cyclical,Auto Manufacturers,50684952000000.0,250032422912.0,0,0.0
non_financial_large_cap_revenue_1b,Non-financial companies with revenue >= $1B,TME,Communication Services,Internet Content & Information,32902000000.0,14882820096.0,0,0.0
non_financial_large_cap_revenue_1b,Non-financial companies with revenue >= $1B,TMHC,Consumer Cyclical,Residential Construction,8121480000.0,5487006208.0,0,0.0
non_financial_large_cap_revenue_1b,Non-financial companies with revenue >= $1B,TMO,Healthcare,Diagnostics & Research,44557000000.0,181061419008.0,0,0.0
non_financial_large_cap_revenue_1b,Non-financial companies with revenue >= $1B,TNC,Industrials,Specialty Industrial Machinery,1203500000.0,1490733696.0,0,0.0
non_financial_large_cap_revenue_1b,Non-financial companies with revenue >= $1B,TNET,Industrials,Staffing & Employment Services,5010000000.0,2086346240.0,0,0.0
non_financial_large_cap_revenue_1b,Non-financial companies with revenue >= $1B,TNL,Consumer Cyclical,Travel Services,4021000000.0,4263595520.0,0,0.0
non_financial_large_cap_revenue_1b,Non-financial companies with revenue >= $1B,TOL,Consumer Cyclical,Residential Construction,10966723000.0,12935429120.0,0,0.0
non_financial_large_cap_revenue_1b,Non-financial companies with revenue >= $1B,TOST,Technology,Software - Infrastructure,6153000000.0,14476798976.0,0,0.0
non_financial_large_cap_revenue_1b,Non-financial companies with revenue >= $1B,TPC,Industrials,Engineering & Construction,5543039000.0,3868029440.0,0,0.0
non_financial_large_cap_revenue_1b,Non-financial companies with revenue >= $1B,TPR,Consumer Cyclical,Luxury Goods,7010700000.0,29375281152.0,0,0.0
non_financial_large_cap_revenue_1b,Non-financial companies with revenue >= $1B,TREX,Industrials,Building Products & Equipment,1174267000.0,4404267008.0,0,0.0
non_financial_large_cap_revenue_1b,Non-financial companies with revenue >= $1B,TRGP,Energy,Oil & Gas Midstream,17028300000.0,56264605696.0,0,0.0
non_financial_large_cap_revenue_1b,Non-financial companies with revenue >= $1B,TRN,Industrials,Railroads,2156900000.0,2556102144.0,0,0.0
non_financial_large_cap_revenue_1b,Non-financial companies with revenue >= $1B,TROX,Basic Materials,Chemicals,2898000000.0,1324050048.0,0,0.0
non_financial_large_cap_revenue_1b,Non-financial companies with revenue >= $1B,TRP,Energy,Oil & Gas Midstream,15239000000.0,70454689792.0,0,0.0
non_financial_large_cap_revenue_1b,Non-financial companies with revenue >= $1B,TS,Energy,Oil & Gas Equipment & Services,11981157000.0,30284144640.0,0,0.0
non_financial_large_cap_revenue_1b,Non-financial companies with revenue >= $1B,TSM,Technology,Semiconductors,3809054300000.0,2203525316608.0,0,0.0
non_financial_large_cap_revenue_1b,Non-financial companies with revenue >= $1B,TSN,Consumer Defensive,Farm Products,54441000000.0,21832024064.0,0,0.0
non_financial_large_cap_revenue_1b,Non-financial companies with revenue >= $1B,TT,Industrials,Building Products & Equipment,21321900000.0,99974553600.0,0,0.0
non_financial_large_cap_revenue_1b,Non-financial companies with revenue >= $1B,TTAM,Basic Materials,Building Materials,1664188000.0,3018013696.0,0,0.0
non_financial_large_cap_revenue_1b,Non-financial companies with revenue >= $1B,TTC,Industrials,Tools & Accessories,4510400000.0,8797627392.0,0,0.0
non_financial_large_cap_revenue_1b,Non-financial companies with revenue >= $1B,TTE,Energy,Oil & Gas Integrated,182344000000.0,193768587264.0,0,0.0
non_financial_large_cap_revenue_1b,Non-financial companies with revenue >= $1B,TU,Communication Services,Telecom Services,20346000000.0,19548088320.0,0,0.0
non_financial_large_cap_revenue_1b,Non-financial companies with revenue >= $1B,TV,Communication Services,Telecom Services,58878150000.0,1459956224.0,0,0.0
non_financial_large_cap_revenue_1b,Non-financial companies with revenue >= $1B,TWI,Industrials,Farm & Heavy Construction Machinery,1828443000.0,467984160.0,0,0.0
non_financial_large_cap_revenue_1b,Non-financial companies with revenue >= $1B,TWLO,Technology,Software - Infrastructure,5067220000.0,28017455104.0,0,0.0
non_financial_large_cap_revenue_1b,Non-financial companies with revenue >= $1B,TX,Basic Materials,Steel,15609094000.0,9626929152.0,0,0.0
non_financial_large_cap_revenue_1b,Non-financial companies with revenue >= $1B,TXNM,Utilities,Utilities - Regulated Electric,2165606000.0,6577118208.0,0,0.0
non_financial_large_cap_revenue_1b,Non-financial companies with revenue >= $1B,TXT,Industrials,Aerospace & Defense,14799000000.0,15983874048.0,0,0.0
non_financial_large_cap_revenue_1b,Non-financial companies with revenue >= $1B,TYL,Technology,Software - Application,2332340000.0,12590656512.0,0,0.0
non_financial_large_cap_revenue_1b,Non-financial companies with revenue >= $1B,UA,Consumer Cyclical,Apparel Manufacturing,4966370000.0,2489737472.0,0,0.0
non_financial_large_cap_revenue_1b,Non-financial companies with revenue >= $1B,UAA,Consumer Cyclical,Apparel Manufacturing,4966370000.0,2553686016.0,0,0.0
non_financial_large_cap_revenue_1b,Non-financial companies with revenue >= $1B,UBER,Technology,Software - Application,52017000000.0,144364683264.0,0,0.0
non_financial_large_cap_revenue_1b,Non-financial companies with revenue >= $1B,UDR,Real Estate,REIT - Residential,1712317000.0,14035133440.0,0,0.0
non_financial_large_cap_revenue_1b,Non-financial companies with revenue >= $1B,UGI,Utilities,Utilities - Regulated Gas,7287000000.0,7420166656.0,0,0.0
non_financial_large_cap_revenue_1b,Non-financial companies with revenue >= $1B,UGP,Energy,Oil & Gas Refining & Marketing,142369540000.0,5755471872.0,0,0.0
non_financial_large_cap_revenue_1b,Non-financial companies with revenue >= $1B,UHAL,Industrials,Rental & Leasing Services,5828665000.0,11218194432.0,0,0.0
non_financial_large_cap_revenue_1b,Non-financial companies with revenue >= $1B,UHS,Healthcare,Medical Care Facilities,17364829000.0,9087717376.0,0,0.0
non_financial_large_cap_revenue_1b,Non-financial companies with revenue >= $1B,UI,Technology,Communication Equipment,2573545000.0,36011245568.0,0,0.0
non_financial_large_cap_revenue_1b,Non-financial companies with revenue >= $1B,UIS,Technology,Information Technology Services,1950100000.0,283601120.0,0,0.0
non_financial_large_cap_revenue_1b,Non-financial companies with revenue >= $1B,UL,Consumer Defensive,Household & Personal Products,50503000000.0,123495014400.0,0,0.0
non_financial_large_cap_revenue_1b,Non-financial companies with revenue >= $1B,ULS,Industrials,Specialty Business Services,3053000000.0,20069640192.0,0,0.0
non_financial_large_cap_revenue_1b,Non-financial companies with revenue >= $1B,UNF,Industrials,Specialty Business Services,2432352000.0,4847028736.0,0,0.0
non_financial_large_cap_revenue_1b,Non-financial companies with revenue >= $1B,UNP,Industrials,Railroads,24510000000.0,158521425920.0,0,0.0
non_financial_large_cap_revenue_1b,Non-financial companies with revenue >= $1B,USFD,Consumer Defensive,Food Distribution,39424000000.0,17870989312.0,0,0.0
non_financial_large_cap_revenue_1b,Non-financial companies with revenue >= $1B,UTZ,Consumer Defensive,Packaged Foods,1438800000.0,664027968.0,0,0.0
non_financial_large_cap_revenue_1b,Non-financial companies with revenue >= $1B,UVV,Consumer Defensive,Tobacco,2947284000.0,1275086080.0,0,0.0
non_financial_large_cap_revenue_1b,Non-financial companies with revenue >= $1B,VAC,Consumer Cyclical,Resorts & Casinos,5032000000.0,2930493696.0,0,0.0
non_financial_large_cap_revenue_1b,Non-financial companies with revenue >= $1B,VAL,Energy,Oil & Gas Drilling,2369000000.0,6415484416.0,0,0.0
non_financial_large_cap_revenue_1b,Non-financial companies with revenue >= $1B,VALE,Basic Materials,Other Industrial Metals & Mining,38403000000.0,70555140096.0,0,0.0
non_financial_large_cap_revenue_1b,Non-financial companies with revenue >= $1B,VATE,Industrials,Engineering & Construction,1246000000.0,196442864.0,1,0.125
non_financial_large_cap_revenue_1b,Non-financial companies with revenue >= $1B,VEEV,Healthcare,Health Information Services,3195311000.0,26826604544.0,0,0.0
non_financial_large_cap_revenue_1b,Non-financial companies with revenue >= $1B,VET,Energy,Oil & Gas E&P,1884265000.0,1743416064.0,0,0.0
non_financial_large_cap_revenue_1b,Non-financial companies with revenue >= $1B,VFC,Consumer Cyclical,Apparel Manufacturing,9605207000.0,7024430592.0,0,0.0
non_financial_large_cap_revenue_1b,Non-financial companies with revenue >= $1B,VG,Energy,Oil & Gas Midstream,13769000000.0,31153850368.0,0,0.0
non_financial_large_cap_revenue_1b,Non-financial companies with revenue >= $1B,VGNT,Consumer Cyclical,Auto Parts,8818000000.0,3140589312.0,0,0.0
non_financial_large_cap_revenue_1b,Non-financial companies with revenue >= $1B,VHI,Basic Materials,Chemicals,2077000000.0,415194624.0,0,0.0
non_financial_large_cap_revenue_1b,Non-financial companies with revenue >= $1B,VICI,Real Estate,REIT - Diversified,4006116000.0,30505181184.0,0,0.0
non_financial_large_cap_revenue_1b,Non-financial companies with revenue >= $1B,VIK,Consumer Cyclical,Travel Services,6501419000.0,41198145536.0,0,0.0
non_financial_large_cap_revenue_1b,Non-financial companies with revenue >= $1B,VIPS,Consumer Cyclical,Internet Retail,105919546000.0,6968725504.0,0,0.0
non_financial_large_cap_revenue_1b,Non-financial companies with revenue >= $1B,VIST,Energy,Oil & Gas E&P,2474197000.0,8148668416.0,0,0.0
non_financial_large_cap_revenue_1b,Non-financial companies with revenue >= $1B,VIV,Communication Services,Telecom Services,59595000000.0,21298716672.0,0,0.0
non_financial_large_cap_revenue_1b,Non-financial companies with revenue >= $1B,VLO,Energy,Oil & Gas Refining & Marketing,122687000000.0,72703991808.0,0,0.0
non_financial_large_cap_revenue_1b,Non-financial companies with revenue >= $1B,VLRS,Industrials,Airlines,3037516000.0,886682816.0,0,0.0
non_financial_large_cap_revenue_1b,Non-financial companies with revenue >= $1B,VLTO,Industrials,Pollution & Treatment Controls,5503000000.0,20502628352.0,0,0.0
non_financial_large_cap_revenue_1b,Non-financial companies with revenue >= $1B,VMC,Basic Materials,Building Materials,7941100000.0,35909664768.0,0,0.0
non_financial_large_cap_revenue_1b,Non-financial companies with revenue >= $1B,VMI,Industrials,Conglomerates,4104102000.0,10188283904.0,0,0.0
non_financial_large_cap_revenue_1b,Non-financial companies with revenue >= $1B,VNT,Technology,Scientific & Technical Instruments,3075600000.0,4067712000.0,0,0.0
non_financial_large_cap_revenue_1b,Non-financial companies with revenue >= $1B,VRT,Industrials,Electrical Equipment & Parts,10229900000.0,120679301120.0,0,0.0
non_financial_large_cap_revenue_1b,Non-financial companies with revenue >= $1B,VSCO,Consumer Cyclical,Apparel Retail,6553000000.0,4733769216.0,0,0.0
non_financial_large_cap_revenue_1b,Non-financial companies with revenue >= $1B,VSH,Technology,Semiconductors,3069048000.0,7110168576.0,0,0.0
non_financial_large_cap_revenue_1b,Non-financial companies with revenue >= $1B,VST,Utilities,Utilities - Independent Power Producers,17738000000.0,54043602944.0,0,0.0
non_financial_large_cap_revenue_1b,Non-financial companies with revenue >= $1B,VSTS,Industrials,Rental & Leasing Services,2734839000.0,1690945024.0,0,0.0
non_financial_large_cap_revenue_1b,Non-financial companies with revenue >= $1B,VTOL,Energy,Oil & Gas Equipment & Services,1490512000.0,1242556032.0,0,0.0
non_financial_large_cap_revenue_1b,Non-financial companies with revenue >= $1B,VTR,Real Estate,REIT - Healthcare Facilities,5833980000.0,41708503040.0,0,0.0
non_financial_large_cap_revenue_1b,Non-financial companies with revenue >= $1B,VVV,Consumer Cyclical,Auto & Truck Dealerships,1710300000.0,4359183360.0,0,0.0
non_financial_large_cap_revenue_1b,Non-financial companies with revenue >= $1B,VVX,Industrials,Aerospace & Defense,4480038000.0,2525816576.0,0,0.0
non_financial_large_cap_revenue_1b,Non-financial companies with revenue >= $1B,VYX,Technology,Information Technology Services,2687000000.0,934332608.0,0,0.0
non_financial_large_cap_revenue_1b,Non-financial companies with revenue >= $1B,VZ,Communication Services,Telecom Services,138191000000.0,200468578304.0,0,0.0
non_financial_large_cap_revenue_1b,Non-financial companies with revenue >= $1B,W,Consumer Cyclical,Internet Retail,12457000000.0,9602745344.0,0,0.0
non_financial_large_cap_revenue_1b,Non-financial companies with revenue >= $1B,WAB,Industrials,Railroads,11167000000.0,44319723520.0,0,0.0
non_financial_large_cap_revenue_1b,Non-financial companies with revenue >= $1B,WAT,Healthcare,Diagnostics & Research,3165286000.0,36001808384.0,0,0.0
non_financial_large_cap_revenue_1b,Non-financial companies with revenue >= $1B,WCC,Industrials,Industrial Distribution,23510900000.0,17744166912.0,0,0.0
non_financial_large_cap_revenue_1b,Non-financial companies with revenue >= $1B,WCN,Industrials,Waste Management,9466915000.0,38378921984.0,0,0.0
non_financial_large_cap_revenue_1b,Non-financial companies with revenue >= $1B,WDS,Energy,Oil & Gas E&P,12984000000.0,41405964288.0,0,0.0
non_financial_large_cap_revenue_1b,Non-financial companies with revenue >= $1B,WEC,Utilities,Utilities - Regulated Electric,9800100000.0,36373782528.0,0,0.0
non_financial_large_cap_revenue_1b,Non-financial companies with revenue >= $1B,WELL,Real Estate,REIT - Healthcare Facilities,10667136000.0,148446740480.0,0,0.0
non_financial_large_cap_revenue_1b,Non-financial companies with revenue >= $1B,WEX,Technology,Software - Infrastructure,2660800000.0,5005386752.0,0,0.0
non_financial_large_cap_revenue_1b,Non-financial companies with revenue >= $1B,WFG,Basic Materials,Lumber & Wood Production,5462000000.0,5315263488.0,0,0.0
non_financial_large_cap_revenue_1b,Non-financial companies with revenue >= $1B,WGO,Consumer Cyclical,Recreational Vehicles,2798200000.0,857301376.0,0,0.0
non_financial_large_cap_revenue_1b,Non-financial companies with revenue >= $1B,WH,Consumer Cyclical,Lodging,1429000000.0,6184224256.0,0,0.0
non_financial_large_cap_revenue_1b,Non-financial companies with revenue >= $1B,WHD,Energy,Oil & Gas Equipment & Services,1079051000.0,4045706240.0,0,0.0
non_financial_large_cap_revenue_1b,Non-financial companies with revenue >= $1B,WHR,Consumer Cyclical,"Furnishings, Fixtures & Appliances",15524000000.0,2856754944.0,0,0.0
non_financial_large_cap_revenue_1b,Non-financial companies with revenue >= $1B,WKC,Energy,Oil & Gas Refining & Marketing,36916600000.0,1461576064.0,0,0.0
non_financial_large_cap_revenue_1b,Non-financial companies with revenue >= $1B,WLK,Basic Materials,Specialty Chemicals,11170000000.0,11232538624.0,0,0.0
non_financial_large_cap_revenue_1b,Non-financial companies with revenue >= $1B,WLY,Communication Services,Publishing,1677609000.0,2138115968.0,0,0.0
non_financial_large_cap_revenue_1b,Non-financial companies with revenue >= $1B,WLYB,Communication Services,Publishing,1677609000.0,2137602816.0,0,0.0
non_financial_large_cap_revenue_1b,Non-financial companies with revenue >= $1B,WM,Industrials,Waste Management,25204000000.0,86097838080.0,0,0.0
non_financial_large_cap_revenue_1b,Non-financial companies with revenue >= $1B,WMB,Energy,Oil & Gas Midstream,11950000000.0,89437863936.0,0,0.0
non_financial_large_cap_revenue_1b,Non-financial companies with revenue >= $1B,WMK,Consumer Defensive,Grocery Stores,4957709000.0,1838276096.0,0,0.0
non_financial_large_cap_revenue_1b,Non-financial companies with revenue >= $1B,WMS,Industrials,Building Products & Equipment,3050376000.0,10727229440.0,0,0.0
non_financial_large_cap_revenue_1b,Non-financial companies with revenue >= $1B,WNC,Industrials,Farm & Heavy Construction Machinery,1542754000.0,333526528.0,0,0.0
non_financial_large_cap_revenue_1b,Non-financial companies with revenue >= $1B,WOR,Industrials,Metal Fabrication,1153762000.0,2788977152.0,0,0.0
non_financial_large_cap_revenue_1b,Non-financial companies with revenue >= $1B,WPC,Real Estate,REIT - Diversified,1716485000.0,16529468416.0,0,0.0
non_financial_large_cap_revenue_1b,Non-financial companies with revenue >= $1B,WPM,Basic Materials,Gold,2314600000.0,59068055552.0,1,0.125
non_financial_large_cap_revenue_1b,Non-financial companies with revenue >= $1B,WPP,Communication Services,Advertising Agencies,13550000000.0,4050938368.0,0,0.0
non_financial_large_cap_revenue_1b,Non-financial companies with revenue >= $1B,WS,Basic Materials,Steel,3093300000.0,2143011328.0,0,0.0
non_financial_large_cap_revenue_1b,Non-financial companies with revenue >= $1B,WSM,Consumer Cyclical,Specialty Retail,7806816000.0,24208703488.0,0,0.0
non_financial_large_cap_revenue_1b,Non-financial companies with revenue >= $1B,WSO,Industrials,Industrial Distribution,7239290000.0,14857077760.0,0,0.0
non_financial_large_cap_revenue_1b,Non-financial companies with revenue >= $1B,WST,Healthcare,Medical Instruments & Supplies,3074100000.0,22734393344.0,0,0.0
non_financial_large_cap_revenue_1b,Non-financial companies with revenue >= $1B,WTRG,Utilities,Utilities - Regulated Water,2474615000.0,10406494208.0,0,0.0
non_financial_large_cap_revenue_1b,Non-financial companies with revenue >= $1B,WTS,Industrials,Specialty Industrial Machinery,2438500000.0,10387571712.0,0,0.0
non_financial_large_cap_revenue_1b,Non-financial companies with revenue >= $1B,WTTR,Energy,Oil & Gas Equipment & Services,1407344000.0,2550031360.0,0,0.0
non_financial_large_cap_revenue_1b,Non-financial companies with revenue >= $1B,WWW,Consumer Cyclical,Footwear & Accessories,1874300000.0,1455314432.0,0,0.0
non_financial_large_cap_revenue_1b,Non-financial companies with revenue >= $1B,WY,Real Estate,REIT - Specialty,6905000000.0,17708806144.0,0,0.0
non_financial_large_cap_revenue_1b,Non-financial companies with revenue >= $1B,XHR,Real Estate,REIT - Hotel & Motel,1078500000.0,1715513088.0,0,0.0
non_financial_large_cap_revenue_1b,Non-financial companies with revenue >= $1B,XOM,Energy,Oil & Gas Integrated,323905000000.0,609141456896.0,0,0.0
non_financial_large_cap_revenue_1b,Non-financial companies with revenue >= $1B,XPEV,Consumer Cyclical,Auto Manufacturers,76719742000.0,15712542720.0,0,0.0
non_financial_large_cap_revenue_1b,Non-financial companies with revenue >= $1B,XPO,Industrials,Trucking,8157000000.0,25129259008.0,0,0.0
non_financial_large_cap_revenue_1b,Non-financial companies with revenue >= $1B,XPRO,Energy,Oil & Gas Equipment & Services,1607095000.0,1679384192.0,0,0.0
non_financial_large_cap_revenue_1b,Non-financial companies with revenue >= $1B,XYL,Industrials,Specialty Industrial Machinery,9035000000.0,25968013312.0,0,0.0
non_financial_large_cap_revenue_1b,Non-financial companies with revenue >= $1B,XYZ,Technology,Software - Infrastructure,24193683000.0,44251705344.0,0,0.0
non_financial_large_cap_revenue_1b,Non-financial companies with revenue >= $1B,YELP,Communication Services,Internet Content & Information,1464955000.0,1281283328.0,0,0.0
non_financial_large_cap_revenue_1b,Non-financial companies with revenue >= $1B,YETI,Consumer Cyclical,Leisure,1868494000.0,3539428864.0,0,0.0
non_financial_large_cap_revenue_1b,Non-financial companies with revenue >= $1B,YMM,Technology,Software - Application,12489859000.0,9256164352.0,0,0.0
non_financial_large_cap_revenue_1b,Non-financial companies with revenue >= $1B,YPF,Energy,Oil & Gas Integrated,18284000000.0,21940684800.0,1,0.125
non_financial_large_cap_revenue_1b,Non-financial companies with revenue >= $1B,YSG,Consumer Defensive,Household & Personal Products,4298124000.0,321958336.0,0,0.0
non_financial_large_cap_revenue_1b,Non-financial companies with revenue >= $1B,YUM,Consumer Cyclical,Restaurants,8214000000.0,41351450624.0,0,0.0
non_financial_large_cap_revenue_1b,Non-financial companies with revenue >= $1B,YUMC,Consumer Cyclical,Restaurants,11797000000.0,15108537344.0,0,0.0
non_financial_large_cap_revenue_1b,Non-financial companies with revenue >= $1B,ZBH,Healthcare,Medical Devices,8231500000.0,16022562816.0,0,0.0
non_financial_large_cap_revenue_1b,Non-financial companies with revenue >= $1B,ZETA,Technology,Software - Infrastructure,1304668000.0,5030018560.0,0,0.0
non_financial_large_cap_revenue_1b,Non-financial companies with revenue >= $1B,ZGN,Consumer Cyclical,Apparel Manufacturing,1916947000.0,4002147328.0,0,0.0
non_financial_large_cap_revenue_1b,Non-financial companies with revenue >= $1B,ZH,Communication Services,Internet Content & Information,2749004000.0,253433088.0,0,0.0
non_financial_large_cap_revenue_1b,Non-financial companies with revenue >= $1B,ZIM,Industrials,Marine Shipping,6904200000.0,2915366656.0,0,0.0
non_financial_large_cap_revenue_1b,Non-financial companies with revenue >= $1B,ZKH,Consumer Cyclical,Internet Retail,8987738000.0,439603040.0,0,0.0
non_financial_large_cap_revenue_1b,Non-financial companies with revenue >= $1B,ZTO,Industrials,Integrated Freight & Logistics,49098667000.0,17040218112.0,0,0.0
non_financial_large_cap_revenue_1b,Non-financial companies with revenue >= $1B,ZTS,Healthcare,Drug Manufacturers - Specialty & Generic,9467000000.0,32812984320.0,0,0.0
non_financial_large_cap_revenue_1b,Non-financial companies with revenue >= $1B,ZWS,Industrials,Pollution & Treatment Controls,1695900000.0,7876163584.0,0,0.0
