Experiment Phase,Preprocessing Version,Scenario ID,Scenario Name,Candidate Role,Candidate ID,Method,Sampling Seed,N Shared Companies,N Evaluated Companies,Alignment Accuracy,Matched Company Count,Reference Cluster Count,Resampled Cluster Count,Matched Cluster Count,Unmatched Reference Cluster Count,Unmatched Resampled Cluster Count,Reference Noise Share,Resampled Noise Share
Canonical cross-cohort robustness,scenario_pipeline_v3_economic_validity,technology_revenue_25m,Technology companies with revenue >= $25M,Full-assignment candidate,Full Assignment|Agglomerative,Agglomerative,10000,469,469,0.9509594882729211,446,2,2,2,0,0,0.0,0.0
Canonical cross-cohort robustness,scenario_pipeline_v3_economic_validity,technology_revenue_25m,Technology companies with revenue >= $25M,Full-assignment candidate,Full Assignment|Agglomerative,Agglomerative,10001,469,469,0.8891257995735607,417,2,2,2,0,0,0.0,0.0
Canonical cross-cohort robustness,scenario_pipeline_v3_economic_validity,technology_revenue_25m,Technology companies with revenue >= $25M,Full-assignment candidate,Full Assignment|Agglomerative,Agglomerative,10002,469,469,0.976545842217484,458,2,2,2,0,0,0.0,0.0
Canonical cross-cohort robustness,scenario_pipeline_v3_economic_validity,technology_revenue_25m,Technology companies with revenue >= $25M,Full-assignment candidate,Full Assignment|Agglomerative,Agglomerative,10003,470,470,0.9765957446808511,459,2,2,2,0,0,0.0,0.0
Canonical cross-cohort robustness,scenario_pipeline_v3_economic_validity,technology_revenue_25m,Technology companies with revenue >= $25M,Full-assignment candidate,Full Assignment|Agglomerative,Agglomerative,10004,469,469,0.9637526652452025,452,2,2,2,0,0,0.0,0.0
Canonical cross-cohort robustness,scenario_pipeline_v3_economic_validity,technology_revenue_25m,Technology companies with revenue >= $25M,Full-assignment candidate,Full Assignment|Agglomerative,Agglomerative,10005,469,469,0.9317697228144989,437,2,2,2,0,0,0.0,0.0
Canonical cross-cohort robustness,scenario_pipeline_v3_economic_validity,technology_revenue_25m,Technology companies with revenue >= $25M,Full-assignment candidate,Full Assignment|Agglomerative,Agglomerative,10006,469,469,0.8955223880597015,420,2,2,2,0,0,0.0,0.0
Canonical cross-cohort robustness,scenario_pipeline_v3_economic_validity,technology_revenue_25m,Technology companies with revenue >= $25M,Full-assignment candidate,Full Assignment|Agglomerative,Agglomerative,10007,469,469,0.9893390191897654,464,2,2,2,0,0,0.0,0.0
Canonical cross-cohort robustness,scenario_pipeline_v3_economic_validity,technology_revenue_25m,Technology companies with revenue >= $25M,Full-assignment candidate,Full Assignment|Agglomerative,Agglomerative,10008,470,470,0.8638297872340426,406,2,2,2,0,0,0.0,0.0
Canonical cross-cohort robustness,scenario_pipeline_v3_economic_validity,technology_revenue_25m,Technology companies with revenue >= $25M,Full-assignment candidate,Full Assignment|Agglomerative,Agglomerative,10009,469,469,0.8635394456289979,405,2,2,2,0,0,0.0,0.0
Canonical cross-cohort robustness,scenario_pipeline_v3_economic_validity,technology_revenue_25m,Technology companies with revenue >= $25M,Full-assignment candidate,Full Assignment|Agglomerative,Agglomerative,10010,469,469,0.906183368869936,425,2,2,2,0,0,0.0,0.0
Canonical cross-cohort robustness,scenario_pipeline_v3_economic_validity,technology_revenue_25m,Technology companies with revenue >= $25M,Full-assignment candidate,Full Assignment|Agglomerative,Agglomerative,10011,469,469,0.9339019189765458,438,2,2,2,0,0,0.0,0.0
Canonical cross-cohort robustness,scenario_pipeline_v3_economic_validity,technology_revenue_25m,Technology companies with revenue >= $25M,Full-assignment candidate,Full Assignment|Agglomerative,Agglomerative,10012,469,469,0.906183368869936,425,2,2,2,0,0,0.0,0.0
Canonical cross-cohort robustness,scenario_pipeline_v3_economic_validity,technology_revenue_25m,Technology companies with revenue >= $25M,Full-assignment candidate,Full Assignment|Agglomerative,Agglomerative,10013,470,470,0.9914893617021276,466,2,2,2,0,0,0.0,0.0
Canonical cross-cohort robustness,scenario_pipeline_v3_economic_validity,technology_revenue_25m,Technology companies with revenue >= $25M,Full-assignment candidate,Full Assignment|Agglomerative,Agglomerative,10014,470,470,0.9659574468085106,454,2,2,2,0,0,0.0,0.0
Canonical cross-cohort robustness,scenario_pipeline_v3_economic_validity,technology_revenue_25m,Technology companies with revenue >= $25M,Full-assignment candidate,Full Assignment|Agglomerative,Agglomerative,10015,470,470,0.9872340425531915,464,2,2,2,0,0,0.0,0.0
Canonical cross-cohort robustness,scenario_pipeline_v3_economic_validity,technology_revenue_25m,Technology companies with revenue >= $25M,Full-assignment candidate,Full Assignment|Agglomerative,Agglomerative,10016,469,469,0.8848614072494669,415,2,2,2,0,0,0.0,0.0
Canonical cross-cohort robustness,scenario_pipeline_v3_economic_validity,technology_revenue_25m,Technology companies with revenue >= $25M,Full-assignment candidate,Full Assignment|Agglomerative,Agglomerative,10017,471,471,0.8343949044585988,393,2,2,2,0,0,0.0,0.0
Canonical cross-cohort robustness,scenario_pipeline_v3_economic_validity,technology_revenue_25m,Technology companies with revenue >= $25M,Full-assignment candidate,Full Assignment|Agglomerative,Agglomerative,10018,472,472,0.9004237288135594,425,2,2,2,0,0,0.0,0.0
Canonical cross-cohort robustness,scenario_pipeline_v3_economic_validity,technology_revenue_25m,Technology companies with revenue >= $25M,Full-assignment candidate,Full Assignment|Agglomerative,Agglomerative,10019,470,470,0.9212765957446809,433,2,2,2,0,0,0.0,0.0
Canonical cross-cohort robustness,scenario_pipeline_v3_economic_validity,technology_revenue_25m,Technology companies with revenue >= $25M,Full-assignment candidate,Full Assignment|K-Means,K-Means,10000,469,469,1.0,469,2,2,2,0,0,0.0,0.0
Canonical cross-cohort robustness,scenario_pipeline_v3_economic_validity,technology_revenue_25m,Technology companies with revenue >= $25M,Full-assignment candidate,Full Assignment|K-Means,K-Means,10001,469,469,0.9829424307036247,461,2,2,2,0,0,0.0,0.0
Canonical cross-cohort robustness,scenario_pipeline_v3_economic_validity,technology_revenue_25m,Technology companies with revenue >= $25M,Full-assignment candidate,Full Assignment|K-Means,K-Means,10002,469,469,0.9424307036247335,442,2,2,2,0,0,0.0,0.0
Canonical cross-cohort robustness,scenario_pipeline_v3_economic_validity,technology_revenue_25m,Technology companies with revenue >= $25M,Full-assignment candidate,Full Assignment|K-Means,K-Means,10003,470,470,0.9957446808510638,468,2,2,2,0,0,0.0,0.0
Canonical cross-cohort robustness,scenario_pipeline_v3_economic_validity,technology_revenue_25m,Technology companies with revenue >= $25M,Full-assignment candidate,Full Assignment|K-Means,K-Means,10004,469,469,0.9616204690831557,451,2,2,2,0,0,0.0,0.0
Canonical cross-cohort robustness,scenario_pipeline_v3_economic_validity,technology_revenue_25m,Technology companies with revenue >= $25M,Full-assignment candidate,Full Assignment|K-Means,K-Means,10005,469,469,0.9914712153518124,465,2,2,2,0,0,0.0,0.0
Canonical cross-cohort robustness,scenario_pipeline_v3_economic_validity,technology_revenue_25m,Technology companies with revenue >= $25M,Full-assignment candidate,Full Assignment|K-Means,K-Means,10006,469,469,0.9893390191897654,464,2,2,2,0,0,0.0,0.0
Canonical cross-cohort robustness,scenario_pipeline_v3_economic_validity,technology_revenue_25m,Technology companies with revenue >= $25M,Full-assignment candidate,Full Assignment|K-Means,K-Means,10007,469,469,0.9936034115138592,466,2,2,2,0,0,0.0,0.0
Canonical cross-cohort robustness,scenario_pipeline_v3_economic_validity,technology_revenue_25m,Technology companies with revenue >= $25M,Full-assignment candidate,Full Assignment|K-Means,K-Means,10008,470,470,0.9680851063829787,455,2,2,2,0,0,0.0,0.0
Canonical cross-cohort robustness,scenario_pipeline_v3_economic_validity,technology_revenue_25m,Technology companies with revenue >= $25M,Full-assignment candidate,Full Assignment|K-Means,K-Means,10009,469,469,0.9637526652452025,452,2,2,2,0,0,0.0,0.0
Canonical cross-cohort robustness,scenario_pipeline_v3_economic_validity,technology_revenue_25m,Technology companies with revenue >= $25M,Full-assignment candidate,Full Assignment|K-Means,K-Means,10010,469,469,0.9936034115138592,466,2,2,2,0,0,0.0,0.0
Canonical cross-cohort robustness,scenario_pipeline_v3_economic_validity,technology_revenue_25m,Technology companies with revenue >= $25M,Full-assignment candidate,Full Assignment|K-Means,K-Means,10011,469,469,0.9594882729211087,450,2,2,2,0,0,0.0,0.0
Canonical cross-cohort robustness,scenario_pipeline_v3_economic_validity,technology_revenue_25m,Technology companies with revenue >= $25M,Full-assignment candidate,Full Assignment|K-Means,K-Means,10012,469,469,0.9509594882729211,446,2,2,2,0,0,0.0,0.0
Canonical cross-cohort robustness,scenario_pipeline_v3_economic_validity,technology_revenue_25m,Technology companies with revenue >= $25M,Full-assignment candidate,Full Assignment|K-Means,K-Means,10013,470,470,0.9893617021276596,465,2,2,2,0,0,0.0,0.0
Canonical cross-cohort robustness,scenario_pipeline_v3_economic_validity,technology_revenue_25m,Technology companies with revenue >= $25M,Full-assignment candidate,Full Assignment|K-Means,K-Means,10014,470,470,0.9723404255319149,457,2,2,2,0,0,0.0,0.0
Canonical cross-cohort robustness,scenario_pipeline_v3_economic_validity,technology_revenue_25m,Technology companies with revenue >= $25M,Full-assignment candidate,Full Assignment|K-Means,K-Means,10015,470,470,0.9659574468085106,454,2,2,2,0,0,0.0,0.0
Canonical cross-cohort robustness,scenario_pipeline_v3_economic_validity,technology_revenue_25m,Technology companies with revenue >= $25M,Full-assignment candidate,Full Assignment|K-Means,K-Means,10016,469,469,0.9872068230277186,463,2,2,2,0,0,0.0,0.0
Canonical cross-cohort robustness,scenario_pipeline_v3_economic_validity,technology_revenue_25m,Technology companies with revenue >= $25M,Full-assignment candidate,Full Assignment|K-Means,K-Means,10017,471,471,0.9426751592356688,444,2,2,2,0,0,0.0,0.0
Canonical cross-cohort robustness,scenario_pipeline_v3_economic_validity,technology_revenue_25m,Technology companies with revenue >= $25M,Full-assignment candidate,Full Assignment|K-Means,K-Means,10018,472,472,0.961864406779661,454,2,2,2,0,0,0.0,0.0
Canonical cross-cohort robustness,scenario_pipeline_v3_economic_validity,technology_revenue_25m,Technology companies with revenue >= $25M,Full-assignment candidate,Full Assignment|K-Means,K-Means,10019,470,470,0.9914893617021276,466,2,2,2,0,0,0.0,0.0
Canonical cross-cohort robustness,scenario_pipeline_v3_economic_validity,technology_revenue_25m,Technology companies with revenue >= $25M,Full-assignment candidate,Full Assignment|Gaussian Mixture,Gaussian Mixture,10000,469,469,0.9402985074626866,441,2,2,2,0,0,0.0,0.0
Canonical cross-cohort robustness,scenario_pipeline_v3_economic_validity,technology_revenue_25m,Technology companies with revenue >= $25M,Full-assignment candidate,Full Assignment|Gaussian Mixture,Gaussian Mixture,10001,469,469,0.9957356076759062,467,2,2,2,0,0,0.0,0.0
Canonical cross-cohort robustness,scenario_pipeline_v3_economic_validity,technology_revenue_25m,Technology companies with revenue >= $25M,Full-assignment candidate,Full Assignment|Gaussian Mixture,Gaussian Mixture,10002,469,469,0.9637526652452025,452,2,2,2,0,0,0.0,0.0
Canonical cross-cohort robustness,scenario_pipeline_v3_economic_validity,technology_revenue_25m,Technology companies with revenue >= $25M,Full-assignment candidate,Full Assignment|Gaussian Mixture,Gaussian Mixture,10003,470,470,0.9425531914893617,443,2,2,2,0,0,0.0,0.0
Canonical cross-cohort robustness,scenario_pipeline_v3_economic_validity,technology_revenue_25m,Technology companies with revenue >= $25M,Full-assignment candidate,Full Assignment|Gaussian Mixture,Gaussian Mixture,10004,469,469,0.976545842217484,458,2,2,2,0,0,0.0,0.0
Canonical cross-cohort robustness,scenario_pipeline_v3_economic_validity,technology_revenue_25m,Technology companies with revenue >= $25M,Full-assignment candidate,Full Assignment|Gaussian Mixture,Gaussian Mixture,10005,469,469,0.9658848614072495,453,2,2,2,0,0,0.0,0.0
Canonical cross-cohort robustness,scenario_pipeline_v3_economic_validity,technology_revenue_25m,Technology companies with revenue >= $25M,Full-assignment candidate,Full Assignment|Gaussian Mixture,Gaussian Mixture,10006,469,469,0.9957356076759062,467,2,2,2,0,0,0.0,0.0
Canonical cross-cohort robustness,scenario_pipeline_v3_economic_validity,technology_revenue_25m,Technology companies with revenue >= $25M,Full-assignment candidate,Full Assignment|Gaussian Mixture,Gaussian Mixture,10007,469,469,0.9339019189765458,438,2,2,2,0,0,0.0,0.0
Canonical cross-cohort robustness,scenario_pipeline_v3_economic_validity,technology_revenue_25m,Technology companies with revenue >= $25M,Full-assignment candidate,Full Assignment|Gaussian Mixture,Gaussian Mixture,10008,470,470,0.9042553191489362,425,2,2,2,0,0,0.0,0.0
Canonical cross-cohort robustness,scenario_pipeline_v3_economic_validity,technology_revenue_25m,Technology companies with revenue >= $25M,Full-assignment candidate,Full Assignment|Gaussian Mixture,Gaussian Mixture,10009,469,469,0.9594882729211087,450,2,2,2,0,0,0.0,0.0
Canonical cross-cohort robustness,scenario_pipeline_v3_economic_validity,technology_revenue_25m,Technology companies with revenue >= $25M,Full-assignment candidate,Full Assignment|Gaussian Mixture,Gaussian Mixture,10010,469,469,0.9829424307036247,461,2,2,2,0,0,0.0,0.0
Canonical cross-cohort robustness,scenario_pipeline_v3_economic_validity,technology_revenue_25m,Technology companies with revenue >= $25M,Full-assignment candidate,Full Assignment|Gaussian Mixture,Gaussian Mixture,10011,469,469,0.8912579957356077,418,2,2,2,0,0,0.0,0.0
Canonical cross-cohort robustness,scenario_pipeline_v3_economic_validity,technology_revenue_25m,Technology companies with revenue >= $25M,Full-assignment candidate,Full Assignment|Gaussian Mixture,Gaussian Mixture,10012,469,469,0.9509594882729211,446,2,2,2,0,0,0.0,0.0
Canonical cross-cohort robustness,scenario_pipeline_v3_economic_validity,technology_revenue_25m,Technology companies with revenue >= $25M,Full-assignment candidate,Full Assignment|Gaussian Mixture,Gaussian Mixture,10013,470,470,0.9276595744680851,436,2,2,2,0,0,0.0,0.0
Canonical cross-cohort robustness,scenario_pipeline_v3_economic_validity,technology_revenue_25m,Technology companies with revenue >= $25M,Full-assignment candidate,Full Assignment|Gaussian Mixture,Gaussian Mixture,10014,470,470,0.9723404255319149,457,2,2,2,0,0,0.0,0.0
Canonical cross-cohort robustness,scenario_pipeline_v3_economic_validity,technology_revenue_25m,Technology companies with revenue >= $25M,Full-assignment candidate,Full Assignment|Gaussian Mixture,Gaussian Mixture,10015,470,470,0.8531914893617021,401,2,2,2,0,0,0.0,0.0
Canonical cross-cohort robustness,scenario_pipeline_v3_economic_validity,technology_revenue_25m,Technology companies with revenue >= $25M,Full-assignment candidate,Full Assignment|Gaussian Mixture,Gaussian Mixture,10016,469,469,0.9317697228144989,437,2,2,2,0,0,0.0,0.0
Canonical cross-cohort robustness,scenario_pipeline_v3_economic_validity,technology_revenue_25m,Technology companies with revenue >= $25M,Full-assignment candidate,Full Assignment|Gaussian Mixture,Gaussian Mixture,10017,471,471,0.9766454352441614,460,2,2,2,0,0,0.0,0.0
Canonical cross-cohort robustness,scenario_pipeline_v3_economic_validity,technology_revenue_25m,Technology companies with revenue >= $25M,Full-assignment candidate,Full Assignment|Gaussian Mixture,Gaussian Mixture,10018,472,472,0.9809322033898306,463,2,2,2,0,0,0.0,0.0
Canonical cross-cohort robustness,scenario_pipeline_v3_economic_validity,technology_revenue_25m,Technology companies with revenue >= $25M,Full-assignment candidate,Full Assignment|Gaussian Mixture,Gaussian Mixture,10019,470,470,0.9617021276595744,452,2,2,2,0,0,0.0,0.0
Canonical cross-cohort robustness,scenario_pipeline_v3_economic_validity,technology_revenue_25m,Technology companies with revenue >= $25M,HDBSCAN Pareto representative,HDBSCAN|mcs=10|ms=5,HDBSCAN,10000,469,58,0.7931034482758621,46,1,2,1,0,1,0.1812366737739872,0.8763326226012793
Canonical cross-cohort robustness,scenario_pipeline_v3_economic_validity,technology_revenue_25m,Technology companies with revenue >= $25M,HDBSCAN Pareto representative,HDBSCAN|mcs=10|ms=5,HDBSCAN,10001,469,388,1.0,388,2,2,2,0,0,0.17270788912579957,0.09168443496801706
Canonical cross-cohort robustness,scenario_pipeline_v3_economic_validity,technology_revenue_25m,Technology companies with revenue >= $25M,HDBSCAN Pareto representative,HDBSCAN|mcs=10|ms=5,HDBSCAN,10002,469,377,1.0,377,2,2,2,0,0,0.19616204690831557,0.09594882729211088
Canonical cross-cohort robustness,scenario_pipeline_v3_economic_validity,technology_revenue_25m,Technology companies with revenue >= $25M,HDBSCAN Pareto representative,HDBSCAN|mcs=10|ms=5,HDBSCAN,10003,470,74,0.7972972972972973,59,1,2,1,0,1,0.1851063829787234,0.8425531914893617
Canonical cross-cohort robustness,scenario_pipeline_v3_economic_validity,technology_revenue_25m,Technology companies with revenue >= $25M,HDBSCAN Pareto representative,HDBSCAN|mcs=10|ms=5,HDBSCAN,10004,469,69,0.7971014492753623,55,1,2,1,0,1,0.19829424307036247,0.8528784648187633
Canonical cross-cohort robustness,scenario_pipeline_v3_economic_validity,technology_revenue_25m,Technology companies with revenue >= $25M,HDBSCAN Pareto representative,HDBSCAN|mcs=10|ms=5,HDBSCAN,10005,469,361,0.997229916897507,360,2,2,2,0,0,0.20042643923240938,0.21108742004264391
Canonical cross-cohort robustness,scenario_pipeline_v3_economic_validity,technology_revenue_25m,Technology companies with revenue >= $25M,HDBSCAN Pareto representative,HDBSCAN|mcs=10|ms=5,HDBSCAN,10006,469,374,0.9946524064171123,372,2,2,2,0,0,0.19189765458422176,0.14072494669509594
Canonical cross-cohort robustness,scenario_pipeline_v3_economic_validity,technology_revenue_25m,Technology companies with revenue >= $25M,HDBSCAN Pareto representative,HDBSCAN|mcs=10|ms=5,HDBSCAN,10007,469,374,1.0,374,2,2,2,0,0,0.1812366737739872,0.17057569296375266
Canonical cross-cohort robustness,scenario_pipeline_v3_economic_validity,technology_revenue_25m,Technology companies with revenue >= $25M,HDBSCAN Pareto representative,HDBSCAN|mcs=10|ms=5,HDBSCAN,10008,470,71,0.7746478873239436,55,1,2,1,0,1,0.19148936170212766,0.8489361702127659
Canonical cross-cohort robustness,scenario_pipeline_v3_economic_validity,technology_revenue_25m,Technology companies with revenue >= $25M,HDBSCAN Pareto representative,HDBSCAN|mcs=10|ms=5,HDBSCAN,10009,469,41,0.6585365853658537,27,1,2,1,0,1,0.19829424307036247,0.9125799573560768
Canonical cross-cohort robustness,scenario_pipeline_v3_economic_validity,technology_revenue_25m,Technology companies with revenue >= $25M,HDBSCAN Pareto representative,HDBSCAN|mcs=10|ms=5,HDBSCAN,10010,469,378,0.9867724867724867,373,2,3,2,0,1,0.19402985074626866,0.1279317697228145
Canonical cross-cohort robustness,scenario_pipeline_v3_economic_validity,technology_revenue_25m,Technology companies with revenue >= $25M,HDBSCAN Pareto representative,HDBSCAN|mcs=10|ms=5,HDBSCAN,10011,469,371,1.0,371,2,2,2,0,0,0.208955223880597,0.11087420042643924
Canonical cross-cohort robustness,scenario_pipeline_v3_economic_validity,technology_revenue_25m,Technology companies with revenue >= $25M,HDBSCAN Pareto representative,HDBSCAN|mcs=10|ms=5,HDBSCAN,10012,469,386,1.0,386,2,2,2,0,0,0.17697228144989338,0.06609808102345416
Canonical cross-cohort robustness,scenario_pipeline_v3_economic_validity,technology_revenue_25m,Technology companies with revenue >= $25M,HDBSCAN Pareto representative,HDBSCAN|mcs=10|ms=5,HDBSCAN,10013,470,66,0.7575757575757576,50,1,2,1,0,1,0.1851063829787234,0.8595744680851064
Canonical cross-cohort robustness,scenario_pipeline_v3_economic_validity,technology_revenue_25m,Technology companies with revenue >= $25M,HDBSCAN Pareto representative,HDBSCAN|mcs=10|ms=5,HDBSCAN,10014,470,379,0.9894459102902374,375,2,3,2,0,1,0.1829787234042553,0.14468085106382977
Canonical cross-cohort robustness,scenario_pipeline_v3_economic_validity,technology_revenue_25m,Technology companies with revenue >= $25M,HDBSCAN Pareto representative,HDBSCAN|mcs=10|ms=5,HDBSCAN,10015,470,368,0.9972826086956522,367,2,2,2,0,0,0.18936170212765957,0.2127659574468085
Canonical cross-cohort robustness,scenario_pipeline_v3_economic_validity,technology_revenue_25m,Technology companies with revenue >= $25M,HDBSCAN Pareto representative,HDBSCAN|mcs=10|ms=5,HDBSCAN,10016,469,52,0.5769230769230769,30,1,3,1,0,2,0.18976545842217485,0.8891257995735607
Canonical cross-cohort robustness,scenario_pipeline_v3_economic_validity,technology_revenue_25m,Technology companies with revenue >= $25M,HDBSCAN Pareto representative,HDBSCAN|mcs=10|ms=5,HDBSCAN,10017,471,377,1.0,377,2,2,2,0,0,0.19745222929936307,0.09341825902335456
Canonical cross-cohort robustness,scenario_pipeline_v3_economic_validity,technology_revenue_25m,Technology companies with revenue >= $25M,HDBSCAN Pareto representative,HDBSCAN|mcs=10|ms=5,HDBSCAN,10018,472,61,0.6885245901639344,42,1,2,1,0,1,0.2097457627118644,0.8707627118644068
Canonical cross-cohort robustness,scenario_pipeline_v3_economic_validity,technology_revenue_25m,Technology companies with revenue >= $25M,HDBSCAN Pareto representative,HDBSCAN|mcs=10|ms=5,HDBSCAN,10019,470,377,0.9522546419098143,359,2,2,2,0,0,0.19574468085106383,0.09148936170212765
Canonical cross-cohort robustness,scenario_pipeline_v3_economic_validity,technology_revenue_25m,Technology companies with revenue >= $25M,HDBSCAN Pareto representative,HDBSCAN|mcs=10|ms=10,HDBSCAN,10000,469,0,,0,0,0,0,0,0,0.17270788912579957,1.0
Canonical cross-cohort robustness,scenario_pipeline_v3_economic_validity,technology_revenue_25m,Technology companies with revenue >= $25M,HDBSCAN Pareto representative,HDBSCAN|mcs=10|ms=10,HDBSCAN,10001,469,393,1.0,393,2,2,2,0,0,0.15778251599147122,0.13646055437100213
Canonical cross-cohort robustness,scenario_pipeline_v3_economic_validity,technology_revenue_25m,Technology companies with revenue >= $25M,HDBSCAN Pareto representative,HDBSCAN|mcs=10|ms=10,HDBSCAN,10002,469,0,,0,0,0,0,0,0,0.18550106609808104,1.0
Canonical cross-cohort robustness,scenario_pipeline_v3_economic_validity,technology_revenue_25m,Technology companies with revenue >= $25M,HDBSCAN Pareto representative,HDBSCAN|mcs=10|ms=10,HDBSCAN,10003,470,0,,0,0,0,0,0,0,0.17872340425531916,1.0
Canonical cross-cohort robustness,scenario_pipeline_v3_economic_validity,technology_revenue_25m,Technology companies with revenue >= $25M,HDBSCAN Pareto representative,HDBSCAN|mcs=10|ms=10,HDBSCAN,10004,469,373,0.9973190348525469,372,2,2,2,0,0,0.18763326226012794,0.19829424307036247
Canonical cross-cohort robustness,scenario_pipeline_v3_economic_validity,technology_revenue_25m,Technology companies with revenue >= $25M,HDBSCAN Pareto representative,HDBSCAN|mcs=10|ms=10,HDBSCAN,10005,469,377,1.0,377,2,2,2,0,0,0.1812366737739872,0.19189765458422176
Canonical cross-cohort robustness,scenario_pipeline_v3_economic_validity,technology_revenue_25m,Technology companies with revenue >= $25M,HDBSCAN Pareto representative,HDBSCAN|mcs=10|ms=10,HDBSCAN,10006,469,376,0.9973404255319149,375,2,2,2,0,0,0.1791044776119403,0.18336886993603413
Canonical cross-cohort robustness,scenario_pipeline_v3_economic_validity,technology_revenue_25m,Technology companies with revenue >= $25M,HDBSCAN Pareto representative,HDBSCAN|mcs=10|ms=10,HDBSCAN,10007,469,389,1.0,389,2,2,2,0,0,0.16204690831556504,0.15565031982942432
Canonical cross-cohort robustness,scenario_pipeline_v3_economic_validity,technology_revenue_25m,Technology companies with revenue >= $25M,HDBSCAN Pareto representative,HDBSCAN|mcs=10|ms=10,HDBSCAN,10008,470,0,,0,0,0,0,0,0,0.1829787234042553,1.0
Canonical cross-cohort robustness,scenario_pipeline_v3_economic_validity,technology_revenue_25m,Technology companies with revenue >= $25M,HDBSCAN Pareto representative,HDBSCAN|mcs=10|ms=10,HDBSCAN,10009,469,0,,0,0,0,0,0,0,0.18763326226012794,1.0
Canonical cross-cohort robustness,scenario_pipeline_v3_economic_validity,technology_revenue_25m,Technology companies with revenue >= $25M,HDBSCAN Pareto representative,HDBSCAN|mcs=10|ms=10,HDBSCAN,10010,469,0,,0,0,0,0,0,0,0.1812366737739872,1.0
Canonical cross-cohort robustness,scenario_pipeline_v3_economic_validity,technology_revenue_25m,Technology companies with revenue >= $25M,HDBSCAN Pareto representative,HDBSCAN|mcs=10|ms=10,HDBSCAN,10011,469,377,1.0,377,2,2,2,0,0,0.19402985074626866,0.14498933901918976
Canonical cross-cohort robustness,scenario_pipeline_v3_economic_validity,technology_revenue_25m,Technology companies with revenue >= $25M,HDBSCAN Pareto representative,HDBSCAN|mcs=10|ms=10,HDBSCAN,10012,469,393,1.0,393,2,2,2,0,0,0.16204690831556504,0.08528784648187633
Canonical cross-cohort robustness,scenario_pipeline_v3_economic_validity,technology_revenue_25m,Technology companies with revenue >= $25M,HDBSCAN Pareto representative,HDBSCAN|mcs=10|ms=10,HDBSCAN,10013,470,0,,0,0,0,0,0,0,0.1702127659574468,1.0
Canonical cross-cohort robustness,scenario_pipeline_v3_economic_validity,technology_revenue_25m,Technology companies with revenue >= $25M,HDBSCAN Pareto representative,HDBSCAN|mcs=10|ms=10,HDBSCAN,10014,470,383,0.9973890339425587,382,2,2,2,0,0,0.1723404255319149,0.18085106382978725
Canonical cross-cohort robustness,scenario_pipeline_v3_economic_validity,technology_revenue_25m,Technology companies with revenue >= $25M,HDBSCAN Pareto representative,HDBSCAN|mcs=10|ms=10,HDBSCAN,10015,470,377,1.0,377,2,2,2,0,0,0.17446808510638298,0.19148936170212766
Canonical cross-cohort robustness,scenario_pipeline_v3_economic_validity,technology_revenue_25m,Technology companies with revenue >= $25M,HDBSCAN Pareto representative,HDBSCAN|mcs=10|ms=10,HDBSCAN,10016,469,0,,0,0,0,0,0,0,0.18336886993603413,1.0
Canonical cross-cohort robustness,scenario_pipeline_v3_economic_validity,technology_revenue_25m,Technology companies with revenue >= $25M,HDBSCAN Pareto representative,HDBSCAN|mcs=10|ms=10,HDBSCAN,10017,471,0,,0,0,0,0,0,0,0.18471337579617833,1.0
Canonical cross-cohort robustness,scenario_pipeline_v3_economic_validity,technology_revenue_25m,Technology companies with revenue >= $25M,HDBSCAN Pareto representative,HDBSCAN|mcs=10|ms=10,HDBSCAN,10018,472,372,1.0,372,2,2,2,0,0,0.19491525423728814,0.2033898305084746
Canonical cross-cohort robustness,scenario_pipeline_v3_economic_validity,technology_revenue_25m,Technology companies with revenue >= $25M,HDBSCAN Pareto representative,HDBSCAN|mcs=10|ms=10,HDBSCAN,10019,470,23,0.5652173913043478,13,1,2,1,0,1,0.18085106382978725,0.951063829787234
Canonical cross-cohort robustness,scenario_pipeline_v3_economic_validity,healthcare_revenue_50m,Healthcare companies with revenue >= $50M,Full-assignment candidate,Full Assignment|Agglomerative,Agglomerative,10000,355,355,1.0,355,2,2,2,0,0,0.0,0.0
Canonical cross-cohort robustness,scenario_pipeline_v3_economic_validity,healthcare_revenue_50m,Healthcare companies with revenue >= $50M,Full-assignment candidate,Full Assignment|Agglomerative,Agglomerative,10001,355,355,0.9971830985915493,354,2,2,2,0,0,0.0,0.0
Canonical cross-cohort robustness,scenario_pipeline_v3_economic_validity,healthcare_revenue_50m,Healthcare companies with revenue >= $50M,Full-assignment candidate,Full Assignment|Agglomerative,Agglomerative,10002,355,355,0.9943661971830986,353,2,2,2,0,0,0.0,0.0
Canonical cross-cohort robustness,scenario_pipeline_v3_economic_validity,healthcare_revenue_50m,Healthcare companies with revenue >= $50M,Full-assignment candidate,Full Assignment|Agglomerative,Agglomerative,10003,355,355,0.971830985915493,345,2,2,2,0,0,0.0,0.0
Canonical cross-cohort robustness,scenario_pipeline_v3_economic_validity,healthcare_revenue_50m,Healthcare companies with revenue >= $50M,Full-assignment candidate,Full Assignment|Agglomerative,Agglomerative,10004,355,355,0.9971830985915493,354,2,2,2,0,0,0.0,0.0
Canonical cross-cohort robustness,scenario_pipeline_v3_economic_validity,healthcare_revenue_50m,Healthcare companies with revenue >= $50M,Full-assignment candidate,Full Assignment|Agglomerative,Agglomerative,10005,355,355,0.9971830985915493,354,2,2,2,0,0,0.0,0.0
Canonical cross-cohort robustness,scenario_pipeline_v3_economic_validity,healthcare_revenue_50m,Healthcare companies with revenue >= $50M,Full-assignment candidate,Full Assignment|Agglomerative,Agglomerative,10006,355,355,0.9859154929577465,350,2,2,2,0,0,0.0,0.0
Canonical cross-cohort robustness,scenario_pipeline_v3_economic_validity,healthcare_revenue_50m,Healthcare companies with revenue >= $50M,Full-assignment candidate,Full Assignment|Agglomerative,Agglomerative,10007,355,355,0.9971830985915493,354,2,2,2,0,0,0.0,0.0
Canonical cross-cohort robustness,scenario_pipeline_v3_economic_validity,healthcare_revenue_50m,Healthcare companies with revenue >= $50M,Full-assignment candidate,Full Assignment|Agglomerative,Agglomerative,10008,355,355,0.9887323943661972,351,2,2,2,0,0,0.0,0.0
Canonical cross-cohort robustness,scenario_pipeline_v3_economic_validity,healthcare_revenue_50m,Healthcare companies with revenue >= $50M,Full-assignment candidate,Full Assignment|Agglomerative,Agglomerative,10009,355,355,0.9661971830985916,343,2,2,2,0,0,0.0,0.0
Canonical cross-cohort robustness,scenario_pipeline_v3_economic_validity,healthcare_revenue_50m,Healthcare companies with revenue >= $50M,Full-assignment candidate,Full Assignment|Agglomerative,Agglomerative,10010,355,355,0.9971830985915493,354,2,2,2,0,0,0.0,0.0
Canonical cross-cohort robustness,scenario_pipeline_v3_economic_validity,healthcare_revenue_50m,Healthcare companies with revenue >= $50M,Full-assignment candidate,Full Assignment|Agglomerative,Agglomerative,10011,355,355,0.9971830985915493,354,2,2,2,0,0,0.0,0.0
Canonical cross-cohort robustness,scenario_pipeline_v3_economic_validity,healthcare_revenue_50m,Healthcare companies with revenue >= $50M,Full-assignment candidate,Full Assignment|Agglomerative,Agglomerative,10012,355,355,0.9690140845070423,344,2,2,2,0,0,0.0,0.0
Canonical cross-cohort robustness,scenario_pipeline_v3_economic_validity,healthcare_revenue_50m,Healthcare companies with revenue >= $50M,Full-assignment candidate,Full Assignment|Agglomerative,Agglomerative,10013,355,355,0.9887323943661972,351,2,2,2,0,0,0.0,0.0
Canonical cross-cohort robustness,scenario_pipeline_v3_economic_validity,healthcare_revenue_50m,Healthcare companies with revenue >= $50M,Full-assignment candidate,Full Assignment|Agglomerative,Agglomerative,10014,355,355,0.9971830985915493,354,2,2,2,0,0,0.0,0.0
Canonical cross-cohort robustness,scenario_pipeline_v3_economic_validity,healthcare_revenue_50m,Healthcare companies with revenue >= $50M,Full-assignment candidate,Full Assignment|Agglomerative,Agglomerative,10015,355,355,0.9746478873239437,346,2,2,2,0,0,0.0,0.0
Canonical cross-cohort robustness,scenario_pipeline_v3_economic_validity,healthcare_revenue_50m,Healthcare companies with revenue >= $50M,Full-assignment candidate,Full Assignment|Agglomerative,Agglomerative,10016,355,355,0.9690140845070423,344,2,2,2,0,0,0.0,0.0
Canonical cross-cohort robustness,scenario_pipeline_v3_economic_validity,healthcare_revenue_50m,Healthcare companies with revenue >= $50M,Full-assignment candidate,Full Assignment|Agglomerative,Agglomerative,10017,355,355,0.9295774647887324,330,2,2,2,0,0,0.0,0.0
Canonical cross-cohort robustness,scenario_pipeline_v3_economic_validity,healthcare_revenue_50m,Healthcare companies with revenue >= $50M,Full-assignment candidate,Full Assignment|Agglomerative,Agglomerative,10018,355,355,0.9549295774647887,339,2,2,2,0,0,0.0,0.0
Canonical cross-cohort robustness,scenario_pipeline_v3_economic_validity,healthcare_revenue_50m,Healthcare companies with revenue >= $50M,Full-assignment candidate,Full Assignment|Agglomerative,Agglomerative,10019,355,355,0.9830985915492958,349,2,2,2,0,0,0.0,0.0
Canonical cross-cohort robustness,scenario_pipeline_v3_economic_validity,healthcare_revenue_50m,Healthcare companies with revenue >= $50M,Full-assignment candidate,Full Assignment|K-Means,K-Means,10000,355,355,0.9943661971830986,353,2,2,2,0,0,0.0,0.0
Canonical cross-cohort robustness,scenario_pipeline_v3_economic_validity,healthcare_revenue_50m,Healthcare companies with revenue >= $50M,Full-assignment candidate,Full Assignment|K-Means,K-Means,10001,355,355,0.9830985915492958,349,2,2,2,0,0,0.0,0.0
Canonical cross-cohort robustness,scenario_pipeline_v3_economic_validity,healthcare_revenue_50m,Healthcare companies with revenue >= $50M,Full-assignment candidate,Full Assignment|K-Means,K-Means,10002,355,355,0.9943661971830986,353,2,2,2,0,0,0.0,0.0
Canonical cross-cohort robustness,scenario_pipeline_v3_economic_validity,healthcare_revenue_50m,Healthcare companies with revenue >= $50M,Full-assignment candidate,Full Assignment|K-Means,K-Means,10003,355,355,0.9943661971830986,353,2,2,2,0,0,0.0,0.0
Canonical cross-cohort robustness,scenario_pipeline_v3_economic_validity,healthcare_revenue_50m,Healthcare companies with revenue >= $50M,Full-assignment candidate,Full Assignment|K-Means,K-Means,10004,355,355,1.0,355,2,2,2,0,0,0.0,0.0
Canonical cross-cohort robustness,scenario_pipeline_v3_economic_validity,healthcare_revenue_50m,Healthcare companies with revenue >= $50M,Full-assignment candidate,Full Assignment|K-Means,K-Means,10005,355,355,1.0,355,2,2,2,0,0,0.0,0.0
Canonical cross-cohort robustness,scenario_pipeline_v3_economic_validity,healthcare_revenue_50m,Healthcare companies with revenue >= $50M,Full-assignment candidate,Full Assignment|K-Means,K-Means,10006,355,355,0.9971830985915493,354,2,2,2,0,0,0.0,0.0
Canonical cross-cohort robustness,scenario_pipeline_v3_economic_validity,healthcare_revenue_50m,Healthcare companies with revenue >= $50M,Full-assignment candidate,Full Assignment|K-Means,K-Means,10007,355,355,0.9915492957746479,352,2,2,2,0,0,0.0,0.0
Canonical cross-cohort robustness,scenario_pipeline_v3_economic_validity,healthcare_revenue_50m,Healthcare companies with revenue >= $50M,Full-assignment candidate,Full Assignment|K-Means,K-Means,10008,355,355,0.9830985915492958,349,2,2,2,0,0,0.0,0.0
Canonical cross-cohort robustness,scenario_pipeline_v3_economic_validity,healthcare_revenue_50m,Healthcare companies with revenue >= $50M,Full-assignment candidate,Full Assignment|K-Means,K-Means,10009,355,355,0.9971830985915493,354,2,2,2,0,0,0.0,0.0
Canonical cross-cohort robustness,scenario_pipeline_v3_economic_validity,healthcare_revenue_50m,Healthcare companies with revenue >= $50M,Full-assignment candidate,Full Assignment|K-Means,K-Means,10010,355,355,0.9971830985915493,354,2,2,2,0,0,0.0,0.0
Canonical cross-cohort robustness,scenario_pipeline_v3_economic_validity,healthcare_revenue_50m,Healthcare companies with revenue >= $50M,Full-assignment candidate,Full Assignment|K-Means,K-Means,10011,355,355,0.9943661971830986,353,2,2,2,0,0,0.0,0.0
Canonical cross-cohort robustness,scenario_pipeline_v3_economic_validity,healthcare_revenue_50m,Healthcare companies with revenue >= $50M,Full-assignment candidate,Full Assignment|K-Means,K-Means,10012,355,355,1.0,355,2,2,2,0,0,0.0,0.0
Canonical cross-cohort robustness,scenario_pipeline_v3_economic_validity,healthcare_revenue_50m,Healthcare companies with revenue >= $50M,Full-assignment candidate,Full Assignment|K-Means,K-Means,10013,355,355,0.9943661971830986,353,2,2,2,0,0,0.0,0.0
Canonical cross-cohort robustness,scenario_pipeline_v3_economic_validity,healthcare_revenue_50m,Healthcare companies with revenue >= $50M,Full-assignment candidate,Full Assignment|K-Means,K-Means,10014,355,355,0.9943661971830986,353,2,2,2,0,0,0.0,0.0
Canonical cross-cohort robustness,scenario_pipeline_v3_economic_validity,healthcare_revenue_50m,Healthcare companies with revenue >= $50M,Full-assignment candidate,Full Assignment|K-Means,K-Means,10015,355,355,1.0,355,2,2,2,0,0,0.0,0.0
Canonical cross-cohort robustness,scenario_pipeline_v3_economic_validity,healthcare_revenue_50m,Healthcare companies with revenue >= $50M,Full-assignment candidate,Full Assignment|K-Means,K-Means,10016,355,355,0.9943661971830986,353,2,2,2,0,0,0.0,0.0
Canonical cross-cohort robustness,scenario_pipeline_v3_economic_validity,healthcare_revenue_50m,Healthcare companies with revenue >= $50M,Full-assignment candidate,Full Assignment|K-Means,K-Means,10017,355,355,1.0,355,2,2,2,0,0,0.0,0.0
Canonical cross-cohort robustness,scenario_pipeline_v3_economic_validity,healthcare_revenue_50m,Healthcare companies with revenue >= $50M,Full-assignment candidate,Full Assignment|K-Means,K-Means,10018,355,355,0.9830985915492958,349,2,2,2,0,0,0.0,0.0
Canonical cross-cohort robustness,scenario_pipeline_v3_economic_validity,healthcare_revenue_50m,Healthcare companies with revenue >= $50M,Full-assignment candidate,Full Assignment|K-Means,K-Means,10019,355,355,1.0,355,2,2,2,0,0,0.0,0.0
Canonical cross-cohort robustness,scenario_pipeline_v3_economic_validity,healthcare_revenue_50m,Healthcare companies with revenue >= $50M,Full-assignment candidate,Full Assignment|Gaussian Mixture,Gaussian Mixture,10000,355,355,0.8873239436619719,315,2,2,2,0,0,0.0,0.0
Canonical cross-cohort robustness,scenario_pipeline_v3_economic_validity,healthcare_revenue_50m,Healthcare companies with revenue >= $50M,Full-assignment candidate,Full Assignment|Gaussian Mixture,Gaussian Mixture,10001,355,355,0.9943661971830986,353,2,2,2,0,0,0.0,0.0
Canonical cross-cohort robustness,scenario_pipeline_v3_economic_validity,healthcare_revenue_50m,Healthcare companies with revenue >= $50M,Full-assignment candidate,Full Assignment|Gaussian Mixture,Gaussian Mixture,10002,355,355,0.856338028169014,304,2,2,2,0,0,0.0,0.0
Canonical cross-cohort robustness,scenario_pipeline_v3_economic_validity,healthcare_revenue_50m,Healthcare companies with revenue >= $50M,Full-assignment candidate,Full Assignment|Gaussian Mixture,Gaussian Mixture,10003,355,355,0.8929577464788733,317,2,2,2,0,0,0.0,0.0
Canonical cross-cohort robustness,scenario_pipeline_v3_economic_validity,healthcare_revenue_50m,Healthcare companies with revenue >= $50M,Full-assignment candidate,Full Assignment|Gaussian Mixture,Gaussian Mixture,10004,355,355,0.9211267605633803,327,2,2,2,0,0,0.0,0.0
Canonical cross-cohort robustness,scenario_pipeline_v3_economic_validity,healthcare_revenue_50m,Healthcare companies with revenue >= $50M,Full-assignment candidate,Full Assignment|Gaussian Mixture,Gaussian Mixture,10005,355,355,0.8676056338028169,308,2,2,2,0,0,0.0,0.0
Canonical cross-cohort robustness,scenario_pipeline_v3_economic_validity,healthcare_revenue_50m,Healthcare companies with revenue >= $50M,Full-assignment candidate,Full Assignment|Gaussian Mixture,Gaussian Mixture,10006,355,355,0.9887323943661972,351,2,2,2,0,0,0.0,0.0
Canonical cross-cohort robustness,scenario_pipeline_v3_economic_validity,healthcare_revenue_50m,Healthcare companies with revenue >= $50M,Full-assignment candidate,Full Assignment|Gaussian Mixture,Gaussian Mixture,10007,355,355,0.8760563380281691,311,2,2,2,0,0,0.0,0.0
Canonical cross-cohort robustness,scenario_pipeline_v3_economic_validity,healthcare_revenue_50m,Healthcare companies with revenue >= $50M,Full-assignment candidate,Full Assignment|Gaussian Mixture,Gaussian Mixture,10008,355,355,0.9211267605633803,327,2,2,2,0,0,0.0,0.0
Canonical cross-cohort robustness,scenario_pipeline_v3_economic_validity,healthcare_revenue_50m,Healthcare companies with revenue >= $50M,Full-assignment candidate,Full Assignment|Gaussian Mixture,Gaussian Mixture,10009,355,355,0.9577464788732394,340,2,2,2,0,0,0.0,0.0
Canonical cross-cohort robustness,scenario_pipeline_v3_economic_validity,healthcare_revenue_50m,Healthcare companies with revenue >= $50M,Full-assignment candidate,Full Assignment|Gaussian Mixture,Gaussian Mixture,10010,355,355,0.9126760563380282,324,2,2,2,0,0,0.0,0.0
Canonical cross-cohort robustness,scenario_pipeline_v3_economic_validity,healthcare_revenue_50m,Healthcare companies with revenue >= $50M,Full-assignment candidate,Full Assignment|Gaussian Mixture,Gaussian Mixture,10011,355,355,0.9915492957746479,352,2,2,2,0,0,0.0,0.0
Canonical cross-cohort robustness,scenario_pipeline_v3_economic_validity,healthcare_revenue_50m,Healthcare companies with revenue >= $50M,Full-assignment candidate,Full Assignment|Gaussian Mixture,Gaussian Mixture,10012,355,355,0.9267605633802817,329,2,2,2,0,0,0.0,0.0
Canonical cross-cohort robustness,scenario_pipeline_v3_economic_validity,healthcare_revenue_50m,Healthcare companies with revenue >= $50M,Full-assignment candidate,Full Assignment|Gaussian Mixture,Gaussian Mixture,10013,355,355,0.952112676056338,338,2,2,2,0,0,0.0,0.0
Canonical cross-cohort robustness,scenario_pipeline_v3_economic_validity,healthcare_revenue_50m,Healthcare companies with revenue >= $50M,Full-assignment candidate,Full Assignment|Gaussian Mixture,Gaussian Mixture,10014,355,355,0.8816901408450705,313,2,2,2,0,0,0.0,0.0
Canonical cross-cohort robustness,scenario_pipeline_v3_economic_validity,healthcare_revenue_50m,Healthcare companies with revenue >= $50M,Full-assignment candidate,Full Assignment|Gaussian Mixture,Gaussian Mixture,10015,355,355,0.9436619718309859,335,2,2,2,0,0,0.0,0.0
Canonical cross-cohort robustness,scenario_pipeline_v3_economic_validity,healthcare_revenue_50m,Healthcare companies with revenue >= $50M,Full-assignment candidate,Full Assignment|Gaussian Mixture,Gaussian Mixture,10016,355,355,0.9802816901408451,348,2,2,2,0,0,0.0,0.0
Canonical cross-cohort robustness,scenario_pipeline_v3_economic_validity,healthcare_revenue_50m,Healthcare companies with revenue >= $50M,Full-assignment candidate,Full Assignment|Gaussian Mixture,Gaussian Mixture,10017,355,355,0.9633802816901409,342,2,2,2,0,0,0.0,0.0
Canonical cross-cohort robustness,scenario_pipeline_v3_economic_validity,healthcare_revenue_50m,Healthcare companies with revenue >= $50M,Full-assignment candidate,Full Assignment|Gaussian Mixture,Gaussian Mixture,10018,355,355,0.9690140845070423,344,2,2,2,0,0,0.0,0.0
Canonical cross-cohort robustness,scenario_pipeline_v3_economic_validity,healthcare_revenue_50m,Healthcare companies with revenue >= $50M,Full-assignment candidate,Full Assignment|Gaussian Mixture,Gaussian Mixture,10019,355,355,0.9098591549295775,323,2,2,2,0,0,0.0,0.0
Canonical cross-cohort robustness,scenario_pipeline_v3_economic_validity,healthcare_revenue_50m,Healthcare companies with revenue >= $50M,HDBSCAN Pareto representative,HDBSCAN|mcs=10|ms=5,HDBSCAN,10000,355,303,1.0,303,3,3,3,0,0,0.1323943661971831,0.12394366197183099
Canonical cross-cohort robustness,scenario_pipeline_v3_economic_validity,healthcare_revenue_50m,Healthcare companies with revenue >= $50M,HDBSCAN Pareto representative,HDBSCAN|mcs=10|ms=5,HDBSCAN,10001,355,299,1.0,299,3,3,3,0,0,0.14366197183098592,0.14366197183098592
Canonical cross-cohort robustness,scenario_pipeline_v3_economic_validity,healthcare_revenue_50m,Healthcare companies with revenue >= $50M,HDBSCAN Pareto representative,HDBSCAN|mcs=10|ms=5,HDBSCAN,10002,355,297,0.9966329966329966,296,3,3,3,0,0,0.1323943661971831,0.15492957746478872
Canonical cross-cohort robustness,scenario_pipeline_v3_economic_validity,healthcare_revenue_50m,Healthcare companies with revenue >= $50M,HDBSCAN Pareto representative,HDBSCAN|mcs=10|ms=5,HDBSCAN,10003,355,302,1.0,302,3,3,3,0,0,0.12112676056338029,0.14366197183098592
Canonical cross-cohort robustness,scenario_pipeline_v3_economic_validity,healthcare_revenue_50m,Healthcare companies with revenue >= $50M,HDBSCAN Pareto representative,HDBSCAN|mcs=10|ms=5,HDBSCAN,10004,355,303,1.0,303,3,3,3,0,0,0.13802816901408452,0.11830985915492957
Canonical cross-cohort robustness,scenario_pipeline_v3_economic_validity,healthcare_revenue_50m,Healthcare companies with revenue >= $50M,HDBSCAN Pareto representative,HDBSCAN|mcs=10|ms=5,HDBSCAN,10005,355,297,0.9966329966329966,296,3,3,3,0,0,0.1295774647887324,0.15211267605633802
Canonical cross-cohort robustness,scenario_pipeline_v3_economic_validity,healthcare_revenue_50m,Healthcare companies with revenue >= $50M,HDBSCAN Pareto representative,HDBSCAN|mcs=10|ms=5,HDBSCAN,10006,355,303,1.0,303,3,3,3,0,0,0.1352112676056338,0.1352112676056338
Canonical cross-cohort robustness,scenario_pipeline_v3_economic_validity,healthcare_revenue_50m,Healthcare companies with revenue >= $50M,HDBSCAN Pareto representative,HDBSCAN|mcs=10|ms=5,HDBSCAN,10007,355,295,1.0,295,3,3,3,0,0,0.1352112676056338,0.15492957746478872
Canonical cross-cohort robustness,scenario_pipeline_v3_economic_validity,healthcare_revenue_50m,Healthcare companies with revenue >= $50M,HDBSCAN Pareto representative,HDBSCAN|mcs=10|ms=5,HDBSCAN,10008,355,305,1.0,305,3,3,3,0,0,0.1323943661971831,0.11830985915492957
Canonical cross-cohort robustness,scenario_pipeline_v3_economic_validity,healthcare_revenue_50m,Healthcare companies with revenue >= $50M,HDBSCAN Pareto representative,HDBSCAN|mcs=10|ms=5,HDBSCAN,10009,355,289,1.0,289,3,3,3,0,0,0.1323943661971831,0.18591549295774648
Canonical cross-cohort robustness,scenario_pipeline_v3_economic_validity,healthcare_revenue_50m,Healthcare companies with revenue >= $50M,HDBSCAN Pareto representative,HDBSCAN|mcs=10|ms=5,HDBSCAN,10010,355,296,1.0,296,3,3,3,0,0,0.1295774647887324,0.16619718309859155
Canonical cross-cohort robustness,scenario_pipeline_v3_economic_validity,healthcare_revenue_50m,Healthcare companies with revenue >= $50M,HDBSCAN Pareto representative,HDBSCAN|mcs=10|ms=5,HDBSCAN,10011,355,295,1.0,295,3,3,3,0,0,0.13802816901408452,0.16619718309859155
Canonical cross-cohort robustness,scenario_pipeline_v3_economic_validity,healthcare_revenue_50m,Healthcare companies with revenue >= $50M,HDBSCAN Pareto representative,HDBSCAN|mcs=10|ms=5,HDBSCAN,10012,355,297,0.9831649831649831,292,3,3,3,0,0,0.13802816901408452,0.16056338028169015
Canonical cross-cohort robustness,scenario_pipeline_v3_economic_validity,healthcare_revenue_50m,Healthcare companies with revenue >= $50M,HDBSCAN Pareto representative,HDBSCAN|mcs=10|ms=5,HDBSCAN,10013,355,304,1.0,304,3,3,3,0,0,0.14084507042253522,0.08450704225352113
Canonical cross-cohort robustness,scenario_pipeline_v3_economic_validity,healthcare_revenue_50m,Healthcare companies with revenue >= $50M,HDBSCAN Pareto representative,HDBSCAN|mcs=10|ms=5,HDBSCAN,10014,355,305,1.0,305,3,3,3,0,0,0.1323943661971831,0.10704225352112676
Canonical cross-cohort robustness,scenario_pipeline_v3_economic_validity,healthcare_revenue_50m,Healthcare companies with revenue >= $50M,HDBSCAN Pareto representative,HDBSCAN|mcs=10|ms=5,HDBSCAN,10015,355,300,1.0,300,2,2,2,0,0,0.12112676056338029,0.14084507042253522
Canonical cross-cohort robustness,scenario_pipeline_v3_economic_validity,healthcare_revenue_50m,Healthcare companies with revenue >= $50M,HDBSCAN Pareto representative,HDBSCAN|mcs=10|ms=5,HDBSCAN,10016,355,298,0.9798657718120806,292,3,3,3,0,0,0.14084507042253522,0.14647887323943662
Canonical cross-cohort robustness,scenario_pipeline_v3_economic_validity,healthcare_revenue_50m,Healthcare companies with revenue >= $50M,HDBSCAN Pareto representative,HDBSCAN|mcs=10|ms=5,HDBSCAN,10017,355,291,1.0,291,3,3,3,0,0,0.1295774647887324,0.17746478873239438
Canonical cross-cohort robustness,scenario_pipeline_v3_economic_validity,healthcare_revenue_50m,Healthcare companies with revenue >= $50M,HDBSCAN Pareto representative,HDBSCAN|mcs=10|ms=5,HDBSCAN,10018,355,294,0.9829931972789115,289,3,3,3,0,0,0.15211267605633802,0.15492957746478872
Canonical cross-cohort robustness,scenario_pipeline_v3_economic_validity,healthcare_revenue_50m,Healthcare companies with revenue >= $50M,HDBSCAN Pareto representative,HDBSCAN|mcs=10|ms=5,HDBSCAN,10019,355,290,1.0,290,3,3,3,0,0,0.1323943661971831,0.18028169014084508
Canonical cross-cohort robustness,scenario_pipeline_v3_economic_validity,healthcare_revenue_50m,Healthcare companies with revenue >= $50M,HDBSCAN Pareto representative,HDBSCAN|mcs=10|ms=15,HDBSCAN,10000,355,268,1.0,268,2,2,2,0,0,0.24225352112676057,0.17464788732394365
Canonical cross-cohort robustness,scenario_pipeline_v3_economic_validity,healthcare_revenue_50m,Healthcare companies with revenue >= $50M,HDBSCAN Pareto representative,HDBSCAN|mcs=10|ms=15,HDBSCAN,10001,355,0,,0,0,0,0,0,0,0.2535211267605634,1.0
Canonical cross-cohort robustness,scenario_pipeline_v3_economic_validity,healthcare_revenue_50m,Healthcare companies with revenue >= $50M,HDBSCAN Pareto representative,HDBSCAN|mcs=10|ms=15,HDBSCAN,10002,355,259,0.9961389961389961,258,2,2,2,0,0,0.2591549295774648,0.23098591549295774
Canonical cross-cohort robustness,scenario_pipeline_v3_economic_validity,healthcare_revenue_50m,Healthcare companies with revenue >= $50M,HDBSCAN Pareto representative,HDBSCAN|mcs=10|ms=15,HDBSCAN,10003,355,254,0.9960629921259843,253,2,2,2,0,0,0.24507042253521127,0.2704225352112676
Canonical cross-cohort robustness,scenario_pipeline_v3_economic_validity,healthcare_revenue_50m,Healthcare companies with revenue >= $50M,HDBSCAN Pareto representative,HDBSCAN|mcs=10|ms=15,HDBSCAN,10004,355,252,1.0,252,2,2,2,0,0,0.2647887323943662,0.22535211267605634
Canonical cross-cohort robustness,scenario_pipeline_v3_economic_validity,healthcare_revenue_50m,Healthcare companies with revenue >= $50M,HDBSCAN Pareto representative,HDBSCAN|mcs=10|ms=15,HDBSCAN,10005,355,256,1.0,256,2,2,2,0,0,0.24788732394366197,0.22816901408450704
Canonical cross-cohort robustness,scenario_pipeline_v3_economic_validity,healthcare_revenue_50m,Healthcare companies with revenue >= $50M,HDBSCAN Pareto representative,HDBSCAN|mcs=10|ms=15,HDBSCAN,10006,355,264,1.0,264,2,2,2,0,0,0.2507042253521127,0.19436619718309858
Canonical cross-cohort robustness,scenario_pipeline_v3_economic_validity,healthcare_revenue_50m,Healthcare companies with revenue >= $50M,HDBSCAN Pareto representative,HDBSCAN|mcs=10|ms=15,HDBSCAN,10007,355,258,1.0,258,2,2,2,0,0,0.24507042253521127,0.22535211267605634
Canonical cross-cohort robustness,scenario_pipeline_v3_economic_validity,healthcare_revenue_50m,Healthcare companies with revenue >= $50M,HDBSCAN Pareto representative,HDBSCAN|mcs=10|ms=15,HDBSCAN,10008,355,253,1.0,253,2,2,2,0,0,0.2619718309859155,0.19718309859154928
Canonical cross-cohort robustness,scenario_pipeline_v3_economic_validity,healthcare_revenue_50m,Healthcare companies with revenue >= $50M,HDBSCAN Pareto representative,HDBSCAN|mcs=10|ms=15,HDBSCAN,10009,355,248,0.9959677419354839,247,2,2,2,0,0,0.23943661971830985,0.29859154929577464
Canonical cross-cohort robustness,scenario_pipeline_v3_economic_validity,healthcare_revenue_50m,Healthcare companies with revenue >= $50M,HDBSCAN Pareto representative,HDBSCAN|mcs=10|ms=15,HDBSCAN,10010,355,248,1.0,248,2,2,2,0,0,0.2507042253521127,0.29859154929577464
Canonical cross-cohort robustness,scenario_pipeline_v3_economic_validity,healthcare_revenue_50m,Healthcare companies with revenue >= $50M,HDBSCAN Pareto representative,HDBSCAN|mcs=10|ms=15,HDBSCAN,10011,355,251,0.9960159362549801,250,2,2,2,0,0,0.2619718309859155,0.2563380281690141
Canonical cross-cohort robustness,scenario_pipeline_v3_economic_validity,healthcare_revenue_50m,Healthcare companies with revenue >= $50M,HDBSCAN Pareto representative,HDBSCAN|mcs=10|ms=15,HDBSCAN,10012,355,255,0.996078431372549,254,2,2,2,0,0,0.24788732394366197,0.22535211267605634
Canonical cross-cohort robustness,scenario_pipeline_v3_economic_validity,healthcare_revenue_50m,Healthcare companies with revenue >= $50M,HDBSCAN Pareto representative,HDBSCAN|mcs=10|ms=15,HDBSCAN,10013,355,256,1.0,256,2,2,2,0,0,0.2535211267605634,0.2028169014084507
Canonical cross-cohort robustness,scenario_pipeline_v3_economic_validity,healthcare_revenue_50m,Healthcare companies with revenue >= $50M,HDBSCAN Pareto representative,HDBSCAN|mcs=10|ms=15,HDBSCAN,10014,355,256,1.0,256,2,2,2,0,0,0.2507042253521127,0.22816901408450704
Canonical cross-cohort robustness,scenario_pipeline_v3_economic_validity,healthcare_revenue_50m,Healthcare companies with revenue >= $50M,HDBSCAN Pareto representative,HDBSCAN|mcs=10|ms=15,HDBSCAN,10015,355,261,0.9961685823754789,260,2,2,2,0,0,0.23380281690140844,0.2056338028169014
Canonical cross-cohort robustness,scenario_pipeline_v3_economic_validity,healthcare_revenue_50m,Healthcare companies with revenue >= $50M,HDBSCAN Pareto representative,HDBSCAN|mcs=10|ms=15,HDBSCAN,10016,355,254,1.0,254,2,2,2,0,0,0.2676056338028169,0.2084507042253521
Canonical cross-cohort robustness,scenario_pipeline_v3_economic_validity,healthcare_revenue_50m,Healthcare companies with revenue >= $50M,HDBSCAN Pareto representative,HDBSCAN|mcs=10|ms=15,HDBSCAN,10017,355,261,0.9540229885057471,249,2,3,2,0,1,0.24788732394366197,0.24225352112676057
Canonical cross-cohort robustness,scenario_pipeline_v3_economic_validity,healthcare_revenue_50m,Healthcare companies with revenue >= $50M,HDBSCAN Pareto representative,HDBSCAN|mcs=10|ms=15,HDBSCAN,10018,355,256,1.0,256,2,2,2,0,0,0.2591549295774648,0.21971830985915494
Canonical cross-cohort robustness,scenario_pipeline_v3_economic_validity,healthcare_revenue_50m,Healthcare companies with revenue >= $50M,HDBSCAN Pareto representative,HDBSCAN|mcs=10|ms=15,HDBSCAN,10019,355,253,1.0,253,2,2,2,0,0,0.2563380281690141,0.22253521126760564
Canonical cross-cohort robustness,scenario_pipeline_v3_economic_validity,healthcare_revenue_50m,Healthcare companies with revenue >= $50M,HDBSCAN Pareto representative,HDBSCAN|mcs=15|ms=10,HDBSCAN,10000,355,261,1.0,261,2,2,2,0,0,0.2591549295774648,0.16338028169014085
Canonical cross-cohort robustness,scenario_pipeline_v3_economic_validity,healthcare_revenue_50m,Healthcare companies with revenue >= $50M,HDBSCAN Pareto representative,HDBSCAN|mcs=15|ms=10,HDBSCAN,10001,355,0,,0,0,0,0,0,0,0.27323943661971833,1.0
Canonical cross-cohort robustness,scenario_pipeline_v3_economic_validity,healthcare_revenue_50m,Healthcare companies with revenue >= $50M,HDBSCAN Pareto representative,HDBSCAN|mcs=15|ms=10,HDBSCAN,10002,355,257,0.9961089494163424,256,2,2,2,0,0,0.27323943661971833,0.2084507042253521
Canonical cross-cohort robustness,scenario_pipeline_v3_economic_validity,healthcare_revenue_50m,Healthcare companies with revenue >= $50M,HDBSCAN Pareto representative,HDBSCAN|mcs=15|ms=10,HDBSCAN,10003,355,253,0.9960474308300395,252,2,2,2,0,0,0.2619718309859155,0.28169014084507044
Canonical cross-cohort robustness,scenario_pipeline_v3_economic_validity,healthcare_revenue_50m,Healthcare companies with revenue >= $50M,HDBSCAN Pareto representative,HDBSCAN|mcs=15|ms=10,HDBSCAN,10004,355,255,1.0,255,2,2,2,0,0,0.27887323943661974,0.2112676056338028
Canonical cross-cohort robustness,scenario_pipeline_v3_economic_validity,healthcare_revenue_50m,Healthcare companies with revenue >= $50M,HDBSCAN Pareto representative,HDBSCAN|mcs=15|ms=10,HDBSCAN,10005,355,261,1.0,261,2,2,2,0,0,0.2619718309859155,0.2028169014084507
Canonical cross-cohort robustness,scenario_pipeline_v3_economic_validity,healthcare_revenue_50m,Healthcare companies with revenue >= $50M,HDBSCAN Pareto representative,HDBSCAN|mcs=15|ms=10,HDBSCAN,10006,355,255,0.996078431372549,254,2,2,2,0,0,0.27887323943661974,0.2084507042253521
Canonical cross-cohort robustness,scenario_pipeline_v3_economic_validity,healthcare_revenue_50m,Healthcare companies with revenue >= $50M,HDBSCAN Pareto representative,HDBSCAN|mcs=15|ms=10,HDBSCAN,10007,355,260,0.9961538461538462,259,2,2,2,0,0,0.2591549295774648,0.2563380281690141
Canonical cross-cohort robustness,scenario_pipeline_v3_economic_validity,healthcare_revenue_50m,Healthcare companies with revenue >= $50M,HDBSCAN Pareto representative,HDBSCAN|mcs=15|ms=10,HDBSCAN,10008,355,257,1.0,257,2,2,2,0,0,0.27323943661971833,0.15492957746478872
Canonical cross-cohort robustness,scenario_pipeline_v3_economic_validity,healthcare_revenue_50m,Healthcare companies with revenue >= $50M,HDBSCAN Pareto representative,HDBSCAN|mcs=15|ms=10,HDBSCAN,10009,355,254,0.9960629921259843,253,2,2,2,0,0,0.2647887323943662,0.27887323943661974
Canonical cross-cohort robustness,scenario_pipeline_v3_economic_validity,healthcare_revenue_50m,Healthcare companies with revenue >= $50M,HDBSCAN Pareto representative,HDBSCAN|mcs=15|ms=10,HDBSCAN,10010,355,251,1.0,251,2,2,2,0,0,0.2535211267605634,0.29295774647887324
Canonical cross-cohort robustness,scenario_pipeline_v3_economic_validity,healthcare_revenue_50m,Healthcare companies with revenue >= $50M,HDBSCAN Pareto representative,HDBSCAN|mcs=15|ms=10,HDBSCAN,10011,355,247,1.0,247,2,2,2,0,0,0.27323943661971833,0.30140845070422534
Canonical cross-cohort robustness,scenario_pipeline_v3_economic_validity,healthcare_revenue_50m,Healthcare companies with revenue >= $50M,HDBSCAN Pareto representative,HDBSCAN|mcs=15|ms=10,HDBSCAN,10012,355,259,1.0,259,2,2,2,0,0,0.2647887323943662,0.24788732394366197
Canonical cross-cohort robustness,scenario_pipeline_v3_economic_validity,healthcare_revenue_50m,Healthcare companies with revenue >= $50M,HDBSCAN Pareto representative,HDBSCAN|mcs=15|ms=10,HDBSCAN,10013,355,261,1.0,261,2,2,2,0,0,0.2647887323943662,0.10704225352112676
Canonical cross-cohort robustness,scenario_pipeline_v3_economic_validity,healthcare_revenue_50m,Healthcare companies with revenue >= $50M,HDBSCAN Pareto representative,HDBSCAN|mcs=15|ms=10,HDBSCAN,10014,355,260,1.0,260,2,2,2,0,0,0.2647887323943662,0.17746478873239438
Canonical cross-cohort robustness,scenario_pipeline_v3_economic_validity,healthcare_revenue_50m,Healthcare companies with revenue >= $50M,HDBSCAN Pareto representative,HDBSCAN|mcs=15|ms=10,HDBSCAN,10015,355,269,1.0,269,2,2,2,0,0,0.23943661971830985,0.19718309859154928
Canonical cross-cohort robustness,scenario_pipeline_v3_economic_validity,healthcare_revenue_50m,Healthcare companies with revenue >= $50M,HDBSCAN Pareto representative,HDBSCAN|mcs=15|ms=10,HDBSCAN,10016,355,255,1.0,255,2,2,2,0,0,0.28169014084507044,0.17746478873239438
Canonical cross-cohort robustness,scenario_pipeline_v3_economic_validity,healthcare_revenue_50m,Healthcare companies with revenue >= $50M,HDBSCAN Pareto representative,HDBSCAN|mcs=15|ms=10,HDBSCAN,10017,355,252,0.996031746031746,251,2,2,2,0,0,0.2704225352112676,0.23661971830985915
Canonical cross-cohort robustness,scenario_pipeline_v3_economic_validity,healthcare_revenue_50m,Healthcare companies with revenue >= $50M,HDBSCAN Pareto representative,HDBSCAN|mcs=15|ms=10,HDBSCAN,10018,355,252,1.0,252,2,2,2,0,0,0.28169014084507044,0.2056338028169014
Canonical cross-cohort robustness,scenario_pipeline_v3_economic_validity,healthcare_revenue_50m,Healthcare companies with revenue >= $50M,HDBSCAN Pareto representative,HDBSCAN|mcs=15|ms=10,HDBSCAN,10019,355,255,1.0,255,2,2,2,0,0,0.27605633802816903,0.2591549295774648
Canonical cross-cohort robustness,scenario_pipeline_v3_economic_validity,industrials_revenue_20m,Industrials companies with revenue >= $20M,Full-assignment candidate,Full Assignment|K-Means,K-Means,10000,452,452,0.9933628318584071,449,3,3,3,0,0,0.0,0.0
Canonical cross-cohort robustness,scenario_pipeline_v3_economic_validity,industrials_revenue_20m,Industrials companies with revenue >= $20M,Full-assignment candidate,Full Assignment|K-Means,K-Means,10001,452,452,0.9845132743362832,445,3,3,3,0,0,0.0,0.0
Canonical cross-cohort robustness,scenario_pipeline_v3_economic_validity,industrials_revenue_20m,Industrials companies with revenue >= $20M,Full-assignment candidate,Full Assignment|K-Means,K-Means,10002,452,452,0.995575221238938,450,3,3,3,0,0,0.0,0.0
Canonical cross-cohort robustness,scenario_pipeline_v3_economic_validity,industrials_revenue_20m,Industrials companies with revenue >= $20M,Full-assignment candidate,Full Assignment|K-Means,K-Means,10003,452,452,0.9867256637168141,446,3,3,3,0,0,0.0,0.0
Canonical cross-cohort robustness,scenario_pipeline_v3_economic_validity,industrials_revenue_20m,Industrials companies with revenue >= $20M,Full-assignment candidate,Full Assignment|K-Means,K-Means,10004,452,452,0.9734513274336283,440,3,3,3,0,0,0.0,0.0
Canonical cross-cohort robustness,scenario_pipeline_v3_economic_validity,industrials_revenue_20m,Industrials companies with revenue >= $20M,Full-assignment candidate,Full Assignment|K-Means,K-Means,10005,452,452,0.9889380530973452,447,3,3,3,0,0,0.0,0.0
Canonical cross-cohort robustness,scenario_pipeline_v3_economic_validity,industrials_revenue_20m,Industrials companies with revenue >= $20M,Full-assignment candidate,Full Assignment|K-Means,K-Means,10006,452,452,0.9867256637168141,446,3,3,3,0,0,0.0,0.0
Canonical cross-cohort robustness,scenario_pipeline_v3_economic_validity,industrials_revenue_20m,Industrials companies with revenue >= $20M,Full-assignment candidate,Full Assignment|K-Means,K-Means,10007,452,452,0.9690265486725663,438,3,3,3,0,0,0.0,0.0
Canonical cross-cohort robustness,scenario_pipeline_v3_economic_validity,industrials_revenue_20m,Industrials companies with revenue >= $20M,Full-assignment candidate,Full Assignment|K-Means,K-Means,10008,453,453,0.9801324503311258,444,3,3,3,0,0,0.0,0.0
Canonical cross-cohort robustness,scenario_pipeline_v3_economic_validity,industrials_revenue_20m,Industrials companies with revenue >= $20M,Full-assignment candidate,Full Assignment|K-Means,K-Means,10009,452,452,0.995575221238938,450,3,3,3,0,0,0.0,0.0
Canonical cross-cohort robustness,scenario_pipeline_v3_economic_validity,industrials_revenue_20m,Industrials companies with revenue >= $20M,Full-assignment candidate,Full Assignment|K-Means,K-Means,10010,452,452,0.9823008849557522,444,3,3,3,0,0,0.0,0.0
Canonical cross-cohort robustness,scenario_pipeline_v3_economic_validity,industrials_revenue_20m,Industrials companies with revenue >= $20M,Full-assignment candidate,Full Assignment|K-Means,K-Means,10011,453,453,0.9911699779249448,449,3,3,3,0,0,0.0,0.0
Canonical cross-cohort robustness,scenario_pipeline_v3_economic_validity,industrials_revenue_20m,Industrials companies with revenue >= $20M,Full-assignment candidate,Full Assignment|K-Means,K-Means,10012,454,454,0.9823788546255506,446,3,3,3,0,0,0.0,0.0
Canonical cross-cohort robustness,scenario_pipeline_v3_economic_validity,industrials_revenue_20m,Industrials companies with revenue >= $20M,Full-assignment candidate,Full Assignment|K-Means,K-Means,10013,452,452,0.9756637168141593,441,3,3,3,0,0,0.0,0.0
Canonical cross-cohort robustness,scenario_pipeline_v3_economic_validity,industrials_revenue_20m,Industrials companies with revenue >= $20M,Full-assignment candidate,Full Assignment|K-Means,K-Means,10014,452,452,0.9911504424778761,448,3,3,3,0,0,0.0,0.0
Canonical cross-cohort robustness,scenario_pipeline_v3_economic_validity,industrials_revenue_20m,Industrials companies with revenue >= $20M,Full-assignment candidate,Full Assignment|K-Means,K-Means,10015,452,452,0.9867256637168141,446,3,3,3,0,0,0.0,0.0
Canonical cross-cohort robustness,scenario_pipeline_v3_economic_validity,industrials_revenue_20m,Industrials companies with revenue >= $20M,Full-assignment candidate,Full Assignment|K-Means,K-Means,10016,452,452,0.9623893805309734,435,3,3,3,0,0,0.0,0.0
Canonical cross-cohort robustness,scenario_pipeline_v3_economic_validity,industrials_revenue_20m,Industrials companies with revenue >= $20M,Full-assignment candidate,Full Assignment|K-Means,K-Means,10017,452,452,0.9867256637168141,446,3,3,3,0,0,0.0,0.0
Canonical cross-cohort robustness,scenario_pipeline_v3_economic_validity,industrials_revenue_20m,Industrials companies with revenue >= $20M,Full-assignment candidate,Full Assignment|K-Means,K-Means,10018,452,452,0.9601769911504425,434,3,3,3,0,0,0.0,0.0
Canonical cross-cohort robustness,scenario_pipeline_v3_economic_validity,industrials_revenue_20m,Industrials companies with revenue >= $20M,Full-assignment candidate,Full Assignment|K-Means,K-Means,10019,453,453,0.9933774834437086,450,3,3,3,0,0,0.0,0.0
Canonical cross-cohort robustness,scenario_pipeline_v3_economic_validity,industrials_revenue_20m,Industrials companies with revenue >= $20M,Full-assignment candidate,Full Assignment|Agglomerative,Agglomerative,10000,452,452,0.9623893805309734,435,3,3,3,0,0,0.0,0.0
Canonical cross-cohort robustness,scenario_pipeline_v3_economic_validity,industrials_revenue_20m,Industrials companies with revenue >= $20M,Full-assignment candidate,Full Assignment|Agglomerative,Agglomerative,10001,452,452,0.9690265486725663,438,3,3,3,0,0,0.0,0.0
Canonical cross-cohort robustness,scenario_pipeline_v3_economic_validity,industrials_revenue_20m,Industrials companies with revenue >= $20M,Full-assignment candidate,Full Assignment|Agglomerative,Agglomerative,10002,452,452,0.911504424778761,412,3,3,3,0,0,0.0,0.0
Canonical cross-cohort robustness,scenario_pipeline_v3_economic_validity,industrials_revenue_20m,Industrials companies with revenue >= $20M,Full-assignment candidate,Full Assignment|Agglomerative,Agglomerative,10003,452,452,0.9137168141592921,413,3,3,3,0,0,0.0,0.0
Canonical cross-cohort robustness,scenario_pipeline_v3_economic_validity,industrials_revenue_20m,Industrials companies with revenue >= $20M,Full-assignment candidate,Full Assignment|Agglomerative,Agglomerative,10004,452,452,0.9557522123893806,432,3,3,3,0,0,0.0,0.0
Canonical cross-cohort robustness,scenario_pipeline_v3_economic_validity,industrials_revenue_20m,Industrials companies with revenue >= $20M,Full-assignment candidate,Full Assignment|Agglomerative,Agglomerative,10005,452,452,0.9203539823008849,416,3,3,3,0,0,0.0,0.0
Canonical cross-cohort robustness,scenario_pipeline_v3_economic_validity,industrials_revenue_20m,Industrials companies with revenue >= $20M,Full-assignment candidate,Full Assignment|Agglomerative,Agglomerative,10006,452,452,0.9845132743362832,445,3,3,3,0,0,0.0,0.0
Canonical cross-cohort robustness,scenario_pipeline_v3_economic_validity,industrials_revenue_20m,Industrials companies with revenue >= $20M,Full-assignment candidate,Full Assignment|Agglomerative,Agglomerative,10007,452,452,0.9424778761061947,426,3,3,3,0,0,0.0,0.0
Canonical cross-cohort robustness,scenario_pipeline_v3_economic_validity,industrials_revenue_20m,Industrials companies with revenue >= $20M,Full-assignment candidate,Full Assignment|Agglomerative,Agglomerative,10008,453,453,0.9867549668874173,447,3,3,3,0,0,0.0,0.0
Canonical cross-cohort robustness,scenario_pipeline_v3_economic_validity,industrials_revenue_20m,Industrials companies with revenue >= $20M,Full-assignment candidate,Full Assignment|Agglomerative,Agglomerative,10009,452,452,0.9314159292035398,421,3,3,3,0,0,0.0,0.0
Canonical cross-cohort robustness,scenario_pipeline_v3_economic_validity,industrials_revenue_20m,Industrials companies with revenue >= $20M,Full-assignment candidate,Full Assignment|Agglomerative,Agglomerative,10010,452,452,0.9623893805309734,435,3,3,3,0,0,0.0,0.0
Canonical cross-cohort robustness,scenario_pipeline_v3_economic_validity,industrials_revenue_20m,Industrials companies with revenue >= $20M,Full-assignment candidate,Full Assignment|Agglomerative,Agglomerative,10011,453,453,0.9271523178807947,420,3,3,3,0,0,0.0,0.0
Canonical cross-cohort robustness,scenario_pipeline_v3_economic_validity,industrials_revenue_20m,Industrials companies with revenue >= $20M,Full-assignment candidate,Full Assignment|Agglomerative,Agglomerative,10012,454,454,0.9933920704845814,451,3,3,3,0,0,0.0,0.0
Canonical cross-cohort robustness,scenario_pipeline_v3_economic_validity,industrials_revenue_20m,Industrials companies with revenue >= $20M,Full-assignment candidate,Full Assignment|Agglomerative,Agglomerative,10013,452,452,0.9469026548672567,428,3,3,3,0,0,0.0,0.0
Canonical cross-cohort robustness,scenario_pipeline_v3_economic_validity,industrials_revenue_20m,Industrials companies with revenue >= $20M,Full-assignment candidate,Full Assignment|Agglomerative,Agglomerative,10014,452,452,0.9668141592920354,437,3,3,3,0,0,0.0,0.0
Canonical cross-cohort robustness,scenario_pipeline_v3_economic_validity,industrials_revenue_20m,Industrials companies with revenue >= $20M,Full-assignment candidate,Full Assignment|Agglomerative,Agglomerative,10015,452,452,0.9557522123893806,432,3,3,3,0,0,0.0,0.0
Canonical cross-cohort robustness,scenario_pipeline_v3_economic_validity,industrials_revenue_20m,Industrials companies with revenue >= $20M,Full-assignment candidate,Full Assignment|Agglomerative,Agglomerative,10016,452,452,0.9845132743362832,445,3,3,3,0,0,0.0,0.0
Canonical cross-cohort robustness,scenario_pipeline_v3_economic_validity,industrials_revenue_20m,Industrials companies with revenue >= $20M,Full-assignment candidate,Full Assignment|Agglomerative,Agglomerative,10017,452,452,0.9646017699115044,436,3,3,3,0,0,0.0,0.0
Canonical cross-cohort robustness,scenario_pipeline_v3_economic_validity,industrials_revenue_20m,Industrials companies with revenue >= $20M,Full-assignment candidate,Full Assignment|Agglomerative,Agglomerative,10018,452,452,0.9446902654867256,427,3,3,3,0,0,0.0,0.0
Canonical cross-cohort robustness,scenario_pipeline_v3_economic_validity,industrials_revenue_20m,Industrials companies with revenue >= $20M,Full-assignment candidate,Full Assignment|Agglomerative,Agglomerative,10019,453,453,0.9668874172185431,438,3,3,3,0,0,0.0,0.0
Canonical cross-cohort robustness,scenario_pipeline_v3_economic_validity,industrials_revenue_20m,Industrials companies with revenue >= $20M,Full-assignment candidate,Full Assignment|Gaussian Mixture,Gaussian Mixture,10000,452,452,0.8849557522123894,400,2,2,2,0,0,0.0,0.0
Canonical cross-cohort robustness,scenario_pipeline_v3_economic_validity,industrials_revenue_20m,Industrials companies with revenue >= $20M,Full-assignment candidate,Full Assignment|Gaussian Mixture,Gaussian Mixture,10001,452,452,0.8915929203539823,403,2,2,2,0,0,0.0,0.0
Canonical cross-cohort robustness,scenario_pipeline_v3_economic_validity,industrials_revenue_20m,Industrials companies with revenue >= $20M,Full-assignment candidate,Full Assignment|Gaussian Mixture,Gaussian Mixture,10002,452,452,0.9535398230088495,431,2,2,2,0,0,0.0,0.0
Canonical cross-cohort robustness,scenario_pipeline_v3_economic_validity,industrials_revenue_20m,Industrials companies with revenue >= $20M,Full-assignment candidate,Full Assignment|Gaussian Mixture,Gaussian Mixture,10003,452,452,0.8738938053097345,395,2,2,2,0,0,0.0,0.0
Canonical cross-cohort robustness,scenario_pipeline_v3_economic_validity,industrials_revenue_20m,Industrials companies with revenue >= $20M,Full-assignment candidate,Full Assignment|Gaussian Mixture,Gaussian Mixture,10004,452,452,0.9756637168141593,441,2,2,2,0,0,0.0,0.0
Canonical cross-cohort robustness,scenario_pipeline_v3_economic_validity,industrials_revenue_20m,Industrials companies with revenue >= $20M,Full-assignment candidate,Full Assignment|Gaussian Mixture,Gaussian Mixture,10005,452,452,0.9579646017699115,433,2,2,2,0,0,0.0,0.0
Canonical cross-cohort robustness,scenario_pipeline_v3_economic_validity,industrials_revenue_20m,Industrials companies with revenue >= $20M,Full-assignment candidate,Full Assignment|Gaussian Mixture,Gaussian Mixture,10006,452,452,0.915929203539823,414,2,2,2,0,0,0.0,0.0
Canonical cross-cohort robustness,scenario_pipeline_v3_economic_validity,industrials_revenue_20m,Industrials companies with revenue >= $20M,Full-assignment candidate,Full Assignment|Gaussian Mixture,Gaussian Mixture,10007,452,452,0.9004424778761062,407,2,2,2,0,0,0.0,0.0
Canonical cross-cohort robustness,scenario_pipeline_v3_economic_validity,industrials_revenue_20m,Industrials companies with revenue >= $20M,Full-assignment candidate,Full Assignment|Gaussian Mixture,Gaussian Mixture,10008,453,453,0.891832229580574,404,2,2,2,0,0,0.0,0.0
Canonical cross-cohort robustness,scenario_pipeline_v3_economic_validity,industrials_revenue_20m,Industrials companies with revenue >= $20M,Full-assignment candidate,Full Assignment|Gaussian Mixture,Gaussian Mixture,10009,452,452,0.9911504424778761,448,2,2,2,0,0,0.0,0.0
Canonical cross-cohort robustness,scenario_pipeline_v3_economic_validity,industrials_revenue_20m,Industrials companies with revenue >= $20M,Full-assignment candidate,Full Assignment|Gaussian Mixture,Gaussian Mixture,10010,452,452,0.8539823008849557,386,2,2,2,0,0,0.0,0.0
Canonical cross-cohort robustness,scenario_pipeline_v3_economic_validity,industrials_revenue_20m,Industrials companies with revenue >= $20M,Full-assignment candidate,Full Assignment|Gaussian Mixture,Gaussian Mixture,10011,453,453,0.9426048565121413,427,2,2,2,0,0,0.0,0.0
Canonical cross-cohort robustness,scenario_pipeline_v3_economic_validity,industrials_revenue_20m,Industrials companies with revenue >= $20M,Full-assignment candidate,Full Assignment|Gaussian Mixture,Gaussian Mixture,10012,454,454,0.9140969162995595,415,2,2,2,0,0,0.0,0.0
Canonical cross-cohort robustness,scenario_pipeline_v3_economic_validity,industrials_revenue_20m,Industrials companies with revenue >= $20M,Full-assignment candidate,Full Assignment|Gaussian Mixture,Gaussian Mixture,10013,452,452,0.9845132743362832,445,2,2,2,0,0,0.0,0.0
Canonical cross-cohort robustness,scenario_pipeline_v3_economic_validity,industrials_revenue_20m,Industrials companies with revenue >= $20M,Full-assignment candidate,Full Assignment|Gaussian Mixture,Gaussian Mixture,10014,452,452,0.8827433628318584,399,2,2,2,0,0,0.0,0.0
Canonical cross-cohort robustness,scenario_pipeline_v3_economic_validity,industrials_revenue_20m,Industrials companies with revenue >= $20M,Full-assignment candidate,Full Assignment|Gaussian Mixture,Gaussian Mixture,10015,452,452,0.8805309734513275,398,2,2,2,0,0,0.0,0.0
Canonical cross-cohort robustness,scenario_pipeline_v3_economic_validity,industrials_revenue_20m,Industrials companies with revenue >= $20M,Full-assignment candidate,Full Assignment|Gaussian Mixture,Gaussian Mixture,10016,452,452,0.9823008849557522,444,2,2,2,0,0,0.0,0.0
Canonical cross-cohort robustness,scenario_pipeline_v3_economic_validity,industrials_revenue_20m,Industrials companies with revenue >= $20M,Full-assignment candidate,Full Assignment|Gaussian Mixture,Gaussian Mixture,10017,452,452,0.9690265486725663,438,2,2,2,0,0,0.0,0.0
Canonical cross-cohort robustness,scenario_pipeline_v3_economic_validity,industrials_revenue_20m,Industrials companies with revenue >= $20M,Full-assignment candidate,Full Assignment|Gaussian Mixture,Gaussian Mixture,10018,452,452,0.8915929203539823,403,2,2,2,0,0,0.0,0.0
Canonical cross-cohort robustness,scenario_pipeline_v3_economic_validity,industrials_revenue_20m,Industrials companies with revenue >= $20M,Full-assignment candidate,Full Assignment|Gaussian Mixture,Gaussian Mixture,10019,453,453,0.9337748344370861,423,2,2,2,0,0,0.0,0.0
Canonical cross-cohort robustness,scenario_pipeline_v3_economic_validity,industrials_revenue_20m,Industrials companies with revenue >= $20M,HDBSCAN Pareto representative,HDBSCAN|mcs=10|ms=10,HDBSCAN,10000,452,362,0.994475138121547,360,3,3,3,0,0,0.17920353982300885,0.168141592920354
Canonical cross-cohort robustness,scenario_pipeline_v3_economic_validity,industrials_revenue_20m,Industrials companies with revenue >= $20M,HDBSCAN Pareto representative,HDBSCAN|mcs=10|ms=10,HDBSCAN,10001,452,365,1.0,365,3,3,3,0,0,0.1902654867256637,0.13274336283185842
Canonical cross-cohort robustness,scenario_pipeline_v3_economic_validity,industrials_revenue_20m,Industrials companies with revenue >= $20M,HDBSCAN Pareto representative,HDBSCAN|mcs=10|ms=10,HDBSCAN,10002,452,361,0.9833795013850416,355,3,2,2,1,0,0.18805309734513273,0.16150442477876106
Canonical cross-cohort robustness,scenario_pipeline_v3_economic_validity,industrials_revenue_20m,Industrials companies with revenue >= $20M,HDBSCAN Pareto representative,HDBSCAN|mcs=10|ms=10,HDBSCAN,10003,452,360,0.9805555555555555,353,3,2,2,1,0,0.19690265486725664,0.1172566371681416
Canonical cross-cohort robustness,scenario_pipeline_v3_economic_validity,industrials_revenue_20m,Industrials companies with revenue >= $20M,HDBSCAN Pareto representative,HDBSCAN|mcs=10|ms=10,HDBSCAN,10004,452,0,,0,0,0,0,0,0,0.1902654867256637,1.0
Canonical cross-cohort robustness,scenario_pipeline_v3_economic_validity,industrials_revenue_20m,Industrials companies with revenue >= $20M,HDBSCAN Pareto representative,HDBSCAN|mcs=10|ms=10,HDBSCAN,10005,452,370,0.9972972972972973,369,3,3,3,0,0,0.17699115044247787,0.13938053097345132
Canonical cross-cohort robustness,scenario_pipeline_v3_economic_validity,industrials_revenue_20m,Industrials companies with revenue >= $20M,HDBSCAN Pareto representative,HDBSCAN|mcs=10|ms=10,HDBSCAN,10006,452,0,,0,0,0,0,0,0,0.17699115044247787,1.0
Canonical cross-cohort robustness,scenario_pipeline_v3_economic_validity,industrials_revenue_20m,Industrials companies with revenue >= $20M,HDBSCAN Pareto representative,HDBSCAN|mcs=10|ms=10,HDBSCAN,10007,452,371,1.0,371,3,3,3,0,0,0.17256637168141592,0.12831858407079647
Canonical cross-cohort robustness,scenario_pipeline_v3_economic_validity,industrials_revenue_20m,Industrials companies with revenue >= $20M,HDBSCAN Pareto representative,HDBSCAN|mcs=10|ms=10,HDBSCAN,10008,453,0,,0,0,0,0,0,0,0.18984547461368653,1.0
Canonical cross-cohort robustness,scenario_pipeline_v3_economic_validity,industrials_revenue_20m,Industrials companies with revenue >= $20M,HDBSCAN Pareto representative,HDBSCAN|mcs=10|ms=10,HDBSCAN,10009,452,0,,0,0,0,0,0,0,0.19911504424778761,1.0
Canonical cross-cohort robustness,scenario_pipeline_v3_economic_validity,industrials_revenue_20m,Industrials companies with revenue >= $20M,HDBSCAN Pareto representative,HDBSCAN|mcs=10|ms=10,HDBSCAN,10010,452,0,,0,0,0,0,0,0,0.1902654867256637,1.0
Canonical cross-cohort robustness,scenario_pipeline_v3_economic_validity,industrials_revenue_20m,Industrials companies with revenue >= $20M,HDBSCAN Pareto representative,HDBSCAN|mcs=10|ms=10,HDBSCAN,10011,453,0,,0,0,0,0,0,0,0.1986754966887417,1.0
Canonical cross-cohort robustness,scenario_pipeline_v3_economic_validity,industrials_revenue_20m,Industrials companies with revenue >= $20M,HDBSCAN Pareto representative,HDBSCAN|mcs=10|ms=10,HDBSCAN,10012,454,359,0.9972144846796658,358,2,2,2,0,0,0.1828193832599119,0.19162995594713655
Canonical cross-cohort robustness,scenario_pipeline_v3_economic_validity,industrials_revenue_20m,Industrials companies with revenue >= $20M,HDBSCAN Pareto representative,HDBSCAN|mcs=10|ms=10,HDBSCAN,10013,452,0,,0,0,0,0,0,0,0.18805309734513273,1.0
Canonical cross-cohort robustness,scenario_pipeline_v3_economic_validity,industrials_revenue_20m,Industrials companies with revenue >= $20M,HDBSCAN Pareto representative,HDBSCAN|mcs=10|ms=10,HDBSCAN,10014,452,356,1.0,356,2,2,2,0,0,0.18141592920353983,0.2079646017699115
Canonical cross-cohort robustness,scenario_pipeline_v3_economic_validity,industrials_revenue_20m,Industrials companies with revenue >= $20M,HDBSCAN Pareto representative,HDBSCAN|mcs=10|ms=10,HDBSCAN,10015,452,0,,0,0,0,0,0,0,0.20575221238938052,1.0
Canonical cross-cohort robustness,scenario_pipeline_v3_economic_validity,industrials_revenue_20m,Industrials companies with revenue >= $20M,HDBSCAN Pareto representative,HDBSCAN|mcs=10|ms=10,HDBSCAN,10016,452,0,,0,0,0,0,0,0,0.18805309734513273,1.0
Canonical cross-cohort robustness,scenario_pipeline_v3_economic_validity,industrials_revenue_20m,Industrials companies with revenue >= $20M,HDBSCAN Pareto representative,HDBSCAN|mcs=10|ms=10,HDBSCAN,10017,452,360,1.0,360,2,2,2,0,0,0.17699115044247787,0.18584070796460178
Canonical cross-cohort robustness,scenario_pipeline_v3_economic_validity,industrials_revenue_20m,Industrials companies with revenue >= $20M,HDBSCAN Pareto representative,HDBSCAN|mcs=10|ms=10,HDBSCAN,10018,452,367,0.9727520435967303,357,3,2,2,1,0,0.18584070796460178,0.13053097345132744
Canonical cross-cohort robustness,scenario_pipeline_v3_economic_validity,industrials_revenue_20m,Industrials companies with revenue >= $20M,HDBSCAN Pareto representative,HDBSCAN|mcs=10|ms=10,HDBSCAN,10019,453,362,0.9779005524861878,354,3,2,2,1,0,0.19426048565121412,0.16114790286975716
Canonical cross-cohort robustness,scenario_pipeline_v3_economic_validity,industrials_revenue_20m,Industrials companies with revenue >= $20M,HDBSCAN Pareto representative,HDBSCAN|mcs=15|ms=5,HDBSCAN,10000,452,391,0.9641943734015346,377,2,3,2,0,1,0.13053097345132744,0.1084070796460177
Canonical cross-cohort robustness,scenario_pipeline_v3_economic_validity,industrials_revenue_20m,Industrials companies with revenue >= $20M,HDBSCAN Pareto representative,HDBSCAN|mcs=15|ms=5,HDBSCAN,10001,452,378,1.0,378,2,2,2,0,0,0.13938053097345132,0.13274336283185842
Canonical cross-cohort robustness,scenario_pipeline_v3_economic_validity,industrials_revenue_20m,Industrials companies with revenue >= $20M,HDBSCAN Pareto representative,HDBSCAN|mcs=15|ms=5,HDBSCAN,10002,452,379,0.9709762532981531,368,2,3,2,0,1,0.13053097345132744,0.14380530973451328
Canonical cross-cohort robustness,scenario_pipeline_v3_economic_validity,industrials_revenue_20m,Industrials companies with revenue >= $20M,HDBSCAN Pareto representative,HDBSCAN|mcs=15|ms=5,HDBSCAN,10003,452,381,0.973753280839895,371,2,3,2,0,1,0.13938053097345132,0.12168141592920353
Canonical cross-cohort robustness,scenario_pipeline_v3_economic_validity,industrials_revenue_20m,Industrials companies with revenue >= $20M,HDBSCAN Pareto representative,HDBSCAN|mcs=15|ms=5,HDBSCAN,10004,452,378,1.0,378,2,2,2,0,0,0.13495575221238937,0.1504424778761062
Canonical cross-cohort robustness,scenario_pipeline_v3_economic_validity,industrials_revenue_20m,Industrials companies with revenue >= $20M,HDBSCAN Pareto representative,HDBSCAN|mcs=15|ms=5,HDBSCAN,10005,452,386,0.9352331606217616,361,2,2,2,0,0,0.12831858407079647,0.12168141592920353
Canonical cross-cohort robustness,scenario_pipeline_v3_economic_validity,industrials_revenue_20m,Industrials companies with revenue >= $20M,HDBSCAN Pareto representative,HDBSCAN|mcs=15|ms=5,HDBSCAN,10006,452,62,0.5967741935483871,37,1,2,1,0,1,0.12389380530973451,0.8628318584070797
Canonical cross-cohort robustness,scenario_pipeline_v3_economic_validity,industrials_revenue_20m,Industrials companies with revenue >= $20M,HDBSCAN Pareto representative,HDBSCAN|mcs=15|ms=5,HDBSCAN,10007,452,384,0.96875,372,2,3,2,0,1,0.12389380530973451,0.12831858407079647
Canonical cross-cohort robustness,scenario_pipeline_v3_economic_validity,industrials_revenue_20m,Industrials companies with revenue >= $20M,HDBSCAN Pareto representative,HDBSCAN|mcs=15|ms=5,HDBSCAN,10008,453,388,1.0,388,2,2,2,0,0,0.141280353200883,0.10596026490066225
Canonical cross-cohort robustness,scenario_pipeline_v3_economic_validity,industrials_revenue_20m,Industrials companies with revenue >= $20M,HDBSCAN Pareto representative,HDBSCAN|mcs=15|ms=5,HDBSCAN,10009,452,50,0.7,35,1,2,1,0,1,0.14601769911504425,0.8893805309734514
Canonical cross-cohort robustness,scenario_pipeline_v3_economic_validity,industrials_revenue_20m,Industrials companies with revenue >= $20M,HDBSCAN Pareto representative,HDBSCAN|mcs=15|ms=5,HDBSCAN,10010,452,391,0.9974424552429667,390,2,2,2,0,0,0.13053097345132744,0.08185840707964602
Canonical cross-cohort robustness,scenario_pipeline_v3_economic_validity,industrials_revenue_20m,Industrials companies with revenue >= $20M,HDBSCAN Pareto representative,HDBSCAN|mcs=15|ms=5,HDBSCAN,10011,453,0,,0,0,0,0,0,0,0.1434878587196468,1.0
Canonical cross-cohort robustness,scenario_pipeline_v3_economic_validity,industrials_revenue_20m,Industrials companies with revenue >= $20M,HDBSCAN Pareto representative,HDBSCAN|mcs=15|ms=5,HDBSCAN,10012,454,44,0.5681818181818182,25,1,2,1,0,1,0.13215859030837004,0.9030837004405287
Canonical cross-cohort robustness,scenario_pipeline_v3_economic_validity,industrials_revenue_20m,Industrials companies with revenue >= $20M,HDBSCAN Pareto representative,HDBSCAN|mcs=15|ms=5,HDBSCAN,10013,452,365,0.9945205479452055,363,2,2,2,0,0,0.13495575221238937,0.18805309734513273
Canonical cross-cohort robustness,scenario_pipeline_v3_economic_validity,industrials_revenue_20m,Industrials companies with revenue >= $20M,HDBSCAN Pareto representative,HDBSCAN|mcs=15|ms=5,HDBSCAN,10014,452,38,0.5263157894736842,20,1,2,1,0,1,0.13495575221238937,0.915929203539823
Canonical cross-cohort robustness,scenario_pipeline_v3_economic_validity,industrials_revenue_20m,Industrials companies with revenue >= $20M,HDBSCAN Pareto representative,HDBSCAN|mcs=15|ms=5,HDBSCAN,10015,452,381,1.0,381,2,2,2,0,0,0.14823008849557523,0.13495575221238937
Canonical cross-cohort robustness,scenario_pipeline_v3_economic_validity,industrials_revenue_20m,Industrials companies with revenue >= $20M,HDBSCAN Pareto representative,HDBSCAN|mcs=15|ms=5,HDBSCAN,10016,452,366,1.0,366,2,2,2,0,0,0.13274336283185842,0.18584070796460178
Canonical cross-cohort robustness,scenario_pipeline_v3_economic_validity,industrials_revenue_20m,Industrials companies with revenue >= $20M,HDBSCAN Pareto representative,HDBSCAN|mcs=15|ms=5,HDBSCAN,10017,452,390,0.9974358974358974,389,2,2,2,0,0,0.13053097345132744,0.11061946902654868
Canonical cross-cohort robustness,scenario_pipeline_v3_economic_validity,industrials_revenue_20m,Industrials companies with revenue >= $20M,HDBSCAN Pareto representative,HDBSCAN|mcs=15|ms=5,HDBSCAN,10018,452,385,0.9662337662337662,372,2,3,2,0,1,0.1415929203539823,0.11946902654867257
Canonical cross-cohort robustness,scenario_pipeline_v3_economic_validity,industrials_revenue_20m,Industrials companies with revenue >= $20M,HDBSCAN Pareto representative,HDBSCAN|mcs=15|ms=5,HDBSCAN,10019,453,391,1.0,391,2,2,2,0,0,0.13245033112582782,0.11037527593818984
Canonical cross-cohort robustness,scenario_pipeline_v3_economic_validity,consumer_cyclical_revenue_20m,Consumer Cyclical companies with revenue >= $20M,Full-assignment candidate,Full Assignment|K-Means,K-Means,10000,376,376,0.949468085106383,357,3,3,3,0,0,0.0,0.0
Canonical cross-cohort robustness,scenario_pipeline_v3_economic_validity,consumer_cyclical_revenue_20m,Consumer Cyclical companies with revenue >= $20M,Full-assignment candidate,Full Assignment|K-Means,K-Means,10001,376,376,0.9893617021276596,372,3,3,3,0,0,0.0,0.0
Canonical cross-cohort robustness,scenario_pipeline_v3_economic_validity,consumer_cyclical_revenue_20m,Consumer Cyclical companies with revenue >= $20M,Full-assignment candidate,Full Assignment|K-Means,K-Means,10002,376,376,0.9946808510638298,374,3,3,3,0,0,0.0,0.0
Canonical cross-cohort robustness,scenario_pipeline_v3_economic_validity,consumer_cyclical_revenue_20m,Consumer Cyclical companies with revenue >= $20M,Full-assignment candidate,Full Assignment|K-Means,K-Means,10003,376,376,1.0,376,3,3,3,0,0,0.0,0.0
Canonical cross-cohort robustness,scenario_pipeline_v3_economic_validity,consumer_cyclical_revenue_20m,Consumer Cyclical companies with revenue >= $20M,Full-assignment candidate,Full Assignment|K-Means,K-Means,10004,376,376,0.9867021276595744,371,3,3,3,0,0,0.0,0.0
Canonical cross-cohort robustness,scenario_pipeline_v3_economic_validity,consumer_cyclical_revenue_20m,Consumer Cyclical companies with revenue >= $20M,Full-assignment candidate,Full Assignment|K-Means,K-Means,10005,376,376,1.0,376,3,3,3,0,0,0.0,0.0
Canonical cross-cohort robustness,scenario_pipeline_v3_economic_validity,consumer_cyclical_revenue_20m,Consumer Cyclical companies with revenue >= $20M,Full-assignment candidate,Full Assignment|K-Means,K-Means,10006,376,376,0.9920212765957447,373,3,3,3,0,0,0.0,0.0
Canonical cross-cohort robustness,scenario_pipeline_v3_economic_validity,consumer_cyclical_revenue_20m,Consumer Cyclical companies with revenue >= $20M,Full-assignment candidate,Full Assignment|K-Means,K-Means,10007,376,376,0.9920212765957447,373,3,3,3,0,0,0.0,0.0
Canonical cross-cohort robustness,scenario_pipeline_v3_economic_validity,consumer_cyclical_revenue_20m,Consumer Cyclical companies with revenue >= $20M,Full-assignment candidate,Full Assignment|K-Means,K-Means,10008,376,376,0.9920212765957447,373,3,3,3,0,0,0.0,0.0
Canonical cross-cohort robustness,scenario_pipeline_v3_economic_validity,consumer_cyclical_revenue_20m,Consumer Cyclical companies with revenue >= $20M,Full-assignment candidate,Full Assignment|K-Means,K-Means,10009,376,376,0.9414893617021277,354,3,3,3,0,0,0.0,0.0
Canonical cross-cohort robustness,scenario_pipeline_v3_economic_validity,consumer_cyclical_revenue_20m,Consumer Cyclical companies with revenue >= $20M,Full-assignment candidate,Full Assignment|K-Means,K-Means,10010,376,376,0.9867021276595744,371,3,3,3,0,0,0.0,0.0
Canonical cross-cohort robustness,scenario_pipeline_v3_economic_validity,consumer_cyclical_revenue_20m,Consumer Cyclical companies with revenue >= $20M,Full-assignment candidate,Full Assignment|K-Means,K-Means,10011,376,376,0.9920212765957447,373,3,3,3,0,0,0.0,0.0
Canonical cross-cohort robustness,scenario_pipeline_v3_economic_validity,consumer_cyclical_revenue_20m,Consumer Cyclical companies with revenue >= $20M,Full-assignment candidate,Full Assignment|K-Means,K-Means,10012,376,376,0.9867021276595744,371,3,3,3,0,0,0.0,0.0
Canonical cross-cohort robustness,scenario_pipeline_v3_economic_validity,consumer_cyclical_revenue_20m,Consumer Cyclical companies with revenue >= $20M,Full-assignment candidate,Full Assignment|K-Means,K-Means,10013,376,376,0.9521276595744681,358,3,3,3,0,0,0.0,0.0
Canonical cross-cohort robustness,scenario_pipeline_v3_economic_validity,consumer_cyclical_revenue_20m,Consumer Cyclical companies with revenue >= $20M,Full-assignment candidate,Full Assignment|K-Means,K-Means,10014,376,376,0.9095744680851063,342,3,3,3,0,0,0.0,0.0
Canonical cross-cohort robustness,scenario_pipeline_v3_economic_validity,consumer_cyclical_revenue_20m,Consumer Cyclical companies with revenue >= $20M,Full-assignment candidate,Full Assignment|K-Means,K-Means,10015,376,376,0.9867021276595744,371,3,3,3,0,0,0.0,0.0
Canonical cross-cohort robustness,scenario_pipeline_v3_economic_validity,consumer_cyclical_revenue_20m,Consumer Cyclical companies with revenue >= $20M,Full-assignment candidate,Full Assignment|K-Means,K-Means,10016,376,376,0.9893617021276596,372,3,3,3,0,0,0.0,0.0
Canonical cross-cohort robustness,scenario_pipeline_v3_economic_validity,consumer_cyclical_revenue_20m,Consumer Cyclical companies with revenue >= $20M,Full-assignment candidate,Full Assignment|K-Means,K-Means,10017,376,376,0.9920212765957447,373,3,3,3,0,0,0.0,0.0
Canonical cross-cohort robustness,scenario_pipeline_v3_economic_validity,consumer_cyclical_revenue_20m,Consumer Cyclical companies with revenue >= $20M,Full-assignment candidate,Full Assignment|K-Means,K-Means,10018,376,376,0.9867021276595744,371,3,3,3,0,0,0.0,0.0
Canonical cross-cohort robustness,scenario_pipeline_v3_economic_validity,consumer_cyclical_revenue_20m,Consumer Cyclical companies with revenue >= $20M,Full-assignment candidate,Full Assignment|K-Means,K-Means,10019,376,376,0.9680851063829787,364,3,3,3,0,0,0.0,0.0
Canonical cross-cohort robustness,scenario_pipeline_v3_economic_validity,consumer_cyclical_revenue_20m,Consumer Cyclical companies with revenue >= $20M,Full-assignment candidate,Full Assignment|Agglomerative,Agglomerative,10000,376,376,0.9095744680851063,342,3,3,3,0,0,0.0,0.0
Canonical cross-cohort robustness,scenario_pipeline_v3_economic_validity,consumer_cyclical_revenue_20m,Consumer Cyclical companies with revenue >= $20M,Full-assignment candidate,Full Assignment|Agglomerative,Agglomerative,10001,376,376,0.9122340425531915,343,3,3,3,0,0,0.0,0.0
Canonical cross-cohort robustness,scenario_pipeline_v3_economic_validity,consumer_cyclical_revenue_20m,Consumer Cyclical companies with revenue >= $20M,Full-assignment candidate,Full Assignment|Agglomerative,Agglomerative,10002,376,376,0.9175531914893617,345,3,3,3,0,0,0.0,0.0
Canonical cross-cohort robustness,scenario_pipeline_v3_economic_validity,consumer_cyclical_revenue_20m,Consumer Cyclical companies with revenue >= $20M,Full-assignment candidate,Full Assignment|Agglomerative,Agglomerative,10003,376,376,0.8882978723404256,334,3,3,3,0,0,0.0,0.0
Canonical cross-cohort robustness,scenario_pipeline_v3_economic_validity,consumer_cyclical_revenue_20m,Consumer Cyclical companies with revenue >= $20M,Full-assignment candidate,Full Assignment|Agglomerative,Agglomerative,10004,376,376,0.8803191489361702,331,3,3,3,0,0,0.0,0.0
Canonical cross-cohort robustness,scenario_pipeline_v3_economic_validity,consumer_cyclical_revenue_20m,Consumer Cyclical companies with revenue >= $20M,Full-assignment candidate,Full Assignment|Agglomerative,Agglomerative,10005,376,376,0.8936170212765957,336,3,3,3,0,0,0.0,0.0
Canonical cross-cohort robustness,scenario_pipeline_v3_economic_validity,consumer_cyclical_revenue_20m,Consumer Cyclical companies with revenue >= $20M,Full-assignment candidate,Full Assignment|Agglomerative,Agglomerative,10006,376,376,0.8909574468085106,335,3,3,3,0,0,0.0,0.0
Canonical cross-cohort robustness,scenario_pipeline_v3_economic_validity,consumer_cyclical_revenue_20m,Consumer Cyclical companies with revenue >= $20M,Full-assignment candidate,Full Assignment|Agglomerative,Agglomerative,10007,376,376,0.9680851063829787,364,3,3,3,0,0,0.0,0.0
Canonical cross-cohort robustness,scenario_pipeline_v3_economic_validity,consumer_cyclical_revenue_20m,Consumer Cyclical companies with revenue >= $20M,Full-assignment candidate,Full Assignment|Agglomerative,Agglomerative,10008,376,376,0.8590425531914894,323,3,3,3,0,0,0.0,0.0
Canonical cross-cohort robustness,scenario_pipeline_v3_economic_validity,consumer_cyclical_revenue_20m,Consumer Cyclical companies with revenue >= $20M,Full-assignment candidate,Full Assignment|Agglomerative,Agglomerative,10009,376,376,0.8457446808510638,318,3,3,3,0,0,0.0,0.0
Canonical cross-cohort robustness,scenario_pipeline_v3_economic_validity,consumer_cyclical_revenue_20m,Consumer Cyclical companies with revenue >= $20M,Full-assignment candidate,Full Assignment|Agglomerative,Agglomerative,10010,376,376,0.9069148936170213,341,3,3,3,0,0,0.0,0.0
Canonical cross-cohort robustness,scenario_pipeline_v3_economic_validity,consumer_cyclical_revenue_20m,Consumer Cyclical companies with revenue >= $20M,Full-assignment candidate,Full Assignment|Agglomerative,Agglomerative,10011,376,376,0.8776595744680851,330,3,3,3,0,0,0.0,0.0
Canonical cross-cohort robustness,scenario_pipeline_v3_economic_validity,consumer_cyclical_revenue_20m,Consumer Cyclical companies with revenue >= $20M,Full-assignment candidate,Full Assignment|Agglomerative,Agglomerative,10012,376,376,0.8617021276595744,324,3,3,3,0,0,0.0,0.0
Canonical cross-cohort robustness,scenario_pipeline_v3_economic_validity,consumer_cyclical_revenue_20m,Consumer Cyclical companies with revenue >= $20M,Full-assignment candidate,Full Assignment|Agglomerative,Agglomerative,10013,376,376,0.9335106382978723,351,3,3,3,0,0,0.0,0.0
Canonical cross-cohort robustness,scenario_pipeline_v3_economic_validity,consumer_cyclical_revenue_20m,Consumer Cyclical companies with revenue >= $20M,Full-assignment candidate,Full Assignment|Agglomerative,Agglomerative,10014,376,376,0.9388297872340425,353,3,3,3,0,0,0.0,0.0
Canonical cross-cohort robustness,scenario_pipeline_v3_economic_validity,consumer_cyclical_revenue_20m,Consumer Cyclical companies with revenue >= $20M,Full-assignment candidate,Full Assignment|Agglomerative,Agglomerative,10015,376,376,0.8936170212765957,336,3,3,3,0,0,0.0,0.0
Canonical cross-cohort robustness,scenario_pipeline_v3_economic_validity,consumer_cyclical_revenue_20m,Consumer Cyclical companies with revenue >= $20M,Full-assignment candidate,Full Assignment|Agglomerative,Agglomerative,10016,376,376,0.8590425531914894,323,3,3,3,0,0,0.0,0.0
Canonical cross-cohort robustness,scenario_pipeline_v3_economic_validity,consumer_cyclical_revenue_20m,Consumer Cyclical companies with revenue >= $20M,Full-assignment candidate,Full Assignment|Agglomerative,Agglomerative,10017,376,376,0.9707446808510638,365,3,3,3,0,0,0.0,0.0
Canonical cross-cohort robustness,scenario_pipeline_v3_economic_validity,consumer_cyclical_revenue_20m,Consumer Cyclical companies with revenue >= $20M,Full-assignment candidate,Full Assignment|Agglomerative,Agglomerative,10018,376,376,0.9574468085106383,360,3,3,3,0,0,0.0,0.0
Canonical cross-cohort robustness,scenario_pipeline_v3_economic_validity,consumer_cyclical_revenue_20m,Consumer Cyclical companies with revenue >= $20M,Full-assignment candidate,Full Assignment|Agglomerative,Agglomerative,10019,376,376,0.898936170212766,338,3,3,3,0,0,0.0,0.0
Canonical cross-cohort robustness,scenario_pipeline_v3_economic_validity,consumer_cyclical_revenue_20m,Consumer Cyclical companies with revenue >= $20M,Full-assignment candidate,Full Assignment|Gaussian Mixture,Gaussian Mixture,10000,376,376,0.8111702127659575,305,2,2,2,0,0,0.0,0.0
Canonical cross-cohort robustness,scenario_pipeline_v3_economic_validity,consumer_cyclical_revenue_20m,Consumer Cyclical companies with revenue >= $20M,Full-assignment candidate,Full Assignment|Gaussian Mixture,Gaussian Mixture,10001,376,376,0.8537234042553191,321,2,2,2,0,0,0.0,0.0
Canonical cross-cohort robustness,scenario_pipeline_v3_economic_validity,consumer_cyclical_revenue_20m,Consumer Cyclical companies with revenue >= $20M,Full-assignment candidate,Full Assignment|Gaussian Mixture,Gaussian Mixture,10002,376,376,0.9867021276595744,371,2,2,2,0,0,0.0,0.0
Canonical cross-cohort robustness,scenario_pipeline_v3_economic_validity,consumer_cyclical_revenue_20m,Consumer Cyclical companies with revenue >= $20M,Full-assignment candidate,Full Assignment|Gaussian Mixture,Gaussian Mixture,10003,376,376,0.776595744680851,292,2,2,2,0,0,0.0,0.0
Canonical cross-cohort robustness,scenario_pipeline_v3_economic_validity,consumer_cyclical_revenue_20m,Consumer Cyclical companies with revenue >= $20M,Full-assignment candidate,Full Assignment|Gaussian Mixture,Gaussian Mixture,10004,376,376,0.848404255319149,319,2,2,2,0,0,0.0,0.0
Canonical cross-cohort robustness,scenario_pipeline_v3_economic_validity,consumer_cyclical_revenue_20m,Consumer Cyclical companies with revenue >= $20M,Full-assignment candidate,Full Assignment|Gaussian Mixture,Gaussian Mixture,10005,376,376,0.9893617021276596,372,2,2,2,0,0,0.0,0.0
Canonical cross-cohort robustness,scenario_pipeline_v3_economic_validity,consumer_cyclical_revenue_20m,Consumer Cyclical companies with revenue >= $20M,Full-assignment candidate,Full Assignment|Gaussian Mixture,Gaussian Mixture,10006,376,376,0.8404255319148937,316,2,2,2,0,0,0.0,0.0
Canonical cross-cohort robustness,scenario_pipeline_v3_economic_validity,consumer_cyclical_revenue_20m,Consumer Cyclical companies with revenue >= $20M,Full-assignment candidate,Full Assignment|Gaussian Mixture,Gaussian Mixture,10007,376,376,0.8377659574468085,315,2,2,2,0,0,0.0,0.0
Canonical cross-cohort robustness,scenario_pipeline_v3_economic_validity,consumer_cyclical_revenue_20m,Consumer Cyclical companies with revenue >= $20M,Full-assignment candidate,Full Assignment|Gaussian Mixture,Gaussian Mixture,10008,376,376,0.976063829787234,367,2,2,2,0,0,0.0,0.0
Canonical cross-cohort robustness,scenario_pipeline_v3_economic_validity,consumer_cyclical_revenue_20m,Consumer Cyclical companies with revenue >= $20M,Full-assignment candidate,Full Assignment|Gaussian Mixture,Gaussian Mixture,10009,376,376,0.9601063829787234,361,2,2,2,0,0,0.0,0.0
Canonical cross-cohort robustness,scenario_pipeline_v3_economic_validity,consumer_cyclical_revenue_20m,Consumer Cyclical companies with revenue >= $20M,Full-assignment candidate,Full Assignment|Gaussian Mixture,Gaussian Mixture,10010,376,376,0.8457446808510638,318,2,2,2,0,0,0.0,0.0
Canonical cross-cohort robustness,scenario_pipeline_v3_economic_validity,consumer_cyclical_revenue_20m,Consumer Cyclical companies with revenue >= $20M,Full-assignment candidate,Full Assignment|Gaussian Mixture,Gaussian Mixture,10011,376,376,0.9787234042553191,368,2,2,2,0,0,0.0,0.0
Canonical cross-cohort robustness,scenario_pipeline_v3_economic_validity,consumer_cyclical_revenue_20m,Consumer Cyclical companies with revenue >= $20M,Full-assignment candidate,Full Assignment|Gaussian Mixture,Gaussian Mixture,10012,376,376,0.976063829787234,367,2,2,2,0,0,0.0,0.0
Canonical cross-cohort robustness,scenario_pipeline_v3_economic_validity,consumer_cyclical_revenue_20m,Consumer Cyclical companies with revenue >= $20M,Full-assignment candidate,Full Assignment|Gaussian Mixture,Gaussian Mixture,10013,376,376,0.9654255319148937,363,2,2,2,0,0,0.0,0.0
Canonical cross-cohort robustness,scenario_pipeline_v3_economic_validity,consumer_cyclical_revenue_20m,Consumer Cyclical companies with revenue >= $20M,Full-assignment candidate,Full Assignment|Gaussian Mixture,Gaussian Mixture,10014,376,376,0.901595744680851,339,2,2,2,0,0,0.0,0.0
Canonical cross-cohort robustness,scenario_pipeline_v3_economic_validity,consumer_cyclical_revenue_20m,Consumer Cyclical companies with revenue >= $20M,Full-assignment candidate,Full Assignment|Gaussian Mixture,Gaussian Mixture,10015,376,376,0.8377659574468085,315,2,2,2,0,0,0.0,0.0
Canonical cross-cohort robustness,scenario_pipeline_v3_economic_validity,consumer_cyclical_revenue_20m,Consumer Cyclical companies with revenue >= $20M,Full-assignment candidate,Full Assignment|Gaussian Mixture,Gaussian Mixture,10016,376,376,0.9867021276595744,371,2,2,2,0,0,0.0,0.0
Canonical cross-cohort robustness,scenario_pipeline_v3_economic_validity,consumer_cyclical_revenue_20m,Consumer Cyclical companies with revenue >= $20M,Full-assignment candidate,Full Assignment|Gaussian Mixture,Gaussian Mixture,10017,376,376,0.8670212765957447,326,2,2,2,0,0,0.0,0.0
Canonical cross-cohort robustness,scenario_pipeline_v3_economic_validity,consumer_cyclical_revenue_20m,Consumer Cyclical companies with revenue >= $20M,Full-assignment candidate,Full Assignment|Gaussian Mixture,Gaussian Mixture,10018,376,376,0.8590425531914894,323,2,2,2,0,0,0.0,0.0
Canonical cross-cohort robustness,scenario_pipeline_v3_economic_validity,consumer_cyclical_revenue_20m,Consumer Cyclical companies with revenue >= $20M,Full-assignment candidate,Full Assignment|Gaussian Mixture,Gaussian Mixture,10019,376,376,0.973404255319149,366,2,2,2,0,0,0.0,0.0
Canonical cross-cohort robustness,scenario_pipeline_v3_economic_validity,consumer_cyclical_revenue_20m,Consumer Cyclical companies with revenue >= $20M,HDBSCAN Pareto representative,HDBSCAN|mcs=10|ms=5,HDBSCAN,10000,376,300,0.9966666666666667,299,2,2,2,0,0,0.14361702127659576,0.20212765957446807
Canonical cross-cohort robustness,scenario_pipeline_v3_economic_validity,consumer_cyclical_revenue_20m,Consumer Cyclical companies with revenue >= $20M,HDBSCAN Pareto representative,HDBSCAN|mcs=10|ms=5,HDBSCAN,10001,376,315,0.9968253968253968,314,3,3,3,0,0,0.14361702127659576,0.15425531914893617
Canonical cross-cohort robustness,scenario_pipeline_v3_economic_validity,consumer_cyclical_revenue_20m,Consumer Cyclical companies with revenue >= $20M,HDBSCAN Pareto representative,HDBSCAN|mcs=10|ms=5,HDBSCAN,10002,376,319,0.9749216300940439,311,3,3,3,0,0,0.14893617021276595,0.09840425531914894
Canonical cross-cohort robustness,scenario_pipeline_v3_economic_validity,consumer_cyclical_revenue_20m,Consumer Cyclical companies with revenue >= $20M,HDBSCAN Pareto representative,HDBSCAN|mcs=10|ms=5,HDBSCAN,10003,376,309,0.9676375404530745,299,3,4,3,0,1,0.14627659574468085,0.1675531914893617
Canonical cross-cohort robustness,scenario_pipeline_v3_economic_validity,consumer_cyclical_revenue_20m,Consumer Cyclical companies with revenue >= $20M,HDBSCAN Pareto representative,HDBSCAN|mcs=10|ms=5,HDBSCAN,10004,376,309,1.0,309,3,3,3,0,0,0.14893617021276595,0.17553191489361702
Canonical cross-cohort robustness,scenario_pipeline_v3_economic_validity,consumer_cyclical_revenue_20m,Consumer Cyclical companies with revenue >= $20M,HDBSCAN Pareto representative,HDBSCAN|mcs=10|ms=5,HDBSCAN,10005,376,305,1.0,305,3,3,3,0,0,0.15425531914893617,0.17553191489361702
Canonical cross-cohort robustness,scenario_pipeline_v3_economic_validity,consumer_cyclical_revenue_20m,Consumer Cyclical companies with revenue >= $20M,HDBSCAN Pareto representative,HDBSCAN|mcs=10|ms=5,HDBSCAN,10006,376,317,1.0,317,3,3,3,0,0,0.15691489361702127,0.1276595744680851
Canonical cross-cohort robustness,scenario_pipeline_v3_economic_validity,consumer_cyclical_revenue_20m,Consumer Cyclical companies with revenue >= $20M,HDBSCAN Pareto representative,HDBSCAN|mcs=10|ms=5,HDBSCAN,10007,376,317,0.9968454258675079,316,3,3,3,0,0,0.14893617021276595,0.13829787234042554
Canonical cross-cohort robustness,scenario_pipeline_v3_economic_validity,consumer_cyclical_revenue_20m,Consumer Cyclical companies with revenue >= $20M,HDBSCAN Pareto representative,HDBSCAN|mcs=10|ms=5,HDBSCAN,10008,376,321,0.9968847352024922,320,3,3,3,0,0,0.14361702127659576,0.12234042553191489
Canonical cross-cohort robustness,scenario_pipeline_v3_economic_validity,consumer_cyclical_revenue_20m,Consumer Cyclical companies with revenue >= $20M,HDBSCAN Pareto representative,HDBSCAN|mcs=10|ms=5,HDBSCAN,10009,376,323,0.978328173374613,316,3,2,2,1,0,0.11436170212765957,0.1356382978723404
Canonical cross-cohort robustness,scenario_pipeline_v3_economic_validity,consumer_cyclical_revenue_20m,Consumer Cyclical companies with revenue >= $20M,HDBSCAN Pareto representative,HDBSCAN|mcs=10|ms=5,HDBSCAN,10010,376,311,0.9967845659163987,310,3,3,3,0,0,0.14893617021276595,0.16489361702127658
Canonical cross-cohort robustness,scenario_pipeline_v3_economic_validity,consumer_cyclical_revenue_20m,Consumer Cyclical companies with revenue >= $20M,HDBSCAN Pareto representative,HDBSCAN|mcs=10|ms=5,HDBSCAN,10011,376,319,1.0,319,3,3,3,0,0,0.15159574468085107,0.11702127659574468
Canonical cross-cohort robustness,scenario_pipeline_v3_economic_validity,consumer_cyclical_revenue_20m,Consumer Cyclical companies with revenue >= $20M,HDBSCAN Pareto representative,HDBSCAN|mcs=10|ms=5,HDBSCAN,10012,376,319,0.9968652037617555,318,3,3,3,0,0,0.13829787234042554,0.13297872340425532
Canonical cross-cohort robustness,scenario_pipeline_v3_economic_validity,consumer_cyclical_revenue_20m,Consumer Cyclical companies with revenue >= $20M,HDBSCAN Pareto representative,HDBSCAN|mcs=10|ms=5,HDBSCAN,10013,376,325,0.9784615384615385,318,3,2,2,1,0,0.13297872340425532,0.10638297872340426
Canonical cross-cohort robustness,scenario_pipeline_v3_economic_validity,consumer_cyclical_revenue_20m,Consumer Cyclical companies with revenue >= $20M,HDBSCAN Pareto representative,HDBSCAN|mcs=10|ms=5,HDBSCAN,10014,376,316,0.9841772151898734,311,3,2,2,1,0,0.13297872340425532,0.15159574468085107
Canonical cross-cohort robustness,scenario_pipeline_v3_economic_validity,consumer_cyclical_revenue_20m,Consumer Cyclical companies with revenue >= $20M,HDBSCAN Pareto representative,HDBSCAN|mcs=10|ms=5,HDBSCAN,10015,376,318,0.9748427672955975,310,3,2,2,1,0,0.14361702127659576,0.13297872340425532
Canonical cross-cohort robustness,scenario_pipeline_v3_economic_validity,consumer_cyclical_revenue_20m,Consumer Cyclical companies with revenue >= $20M,HDBSCAN Pareto representative,HDBSCAN|mcs=10|ms=5,HDBSCAN,10016,376,313,0.9968051118210862,312,3,3,3,0,0,0.15691489361702127,0.15425531914893617
Canonical cross-cohort robustness,scenario_pipeline_v3_economic_validity,consumer_cyclical_revenue_20m,Consumer Cyclical companies with revenue >= $20M,HDBSCAN Pareto representative,HDBSCAN|mcs=10|ms=5,HDBSCAN,10017,376,317,1.0,317,3,3,3,0,0,0.15159574468085107,0.12234042553191489
Canonical cross-cohort robustness,scenario_pipeline_v3_economic_validity,consumer_cyclical_revenue_20m,Consumer Cyclical companies with revenue >= $20M,HDBSCAN Pareto representative,HDBSCAN|mcs=10|ms=5,HDBSCAN,10018,376,314,1.0,314,3,3,3,0,0,0.15159574468085107,0.14893617021276595
Canonical cross-cohort robustness,scenario_pipeline_v3_economic_validity,consumer_cyclical_revenue_20m,Consumer Cyclical companies with revenue >= $20M,HDBSCAN Pareto representative,HDBSCAN|mcs=10|ms=5,HDBSCAN,10019,376,319,0.9717868338557993,310,3,2,2,1,0,0.14627659574468085,0.1196808510638298
Canonical cross-cohort robustness,scenario_pipeline_v3_economic_validity,consumer_cyclical_revenue_20m,Consumer Cyclical companies with revenue >= $20M,HDBSCAN Pareto representative,HDBSCAN|mcs=15|ms=5,HDBSCAN,10000,376,0,,0,0,0,0,0,0,0.1622340425531915,1.0
Canonical cross-cohort robustness,scenario_pipeline_v3_economic_validity,consumer_cyclical_revenue_20m,Consumer Cyclical companies with revenue >= $20M,HDBSCAN Pareto representative,HDBSCAN|mcs=15|ms=5,HDBSCAN,10001,376,0,,0,0,0,0,0,0,0.17287234042553193,1.0
Canonical cross-cohort robustness,scenario_pipeline_v3_economic_validity,consumer_cyclical_revenue_20m,Consumer Cyclical companies with revenue >= $20M,HDBSCAN Pareto representative,HDBSCAN|mcs=15|ms=5,HDBSCAN,10002,376,0,,0,0,0,0,0,0,0.18351063829787234,1.0
Canonical cross-cohort robustness,scenario_pipeline_v3_economic_validity,consumer_cyclical_revenue_20m,Consumer Cyclical companies with revenue >= $20M,HDBSCAN Pareto representative,HDBSCAN|mcs=15|ms=5,HDBSCAN,10003,376,0,,0,0,0,0,0,0,0.17287234042553193,1.0
Canonical cross-cohort robustness,scenario_pipeline_v3_economic_validity,consumer_cyclical_revenue_20m,Consumer Cyclical companies with revenue >= $20M,HDBSCAN Pareto representative,HDBSCAN|mcs=15|ms=5,HDBSCAN,10004,376,0,,0,0,0,0,0,0,0.17819148936170212,1.0
Canonical cross-cohort robustness,scenario_pipeline_v3_economic_validity,consumer_cyclical_revenue_20m,Consumer Cyclical companies with revenue >= $20M,HDBSCAN Pareto representative,HDBSCAN|mcs=15|ms=5,HDBSCAN,10005,376,0,,0,0,0,0,0,0,0.18351063829787234,1.0
Canonical cross-cohort robustness,scenario_pipeline_v3_economic_validity,consumer_cyclical_revenue_20m,Consumer Cyclical companies with revenue >= $20M,HDBSCAN Pareto representative,HDBSCAN|mcs=15|ms=5,HDBSCAN,10006,376,305,1.0,305,2,2,2,0,0,0.18882978723404256,0.1622340425531915
Canonical cross-cohort robustness,scenario_pipeline_v3_economic_validity,consumer_cyclical_revenue_20m,Consumer Cyclical companies with revenue >= $20M,HDBSCAN Pareto representative,HDBSCAN|mcs=15|ms=5,HDBSCAN,10007,376,306,0.9967320261437909,305,2,2,2,0,0,0.17819148936170212,0.13829787234042554
Canonical cross-cohort robustness,scenario_pipeline_v3_economic_validity,consumer_cyclical_revenue_20m,Consumer Cyclical companies with revenue >= $20M,HDBSCAN Pareto representative,HDBSCAN|mcs=15|ms=5,HDBSCAN,10008,376,310,0.9967741935483871,309,2,2,2,0,0,0.17287234042553193,0.12234042553191489
Canonical cross-cohort robustness,scenario_pipeline_v3_economic_validity,consumer_cyclical_revenue_20m,Consumer Cyclical companies with revenue >= $20M,HDBSCAN Pareto representative,HDBSCAN|mcs=15|ms=5,HDBSCAN,10009,376,316,1.0,316,2,2,2,0,0,0.13829787234042554,0.1356382978723404
Canonical cross-cohort robustness,scenario_pipeline_v3_economic_validity,consumer_cyclical_revenue_20m,Consumer Cyclical companies with revenue >= $20M,HDBSCAN Pareto representative,HDBSCAN|mcs=15|ms=5,HDBSCAN,10010,376,303,0.9966996699669967,302,2,2,2,0,0,0.17287234042553193,0.19414893617021275
Canonical cross-cohort robustness,scenario_pipeline_v3_economic_validity,consumer_cyclical_revenue_20m,Consumer Cyclical companies with revenue >= $20M,HDBSCAN Pareto representative,HDBSCAN|mcs=15|ms=5,HDBSCAN,10011,376,309,1.0,309,2,2,2,0,0,0.17819148936170212,0.14627659574468085
Canonical cross-cohort robustness,scenario_pipeline_v3_economic_validity,consumer_cyclical_revenue_20m,Consumer Cyclical companies with revenue >= $20M,HDBSCAN Pareto representative,HDBSCAN|mcs=15|ms=5,HDBSCAN,10012,376,309,0.9967637540453075,308,2,2,2,0,0,0.1675531914893617,0.1595744680851064
Canonical cross-cohort robustness,scenario_pipeline_v3_economic_validity,consumer_cyclical_revenue_20m,Consumer Cyclical companies with revenue >= $20M,HDBSCAN Pareto representative,HDBSCAN|mcs=15|ms=5,HDBSCAN,10013,376,318,1.0,318,2,2,2,0,0,0.15425531914893617,0.10638297872340426
Canonical cross-cohort robustness,scenario_pipeline_v3_economic_validity,consumer_cyclical_revenue_20m,Consumer Cyclical companies with revenue >= $20M,HDBSCAN Pareto representative,HDBSCAN|mcs=15|ms=5,HDBSCAN,10014,376,312,0.9967948717948718,311,2,2,2,0,0,0.15159574468085107,0.15159574468085107
Canonical cross-cohort robustness,scenario_pipeline_v3_economic_validity,consumer_cyclical_revenue_20m,Consumer Cyclical companies with revenue >= $20M,HDBSCAN Pareto representative,HDBSCAN|mcs=15|ms=5,HDBSCAN,10015,376,310,1.0,310,2,2,2,0,0,0.1675531914893617,0.13297872340425532
Canonical cross-cohort robustness,scenario_pipeline_v3_economic_validity,consumer_cyclical_revenue_20m,Consumer Cyclical companies with revenue >= $20M,HDBSCAN Pareto representative,HDBSCAN|mcs=15|ms=5,HDBSCAN,10016,376,303,0.9966996699669967,302,2,2,2,0,0,0.18351063829787234,0.18085106382978725
Canonical cross-cohort robustness,scenario_pipeline_v3_economic_validity,consumer_cyclical_revenue_20m,Consumer Cyclical companies with revenue >= $20M,HDBSCAN Pareto representative,HDBSCAN|mcs=15|ms=5,HDBSCAN,10017,376,306,1.0,306,2,2,2,0,0,0.18085106382978725,0.15691489361702127
Canonical cross-cohort robustness,scenario_pipeline_v3_economic_validity,consumer_cyclical_revenue_20m,Consumer Cyclical companies with revenue >= $20M,HDBSCAN Pareto representative,HDBSCAN|mcs=15|ms=5,HDBSCAN,10018,376,0,,0,0,0,0,0,0,0.18617021276595744,1.0
Canonical cross-cohort robustness,scenario_pipeline_v3_economic_validity,consumer_cyclical_revenue_20m,Consumer Cyclical companies with revenue >= $20M,HDBSCAN Pareto representative,HDBSCAN|mcs=15|ms=5,HDBSCAN,10019,376,310,1.0,310,2,2,2,0,0,0.17287234042553193,0.1196808510638298
Canonical cross-cohort robustness,scenario_pipeline_v3_economic_validity,non_financial_large_cap_revenue_1b,Non-financial companies with revenue >= $1B,Full-assignment candidate,Full Assignment|Agglomerative,Agglomerative,10000,1320,1320,0.9878787878787879,1304,2,2,2,0,0,0.0,0.0
Canonical cross-cohort robustness,scenario_pipeline_v3_economic_validity,non_financial_large_cap_revenue_1b,Non-financial companies with revenue >= $1B,Full-assignment candidate,Full Assignment|Agglomerative,Agglomerative,10001,1322,1322,0.9863842662632375,1304,2,2,2,0,0,0.0,0.0
Canonical cross-cohort robustness,scenario_pipeline_v3_economic_validity,non_financial_large_cap_revenue_1b,Non-financial companies with revenue >= $1B,Full-assignment candidate,Full Assignment|Agglomerative,Agglomerative,10002,1321,1321,0.9818319454958365,1297,2,2,2,0,0,0.0,0.0
Canonical cross-cohort robustness,scenario_pipeline_v3_economic_validity,non_financial_large_cap_revenue_1b,Non-financial companies with revenue >= $1B,Full-assignment candidate,Full Assignment|Agglomerative,Agglomerative,10003,1321,1321,0.9977289931869796,1318,2,2,2,0,0,0.0,0.0
Canonical cross-cohort robustness,scenario_pipeline_v3_economic_validity,non_financial_large_cap_revenue_1b,Non-financial companies with revenue >= $1B,Full-assignment candidate,Full Assignment|Agglomerative,Agglomerative,10004,1320,1320,0.9931818181818182,1311,2,2,2,0,0,0.0,0.0
Canonical cross-cohort robustness,scenario_pipeline_v3_economic_validity,non_financial_large_cap_revenue_1b,Non-financial companies with revenue >= $1B,Full-assignment candidate,Full Assignment|Agglomerative,Agglomerative,10005,1320,1320,0.9522727272727273,1257,2,2,2,0,0,0.0,0.0
Canonical cross-cohort robustness,scenario_pipeline_v3_economic_validity,non_financial_large_cap_revenue_1b,Non-financial companies with revenue >= $1B,Full-assignment candidate,Full Assignment|Agglomerative,Agglomerative,10006,1320,1320,0.990909090909091,1308,2,2,2,0,0,0.0,0.0
Canonical cross-cohort robustness,scenario_pipeline_v3_economic_validity,non_financial_large_cap_revenue_1b,Non-financial companies with revenue >= $1B,Full-assignment candidate,Full Assignment|Agglomerative,Agglomerative,10007,1321,1321,0.9886449659348978,1306,2,2,2,0,0,0.0,0.0
Canonical cross-cohort robustness,scenario_pipeline_v3_economic_validity,non_financial_large_cap_revenue_1b,Non-financial companies with revenue >= $1B,Full-assignment candidate,Full Assignment|Agglomerative,Agglomerative,10008,1320,1320,0.9515151515151515,1256,2,2,2,0,0,0.0,0.0
Canonical cross-cohort robustness,scenario_pipeline_v3_economic_validity,non_financial_large_cap_revenue_1b,Non-financial companies with revenue >= $1B,Full-assignment candidate,Full Assignment|Agglomerative,Agglomerative,10009,1321,1321,0.9894019682059046,1307,2,2,2,0,0,0.0,0.0
Canonical cross-cohort robustness,scenario_pipeline_v3_economic_validity,non_financial_large_cap_revenue_1b,Non-financial companies with revenue >= $1B,Full-assignment candidate,Full Assignment|Agglomerative,Agglomerative,10010,1321,1321,0.987887963663891,1305,2,2,2,0,0,0.0,0.0
Canonical cross-cohort robustness,scenario_pipeline_v3_economic_validity,non_financial_large_cap_revenue_1b,Non-financial companies with revenue >= $1B,Full-assignment candidate,Full Assignment|Agglomerative,Agglomerative,10011,1320,1320,0.9939393939393939,1312,2,2,2,0,0,0.0,0.0
Canonical cross-cohort robustness,scenario_pipeline_v3_economic_validity,non_financial_large_cap_revenue_1b,Non-financial companies with revenue >= $1B,Full-assignment candidate,Full Assignment|Agglomerative,Agglomerative,10012,1321,1321,0.9924299772899319,1311,2,2,2,0,0,0.0,0.0
Canonical cross-cohort robustness,scenario_pipeline_v3_economic_validity,non_financial_large_cap_revenue_1b,Non-financial companies with revenue >= $1B,Full-assignment candidate,Full Assignment|Agglomerative,Agglomerative,10013,1320,1320,0.9954545454545455,1314,2,2,2,0,0,0.0,0.0
Canonical cross-cohort robustness,scenario_pipeline_v3_economic_validity,non_financial_large_cap_revenue_1b,Non-financial companies with revenue >= $1B,Full-assignment candidate,Full Assignment|Agglomerative,Agglomerative,10014,1320,1320,0.978030303030303,1291,2,2,2,0,0,0.0,0.0
Canonical cross-cohort robustness,scenario_pipeline_v3_economic_validity,non_financial_large_cap_revenue_1b,Non-financial companies with revenue >= $1B,Full-assignment candidate,Full Assignment|Agglomerative,Agglomerative,10015,1320,1320,0.953030303030303,1258,2,2,2,0,0,0.0,0.0
Canonical cross-cohort robustness,scenario_pipeline_v3_economic_validity,non_financial_large_cap_revenue_1b,Non-financial companies with revenue >= $1B,Full-assignment candidate,Full Assignment|Agglomerative,Agglomerative,10016,1320,1320,0.9590909090909091,1266,2,2,2,0,0,0.0,0.0
Canonical cross-cohort robustness,scenario_pipeline_v3_economic_validity,non_financial_large_cap_revenue_1b,Non-financial companies with revenue >= $1B,Full-assignment candidate,Full Assignment|Agglomerative,Agglomerative,10017,1320,1320,0.9871212121212121,1303,2,2,2,0,0,0.0,0.0
Canonical cross-cohort robustness,scenario_pipeline_v3_economic_validity,non_financial_large_cap_revenue_1b,Non-financial companies with revenue >= $1B,Full-assignment candidate,Full Assignment|Agglomerative,Agglomerative,10018,1320,1320,0.9886363636363636,1305,2,2,2,0,0,0.0,0.0
Canonical cross-cohort robustness,scenario_pipeline_v3_economic_validity,non_financial_large_cap_revenue_1b,Non-financial companies with revenue >= $1B,Full-assignment candidate,Full Assignment|Agglomerative,Agglomerative,10019,1321,1321,0.9265707797123391,1224,2,2,2,0,0,0.0,0.0
Canonical cross-cohort robustness,scenario_pipeline_v3_economic_validity,non_financial_large_cap_revenue_1b,Non-financial companies with revenue >= $1B,Full-assignment candidate,Full Assignment|K-Means,K-Means,10000,1320,1320,0.9946969696969697,1313,2,2,2,0,0,0.0,0.0
Canonical cross-cohort robustness,scenario_pipeline_v3_economic_validity,non_financial_large_cap_revenue_1b,Non-financial companies with revenue >= $1B,Full-assignment candidate,Full Assignment|K-Means,K-Means,10001,1322,1322,0.9947049924357034,1315,2,2,2,0,0,0.0,0.0
Canonical cross-cohort robustness,scenario_pipeline_v3_economic_validity,non_financial_large_cap_revenue_1b,Non-financial companies with revenue >= $1B,Full-assignment candidate,Full Assignment|K-Means,K-Means,10002,1321,1321,0.9947009841029523,1314,2,2,2,0,0,0.0,0.0
Canonical cross-cohort robustness,scenario_pipeline_v3_economic_validity,non_financial_large_cap_revenue_1b,Non-financial companies with revenue >= $1B,Full-assignment candidate,Full Assignment|K-Means,K-Means,10003,1321,1321,0.9992429977289932,1320,2,2,2,0,0,0.0,0.0
Canonical cross-cohort robustness,scenario_pipeline_v3_economic_validity,non_financial_large_cap_revenue_1b,Non-financial companies with revenue >= $1B,Full-assignment candidate,Full Assignment|K-Means,K-Means,10004,1320,1320,0.9984848484848485,1318,2,2,2,0,0,0.0,0.0
Canonical cross-cohort robustness,scenario_pipeline_v3_economic_validity,non_financial_large_cap_revenue_1b,Non-financial companies with revenue >= $1B,Full-assignment candidate,Full Assignment|K-Means,K-Means,10005,1320,1320,0.990909090909091,1308,2,2,2,0,0,0.0,0.0
Canonical cross-cohort robustness,scenario_pipeline_v3_economic_validity,non_financial_large_cap_revenue_1b,Non-financial companies with revenue >= $1B,Full-assignment candidate,Full Assignment|K-Means,K-Means,10006,1320,1320,0.996969696969697,1316,2,2,2,0,0,0.0,0.0
Canonical cross-cohort robustness,scenario_pipeline_v3_economic_validity,non_financial_large_cap_revenue_1b,Non-financial companies with revenue >= $1B,Full-assignment candidate,Full Assignment|K-Means,K-Means,10007,1321,1321,0.9901589704769115,1308,2,2,2,0,0,0.0,0.0
Canonical cross-cohort robustness,scenario_pipeline_v3_economic_validity,non_financial_large_cap_revenue_1b,Non-financial companies with revenue >= $1B,Full-assignment candidate,Full Assignment|K-Means,K-Means,10008,1320,1320,0.9992424242424243,1319,2,2,2,0,0,0.0,0.0
Canonical cross-cohort robustness,scenario_pipeline_v3_economic_validity,non_financial_large_cap_revenue_1b,Non-financial companies with revenue >= $1B,Full-assignment candidate,Full Assignment|K-Means,K-Means,10009,1321,1321,0.9984859954579863,1319,2,2,2,0,0,0.0,0.0
Canonical cross-cohort robustness,scenario_pipeline_v3_economic_validity,non_financial_large_cap_revenue_1b,Non-financial companies with revenue >= $1B,Full-assignment candidate,Full Assignment|K-Means,K-Means,10010,1321,1321,0.9962149886449659,1316,2,2,2,0,0,0.0,0.0
Canonical cross-cohort robustness,scenario_pipeline_v3_economic_validity,non_financial_large_cap_revenue_1b,Non-financial companies with revenue >= $1B,Full-assignment candidate,Full Assignment|K-Means,K-Means,10011,1320,1320,0.9977272727272727,1317,2,2,2,0,0,0.0,0.0
Canonical cross-cohort robustness,scenario_pipeline_v3_economic_validity,non_financial_large_cap_revenue_1b,Non-financial companies with revenue >= $1B,Full-assignment candidate,Full Assignment|K-Means,K-Means,10012,1321,1321,0.9954579863739591,1315,2,2,2,0,0,0.0,0.0
Canonical cross-cohort robustness,scenario_pipeline_v3_economic_validity,non_financial_large_cap_revenue_1b,Non-financial companies with revenue >= $1B,Full-assignment candidate,Full Assignment|K-Means,K-Means,10013,1320,1320,0.9977272727272727,1317,2,2,2,0,0,0.0,0.0
Canonical cross-cohort robustness,scenario_pipeline_v3_economic_validity,non_financial_large_cap_revenue_1b,Non-financial companies with revenue >= $1B,Full-assignment candidate,Full Assignment|K-Means,K-Means,10014,1320,1320,0.9886363636363636,1305,2,2,2,0,0,0.0,0.0
Canonical cross-cohort robustness,scenario_pipeline_v3_economic_validity,non_financial_large_cap_revenue_1b,Non-financial companies with revenue >= $1B,Full-assignment candidate,Full Assignment|K-Means,K-Means,10015,1320,1320,0.9977272727272727,1317,2,2,2,0,0,0.0,0.0
Canonical cross-cohort robustness,scenario_pipeline_v3_economic_validity,non_financial_large_cap_revenue_1b,Non-financial companies with revenue >= $1B,Full-assignment candidate,Full Assignment|K-Means,K-Means,10016,1320,1320,0.9924242424242424,1310,2,2,2,0,0,0.0,0.0
Canonical cross-cohort robustness,scenario_pipeline_v3_economic_validity,non_financial_large_cap_revenue_1b,Non-financial companies with revenue >= $1B,Full-assignment candidate,Full Assignment|K-Means,K-Means,10017,1320,1320,0.9946969696969697,1313,2,2,2,0,0,0.0,0.0
Canonical cross-cohort robustness,scenario_pipeline_v3_economic_validity,non_financial_large_cap_revenue_1b,Non-financial companies with revenue >= $1B,Full-assignment candidate,Full Assignment|K-Means,K-Means,10018,1320,1320,0.9977272727272727,1317,2,2,2,0,0,0.0,0.0
Canonical cross-cohort robustness,scenario_pipeline_v3_economic_validity,non_financial_large_cap_revenue_1b,Non-financial companies with revenue >= $1B,Full-assignment candidate,Full Assignment|K-Means,K-Means,10019,1321,1321,0.9962149886449659,1316,2,2,2,0,0,0.0,0.0
Canonical cross-cohort robustness,scenario_pipeline_v3_economic_validity,non_financial_large_cap_revenue_1b,Non-financial companies with revenue >= $1B,Full-assignment candidate,Full Assignment|Gaussian Mixture,Gaussian Mixture,10000,1320,1320,0.9833333333333333,1298,2,2,2,0,0,0.0,0.0
Canonical cross-cohort robustness,scenario_pipeline_v3_economic_validity,non_financial_large_cap_revenue_1b,Non-financial companies with revenue >= $1B,Full-assignment candidate,Full Assignment|Gaussian Mixture,Gaussian Mixture,10001,1322,1322,0.9757942511346445,1290,2,2,2,0,0,0.0,0.0
Canonical cross-cohort robustness,scenario_pipeline_v3_economic_validity,non_financial_large_cap_revenue_1b,Non-financial companies with revenue >= $1B,Full-assignment candidate,Full Assignment|Gaussian Mixture,Gaussian Mixture,10002,1321,1321,0.9848599545798638,1301,2,2,2,0,0,0.0,0.0
Canonical cross-cohort robustness,scenario_pipeline_v3_economic_validity,non_financial_large_cap_revenue_1b,Non-financial companies with revenue >= $1B,Full-assignment candidate,Full Assignment|Gaussian Mixture,Gaussian Mixture,10003,1321,1321,0.9856169568508706,1302,2,2,2,0,0,0.0,0.0
Canonical cross-cohort robustness,scenario_pipeline_v3_economic_validity,non_financial_large_cap_revenue_1b,Non-financial companies with revenue >= $1B,Full-assignment candidate,Full Assignment|Gaussian Mixture,Gaussian Mixture,10004,1320,1320,0.9893939393939394,1306,2,2,2,0,0,0.0,0.0
Canonical cross-cohort robustness,scenario_pipeline_v3_economic_validity,non_financial_large_cap_revenue_1b,Non-financial companies with revenue >= $1B,Full-assignment candidate,Full Assignment|Gaussian Mixture,Gaussian Mixture,10005,1320,1320,0.9719696969696969,1283,2,2,2,0,0,0.0,0.0
Canonical cross-cohort robustness,scenario_pipeline_v3_economic_validity,non_financial_large_cap_revenue_1b,Non-financial companies with revenue >= $1B,Full-assignment candidate,Full Assignment|Gaussian Mixture,Gaussian Mixture,10006,1320,1320,0.9863636363636363,1302,2,2,2,0,0,0.0,0.0
Canonical cross-cohort robustness,scenario_pipeline_v3_economic_validity,non_financial_large_cap_revenue_1b,Non-financial companies with revenue >= $1B,Full-assignment candidate,Full Assignment|Gaussian Mixture,Gaussian Mixture,10007,1321,1321,0.9856169568508706,1302,2,2,2,0,0,0.0,0.0
Canonical cross-cohort robustness,scenario_pipeline_v3_economic_validity,non_financial_large_cap_revenue_1b,Non-financial companies with revenue >= $1B,Full-assignment candidate,Full Assignment|Gaussian Mixture,Gaussian Mixture,10008,1320,1320,0.9810606060606061,1295,2,2,2,0,0,0.0,0.0
Canonical cross-cohort robustness,scenario_pipeline_v3_economic_validity,non_financial_large_cap_revenue_1b,Non-financial companies with revenue >= $1B,Full-assignment candidate,Full Assignment|Gaussian Mixture,Gaussian Mixture,10009,1321,1321,0.9894019682059046,1307,2,2,2,0,0,0.0,0.0
Canonical cross-cohort robustness,scenario_pipeline_v3_economic_validity,non_financial_large_cap_revenue_1b,Non-financial companies with revenue >= $1B,Full-assignment candidate,Full Assignment|Gaussian Mixture,Gaussian Mixture,10010,1321,1321,0.9856169568508706,1302,2,2,2,0,0,0.0,0.0
Canonical cross-cohort robustness,scenario_pipeline_v3_economic_validity,non_financial_large_cap_revenue_1b,Non-financial companies with revenue >= $1B,Full-assignment candidate,Full Assignment|Gaussian Mixture,Gaussian Mixture,10011,1320,1320,0.9893939393939394,1306,2,2,2,0,0,0.0,0.0
Canonical cross-cohort robustness,scenario_pipeline_v3_economic_validity,non_financial_large_cap_revenue_1b,Non-financial companies with revenue >= $1B,Full-assignment candidate,Full Assignment|Gaussian Mixture,Gaussian Mixture,10012,1321,1321,0.9788039364118092,1293,2,2,2,0,0,0.0,0.0
Canonical cross-cohort robustness,scenario_pipeline_v3_economic_validity,non_financial_large_cap_revenue_1b,Non-financial companies with revenue >= $1B,Full-assignment candidate,Full Assignment|Gaussian Mixture,Gaussian Mixture,10013,1320,1320,0.9712121212121212,1282,2,2,2,0,0,0.0,0.0
Canonical cross-cohort robustness,scenario_pipeline_v3_economic_validity,non_financial_large_cap_revenue_1b,Non-financial companies with revenue >= $1B,Full-assignment candidate,Full Assignment|Gaussian Mixture,Gaussian Mixture,10014,1320,1320,0.9946969696969697,1313,2,2,2,0,0,0.0,0.0
Canonical cross-cohort robustness,scenario_pipeline_v3_economic_validity,non_financial_large_cap_revenue_1b,Non-financial companies with revenue >= $1B,Full-assignment candidate,Full Assignment|Gaussian Mixture,Gaussian Mixture,10015,1320,1320,0.956060606060606,1262,2,2,2,0,0,0.0,0.0
Canonical cross-cohort robustness,scenario_pipeline_v3_economic_validity,non_financial_large_cap_revenue_1b,Non-financial companies with revenue >= $1B,Full-assignment candidate,Full Assignment|Gaussian Mixture,Gaussian Mixture,10016,1320,1320,0.9787878787878788,1292,2,2,2,0,0,0.0,0.0
Canonical cross-cohort robustness,scenario_pipeline_v3_economic_validity,non_financial_large_cap_revenue_1b,Non-financial companies with revenue >= $1B,Full-assignment candidate,Full Assignment|Gaussian Mixture,Gaussian Mixture,10017,1320,1320,0.9651515151515152,1274,2,2,2,0,0,0.0,0.0
Canonical cross-cohort robustness,scenario_pipeline_v3_economic_validity,non_financial_large_cap_revenue_1b,Non-financial companies with revenue >= $1B,Full-assignment candidate,Full Assignment|Gaussian Mixture,Gaussian Mixture,10018,1320,1320,0.9878787878787879,1304,2,2,2,0,0,0.0,0.0
Canonical cross-cohort robustness,scenario_pipeline_v3_economic_validity,non_financial_large_cap_revenue_1b,Non-financial companies with revenue >= $1B,Full-assignment candidate,Full Assignment|Gaussian Mixture,Gaussian Mixture,10019,1321,1321,0.9825889477668432,1298,2,2,2,0,0,0.0,0.0
Canonical cross-cohort robustness,scenario_pipeline_v3_economic_validity,non_financial_large_cap_revenue_1b,Non-financial companies with revenue >= $1B,HDBSCAN Pareto representative,HDBSCAN|mcs=10|ms=15,HDBSCAN,10000,1320,1209,1.0,1209,2,2,2,0,0,0.07348484848484849,0.07954545454545454
Canonical cross-cohort robustness,scenario_pipeline_v3_economic_validity,non_financial_large_cap_revenue_1b,Non-financial companies with revenue >= $1B,HDBSCAN Pareto representative,HDBSCAN|mcs=10|ms=15,HDBSCAN,10001,1322,1202,0.9983361064891847,1200,2,2,2,0,0,0.07337367624810892,0.0907715582450832
Canonical cross-cohort robustness,scenario_pipeline_v3_economic_validity,non_financial_large_cap_revenue_1b,Non-financial companies with revenue >= $1B,HDBSCAN Pareto representative,HDBSCAN|mcs=10|ms=15,HDBSCAN,10002,1321,1215,1.0,1215,2,2,2,0,0,0.07040121120363362,0.07645722937168811
Canonical cross-cohort robustness,scenario_pipeline_v3_economic_validity,non_financial_large_cap_revenue_1b,Non-financial companies with revenue >= $1B,HDBSCAN Pareto representative,HDBSCAN|mcs=10|ms=15,HDBSCAN,10003,1321,1228,1.0,1228,2,2,2,0,0,0.0635881907645723,0.0635881907645723
Canonical cross-cohort robustness,scenario_pipeline_v3_economic_validity,non_financial_large_cap_revenue_1b,Non-financial companies with revenue >= $1B,HDBSCAN Pareto representative,HDBSCAN|mcs=10|ms=15,HDBSCAN,10004,1320,1230,0.9991869918699187,1229,2,2,2,0,0,0.06136363636363636,0.0659090909090909
Canonical cross-cohort robustness,scenario_pipeline_v3_economic_validity,non_financial_large_cap_revenue_1b,Non-financial companies with revenue >= $1B,HDBSCAN Pareto representative,HDBSCAN|mcs=10|ms=15,HDBSCAN,10005,1320,1220,1.0,1220,2,2,2,0,0,0.06818181818181818,0.0696969696969697
Canonical cross-cohort robustness,scenario_pipeline_v3_economic_validity,non_financial_large_cap_revenue_1b,Non-financial companies with revenue >= $1B,HDBSCAN Pareto representative,HDBSCAN|mcs=10|ms=15,HDBSCAN,10006,1320,1220,1.0,1220,2,2,2,0,0,0.06666666666666667,0.075
Canonical cross-cohort robustness,scenario_pipeline_v3_economic_validity,non_financial_large_cap_revenue_1b,Non-financial companies with revenue >= $1B,HDBSCAN Pareto representative,HDBSCAN|mcs=10|ms=15,HDBSCAN,10007,1321,1231,1.0,1231,2,2,2,0,0,0.06585919757759273,0.05526116578349735
Canonical cross-cohort robustness,scenario_pipeline_v3_economic_validity,non_financial_large_cap_revenue_1b,Non-financial companies with revenue >= $1B,HDBSCAN Pareto representative,HDBSCAN|mcs=10|ms=15,HDBSCAN,10008,1320,1227,1.0,1227,2,2,2,0,0,0.0659090909090909,0.06439393939393939
Canonical cross-cohort robustness,scenario_pipeline_v3_economic_validity,non_financial_large_cap_revenue_1b,Non-financial companies with revenue >= $1B,HDBSCAN Pareto representative,HDBSCAN|mcs=10|ms=15,HDBSCAN,10009,1321,1226,1.0,1226,2,2,2,0,0,0.06585919757759273,0.07115821347464042
Canonical cross-cohort robustness,scenario_pipeline_v3_economic_validity,non_financial_large_cap_revenue_1b,Non-financial companies with revenue >= $1B,HDBSCAN Pareto representative,HDBSCAN|mcs=10|ms=15,HDBSCAN,10010,1321,1227,1.0,1227,2,2,2,0,0,0.06585919757759273,0.06661619984859955
Canonical cross-cohort robustness,scenario_pipeline_v3_economic_validity,non_financial_large_cap_revenue_1b,Non-financial companies with revenue >= $1B,HDBSCAN Pareto representative,HDBSCAN|mcs=10|ms=15,HDBSCAN,10011,1320,1229,1.0,1229,2,2,2,0,0,0.06363636363636363,0.06363636363636363
Canonical cross-cohort robustness,scenario_pipeline_v3_economic_validity,non_financial_large_cap_revenue_1b,Non-financial companies with revenue >= $1B,HDBSCAN Pareto representative,HDBSCAN|mcs=10|ms=15,HDBSCAN,10012,1321,1227,1.0,1227,2,2,2,0,0,0.06510219530658592,0.06283118849356548
Canonical cross-cohort robustness,scenario_pipeline_v3_economic_validity,non_financial_large_cap_revenue_1b,Non-financial companies with revenue >= $1B,HDBSCAN Pareto representative,HDBSCAN|mcs=10|ms=15,HDBSCAN,10013,1320,1227,1.0,1227,2,2,2,0,0,0.06666666666666667,0.059848484848484845
Canonical cross-cohort robustness,scenario_pipeline_v3_economic_validity,non_financial_large_cap_revenue_1b,Non-financial companies with revenue >= $1B,HDBSCAN Pareto representative,HDBSCAN|mcs=10|ms=15,HDBSCAN,10014,1320,1179,1.0,1179,2,2,2,0,0,0.06287878787878788,0.10454545454545454
Canonical cross-cohort robustness,scenario_pipeline_v3_economic_validity,non_financial_large_cap_revenue_1b,Non-financial companies with revenue >= $1B,HDBSCAN Pareto representative,HDBSCAN|mcs=10|ms=15,HDBSCAN,10015,1320,1203,1.0,1203,2,2,2,0,0,0.07575757575757576,0.08636363636363636
Canonical cross-cohort robustness,scenario_pipeline_v3_economic_validity,non_financial_large_cap_revenue_1b,Non-financial companies with revenue >= $1B,HDBSCAN Pareto representative,HDBSCAN|mcs=10|ms=15,HDBSCAN,10016,1320,1218,0.9991789819376026,1217,2,2,2,0,0,0.06893939393939394,0.0696969696969697
Canonical cross-cohort robustness,scenario_pipeline_v3_economic_validity,non_financial_large_cap_revenue_1b,Non-financial companies with revenue >= $1B,HDBSCAN Pareto representative,HDBSCAN|mcs=10|ms=15,HDBSCAN,10017,1320,1221,1.0,1221,2,2,2,0,0,0.06666666666666667,0.06742424242424243
Canonical cross-cohort robustness,scenario_pipeline_v3_economic_validity,non_financial_large_cap_revenue_1b,Non-financial companies with revenue >= $1B,HDBSCAN Pareto representative,HDBSCAN|mcs=10|ms=15,HDBSCAN,10018,1320,1227,1.0,1227,2,2,2,0,0,0.06666666666666667,0.06515151515151515
Canonical cross-cohort robustness,scenario_pipeline_v3_economic_validity,non_financial_large_cap_revenue_1b,Non-financial companies with revenue >= $1B,HDBSCAN Pareto representative,HDBSCAN|mcs=10|ms=15,HDBSCAN,10019,1321,1236,1.0,1236,2,2,2,0,0,0.0635881907645723,0.050719152157456475
Canonical cross-cohort robustness,scenario_pipeline_v3_economic_validity,non_financial_large_cap_revenue_1b,Non-financial companies with revenue >= $1B,HDBSCAN Pareto representative,HDBSCAN|mcs=10|ms=5,HDBSCAN,10000,1320,1195,0.9974895397489539,1192,2,2,2,0,0,0.0856060606060606,0.09242424242424242
Canonical cross-cohort robustness,scenario_pipeline_v3_economic_validity,non_financial_large_cap_revenue_1b,Non-financial companies with revenue >= $1B,HDBSCAN Pareto representative,HDBSCAN|mcs=10|ms=5,HDBSCAN,10001,1322,1143,0.9912510936132983,1133,2,3,2,0,1,0.08925869894099848,0.13540090771558244
Canonical cross-cohort robustness,scenario_pipeline_v3_economic_validity,non_financial_large_cap_revenue_1b,Non-financial companies with revenue >= $1B,HDBSCAN Pareto representative,HDBSCAN|mcs=10|ms=5,HDBSCAN,10002,1321,1189,1.0,1189,2,2,2,0,0,0.0817562452687358,0.09689629068887207
Canonical cross-cohort robustness,scenario_pipeline_v3_economic_validity,non_financial_large_cap_revenue_1b,Non-financial companies with revenue >= $1B,HDBSCAN Pareto representative,HDBSCAN|mcs=10|ms=5,HDBSCAN,10003,1321,1220,1.0,1220,2,2,2,0,0,0.07645722937168811,0.04920514761544285
Canonical cross-cohort robustness,scenario_pipeline_v3_economic_validity,non_financial_large_cap_revenue_1b,Non-financial companies with revenue >= $1B,HDBSCAN Pareto representative,HDBSCAN|mcs=10|ms=5,HDBSCAN,10004,1320,1213,1.0,1213,2,2,2,0,0,0.07727272727272727,0.06666666666666667
Canonical cross-cohort robustness,scenario_pipeline_v3_economic_validity,non_financial_large_cap_revenue_1b,Non-financial companies with revenue >= $1B,HDBSCAN Pareto representative,HDBSCAN|mcs=10|ms=5,HDBSCAN,10005,1320,1114,0.9820466786355476,1094,2,4,2,0,2,0.08106060606060606,0.15606060606060607
Canonical cross-cohort robustness,scenario_pipeline_v3_economic_validity,non_financial_large_cap_revenue_1b,Non-financial companies with revenue >= $1B,HDBSCAN Pareto representative,HDBSCAN|mcs=10|ms=5,HDBSCAN,10006,1320,1187,0.9882055602358888,1173,2,3,2,0,1,0.08333333333333333,0.1
Canonical cross-cohort robustness,scenario_pipeline_v3_economic_validity,non_financial_large_cap_revenue_1b,Non-financial companies with revenue >= $1B,HDBSCAN Pareto representative,HDBSCAN|mcs=10|ms=5,HDBSCAN,10007,1321,1219,1.0,1219,2,2,2,0,0,0.0757002271006813,0.0643451930355791
Canonical cross-cohort robustness,scenario_pipeline_v3_economic_validity,non_financial_large_cap_revenue_1b,Non-financial companies with revenue >= $1B,HDBSCAN Pareto representative,HDBSCAN|mcs=10|ms=5,HDBSCAN,10008,1320,779,0.9319640564826701,726,2,4,2,0,2,0.08181818181818182,0.4068181818181818
Canonical cross-cohort robustness,scenario_pipeline_v3_economic_validity,non_financial_large_cap_revenue_1b,Non-financial companies with revenue >= $1B,HDBSCAN Pareto representative,HDBSCAN|mcs=10|ms=5,HDBSCAN,10009,1321,1105,0.9909502262443439,1095,2,3,2,0,1,0.08554125662376987,0.16048448145344435
Canonical cross-cohort robustness,scenario_pipeline_v3_economic_validity,non_financial_large_cap_revenue_1b,Non-financial companies with revenue >= $1B,HDBSCAN Pareto representative,HDBSCAN|mcs=10|ms=5,HDBSCAN,10010,1321,1199,1.0,1199,2,2,2,0,0,0.08251324753974262,0.08554125662376987
Canonical cross-cohort robustness,scenario_pipeline_v3_economic_validity,non_financial_large_cap_revenue_1b,Non-financial companies with revenue >= $1B,HDBSCAN Pareto representative,HDBSCAN|mcs=10|ms=5,HDBSCAN,10011,1320,1207,1.0,1207,2,2,2,0,0,0.08106060606060606,0.07121212121212121
Canonical cross-cohort robustness,scenario_pipeline_v3_economic_validity,non_financial_large_cap_revenue_1b,Non-financial companies with revenue >= $1B,HDBSCAN Pareto representative,HDBSCAN|mcs=10|ms=5,HDBSCAN,10012,1321,1207,0.9875724937862469,1192,2,3,2,0,1,0.07948523845571537,0.06283118849356548
Canonical cross-cohort robustness,scenario_pipeline_v3_economic_validity,non_financial_large_cap_revenue_1b,Non-financial companies with revenue >= $1B,HDBSCAN Pareto representative,HDBSCAN|mcs=10|ms=5,HDBSCAN,10013,1320,1203,1.0,1203,2,2,2,0,0,0.08106060606060606,0.08106060606060606
Canonical cross-cohort robustness,scenario_pipeline_v3_economic_validity,non_financial_large_cap_revenue_1b,Non-financial companies with revenue >= $1B,HDBSCAN Pareto representative,HDBSCAN|mcs=10|ms=5,HDBSCAN,10014,1320,1206,1.0,1206,2,2,2,0,0,0.07803030303030303,0.07651515151515151
Canonical cross-cohort robustness,scenario_pipeline_v3_economic_validity,non_financial_large_cap_revenue_1b,Non-financial companies with revenue >= $1B,HDBSCAN Pareto representative,HDBSCAN|mcs=10|ms=5,HDBSCAN,10015,1320,1186,1.0,1186,2,2,2,0,0,0.0893939393939394,0.0893939393939394
Canonical cross-cohort robustness,scenario_pipeline_v3_economic_validity,non_financial_large_cap_revenue_1b,Non-financial companies with revenue >= $1B,HDBSCAN Pareto representative,HDBSCAN|mcs=10|ms=5,HDBSCAN,10016,1320,1171,0.9991460290350128,1170,2,2,2,0,0,0.08409090909090909,0.11212121212121212
Canonical cross-cohort robustness,scenario_pipeline_v3_economic_validity,non_financial_large_cap_revenue_1b,Non-financial companies with revenue >= $1B,HDBSCAN Pareto representative,HDBSCAN|mcs=10|ms=5,HDBSCAN,10017,1320,1201,1.0,1201,2,2,2,0,0,0.08484848484848485,0.07878787878787878
Canonical cross-cohort robustness,scenario_pipeline_v3_economic_validity,non_financial_large_cap_revenue_1b,Non-financial companies with revenue >= $1B,HDBSCAN Pareto representative,HDBSCAN|mcs=10|ms=5,HDBSCAN,10018,1320,1205,0.9991701244813278,1204,2,2,2,0,0,0.08484848484848485,0.06287878787878788
Canonical cross-cohort robustness,scenario_pipeline_v3_economic_validity,non_financial_large_cap_revenue_1b,Non-financial companies with revenue >= $1B,HDBSCAN Pareto representative,HDBSCAN|mcs=10|ms=5,HDBSCAN,10019,1321,1216,0.9991776315789473,1215,2,2,2,0,0,0.07872823618470856,0.06283118849356548
