Scenario ID,Scenario Name,Candidate Role,Candidate ID,Method,Sampling Seed,Reference Cluster,Resampled Cluster,Cluster Company Count,Cluster Share of Evaluated Population,Reference Cluster Share,Shared-Company Jaccard
technology_revenue_25m,Technology companies with revenue >= $25M,Full-assignment candidate,Full Assignment|Agglomerative,Agglomerative,10000,0,0,408,0.8699360341151386,0.9080068143100511,0.9466357308584686
technology_revenue_25m,Technology companies with revenue >= $25M,Full-assignment candidate,Full Assignment|Agglomerative,Agglomerative,10000,1,1,61,0.1300639658848614,0.0919931856899489,0.6229508196721312
technology_revenue_25m,Technology companies with revenue >= $25M,Full-assignment candidate,Full Assignment|Agglomerative,Agglomerative,10001,0,0,381,0.8123667377398721,0.9080068143100511,0.8796296296296297
technology_revenue_25m,Technology companies with revenue >= $25M,Full-assignment candidate,Full Assignment|Agglomerative,Agglomerative,10001,1,1,88,0.18763326226012794,0.0919931856899489,0.4157303370786517
technology_revenue_25m,Technology companies with revenue >= $25M,Full-assignment candidate,Full Assignment|Agglomerative,Agglomerative,10002,0,0,435,0.9275053304904051,0.9080068143100511,0.9747706422018348
technology_revenue_25m,Technology companies with revenue >= $25M,Full-assignment candidate,Full Assignment|Agglomerative,Agglomerative,10002,1,1,34,0.07249466950959488,0.0919931856899489,0.75
technology_revenue_25m,Technology companies with revenue >= $25M,Full-assignment candidate,Full Assignment|Agglomerative,Agglomerative,10003,0,0,430,0.9148936170212766,0.9080068143100511,0.9747126436781609
technology_revenue_25m,Technology companies with revenue >= $25M,Full-assignment candidate,Full Assignment|Agglomerative,Agglomerative,10003,1,1,40,0.0851063829787234,0.0919931856899489,0.7608695652173914
technology_revenue_25m,Technology companies with revenue >= $25M,Full-assignment candidate,Full Assignment|Agglomerative,Agglomerative,10004,0,0,416,0.8869936034115139,0.9080068143100511,0.9602803738317757
technology_revenue_25m,Technology companies with revenue >= $25M,Full-assignment candidate,Full Assignment|Agglomerative,Agglomerative,10004,1,1,53,0.11300639658848614,0.0919931856899489,0.7068965517241379
technology_revenue_25m,Technology companies with revenue >= $25M,Full-assignment candidate,Full Assignment|Agglomerative,Agglomerative,10005,0,0,399,0.8507462686567164,0.9080068143100511,0.9254079254079254
technology_revenue_25m,Technology companies with revenue >= $25M,Full-assignment candidate,Full Assignment|Agglomerative,Agglomerative,10005,1,1,70,0.14925373134328357,0.0919931856899489,0.5555555555555556
technology_revenue_25m,Technology companies with revenue >= $25M,Full-assignment candidate,Full Assignment|Agglomerative,Agglomerative,10006,0,0,384,0.8187633262260128,0.9080068143100511,0.8863109048723898
technology_revenue_25m,Technology companies with revenue >= $25M,Full-assignment candidate,Full Assignment|Agglomerative,Agglomerative,10006,1,1,85,0.1812366737739872,0.0919931856899489,0.4367816091954023
technology_revenue_25m,Technology companies with revenue >= $25M,Full-assignment candidate,Full Assignment|Agglomerative,Agglomerative,10007,0,0,428,0.9125799573560768,0.9080068143100511,0.9884259259259259
technology_revenue_25m,Technology companies with revenue >= $25M,Full-assignment candidate,Full Assignment|Agglomerative,Agglomerative,10007,1,1,41,0.08742004264392324,0.0919931856899489,0.8809523809523809
technology_revenue_25m,Technology companies with revenue >= $25M,Full-assignment candidate,Full Assignment|Agglomerative,Agglomerative,10008,0,0,360,0.7659574468085106,0.9080068143100511,0.8490566037735849
technology_revenue_25m,Technology companies with revenue >= $25M,Full-assignment candidate,Full Assignment|Agglomerative,Agglomerative,10008,1,1,110,0.23404255319148937,0.0919931856899489,0.41818181818181815
technology_revenue_25m,Technology companies with revenue >= $25M,Full-assignment candidate,Full Assignment|Agglomerative,Agglomerative,10009,0,0,361,0.7697228144989339,0.9080068143100511,0.8494117647058823
technology_revenue_25m,Technology companies with revenue >= $25M,Full-assignment candidate,Full Assignment|Agglomerative,Agglomerative,10009,1,1,108,0.2302771855010661,0.0919931856899489,0.4074074074074074
technology_revenue_25m,Technology companies with revenue >= $25M,Full-assignment candidate,Full Assignment|Agglomerative,Agglomerative,10010,0,0,380,0.8102345415778252,0.9080068143100511,0.8962264150943396
technology_revenue_25m,Technology companies with revenue >= $25M,Full-assignment candidate,Full Assignment|Agglomerative,Agglomerative,10010,1,1,89,0.18976545842217485,0.0919931856899489,0.5056179775280899
technology_revenue_25m,Technology companies with revenue >= $25M,Full-assignment candidate,Full Assignment|Agglomerative,Agglomerative,10011,0,0,397,0.8464818763326226,0.9080068143100511,0.9270588235294117
technology_revenue_25m,Technology companies with revenue >= $25M,Full-assignment candidate,Full Assignment|Agglomerative,Agglomerative,10011,1,1,72,0.1535181236673774,0.0919931856899489,0.5866666666666667
technology_revenue_25m,Technology companies with revenue >= $25M,Full-assignment candidate,Full Assignment|Agglomerative,Agglomerative,10012,0,0,385,0.8208955223880597,0.9080068143100511,0.8974358974358975
technology_revenue_25m,Technology companies with revenue >= $25M,Full-assignment candidate,Full Assignment|Agglomerative,Agglomerative,10012,1,1,84,0.1791044776119403,0.0919931856899489,0.47619047619047616
technology_revenue_25m,Technology companies with revenue >= $25M,Full-assignment candidate,Full Assignment|Agglomerative,Agglomerative,10013,0,0,431,0.9170212765957447,0.9080068143100511,0.9907407407407407
technology_revenue_25m,Technology companies with revenue >= $25M,Full-assignment candidate,Full Assignment|Agglomerative,Agglomerative,10013,1,1,39,0.08297872340425531,0.0919931856899489,0.9047619047619048
technology_revenue_25m,Technology companies with revenue >= $25M,Full-assignment candidate,Full Assignment|Agglomerative,Agglomerative,10014,0,0,415,0.8829787234042553,0.9080068143100511,0.9627039627039627
technology_revenue_25m,Technology companies with revenue >= $25M,Full-assignment candidate,Full Assignment|Agglomerative,Agglomerative,10014,1,1,55,0.11702127659574468,0.0919931856899489,0.7192982456140351
technology_revenue_25m,Technology companies with revenue >= $25M,Full-assignment candidate,Full Assignment|Agglomerative,Agglomerative,10015,0,0,424,0.902127659574468,0.9080068143100511,0.9859484777517564
technology_revenue_25m,Technology companies with revenue >= $25M,Full-assignment candidate,Full Assignment|Agglomerative,Agglomerative,10015,1,1,46,0.09787234042553192,0.0919931856899489,0.8775510204081632
technology_revenue_25m,Technology companies with revenue >= $25M,Full-assignment candidate,Full Assignment|Agglomerative,Agglomerative,10016,0,0,377,0.8038379530916845,0.9080068143100511,0.8744186046511628
technology_revenue_25m,Technology companies with revenue >= $25M,Full-assignment candidate,Full Assignment|Agglomerative,Agglomerative,10016,1,1,92,0.19616204690831557,0.0919931856899489,0.41935483870967744
technology_revenue_25m,Technology companies with revenue >= $25M,Full-assignment candidate,Full Assignment|Agglomerative,Agglomerative,10017,0,0,349,0.7409766454352441,0.9080068143100511,0.8169014084507042
technology_revenue_25m,Technology companies with revenue >= $25M,Full-assignment candidate,Full Assignment|Agglomerative,Agglomerative,10017,1,1,122,0.25902335456475584,0.0919931856899489,0.36585365853658536
technology_revenue_25m,Technology companies with revenue >= $25M,Full-assignment candidate,Full Assignment|Agglomerative,Agglomerative,10018,0,0,380,0.8050847457627118,0.9080068143100511,0.8899297423887588
technology_revenue_25m,Technology companies with revenue >= $25M,Full-assignment candidate,Full Assignment|Agglomerative,Agglomerative,10018,1,1,92,0.19491525423728814,0.0919931856899489,0.4891304347826087
technology_revenue_25m,Technology companies with revenue >= $25M,Full-assignment candidate,Full Assignment|Agglomerative,Agglomerative,10019,0,0,395,0.8404255319148937,0.9080068143100511,0.913953488372093
technology_revenue_25m,Technology companies with revenue >= $25M,Full-assignment candidate,Full Assignment|Agglomerative,Agglomerative,10019,1,1,75,0.1595744680851064,0.0919931856899489,0.5194805194805194
technology_revenue_25m,Technology companies with revenue >= $25M,Full-assignment candidate,Full Assignment|K-Means,K-Means,10000,0,1,381,0.8123667377398721,0.8040885860306644,1.0
technology_revenue_25m,Technology companies with revenue >= $25M,Full-assignment candidate,Full Assignment|K-Means,K-Means,10000,1,0,88,0.18763326226012794,0.19591141396933562,1.0
technology_revenue_25m,Technology companies with revenue >= $25M,Full-assignment candidate,Full Assignment|K-Means,K-Means,10001,0,1,373,0.7953091684434968,0.8040885860306644,0.979002624671916
technology_revenue_25m,Technology companies with revenue >= $25M,Full-assignment candidate,Full Assignment|K-Means,K-Means,10001,1,0,96,0.2046908315565032,0.19591141396933562,0.9166666666666666
technology_revenue_25m,Technology companies with revenue >= $25M,Full-assignment candidate,Full Assignment|K-Means,K-Means,10002,0,0,404,0.8614072494669509,0.8040885860306644,0.9331683168316832
technology_revenue_25m,Technology companies with revenue >= $25M,Full-assignment candidate,Full Assignment|K-Means,K-Means,10002,1,1,65,0.13859275053304904,0.19591141396933562,0.7065217391304348
technology_revenue_25m,Technology companies with revenue >= $25M,Full-assignment candidate,Full Assignment|K-Means,K-Means,10003,0,1,379,0.8063829787234043,0.8040885860306644,0.994750656167979
technology_revenue_25m,Technology companies with revenue >= $25M,Full-assignment candidate,Full Assignment|K-Means,K-Means,10003,1,0,91,0.19361702127659575,0.19591141396933562,0.978021978021978
technology_revenue_25m,Technology companies with revenue >= $25M,Full-assignment candidate,Full Assignment|K-Means,K-Means,10004,0,1,393,0.837953091684435,0.8040885860306644,0.9541984732824428
technology_revenue_25m,Technology companies with revenue >= $25M,Full-assignment candidate,Full Assignment|K-Means,K-Means,10004,1,0,76,0.16204690831556504,0.19591141396933562,0.8085106382978723
technology_revenue_25m,Technology companies with revenue >= $25M,Full-assignment candidate,Full Assignment|K-Means,K-Means,10005,0,0,371,0.7910447761194029,0.8040885860306644,0.9893333333333333
technology_revenue_25m,Technology companies with revenue >= $25M,Full-assignment candidate,Full Assignment|K-Means,K-Means,10005,1,1,98,0.208955223880597,0.19591141396933562,0.9591836734693877
technology_revenue_25m,Technology companies with revenue >= $25M,Full-assignment candidate,Full Assignment|K-Means,K-Means,10006,0,1,372,0.7931769722814499,0.8040885860306644,0.986737400530504
technology_revenue_25m,Technology companies with revenue >= $25M,Full-assignment candidate,Full Assignment|K-Means,K-Means,10006,1,0,97,0.2068230277185501,0.19591141396933562,0.9484536082474226
technology_revenue_25m,Technology companies with revenue >= $25M,Full-assignment candidate,Full Assignment|K-Means,K-Means,10007,0,0,380,0.8102345415778252,0.8040885860306644,0.9921671018276762
technology_revenue_25m,Technology companies with revenue >= $25M,Full-assignment candidate,Full Assignment|K-Means,K-Means,10007,1,1,89,0.18976545842217485,0.19591141396933562,0.9662921348314607
technology_revenue_25m,Technology companies with revenue >= $25M,Full-assignment candidate,Full Assignment|K-Means,K-Means,10008,0,1,394,0.8382978723404255,0.8040885860306644,0.9619289340101523
technology_revenue_25m,Technology companies with revenue >= $25M,Full-assignment candidate,Full Assignment|K-Means,K-Means,10008,1,0,76,0.16170212765957448,0.19591141396933562,0.8351648351648352
technology_revenue_25m,Technology companies with revenue >= $25M,Full-assignment candidate,Full Assignment|K-Means,K-Means,10009,0,0,393,0.837953091684435,0.8040885860306644,0.9567430025445293
technology_revenue_25m,Technology companies with revenue >= $25M,Full-assignment candidate,Full Assignment|K-Means,K-Means,10009,1,1,76,0.16204690831556504,0.19591141396933562,0.8172043010752689
technology_revenue_25m,Technology companies with revenue >= $25M,Full-assignment candidate,Full Assignment|K-Means,K-Means,10010,0,1,376,0.8017057569296375,0.8040885860306644,0.9920424403183024
technology_revenue_25m,Technology companies with revenue >= $25M,Full-assignment candidate,Full Assignment|K-Means,K-Means,10010,1,0,93,0.19829424307036247,0.19591141396933562,0.968421052631579
technology_revenue_25m,Technology companies with revenue >= $25M,Full-assignment candidate,Full Assignment|K-Means,K-Means,10011,0,0,390,0.8315565031982942,0.8040885860306644,0.9512820512820512
technology_revenue_25m,Technology companies with revenue >= $25M,Full-assignment candidate,Full Assignment|K-Means,K-Means,10011,1,1,79,0.16844349680170576,0.19591141396933562,0.8061224489795918
technology_revenue_25m,Technology companies with revenue >= $25M,Full-assignment candidate,Full Assignment|K-Means,K-Means,10012,0,0,406,0.8656716417910447,0.8040885860306644,0.9433497536945813
technology_revenue_25m,Technology companies with revenue >= $25M,Full-assignment candidate,Full Assignment|K-Means,K-Means,10012,1,1,63,0.13432835820895522,0.19591141396933562,0.7325581395348837
technology_revenue_25m,Technology companies with revenue >= $25M,Full-assignment candidate,Full Assignment|K-Means,K-Means,10013,0,0,374,0.7957446808510639,0.8040885860306644,0.9868073878627969
technology_revenue_25m,Technology companies with revenue >= $25M,Full-assignment candidate,Full Assignment|K-Means,K-Means,10013,1,1,96,0.20425531914893616,0.19591141396933562,0.9479166666666666
technology_revenue_25m,Technology companies with revenue >= $25M,Full-assignment candidate,Full Assignment|K-Means,K-Means,10014,0,0,394,0.8382978723404255,0.8040885860306644,0.9670050761421319
technology_revenue_25m,Technology companies with revenue >= $25M,Full-assignment candidate,Full Assignment|K-Means,K-Means,10014,1,1,76,0.16170212765957448,0.19591141396933562,0.8539325842696629
technology_revenue_25m,Technology companies with revenue >= $25M,Full-assignment candidate,Full Assignment|K-Means,K-Means,10015,0,0,394,0.8382978723404255,0.8040885860306644,0.9593908629441624
technology_revenue_25m,Technology companies with revenue >= $25M,Full-assignment candidate,Full Assignment|K-Means,K-Means,10015,1,1,76,0.16170212765957448,0.19591141396933562,0.8260869565217391
technology_revenue_25m,Technology companies with revenue >= $25M,Full-assignment candidate,Full Assignment|K-Means,K-Means,10016,0,1,371,0.7910447761194029,0.8040885860306644,0.9840848806366048
technology_revenue_25m,Technology companies with revenue >= $25M,Full-assignment candidate,Full Assignment|K-Means,K-Means,10016,1,0,98,0.208955223880597,0.19591141396933562,0.9387755102040817
technology_revenue_25m,Technology companies with revenue >= $25M,Full-assignment candidate,Full Assignment|K-Means,K-Means,10017,0,0,404,0.8577494692144374,0.8040885860306644,0.9331683168316832
technology_revenue_25m,Technology companies with revenue >= $25M,Full-assignment candidate,Full Assignment|K-Means,K-Means,10017,1,1,67,0.14225053078556263,0.19591141396933562,0.7127659574468085
technology_revenue_25m,Technology companies with revenue >= $25M,Full-assignment candidate,Full Assignment|K-Means,K-Means,10018,0,0,394,0.8347457627118644,0.8040885860306644,0.9543147208121827
technology_revenue_25m,Technology companies with revenue >= $25M,Full-assignment candidate,Full Assignment|K-Means,K-Means,10018,1,1,78,0.1652542372881356,0.19591141396933562,0.8125
technology_revenue_25m,Technology companies with revenue >= $25M,Full-assignment candidate,Full Assignment|K-Means,K-Means,10019,0,0,373,0.7936170212765957,0.8040885860306644,0.9893899204244032
technology_revenue_25m,Technology companies with revenue >= $25M,Full-assignment candidate,Full Assignment|K-Means,K-Means,10019,1,1,97,0.20638297872340425,0.19591141396933562,0.9587628865979382
technology_revenue_25m,Technology companies with revenue >= $25M,Full-assignment candidate,Full Assignment|Gaussian Mixture,Gaussian Mixture,10000,0,1,155,0.3304904051172708,0.3730834752981261,0.8426966292134831
technology_revenue_25m,Technology companies with revenue >= $25M,Full-assignment candidate,Full Assignment|Gaussian Mixture,Gaussian Mixture,10000,1,0,314,0.6695095948827292,0.626916524701874,0.9122257053291536
technology_revenue_25m,Technology companies with revenue >= $25M,Full-assignment candidate,Full Assignment|Gaussian Mixture,Gaussian Mixture,10001,0,1,165,0.35181236673773986,0.3730834752981261,0.9878787878787879
technology_revenue_25m,Technology companies with revenue >= $25M,Full-assignment candidate,Full Assignment|Gaussian Mixture,Gaussian Mixture,10001,1,0,304,0.6481876332622601,0.626916524701874,0.9934640522875817
technology_revenue_25m,Technology companies with revenue >= $25M,Full-assignment candidate,Full Assignment|Gaussian Mixture,Gaussian Mixture,10002,0,0,159,0.3390191897654584,0.3730834752981261,0.9028571428571428
technology_revenue_25m,Technology companies with revenue >= $25M,Full-assignment candidate,Full Assignment|Gaussian Mixture,Gaussian Mixture,10002,1,1,310,0.6609808102345416,0.626916524701874,0.9453376205787781
technology_revenue_25m,Technology companies with revenue >= $25M,Full-assignment candidate,Full Assignment|Gaussian Mixture,Gaussian Mixture,10003,0,1,166,0.35319148936170214,0.3730834752981261,0.8516483516483516
technology_revenue_25m,Technology companies with revenue >= $25M,Full-assignment candidate,Full Assignment|Gaussian Mixture,Gaussian Mixture,10003,1,0,304,0.6468085106382979,0.626916524701874,0.9142857142857143
technology_revenue_25m,Technology companies with revenue >= $25M,Full-assignment candidate,Full Assignment|Gaussian Mixture,Gaussian Mixture,10004,0,1,162,0.34541577825159914,0.3730834752981261,0.9364161849710982
technology_revenue_25m,Technology companies with revenue >= $25M,Full-assignment candidate,Full Assignment|Gaussian Mixture,Gaussian Mixture,10004,1,0,307,0.6545842217484008,0.626916524701874,0.9641693811074918
technology_revenue_25m,Technology companies with revenue >= $25M,Full-assignment candidate,Full Assignment|Gaussian Mixture,Gaussian Mixture,10005,0,1,169,0.3603411513859275,0.3730834752981261,0.912568306010929
technology_revenue_25m,Technology companies with revenue >= $25M,Full-assignment candidate,Full Assignment|Gaussian Mixture,Gaussian Mixture,10005,1,0,300,0.6396588486140725,0.626916524701874,0.9470198675496688
technology_revenue_25m,Technology companies with revenue >= $25M,Full-assignment candidate,Full Assignment|Gaussian Mixture,Gaussian Mixture,10006,0,1,177,0.3773987206823028,0.3730834752981261,0.9887005649717514
technology_revenue_25m,Technology companies with revenue >= $25M,Full-assignment candidate,Full Assignment|Gaussian Mixture,Gaussian Mixture,10006,1,0,292,0.6226012793176973,0.626916524701874,0.9931972789115646
technology_revenue_25m,Technology companies with revenue >= $25M,Full-assignment candidate,Full Assignment|Gaussian Mixture,Gaussian Mixture,10007,0,0,159,0.3390191897654584,0.3730834752981261,0.8287292817679558
technology_revenue_25m,Technology companies with revenue >= $25M,Full-assignment candidate,Full Assignment|Gaussian Mixture,Gaussian Mixture,10007,1,1,310,0.6609808102345416,0.626916524701874,0.9028213166144201
technology_revenue_25m,Technology companies with revenue >= $25M,Full-assignment candidate,Full Assignment|Gaussian Mixture,Gaussian Mixture,10008,0,1,152,0.32340425531914896,0.3730834752981261,0.7619047619047619
technology_revenue_25m,Technology companies with revenue >= $25M,Full-assignment candidate,Full Assignment|Gaussian Mixture,Gaussian Mixture,10008,1,0,318,0.676595744680851,0.626916524701874,0.8619631901840491
technology_revenue_25m,Technology companies with revenue >= $25M,Full-assignment candidate,Full Assignment|Gaussian Mixture,Gaussian Mixture,10009,0,0,167,0.35607675906183367,0.3730834752981261,0.8956043956043956
technology_revenue_25m,Technology companies with revenue >= $25M,Full-assignment candidate,Full Assignment|Gaussian Mixture,Gaussian Mixture,10009,1,1,302,0.6439232409381663,0.626916524701874,0.9379084967320261
technology_revenue_25m,Technology companies with revenue >= $25M,Full-assignment candidate,Full Assignment|Gaussian Mixture,Gaussian Mixture,10010,0,1,164,0.34968017057569295,0.3730834752981261,0.9532163742690059
technology_revenue_25m,Technology companies with revenue >= $25M,Full-assignment candidate,Full Assignment|Gaussian Mixture,Gaussian Mixture,10010,1,0,305,0.650319829424307,0.626916524701874,0.9738562091503268
technology_revenue_25m,Technology companies with revenue >= $25M,Full-assignment candidate,Full Assignment|Gaussian Mixture,Gaussian Mixture,10011,0,1,136,0.2899786780383795,0.3730834752981261,0.7228260869565217
technology_revenue_25m,Technology companies with revenue >= $25M,Full-assignment candidate,Full Assignment|Gaussian Mixture,Gaussian Mixture,10011,1,0,333,0.7100213219616205,0.626916524701874,0.8482142857142857
technology_revenue_25m,Technology companies with revenue >= $25M,Full-assignment candidate,Full Assignment|Gaussian Mixture,Gaussian Mixture,10012,0,1,161,0.34328358208955223,0.3730834752981261,0.867816091954023
technology_revenue_25m,Technology companies with revenue >= $25M,Full-assignment candidate,Full Assignment|Gaussian Mixture,Gaussian Mixture,10012,1,0,308,0.6567164179104478,0.626916524701874,0.9276729559748428
technology_revenue_25m,Technology companies with revenue >= $25M,Full-assignment candidate,Full Assignment|Gaussian Mixture,Gaussian Mixture,10013,0,0,157,0.33404255319148934,0.3730834752981261,0.8111111111111111
technology_revenue_25m,Technology companies with revenue >= $25M,Full-assignment candidate,Full Assignment|Gaussian Mixture,Gaussian Mixture,10013,1,1,313,0.6659574468085107,0.626916524701874,0.8950617283950617
technology_revenue_25m,Technology companies with revenue >= $25M,Full-assignment candidate,Full Assignment|Gaussian Mixture,Gaussian Mixture,10014,0,1,171,0.3638297872340426,0.3730834752981261,0.9269662921348315
technology_revenue_25m,Technology companies with revenue >= $25M,Full-assignment candidate,Full Assignment|Gaussian Mixture,Gaussian Mixture,10014,1,0,299,0.6361702127659574,0.626916524701874,0.9573770491803278
technology_revenue_25m,Technology companies with revenue >= $25M,Full-assignment candidate,Full Assignment|Gaussian Mixture,Gaussian Mixture,10015,0,1,132,0.28085106382978725,0.3730834752981261,0.6310160427807486
technology_revenue_25m,Technology companies with revenue >= $25M,Full-assignment candidate,Full Assignment|Gaussian Mixture,Gaussian Mixture,10015,1,0,338,0.7191489361702128,0.626916524701874,0.8039772727272727
technology_revenue_25m,Technology companies with revenue >= $25M,Full-assignment candidate,Full Assignment|Gaussian Mixture,Gaussian Mixture,10016,0,1,161,0.34328358208955223,0.3730834752981261,0.827027027027027
technology_revenue_25m,Technology companies with revenue >= $25M,Full-assignment candidate,Full Assignment|Gaussian Mixture,Gaussian Mixture,10016,1,0,308,0.6567164179104478,0.626916524701874,0.8987341772151899
technology_revenue_25m,Technology companies with revenue >= $25M,Full-assignment candidate,Full Assignment|Gaussian Mixture,Gaussian Mixture,10017,0,1,169,0.35881104033970274,0.3730834752981261,0.9388888888888889
technology_revenue_25m,Technology companies with revenue >= $25M,Full-assignment candidate,Full Assignment|Gaussian Mixture,Gaussian Mixture,10017,1,0,302,0.6411889596602972,0.626916524701874,0.9635761589403974
technology_revenue_25m,Technology companies with revenue >= $25M,Full-assignment candidate,Full Assignment|Gaussian Mixture,Gaussian Mixture,10018,0,0,185,0.3919491525423729,0.3730834752981261,0.9523809523809523
technology_revenue_25m,Technology companies with revenue >= $25M,Full-assignment candidate,Full Assignment|Gaussian Mixture,Gaussian Mixture,10018,1,1,287,0.6080508474576272,0.626916524701874,0.9691780821917808
technology_revenue_25m,Technology companies with revenue >= $25M,Full-assignment candidate,Full Assignment|Gaussian Mixture,Gaussian Mixture,10019,0,0,160,0.3404255319148936,0.3730834752981261,0.8977272727272727
technology_revenue_25m,Technology companies with revenue >= $25M,Full-assignment candidate,Full Assignment|Gaussian Mixture,Gaussian Mixture,10019,1,1,310,0.6595744680851063,0.626916524701874,0.9423076923076923
technology_revenue_25m,Technology companies with revenue >= $25M,HDBSCAN Pareto representative,HDBSCAN|mcs=10|ms=5,HDBSCAN,10000,0,0,46,0.7931034482758621,0.9620253164556962,0.7931034482758621
technology_revenue_25m,Technology companies with revenue >= $25M,HDBSCAN Pareto representative,HDBSCAN|mcs=10|ms=5,HDBSCAN,10001,0,0,405,0.9507042253521126,0.9620253164556962,1.0
technology_revenue_25m,Technology companies with revenue >= $25M,HDBSCAN Pareto representative,HDBSCAN|mcs=10|ms=5,HDBSCAN,10001,1,1,21,0.04929577464788732,0.0379746835443038,1.0
technology_revenue_25m,Technology companies with revenue >= $25M,HDBSCAN Pareto representative,HDBSCAN|mcs=10|ms=5,HDBSCAN,10002,0,0,403,0.9504716981132075,0.9620253164556962,1.0
technology_revenue_25m,Technology companies with revenue >= $25M,HDBSCAN Pareto representative,HDBSCAN|mcs=10|ms=5,HDBSCAN,10002,1,1,21,0.049528301886792456,0.0379746835443038,1.0
technology_revenue_25m,Technology companies with revenue >= $25M,HDBSCAN Pareto representative,HDBSCAN|mcs=10|ms=5,HDBSCAN,10003,0,0,59,0.7972972972972973,0.9620253164556962,0.7972972972972973
technology_revenue_25m,Technology companies with revenue >= $25M,HDBSCAN Pareto representative,HDBSCAN|mcs=10|ms=5,HDBSCAN,10004,0,0,55,0.7971014492753623,0.9620253164556962,0.7971014492753623
technology_revenue_25m,Technology companies with revenue >= $25M,HDBSCAN Pareto representative,HDBSCAN|mcs=10|ms=5,HDBSCAN,10005,0,0,359,0.9702702702702702,0.9620253164556962,0.9971590909090909
technology_revenue_25m,Technology companies with revenue >= $25M,HDBSCAN Pareto representative,HDBSCAN|mcs=10|ms=5,HDBSCAN,10005,1,1,11,0.02972972972972973,0.0379746835443038,0.9
technology_revenue_25m,Technology companies with revenue >= $25M,HDBSCAN Pareto representative,HDBSCAN|mcs=10|ms=5,HDBSCAN,10006,0,0,392,0.9727047146401985,0.9620253164556962,0.9945205479452055
technology_revenue_25m,Technology companies with revenue >= $25M,HDBSCAN Pareto representative,HDBSCAN|mcs=10|ms=5,HDBSCAN,10006,1,1,11,0.02729528535980149,0.0379746835443038,0.8181818181818182
technology_revenue_25m,Technology companies with revenue >= $25M,HDBSCAN Pareto representative,HDBSCAN|mcs=10|ms=5,HDBSCAN,10007,0,0,376,0.9665809768637532,0.9620253164556962,1.0
technology_revenue_25m,Technology companies with revenue >= $25M,HDBSCAN Pareto representative,HDBSCAN|mcs=10|ms=5,HDBSCAN,10007,1,1,13,0.033419023136246784,0.0379746835443038,1.0
technology_revenue_25m,Technology companies with revenue >= $25M,HDBSCAN Pareto representative,HDBSCAN|mcs=10|ms=5,HDBSCAN,10008,0,0,55,0.7746478873239436,0.9620253164556962,0.7746478873239436
technology_revenue_25m,Technology companies with revenue >= $25M,HDBSCAN Pareto representative,HDBSCAN|mcs=10|ms=5,HDBSCAN,10009,0,0,27,0.6585365853658537,0.9620253164556962,0.6585365853658537
technology_revenue_25m,Technology companies with revenue >= $25M,HDBSCAN Pareto representative,HDBSCAN|mcs=10|ms=5,HDBSCAN,10010,0,2,379,0.9266503667481663,0.9620253164556962,0.9863760217983651
technology_revenue_25m,Technology companies with revenue >= $25M,HDBSCAN Pareto representative,HDBSCAN|mcs=10|ms=5,HDBSCAN,10010,1,0,20,0.0488997555012225,0.0379746835443038,1.0
technology_revenue_25m,Technology companies with revenue >= $25M,HDBSCAN Pareto representative,HDBSCAN|mcs=10|ms=5,HDBSCAN,10011,0,0,395,0.947242206235012,0.9620253164556962,1.0
technology_revenue_25m,Technology companies with revenue >= $25M,HDBSCAN Pareto representative,HDBSCAN|mcs=10|ms=5,HDBSCAN,10011,1,1,22,0.05275779376498801,0.0379746835443038,1.0
technology_revenue_25m,Technology companies with revenue >= $25M,HDBSCAN Pareto representative,HDBSCAN|mcs=10|ms=5,HDBSCAN,10012,0,0,415,0.9474885844748858,0.9620253164556962,1.0
technology_revenue_25m,Technology companies with revenue >= $25M,HDBSCAN Pareto representative,HDBSCAN|mcs=10|ms=5,HDBSCAN,10012,1,1,23,0.05251141552511415,0.0379746835443038,1.0
technology_revenue_25m,Technology companies with revenue >= $25M,HDBSCAN Pareto representative,HDBSCAN|mcs=10|ms=5,HDBSCAN,10013,0,1,50,0.7575757575757576,0.9620253164556962,0.7575757575757576
technology_revenue_25m,Technology companies with revenue >= $25M,HDBSCAN Pareto representative,HDBSCAN|mcs=10|ms=5,HDBSCAN,10014,0,1,376,0.9353233830845771,0.9620253164556962,0.989041095890411
technology_revenue_25m,Technology companies with revenue >= $25M,HDBSCAN Pareto representative,HDBSCAN|mcs=10|ms=5,HDBSCAN,10014,1,2,16,0.03980099502487562,0.0379746835443038,0.9333333333333333
technology_revenue_25m,Technology companies with revenue >= $25M,HDBSCAN Pareto representative,HDBSCAN|mcs=10|ms=5,HDBSCAN,10015,0,0,355,0.9594594594594594,0.9620253164556962,0.9971671388101983
technology_revenue_25m,Technology companies with revenue >= $25M,HDBSCAN Pareto representative,HDBSCAN|mcs=10|ms=5,HDBSCAN,10015,1,1,15,0.04054054054054054,0.0379746835443038,0.9375
technology_revenue_25m,Technology companies with revenue >= $25M,HDBSCAN Pareto representative,HDBSCAN|mcs=10|ms=5,HDBSCAN,10016,0,2,30,0.5769230769230769,0.9620253164556962,0.5769230769230769
technology_revenue_25m,Technology companies with revenue >= $25M,HDBSCAN Pareto representative,HDBSCAN|mcs=10|ms=5,HDBSCAN,10017,0,0,408,0.955503512880562,0.9620253164556962,1.0
technology_revenue_25m,Technology companies with revenue >= $25M,HDBSCAN Pareto representative,HDBSCAN|mcs=10|ms=5,HDBSCAN,10017,1,1,19,0.04449648711943794,0.0379746835443038,1.0
technology_revenue_25m,Technology companies with revenue >= $25M,HDBSCAN Pareto representative,HDBSCAN|mcs=10|ms=5,HDBSCAN,10018,0,0,42,0.6885245901639344,0.9620253164556962,0.6885245901639344
technology_revenue_25m,Technology companies with revenue >= $25M,HDBSCAN Pareto representative,HDBSCAN|mcs=10|ms=5,HDBSCAN,10019,0,0,415,0.9718969555035128,0.9620253164556962,0.9522546419098143
technology_revenue_25m,Technology companies with revenue >= $25M,HDBSCAN Pareto representative,HDBSCAN|mcs=10|ms=5,HDBSCAN,10019,1,1,12,0.02810304449648712,0.0379746835443038,0.0
technology_revenue_25m,Technology companies with revenue >= $25M,HDBSCAN Pareto representative,HDBSCAN|mcs=10|ms=10,HDBSCAN,10001,0,0,391,0.9654320987654321,0.972972972972973,1.0
technology_revenue_25m,Technology companies with revenue >= $25M,HDBSCAN Pareto representative,HDBSCAN|mcs=10|ms=10,HDBSCAN,10001,1,1,14,0.0345679012345679,0.02702702702702703,1.0
technology_revenue_25m,Technology companies with revenue >= $25M,HDBSCAN Pareto representative,HDBSCAN|mcs=10|ms=10,HDBSCAN,10004,0,0,364,0.9680851063829787,0.972972972972973,0.9972375690607734
technology_revenue_25m,Technology companies with revenue >= $25M,HDBSCAN Pareto representative,HDBSCAN|mcs=10|ms=10,HDBSCAN,10004,1,1,12,0.031914893617021274,0.02702702702702703,0.9166666666666666
technology_revenue_25m,Technology companies with revenue >= $25M,HDBSCAN Pareto representative,HDBSCAN|mcs=10|ms=10,HDBSCAN,10005,0,0,367,0.9683377308707124,0.972972972972973,1.0
technology_revenue_25m,Technology companies with revenue >= $25M,HDBSCAN Pareto representative,HDBSCAN|mcs=10|ms=10,HDBSCAN,10005,1,1,12,0.0316622691292876,0.02702702702702703,1.0
technology_revenue_25m,Technology companies with revenue >= $25M,HDBSCAN Pareto representative,HDBSCAN|mcs=10|ms=10,HDBSCAN,10006,0,0,372,0.9712793733681462,0.972972972972973,0.9972677595628415
technology_revenue_25m,Technology companies with revenue >= $25M,HDBSCAN Pareto representative,HDBSCAN|mcs=10|ms=10,HDBSCAN,10006,1,1,11,0.028720626631853787,0.02702702702702703,0.9090909090909091
technology_revenue_25m,Technology companies with revenue >= $25M,HDBSCAN Pareto representative,HDBSCAN|mcs=10|ms=10,HDBSCAN,10007,0,0,384,0.9696969696969697,0.972972972972973,1.0
technology_revenue_25m,Technology companies with revenue >= $25M,HDBSCAN Pareto representative,HDBSCAN|mcs=10|ms=10,HDBSCAN,10007,1,1,12,0.030303030303030304,0.02702702702702703,1.0
technology_revenue_25m,Technology companies with revenue >= $25M,HDBSCAN Pareto representative,HDBSCAN|mcs=10|ms=10,HDBSCAN,10011,0,0,389,0.970074812967581,0.972972972972973,1.0
technology_revenue_25m,Technology companies with revenue >= $25M,HDBSCAN Pareto representative,HDBSCAN|mcs=10|ms=10,HDBSCAN,10011,1,1,12,0.029925187032418952,0.02702702702702703,1.0
technology_revenue_25m,Technology companies with revenue >= $25M,HDBSCAN Pareto representative,HDBSCAN|mcs=10|ms=10,HDBSCAN,10012,0,0,414,0.965034965034965,0.972972972972973,1.0
technology_revenue_25m,Technology companies with revenue >= $25M,HDBSCAN Pareto representative,HDBSCAN|mcs=10|ms=10,HDBSCAN,10012,1,1,15,0.03496503496503497,0.02702702702702703,1.0
technology_revenue_25m,Technology companies with revenue >= $25M,HDBSCAN Pareto representative,HDBSCAN|mcs=10|ms=10,HDBSCAN,10014,0,0,373,0.9688311688311688,0.972972972972973,0.9973118279569892
technology_revenue_25m,Technology companies with revenue >= $25M,HDBSCAN Pareto representative,HDBSCAN|mcs=10|ms=10,HDBSCAN,10014,1,1,12,0.03116883116883117,0.02702702702702703,0.9166666666666666
technology_revenue_25m,Technology companies with revenue >= $25M,HDBSCAN Pareto representative,HDBSCAN|mcs=10|ms=10,HDBSCAN,10015,0,0,369,0.9710526315789474,0.972972972972973,1.0
technology_revenue_25m,Technology companies with revenue >= $25M,HDBSCAN Pareto representative,HDBSCAN|mcs=10|ms=10,HDBSCAN,10015,1,1,11,0.02894736842105263,0.02702702702702703,1.0
technology_revenue_25m,Technology companies with revenue >= $25M,HDBSCAN Pareto representative,HDBSCAN|mcs=10|ms=10,HDBSCAN,10018,0,0,366,0.973404255319149,0.972972972972973,1.0
technology_revenue_25m,Technology companies with revenue >= $25M,HDBSCAN Pareto representative,HDBSCAN|mcs=10|ms=10,HDBSCAN,10018,1,1,10,0.026595744680851064,0.02702702702702703,1.0
technology_revenue_25m,Technology companies with revenue >= $25M,HDBSCAN Pareto representative,HDBSCAN|mcs=10|ms=10,HDBSCAN,10019,0,0,13,0.5652173913043478,0.972972972972973,0.5652173913043478
healthcare_revenue_50m,Healthcare companies with revenue >= $50M,Full-assignment candidate,Full Assignment|Agglomerative,Agglomerative,10000,0,0,303,0.8535211267605634,0.8445945945945946,1.0
healthcare_revenue_50m,Healthcare companies with revenue >= $50M,Full-assignment candidate,Full Assignment|Agglomerative,Agglomerative,10000,1,1,52,0.14647887323943662,0.1554054054054054,1.0
healthcare_revenue_50m,Healthcare companies with revenue >= $50M,Full-assignment candidate,Full Assignment|Agglomerative,Agglomerative,10001,0,0,307,0.8647887323943662,0.8445945945945946,0.9967532467532467
healthcare_revenue_50m,Healthcare companies with revenue >= $50M,Full-assignment candidate,Full Assignment|Agglomerative,Agglomerative,10001,1,1,48,0.1352112676056338,0.1554054054054054,0.9791666666666666
healthcare_revenue_50m,Healthcare companies with revenue >= $50M,Full-assignment candidate,Full Assignment|Agglomerative,Agglomerative,10002,0,0,296,0.8338028169014085,0.8445945945945946,0.9932885906040269
healthcare_revenue_50m,Healthcare companies with revenue >= $50M,Full-assignment candidate,Full Assignment|Agglomerative,Agglomerative,10002,1,1,59,0.16619718309859155,0.1554054054054054,0.9661016949152542
healthcare_revenue_50m,Healthcare companies with revenue >= $50M,Full-assignment candidate,Full Assignment|Agglomerative,Agglomerative,10003,0,0,305,0.8591549295774648,0.8445945945945946,0.9673202614379085
healthcare_revenue_50m,Healthcare companies with revenue >= $50M,Full-assignment candidate,Full Assignment|Agglomerative,Agglomerative,10003,1,1,50,0.14084507042253522,0.1554054054054054,0.8305084745762712
healthcare_revenue_50m,Healthcare companies with revenue >= $50M,Full-assignment candidate,Full Assignment|Agglomerative,Agglomerative,10004,0,0,300,0.8450704225352113,0.8445945945945946,0.9966777408637874
healthcare_revenue_50m,Healthcare companies with revenue >= $50M,Full-assignment candidate,Full Assignment|Agglomerative,Agglomerative,10004,1,1,55,0.15492957746478872,0.1554054054054054,0.9818181818181818
healthcare_revenue_50m,Healthcare companies with revenue >= $50M,Full-assignment candidate,Full Assignment|Agglomerative,Agglomerative,10005,0,0,301,0.847887323943662,0.8445945945945946,0.9966887417218543
healthcare_revenue_50m,Healthcare companies with revenue >= $50M,Full-assignment candidate,Full Assignment|Agglomerative,Agglomerative,10005,1,1,54,0.15211267605633802,0.1554054054054054,0.9814814814814815
healthcare_revenue_50m,Healthcare companies with revenue >= $50M,Full-assignment candidate,Full Assignment|Agglomerative,Agglomerative,10006,0,0,298,0.8394366197183099,0.8445945945945946,0.9834983498349835
healthcare_revenue_50m,Healthcare companies with revenue >= $50M,Full-assignment candidate,Full Assignment|Agglomerative,Agglomerative,10006,1,1,57,0.16056338028169015,0.1554054054054054,0.9122807017543859
healthcare_revenue_50m,Healthcare companies with revenue >= $50M,Full-assignment candidate,Full Assignment|Agglomerative,Agglomerative,10007,0,0,302,0.8507042253521127,0.8445945945945946,0.9966996699669967
healthcare_revenue_50m,Healthcare companies with revenue >= $50M,Full-assignment candidate,Full Assignment|Agglomerative,Agglomerative,10007,1,1,53,0.14929577464788732,0.1554054054054054,0.9811320754716981
healthcare_revenue_50m,Healthcare companies with revenue >= $50M,Full-assignment candidate,Full Assignment|Agglomerative,Agglomerative,10008,0,0,302,0.8507042253521127,0.8445945945945946,0.9869281045751634
healthcare_revenue_50m,Healthcare companies with revenue >= $50M,Full-assignment candidate,Full Assignment|Agglomerative,Agglomerative,10008,1,1,53,0.14929577464788732,0.1554054054054054,0.9245283018867925
healthcare_revenue_50m,Healthcare companies with revenue >= $50M,Full-assignment candidate,Full Assignment|Agglomerative,Agglomerative,10009,0,0,306,0.8619718309859155,0.8445945945945946,0.9607843137254902
healthcare_revenue_50m,Healthcare companies with revenue >= $50M,Full-assignment candidate,Full Assignment|Agglomerative,Agglomerative,10009,1,1,49,0.13802816901408452,0.1554054054054054,0.8032786885245902
healthcare_revenue_50m,Healthcare companies with revenue >= $50M,Full-assignment candidate,Full Assignment|Agglomerative,Agglomerative,10010,0,0,293,0.8253521126760563,0.8445945945945946,0.9965986394557823
healthcare_revenue_50m,Healthcare companies with revenue >= $50M,Full-assignment candidate,Full Assignment|Agglomerative,Agglomerative,10010,1,1,62,0.17464788732394365,0.1554054054054054,0.9838709677419355
healthcare_revenue_50m,Healthcare companies with revenue >= $50M,Full-assignment candidate,Full Assignment|Agglomerative,Agglomerative,10011,0,0,299,0.8422535211267606,0.8445945945945946,0.9966666666666667
healthcare_revenue_50m,Healthcare companies with revenue >= $50M,Full-assignment candidate,Full Assignment|Agglomerative,Agglomerative,10011,1,1,56,0.15774647887323945,0.1554054054054054,0.9821428571428571
healthcare_revenue_50m,Healthcare companies with revenue >= $50M,Full-assignment candidate,Full Assignment|Agglomerative,Agglomerative,10012,0,0,312,0.8788732394366198,0.8445945945945946,0.9647435897435898
healthcare_revenue_50m,Healthcare companies with revenue >= $50M,Full-assignment candidate,Full Assignment|Agglomerative,Agglomerative,10012,1,1,43,0.12112676056338029,0.1554054054054054,0.7962962962962963
healthcare_revenue_50m,Healthcare companies with revenue >= $50M,Full-assignment candidate,Full Assignment|Agglomerative,Agglomerative,10013,0,0,292,0.8225352112676056,0.8445945945945946,0.9864864864864865
healthcare_revenue_50m,Healthcare companies with revenue >= $50M,Full-assignment candidate,Full Assignment|Agglomerative,Agglomerative,10013,1,1,63,0.17746478873239438,0.1554054054054054,0.9365079365079365
healthcare_revenue_50m,Healthcare companies with revenue >= $50M,Full-assignment candidate,Full Assignment|Agglomerative,Agglomerative,10014,0,0,298,0.8394366197183099,0.8445945945945946,0.9966555183946488
healthcare_revenue_50m,Healthcare companies with revenue >= $50M,Full-assignment candidate,Full Assignment|Agglomerative,Agglomerative,10014,1,1,57,0.16056338028169015,0.1554054054054054,0.9824561403508771
healthcare_revenue_50m,Healthcare companies with revenue >= $50M,Full-assignment candidate,Full Assignment|Agglomerative,Agglomerative,10015,0,0,304,0.856338028169014,0.8445945945945946,0.970873786407767
healthcare_revenue_50m,Healthcare companies with revenue >= $50M,Full-assignment candidate,Full Assignment|Agglomerative,Agglomerative,10015,1,1,51,0.14366197183098592,0.1554054054054054,0.8363636363636363
healthcare_revenue_50m,Healthcare companies with revenue >= $50M,Full-assignment candidate,Full Assignment|Agglomerative,Agglomerative,10016,0,0,287,0.8084507042253521,0.8445945945945946,0.9630872483221476
healthcare_revenue_50m,Healthcare companies with revenue >= $50M,Full-assignment candidate,Full Assignment|Agglomerative,Agglomerative,10016,1,1,68,0.19154929577464788,0.1554054054054054,0.8382352941176471
healthcare_revenue_50m,Healthcare companies with revenue >= $50M,Full-assignment candidate,Full Assignment|Agglomerative,Agglomerative,10017,0,0,322,0.9070422535211268,0.8445945945945946,0.922360248447205
healthcare_revenue_50m,Healthcare companies with revenue >= $50M,Full-assignment candidate,Full Assignment|Agglomerative,Agglomerative,10017,1,1,33,0.09295774647887324,0.1554054054054054,0.5689655172413793
healthcare_revenue_50m,Healthcare companies with revenue >= $50M,Full-assignment candidate,Full Assignment|Agglomerative,Agglomerative,10018,0,0,322,0.9070422535211268,0.8445945945945946,0.9503105590062112
healthcare_revenue_50m,Healthcare companies with revenue >= $50M,Full-assignment candidate,Full Assignment|Agglomerative,Agglomerative,10018,1,1,33,0.09295774647887324,0.1554054054054054,0.673469387755102
healthcare_revenue_50m,Healthcare companies with revenue >= $50M,Full-assignment candidate,Full Assignment|Agglomerative,Agglomerative,10019,0,0,295,0.8309859154929577,0.8445945945945946,0.98
healthcare_revenue_50m,Healthcare companies with revenue >= $50M,Full-assignment candidate,Full Assignment|Agglomerative,Agglomerative,10019,1,1,60,0.16901408450704225,0.1554054054054054,0.9016393442622951
healthcare_revenue_50m,Healthcare companies with revenue >= $50M,Full-assignment candidate,Full Assignment|K-Means,K-Means,10000,0,1,296,0.8338028169014085,0.8220720720720721,0.9932659932659933
healthcare_revenue_50m,Healthcare companies with revenue >= $50M,Full-assignment candidate,Full Assignment|K-Means,K-Means,10000,1,0,59,0.16619718309859155,0.17792792792792791,0.9666666666666667
healthcare_revenue_50m,Healthcare companies with revenue >= $50M,Full-assignment candidate,Full Assignment|K-Means,K-Means,10001,0,0,292,0.8225352112676056,0.8220720720720721,0.9798657718120806
healthcare_revenue_50m,Healthcare companies with revenue >= $50M,Full-assignment candidate,Full Assignment|K-Means,K-Means,10001,1,1,63,0.17746478873239438,0.17792792792792791,0.9047619047619048
healthcare_revenue_50m,Healthcare companies with revenue >= $50M,Full-assignment candidate,Full Assignment|K-Means,K-Means,10002,0,0,294,0.828169014084507,0.8220720720720721,0.9931972789115646
healthcare_revenue_50m,Healthcare companies with revenue >= $50M,Full-assignment candidate,Full Assignment|K-Means,K-Means,10002,1,1,61,0.17183098591549295,0.17792792792792791,0.9682539682539683
healthcare_revenue_50m,Healthcare companies with revenue >= $50M,Full-assignment candidate,Full Assignment|K-Means,K-Means,10003,0,0,293,0.8253521126760563,0.8220720720720721,0.9931740614334471
healthcare_revenue_50m,Healthcare companies with revenue >= $50M,Full-assignment candidate,Full Assignment|K-Means,K-Means,10003,1,1,62,0.17464788732394365,0.17792792792792791,0.96875
healthcare_revenue_50m,Healthcare companies with revenue >= $50M,Full-assignment candidate,Full Assignment|K-Means,K-Means,10004,0,1,293,0.8253521126760563,0.8220720720720721,1.0
healthcare_revenue_50m,Healthcare companies with revenue >= $50M,Full-assignment candidate,Full Assignment|K-Means,K-Means,10004,1,0,62,0.17464788732394365,0.17792792792792791,1.0
healthcare_revenue_50m,Healthcare companies with revenue >= $50M,Full-assignment candidate,Full Assignment|K-Means,K-Means,10005,0,0,295,0.8309859154929577,0.8220720720720721,1.0
healthcare_revenue_50m,Healthcare companies with revenue >= $50M,Full-assignment candidate,Full Assignment|K-Means,K-Means,10005,1,1,60,0.16901408450704225,0.17792792792792791,1.0
healthcare_revenue_50m,Healthcare companies with revenue >= $50M,Full-assignment candidate,Full Assignment|K-Means,K-Means,10006,0,1,294,0.828169014084507,0.8220720720720721,0.9966101694915255
healthcare_revenue_50m,Healthcare companies with revenue >= $50M,Full-assignment candidate,Full Assignment|K-Means,K-Means,10006,1,0,61,0.17183098591549295,0.17792792792792791,0.9836065573770492
healthcare_revenue_50m,Healthcare companies with revenue >= $50M,Full-assignment candidate,Full Assignment|K-Means,K-Means,10007,0,1,297,0.8366197183098592,0.8220720720720721,0.9899328859060402
healthcare_revenue_50m,Healthcare companies with revenue >= $50M,Full-assignment candidate,Full Assignment|K-Means,K-Means,10007,1,0,58,0.16338028169014085,0.17792792792792791,0.95
healthcare_revenue_50m,Healthcare companies with revenue >= $50M,Full-assignment candidate,Full Assignment|K-Means,K-Means,10008,0,1,291,0.819718309859155,0.8220720720720721,0.9797979797979798
healthcare_revenue_50m,Healthcare companies with revenue >= $50M,Full-assignment candidate,Full Assignment|K-Means,K-Means,10008,1,0,64,0.18028169014084508,0.17792792792792791,0.90625
healthcare_revenue_50m,Healthcare companies with revenue >= $50M,Full-assignment candidate,Full Assignment|K-Means,K-Means,10009,0,0,287,0.8084507042253521,0.8220720720720721,0.9965156794425087
healthcare_revenue_50m,Healthcare companies with revenue >= $50M,Full-assignment candidate,Full Assignment|K-Means,K-Means,10009,1,1,68,0.19154929577464788,0.17792792792792791,0.9855072463768116
healthcare_revenue_50m,Healthcare companies with revenue >= $50M,Full-assignment candidate,Full Assignment|K-Means,K-Means,10010,0,1,287,0.8084507042253521,0.8220720720720721,0.9965156794425087
healthcare_revenue_50m,Healthcare companies with revenue >= $50M,Full-assignment candidate,Full Assignment|K-Means,K-Means,10010,1,0,68,0.19154929577464788,0.17792792792792791,0.9855072463768116
healthcare_revenue_50m,Healthcare companies with revenue >= $50M,Full-assignment candidate,Full Assignment|K-Means,K-Means,10011,0,0,292,0.8225352112676056,0.8220720720720721,0.9931972789115646
healthcare_revenue_50m,Healthcare companies with revenue >= $50M,Full-assignment candidate,Full Assignment|K-Means,K-Means,10011,1,1,63,0.17746478873239438,0.17792792792792791,0.9682539682539683
healthcare_revenue_50m,Healthcare companies with revenue >= $50M,Full-assignment candidate,Full Assignment|K-Means,K-Means,10012,0,0,294,0.828169014084507,0.8220720720720721,1.0
healthcare_revenue_50m,Healthcare companies with revenue >= $50M,Full-assignment candidate,Full Assignment|K-Means,K-Means,10012,1,1,61,0.17183098591549295,0.17792792792792791,1.0
healthcare_revenue_50m,Healthcare companies with revenue >= $50M,Full-assignment candidate,Full Assignment|K-Means,K-Means,10013,0,0,290,0.8169014084507042,0.8220720720720721,0.993127147766323
healthcare_revenue_50m,Healthcare companies with revenue >= $50M,Full-assignment candidate,Full Assignment|K-Means,K-Means,10013,1,1,65,0.18309859154929578,0.17792792792792791,0.9696969696969697
healthcare_revenue_50m,Healthcare companies with revenue >= $50M,Full-assignment candidate,Full Assignment|K-Means,K-Means,10014,0,1,295,0.8309859154929577,0.8220720720720721,0.9932203389830508
healthcare_revenue_50m,Healthcare companies with revenue >= $50M,Full-assignment candidate,Full Assignment|K-Means,K-Means,10014,1,0,60,0.16901408450704225,0.17792792792792791,0.967741935483871
healthcare_revenue_50m,Healthcare companies with revenue >= $50M,Full-assignment candidate,Full Assignment|K-Means,K-Means,10015,0,0,296,0.8338028169014085,0.8220720720720721,1.0
healthcare_revenue_50m,Healthcare companies with revenue >= $50M,Full-assignment candidate,Full Assignment|K-Means,K-Means,10015,1,1,59,0.16619718309859155,0.17792792792792791,1.0
healthcare_revenue_50m,Healthcare companies with revenue >= $50M,Full-assignment candidate,Full Assignment|K-Means,K-Means,10016,0,0,293,0.8253521126760563,0.8220720720720721,0.9931740614334471
healthcare_revenue_50m,Healthcare companies with revenue >= $50M,Full-assignment candidate,Full Assignment|K-Means,K-Means,10016,1,1,62,0.17464788732394365,0.17792792792792791,0.96875
healthcare_revenue_50m,Healthcare companies with revenue >= $50M,Full-assignment candidate,Full Assignment|K-Means,K-Means,10017,0,0,288,0.8112676056338028,0.8220720720720721,1.0
healthcare_revenue_50m,Healthcare companies with revenue >= $50M,Full-assignment candidate,Full Assignment|K-Means,K-Means,10017,1,1,67,0.18873239436619718,0.17792792792792791,1.0
healthcare_revenue_50m,Healthcare companies with revenue >= $50M,Full-assignment candidate,Full Assignment|K-Means,K-Means,10018,0,1,290,0.8169014084507042,0.8220720720720721,0.9797297297297297
healthcare_revenue_50m,Healthcare companies with revenue >= $50M,Full-assignment candidate,Full Assignment|K-Means,K-Means,10018,1,0,65,0.18309859154929578,0.17792792792792791,0.9076923076923077
healthcare_revenue_50m,Healthcare companies with revenue >= $50M,Full-assignment candidate,Full Assignment|K-Means,K-Means,10019,0,1,291,0.819718309859155,0.8220720720720721,1.0
healthcare_revenue_50m,Healthcare companies with revenue >= $50M,Full-assignment candidate,Full Assignment|K-Means,K-Means,10019,1,0,64,0.18028169014084508,0.17792792792792791,1.0
healthcare_revenue_50m,Healthcare companies with revenue >= $50M,Full-assignment candidate,Full Assignment|Gaussian Mixture,Gaussian Mixture,10000,0,1,259,0.7295774647887324,0.6216216216216216,0.8461538461538461
healthcare_revenue_50m,Healthcare companies with revenue >= $50M,Full-assignment candidate,Full Assignment|Gaussian Mixture,Gaussian Mixture,10000,1,0,96,0.2704225352112676,0.3783783783783784,0.7037037037037037
healthcare_revenue_50m,Healthcare companies with revenue >= $50M,Full-assignment candidate,Full Assignment|Gaussian Mixture,Gaussian Mixture,10001,0,0,229,0.6450704225352113,0.6216216216216216,0.9912663755458515
healthcare_revenue_50m,Healthcare companies with revenue >= $50M,Full-assignment candidate,Full Assignment|Gaussian Mixture,Gaussian Mixture,10001,1,1,126,0.35492957746478876,0.3783783783783784,0.984375
healthcare_revenue_50m,Healthcare companies with revenue >= $50M,Full-assignment candidate,Full Assignment|Gaussian Mixture,Gaussian Mixture,10002,0,0,252,0.7098591549295775,0.6216216216216216,0.8038461538461539
healthcare_revenue_50m,Healthcare companies with revenue >= $50M,Full-assignment candidate,Full Assignment|Gaussian Mixture,Gaussian Mixture,10002,1,1,103,0.29014084507042254,0.3783783783783784,0.6506849315068494
healthcare_revenue_50m,Healthcare companies with revenue >= $50M,Full-assignment candidate,Full Assignment|Gaussian Mixture,Gaussian Mixture,10003,0,0,252,0.7098591549295775,0.6216216216216216,0.8515625
healthcare_revenue_50m,Healthcare companies with revenue >= $50M,Full-assignment candidate,Full Assignment|Gaussian Mixture,Gaussian Mixture,10003,1,1,103,0.29014084507042254,0.3783783783783784,0.7226277372262774
healthcare_revenue_50m,Healthcare companies with revenue >= $50M,Full-assignment candidate,Full Assignment|Gaussian Mixture,Gaussian Mixture,10004,0,1,245,0.6901408450704225,0.6216216216216216,0.8866396761133604
healthcare_revenue_50m,Healthcare companies with revenue >= $50M,Full-assignment candidate,Full Assignment|Gaussian Mixture,Gaussian Mixture,10004,1,0,110,0.30985915492957744,0.3783783783783784,0.7941176470588235
healthcare_revenue_50m,Healthcare companies with revenue >= $50M,Full-assignment candidate,Full Assignment|Gaussian Mixture,Gaussian Mixture,10005,0,0,268,0.7549295774647887,0.6216216216216216,0.8252788104089219
healthcare_revenue_50m,Healthcare companies with revenue >= $50M,Full-assignment candidate,Full Assignment|Gaussian Mixture,Gaussian Mixture,10005,1,1,87,0.24507042253521127,0.3783783783783784,0.6466165413533834
healthcare_revenue_50m,Healthcare companies with revenue >= $50M,Full-assignment candidate,Full Assignment|Gaussian Mixture,Gaussian Mixture,10006,0,1,228,0.6422535211267606,0.6216216216216216,0.9824561403508771
healthcare_revenue_50m,Healthcare companies with revenue >= $50M,Full-assignment candidate,Full Assignment|Gaussian Mixture,Gaussian Mixture,10006,1,0,127,0.35774647887323946,0.3783783783783784,0.9694656488549618
healthcare_revenue_50m,Healthcare companies with revenue >= $50M,Full-assignment candidate,Full Assignment|Gaussian Mixture,Gaussian Mixture,10007,0,0,262,0.7380281690140845,0.6216216216216216,0.8333333333333334
healthcare_revenue_50m,Healthcare companies with revenue >= $50M,Full-assignment candidate,Full Assignment|Gaussian Mixture,Gaussian Mixture,10007,1,1,93,0.2619718309859155,0.3783783783783784,0.674074074074074
healthcare_revenue_50m,Healthcare companies with revenue >= $50M,Full-assignment candidate,Full Assignment|Gaussian Mixture,Gaussian Mixture,10008,0,0,230,0.647887323943662,0.6216216216216216,0.8833333333333333
healthcare_revenue_50m,Healthcare companies with revenue >= $50M,Full-assignment candidate,Full Assignment|Gaussian Mixture,Gaussian Mixture,10008,1,1,125,0.352112676056338,0.3783783783783784,0.8041958041958042
healthcare_revenue_50m,Healthcare companies with revenue >= $50M,Full-assignment candidate,Full Assignment|Gaussian Mixture,Gaussian Mixture,10009,0,0,224,0.6309859154929578,0.6216216216216216,0.9344978165938864
healthcare_revenue_50m,Healthcare companies with revenue >= $50M,Full-assignment candidate,Full Assignment|Gaussian Mixture,Gaussian Mixture,10009,1,1,131,0.36901408450704226,0.3783783783783784,0.8936170212765957
healthcare_revenue_50m,Healthcare companies with revenue >= $50M,Full-assignment candidate,Full Assignment|Gaussian Mixture,Gaussian Mixture,10010,0,1,236,0.6647887323943662,0.6216216216216216,0.871900826446281
healthcare_revenue_50m,Healthcare companies with revenue >= $50M,Full-assignment candidate,Full Assignment|Gaussian Mixture,Gaussian Mixture,10010,1,0,119,0.3352112676056338,0.3783783783783784,0.7847222222222222
healthcare_revenue_50m,Healthcare companies with revenue >= $50M,Full-assignment candidate,Full Assignment|Gaussian Mixture,Gaussian Mixture,10011,0,0,223,0.6281690140845071,0.6216216216216216,0.9866071428571429
healthcare_revenue_50m,Healthcare companies with revenue >= $50M,Full-assignment candidate,Full Assignment|Gaussian Mixture,Gaussian Mixture,10011,1,1,132,0.37183098591549296,0.3783783783783784,0.9776119402985075
healthcare_revenue_50m,Healthcare companies with revenue >= $50M,Full-assignment candidate,Full Assignment|Gaussian Mixture,Gaussian Mixture,10012,0,0,251,0.7070422535211267,0.6216216216216216,0.8968253968253969
healthcare_revenue_50m,Healthcare companies with revenue >= $50M,Full-assignment candidate,Full Assignment|Gaussian Mixture,Gaussian Mixture,10012,1,1,104,0.29295774647887324,0.3783783783783784,0.7984496124031008
healthcare_revenue_50m,Healthcare companies with revenue >= $50M,Full-assignment candidate,Full Assignment|Gaussian Mixture,Gaussian Mixture,10013,0,0,218,0.6140845070422535,0.6216216216216216,0.9247787610619469
healthcare_revenue_50m,Healthcare companies with revenue >= $50M,Full-assignment candidate,Full Assignment|Gaussian Mixture,Gaussian Mixture,10013,1,1,137,0.38591549295774646,0.3783783783783784,0.8835616438356164
healthcare_revenue_50m,Healthcare companies with revenue >= $50M,Full-assignment candidate,Full Assignment|Gaussian Mixture,Gaussian Mixture,10014,0,1,250,0.704225352112676,0.6216216216216216,0.8359375
healthcare_revenue_50m,Healthcare companies with revenue >= $50M,Full-assignment candidate,Full Assignment|Gaussian Mixture,Gaussian Mixture,10014,1,0,105,0.29577464788732394,0.3783783783783784,0.7021276595744681
healthcare_revenue_50m,Healthcare companies with revenue >= $50M,Full-assignment candidate,Full Assignment|Gaussian Mixture,Gaussian Mixture,10015,0,0,227,0.6394366197183099,0.6216216216216216,0.9152542372881356
healthcare_revenue_50m,Healthcare companies with revenue >= $50M,Full-assignment candidate,Full Assignment|Gaussian Mixture,Gaussian Mixture,10015,1,1,128,0.36056338028169016,0.3783783783783784,0.8561151079136691
healthcare_revenue_50m,Healthcare companies with revenue >= $50M,Full-assignment candidate,Full Assignment|Gaussian Mixture,Gaussian Mixture,10016,0,0,225,0.6338028169014085,0.6216216216216216,0.9688888888888889
healthcare_revenue_50m,Healthcare companies with revenue >= $50M,Full-assignment candidate,Full Assignment|Gaussian Mixture,Gaussian Mixture,10016,1,1,130,0.36619718309859156,0.3783783783783784,0.948905109489051
healthcare_revenue_50m,Healthcare companies with revenue >= $50M,Full-assignment candidate,Full Assignment|Gaussian Mixture,Gaussian Mixture,10017,0,0,213,0.6,0.6216216216216216,0.9417040358744395
healthcare_revenue_50m,Healthcare companies with revenue >= $50M,Full-assignment candidate,Full Assignment|Gaussian Mixture,Gaussian Mixture,10017,1,1,142,0.4,0.3783783783783784,0.9103448275862069
healthcare_revenue_50m,Healthcare companies with revenue >= $50M,Full-assignment candidate,Full Assignment|Gaussian Mixture,Gaussian Mixture,10018,0,1,207,0.5830985915492958,0.6216216216216216,0.9495412844036697
healthcare_revenue_50m,Healthcare companies with revenue >= $50M,Full-assignment candidate,Full Assignment|Gaussian Mixture,Gaussian Mixture,10018,1,0,148,0.4169014084507042,0.3783783783783784,0.9256756756756757
healthcare_revenue_50m,Healthcare companies with revenue >= $50M,Full-assignment candidate,Full Assignment|Gaussian Mixture,Gaussian Mixture,10019,0,1,251,0.7070422535211267,0.6216216216216216,0.8725099601593626
healthcare_revenue_50m,Healthcare companies with revenue >= $50M,Full-assignment candidate,Full Assignment|Gaussian Mixture,Gaussian Mixture,10019,1,0,104,0.29295774647887324,0.3783783783783784,0.7647058823529411
healthcare_revenue_50m,Healthcare companies with revenue >= $50M,HDBSCAN Pareto representative,HDBSCAN|mcs=10|ms=5,HDBSCAN,10000,0,2,15,0.04823151125401929,0.044270833333333336,1.0
healthcare_revenue_50m,Healthcare companies with revenue >= $50M,HDBSCAN Pareto representative,HDBSCAN|mcs=10|ms=5,HDBSCAN,10000,1,1,270,0.8681672025723473,0.8697916666666666,1.0
healthcare_revenue_50m,Healthcare companies with revenue >= $50M,HDBSCAN Pareto representative,HDBSCAN|mcs=10|ms=5,HDBSCAN,10000,2,0,26,0.08360128617363344,0.0859375,1.0
healthcare_revenue_50m,Healthcare companies with revenue >= $50M,HDBSCAN Pareto representative,HDBSCAN|mcs=10|ms=5,HDBSCAN,10001,0,1,12,0.039473684210526314,0.044270833333333336,1.0
healthcare_revenue_50m,Healthcare companies with revenue >= $50M,HDBSCAN Pareto representative,HDBSCAN|mcs=10|ms=5,HDBSCAN,10001,1,2,276,0.9078947368421053,0.8697916666666666,1.0
healthcare_revenue_50m,Healthcare companies with revenue >= $50M,HDBSCAN Pareto representative,HDBSCAN|mcs=10|ms=5,HDBSCAN,10001,2,0,16,0.05263157894736842,0.0859375,1.0
healthcare_revenue_50m,Healthcare companies with revenue >= $50M,HDBSCAN Pareto representative,HDBSCAN|mcs=10|ms=5,HDBSCAN,10002,0,2,16,0.05333333333333334,0.044270833333333336,1.0
healthcare_revenue_50m,Healthcare companies with revenue >= $50M,HDBSCAN Pareto representative,HDBSCAN|mcs=10|ms=5,HDBSCAN,10002,1,1,255,0.85,0.8697916666666666,0.9960474308300395
healthcare_revenue_50m,Healthcare companies with revenue >= $50M,HDBSCAN Pareto representative,HDBSCAN|mcs=10|ms=5,HDBSCAN,10002,2,0,29,0.09666666666666666,0.0859375,0.9655172413793104
healthcare_revenue_50m,Healthcare companies with revenue >= $50M,HDBSCAN Pareto representative,HDBSCAN|mcs=10|ms=5,HDBSCAN,10003,0,0,13,0.04276315789473684,0.044270833333333336,1.0
healthcare_revenue_50m,Healthcare companies with revenue >= $50M,HDBSCAN Pareto representative,HDBSCAN|mcs=10|ms=5,HDBSCAN,10003,1,1,260,0.8552631578947368,0.8697916666666666,1.0
healthcare_revenue_50m,Healthcare companies with revenue >= $50M,HDBSCAN Pareto representative,HDBSCAN|mcs=10|ms=5,HDBSCAN,10003,2,2,31,0.10197368421052631,0.0859375,1.0
healthcare_revenue_50m,Healthcare companies with revenue >= $50M,HDBSCAN Pareto representative,HDBSCAN|mcs=10|ms=5,HDBSCAN,10004,0,2,15,0.04792332268370607,0.044270833333333336,1.0
healthcare_revenue_50m,Healthcare companies with revenue >= $50M,HDBSCAN Pareto representative,HDBSCAN|mcs=10|ms=5,HDBSCAN,10004,1,1,270,0.8626198083067093,0.8697916666666666,1.0
healthcare_revenue_50m,Healthcare companies with revenue >= $50M,HDBSCAN Pareto representative,HDBSCAN|mcs=10|ms=5,HDBSCAN,10004,2,0,28,0.08945686900958466,0.0859375,1.0
healthcare_revenue_50m,Healthcare companies with revenue >= $50M,HDBSCAN Pareto representative,HDBSCAN|mcs=10|ms=5,HDBSCAN,10005,0,0,11,0.036544850498338874,0.044270833333333336,1.0
healthcare_revenue_50m,Healthcare companies with revenue >= $50M,HDBSCAN Pareto representative,HDBSCAN|mcs=10|ms=5,HDBSCAN,10005,1,1,269,0.893687707641196,0.8697916666666666,0.9962264150943396
healthcare_revenue_50m,Healthcare companies with revenue >= $50M,HDBSCAN Pareto representative,HDBSCAN|mcs=10|ms=5,HDBSCAN,10005,2,2,21,0.06976744186046512,0.0859375,0.9545454545454546
healthcare_revenue_50m,Healthcare companies with revenue >= $50M,HDBSCAN Pareto representative,HDBSCAN|mcs=10|ms=5,HDBSCAN,10006,0,2,17,0.05537459283387622,0.044270833333333336,1.0
healthcare_revenue_50m,Healthcare companies with revenue >= $50M,HDBSCAN Pareto representative,HDBSCAN|mcs=10|ms=5,HDBSCAN,10006,1,1,264,0.8599348534201955,0.8697916666666666,1.0
healthcare_revenue_50m,Healthcare companies with revenue >= $50M,HDBSCAN Pareto representative,HDBSCAN|mcs=10|ms=5,HDBSCAN,10006,2,0,26,0.08469055374592833,0.0859375,1.0
healthcare_revenue_50m,Healthcare companies with revenue >= $50M,HDBSCAN Pareto representative,HDBSCAN|mcs=10|ms=5,HDBSCAN,10007,0,0,15,0.05,0.044270833333333336,1.0
healthcare_revenue_50m,Healthcare companies with revenue >= $50M,HDBSCAN Pareto representative,HDBSCAN|mcs=10|ms=5,HDBSCAN,10007,1,1,257,0.8566666666666667,0.8697916666666666,1.0
healthcare_revenue_50m,Healthcare companies with revenue >= $50M,HDBSCAN Pareto representative,HDBSCAN|mcs=10|ms=5,HDBSCAN,10007,2,2,28,0.09333333333333334,0.0859375,1.0
healthcare_revenue_50m,Healthcare companies with revenue >= $50M,HDBSCAN Pareto representative,HDBSCAN|mcs=10|ms=5,HDBSCAN,10008,0,2,15,0.04792332268370607,0.044270833333333336,1.0
healthcare_revenue_50m,Healthcare companies with revenue >= $50M,HDBSCAN Pareto representative,HDBSCAN|mcs=10|ms=5,HDBSCAN,10008,1,1,274,0.8753993610223643,0.8697916666666666,1.0
healthcare_revenue_50m,Healthcare companies with revenue >= $50M,HDBSCAN Pareto representative,HDBSCAN|mcs=10|ms=5,HDBSCAN,10008,2,0,24,0.07667731629392971,0.0859375,1.0
healthcare_revenue_50m,Healthcare companies with revenue >= $50M,HDBSCAN Pareto representative,HDBSCAN|mcs=10|ms=5,HDBSCAN,10009,0,0,14,0.04844290657439446,0.044270833333333336,1.0
healthcare_revenue_50m,Healthcare companies with revenue >= $50M,HDBSCAN Pareto representative,HDBSCAN|mcs=10|ms=5,HDBSCAN,10009,1,2,249,0.8615916955017301,0.8697916666666666,1.0
healthcare_revenue_50m,Healthcare companies with revenue >= $50M,HDBSCAN Pareto representative,HDBSCAN|mcs=10|ms=5,HDBSCAN,10009,2,1,26,0.08996539792387544,0.0859375,1.0
healthcare_revenue_50m,Healthcare companies with revenue >= $50M,HDBSCAN Pareto representative,HDBSCAN|mcs=10|ms=5,HDBSCAN,10010,0,0,11,0.037162162162162164,0.044270833333333336,1.0
healthcare_revenue_50m,Healthcare companies with revenue >= $50M,HDBSCAN Pareto representative,HDBSCAN|mcs=10|ms=5,HDBSCAN,10010,1,1,255,0.8614864864864865,0.8697916666666666,1.0
healthcare_revenue_50m,Healthcare companies with revenue >= $50M,HDBSCAN Pareto representative,HDBSCAN|mcs=10|ms=5,HDBSCAN,10010,2,2,30,0.10135135135135136,0.0859375,1.0
healthcare_revenue_50m,Healthcare companies with revenue >= $50M,HDBSCAN Pareto representative,HDBSCAN|mcs=10|ms=5,HDBSCAN,10011,0,0,14,0.0472972972972973,0.044270833333333336,1.0
healthcare_revenue_50m,Healthcare companies with revenue >= $50M,HDBSCAN Pareto representative,HDBSCAN|mcs=10|ms=5,HDBSCAN,10011,1,2,261,0.8817567567567568,0.8697916666666666,1.0
healthcare_revenue_50m,Healthcare companies with revenue >= $50M,HDBSCAN Pareto representative,HDBSCAN|mcs=10|ms=5,HDBSCAN,10011,2,1,21,0.07094594594594594,0.0859375,1.0
healthcare_revenue_50m,Healthcare companies with revenue >= $50M,HDBSCAN Pareto representative,HDBSCAN|mcs=10|ms=5,HDBSCAN,10012,0,0,14,0.04697986577181208,0.044270833333333336,1.0
healthcare_revenue_50m,Healthcare companies with revenue >= $50M,HDBSCAN Pareto representative,HDBSCAN|mcs=10|ms=5,HDBSCAN,10012,1,1,253,0.8489932885906041,0.8697916666666666,0.9806201550387597
healthcare_revenue_50m,Healthcare companies with revenue >= $50M,HDBSCAN Pareto representative,HDBSCAN|mcs=10|ms=5,HDBSCAN,10012,2,2,31,0.1040268456375839,0.0859375,0.8333333333333334
healthcare_revenue_50m,Healthcare companies with revenue >= $50M,HDBSCAN Pareto representative,HDBSCAN|mcs=10|ms=5,HDBSCAN,10013,0,2,14,0.043076923076923075,0.044270833333333336,1.0
healthcare_revenue_50m,Healthcare companies with revenue >= $50M,HDBSCAN Pareto representative,HDBSCAN|mcs=10|ms=5,HDBSCAN,10013,1,1,275,0.8461538461538461,0.8697916666666666,1.0
healthcare_revenue_50m,Healthcare companies with revenue >= $50M,HDBSCAN Pareto representative,HDBSCAN|mcs=10|ms=5,HDBSCAN,10013,2,0,36,0.11076923076923077,0.0859375,1.0
healthcare_revenue_50m,Healthcare companies with revenue >= $50M,HDBSCAN Pareto representative,HDBSCAN|mcs=10|ms=5,HDBSCAN,10014,0,2,14,0.04416403785488959,0.044270833333333336,1.0
healthcare_revenue_50m,Healthcare companies with revenue >= $50M,HDBSCAN Pareto representative,HDBSCAN|mcs=10|ms=5,HDBSCAN,10014,1,1,270,0.8517350157728707,0.8697916666666666,1.0
healthcare_revenue_50m,Healthcare companies with revenue >= $50M,HDBSCAN Pareto representative,HDBSCAN|mcs=10|ms=5,HDBSCAN,10014,2,0,33,0.10410094637223975,0.0859375,1.0
healthcare_revenue_50m,Healthcare companies with revenue >= $50M,HDBSCAN Pareto representative,HDBSCAN|mcs=10|ms=5,HDBSCAN,10015,1,0,281,0.921311475409836,0.8697916666666666,1.0
healthcare_revenue_50m,Healthcare companies with revenue >= $50M,HDBSCAN Pareto representative,HDBSCAN|mcs=10|ms=5,HDBSCAN,10015,2,1,24,0.07868852459016394,0.0859375,1.0
healthcare_revenue_50m,Healthcare companies with revenue >= $50M,HDBSCAN Pareto representative,HDBSCAN|mcs=10|ms=5,HDBSCAN,10016,0,2,14,0.0462046204620462,0.044270833333333336,1.0
healthcare_revenue_50m,Healthcare companies with revenue >= $50M,HDBSCAN Pareto representative,HDBSCAN|mcs=10|ms=5,HDBSCAN,10016,1,1,251,0.8283828382838284,0.8697916666666666,0.9765625
healthcare_revenue_50m,Healthcare companies with revenue >= $50M,HDBSCAN Pareto representative,HDBSCAN|mcs=10|ms=5,HDBSCAN,10016,2,0,38,0.1254125412541254,0.0859375,0.8235294117647058
healthcare_revenue_50m,Healthcare companies with revenue >= $50M,HDBSCAN Pareto representative,HDBSCAN|mcs=10|ms=5,HDBSCAN,10017,0,0,17,0.05821917808219178,0.044270833333333336,1.0
healthcare_revenue_50m,Healthcare companies with revenue >= $50M,HDBSCAN Pareto representative,HDBSCAN|mcs=10|ms=5,HDBSCAN,10017,1,1,248,0.8493150684931506,0.8697916666666666,1.0
healthcare_revenue_50m,Healthcare companies with revenue >= $50M,HDBSCAN Pareto representative,HDBSCAN|mcs=10|ms=5,HDBSCAN,10017,2,2,27,0.09246575342465753,0.0859375,1.0
healthcare_revenue_50m,Healthcare companies with revenue >= $50M,HDBSCAN Pareto representative,HDBSCAN|mcs=10|ms=5,HDBSCAN,10018,0,0,14,0.04666666666666667,0.044270833333333336,1.0
healthcare_revenue_50m,Healthcare companies with revenue >= $50M,HDBSCAN Pareto representative,HDBSCAN|mcs=10|ms=5,HDBSCAN,10018,1,1,257,0.8566666666666667,0.8697916666666666,0.9806201550387597
healthcare_revenue_50m,Healthcare companies with revenue >= $50M,HDBSCAN Pareto representative,HDBSCAN|mcs=10|ms=5,HDBSCAN,10018,2,2,29,0.09666666666666666,0.0859375,0.8148148148148148
healthcare_revenue_50m,Healthcare companies with revenue >= $50M,HDBSCAN Pareto representative,HDBSCAN|mcs=10|ms=5,HDBSCAN,10019,0,0,13,0.044673539518900345,0.044270833333333336,1.0
healthcare_revenue_50m,Healthcare companies with revenue >= $50M,HDBSCAN Pareto representative,HDBSCAN|mcs=10|ms=5,HDBSCAN,10019,1,1,253,0.8694158075601375,0.8697916666666666,1.0
healthcare_revenue_50m,Healthcare companies with revenue >= $50M,HDBSCAN Pareto representative,HDBSCAN|mcs=10|ms=5,HDBSCAN,10019,2,2,25,0.0859106529209622,0.0859375,1.0
healthcare_revenue_50m,Healthcare companies with revenue >= $50M,HDBSCAN Pareto representative,HDBSCAN|mcs=10|ms=15,HDBSCAN,10000,0,0,272,0.9283276450511946,0.9123867069486404,1.0
healthcare_revenue_50m,Healthcare companies with revenue >= $50M,HDBSCAN Pareto representative,HDBSCAN|mcs=10|ms=15,HDBSCAN,10000,1,1,21,0.07167235494880546,0.08761329305135952,1.0
healthcare_revenue_50m,Healthcare companies with revenue >= $50M,HDBSCAN Pareto representative,HDBSCAN|mcs=10|ms=15,HDBSCAN,10002,0,0,252,0.9230769230769231,0.9123867069486404,0.9957983193277311
healthcare_revenue_50m,Healthcare companies with revenue >= $50M,HDBSCAN Pareto representative,HDBSCAN|mcs=10|ms=15,HDBSCAN,10002,1,1,21,0.07692307692307693,0.08761329305135952,0.9545454545454546
healthcare_revenue_50m,Healthcare companies with revenue >= $50M,HDBSCAN Pareto representative,HDBSCAN|mcs=10|ms=15,HDBSCAN,10003,0,0,239,0.9227799227799228,0.9123867069486404,0.9957264957264957
healthcare_revenue_50m,Healthcare companies with revenue >= $50M,HDBSCAN Pareto representative,HDBSCAN|mcs=10|ms=15,HDBSCAN,10003,1,1,20,0.07722007722007722,0.08761329305135952,0.9523809523809523
healthcare_revenue_50m,Healthcare companies with revenue >= $50M,HDBSCAN Pareto representative,HDBSCAN|mcs=10|ms=15,HDBSCAN,10004,0,0,257,0.9345454545454546,0.9123867069486404,1.0
healthcare_revenue_50m,Healthcare companies with revenue >= $50M,HDBSCAN Pareto representative,HDBSCAN|mcs=10|ms=15,HDBSCAN,10004,1,1,18,0.06545454545454546,0.08761329305135952,1.0
healthcare_revenue_50m,Healthcare companies with revenue >= $50M,HDBSCAN Pareto representative,HDBSCAN|mcs=10|ms=15,HDBSCAN,10005,0,0,256,0.9343065693430657,0.9123867069486404,1.0
healthcare_revenue_50m,Healthcare companies with revenue >= $50M,HDBSCAN Pareto representative,HDBSCAN|mcs=10|ms=15,HDBSCAN,10005,1,1,18,0.06569343065693431,0.08761329305135952,1.0
healthcare_revenue_50m,Healthcare companies with revenue >= $50M,HDBSCAN Pareto representative,HDBSCAN|mcs=10|ms=15,HDBSCAN,10006,0,0,265,0.9265734265734266,0.9123867069486404,1.0
healthcare_revenue_50m,Healthcare companies with revenue >= $50M,HDBSCAN Pareto representative,HDBSCAN|mcs=10|ms=15,HDBSCAN,10006,1,1,21,0.07342657342657342,0.08761329305135952,1.0
healthcare_revenue_50m,Healthcare companies with revenue >= $50M,HDBSCAN Pareto representative,HDBSCAN|mcs=10|ms=15,HDBSCAN,10007,0,0,252,0.9163636363636364,0.9123867069486404,1.0
healthcare_revenue_50m,Healthcare companies with revenue >= $50M,HDBSCAN Pareto representative,HDBSCAN|mcs=10|ms=15,HDBSCAN,10007,1,1,23,0.08363636363636363,0.08761329305135952,1.0
healthcare_revenue_50m,Healthcare companies with revenue >= $50M,HDBSCAN Pareto representative,HDBSCAN|mcs=10|ms=15,HDBSCAN,10008,0,0,266,0.9333333333333333,0.9123867069486404,1.0
healthcare_revenue_50m,Healthcare companies with revenue >= $50M,HDBSCAN Pareto representative,HDBSCAN|mcs=10|ms=15,HDBSCAN,10008,1,1,19,0.06666666666666667,0.08761329305135952,1.0
healthcare_revenue_50m,Healthcare companies with revenue >= $50M,HDBSCAN Pareto representative,HDBSCAN|mcs=10|ms=15,HDBSCAN,10009,0,0,224,0.8995983935742972,0.9123867069486404,0.9955156950672646
healthcare_revenue_50m,Healthcare companies with revenue >= $50M,HDBSCAN Pareto representative,HDBSCAN|mcs=10|ms=15,HDBSCAN,10009,1,1,25,0.10040160642570281,0.08761329305135952,0.9615384615384616
healthcare_revenue_50m,Healthcare companies with revenue >= $50M,HDBSCAN Pareto representative,HDBSCAN|mcs=10|ms=15,HDBSCAN,10010,0,0,227,0.9116465863453815,0.9123867069486404,1.0
healthcare_revenue_50m,Healthcare companies with revenue >= $50M,HDBSCAN Pareto representative,HDBSCAN|mcs=10|ms=15,HDBSCAN,10010,1,1,22,0.08835341365461848,0.08761329305135952,1.0
healthcare_revenue_50m,Healthcare companies with revenue >= $50M,HDBSCAN Pareto representative,HDBSCAN|mcs=10|ms=15,HDBSCAN,10011,0,1,245,0.928030303030303,0.9123867069486404,0.9956896551724138
healthcare_revenue_50m,Healthcare companies with revenue >= $50M,HDBSCAN Pareto representative,HDBSCAN|mcs=10|ms=15,HDBSCAN,10011,1,0,19,0.07196969696969698,0.08761329305135952,0.95
healthcare_revenue_50m,Healthcare companies with revenue >= $50M,HDBSCAN Pareto representative,HDBSCAN|mcs=10|ms=15,HDBSCAN,10012,0,0,254,0.9236363636363636,0.9123867069486404,0.9957446808510638
healthcare_revenue_50m,Healthcare companies with revenue >= $50M,HDBSCAN Pareto representative,HDBSCAN|mcs=10|ms=15,HDBSCAN,10012,1,1,21,0.07636363636363637,0.08761329305135952,0.9523809523809523
healthcare_revenue_50m,Healthcare companies with revenue >= $50M,HDBSCAN Pareto representative,HDBSCAN|mcs=10|ms=15,HDBSCAN,10013,0,0,256,0.9045936395759717,0.9123867069486404,1.0
healthcare_revenue_50m,Healthcare companies with revenue >= $50M,HDBSCAN Pareto representative,HDBSCAN|mcs=10|ms=15,HDBSCAN,10013,1,1,27,0.09540636042402827,0.08761329305135952,1.0
healthcare_revenue_50m,Healthcare companies with revenue >= $50M,HDBSCAN Pareto representative,HDBSCAN|mcs=10|ms=15,HDBSCAN,10014,0,1,250,0.9124087591240876,0.9123867069486404,1.0
healthcare_revenue_50m,Healthcare companies with revenue >= $50M,HDBSCAN Pareto representative,HDBSCAN|mcs=10|ms=15,HDBSCAN,10014,1,0,24,0.08759124087591241,0.08761329305135952,1.0
healthcare_revenue_50m,Healthcare companies with revenue >= $50M,HDBSCAN Pareto representative,HDBSCAN|mcs=10|ms=15,HDBSCAN,10015,0,0,265,0.9397163120567376,0.9123867069486404,0.9959016393442623
healthcare_revenue_50m,Healthcare companies with revenue >= $50M,HDBSCAN Pareto representative,HDBSCAN|mcs=10|ms=15,HDBSCAN,10015,1,1,17,0.06028368794326241,0.08761329305135952,0.9444444444444444
healthcare_revenue_50m,Healthcare companies with revenue >= $50M,HDBSCAN Pareto representative,HDBSCAN|mcs=10|ms=15,HDBSCAN,10016,0,0,257,0.9145907473309609,0.9123867069486404,1.0
healthcare_revenue_50m,Healthcare companies with revenue >= $50M,HDBSCAN Pareto representative,HDBSCAN|mcs=10|ms=15,HDBSCAN,10016,1,1,24,0.08540925266903915,0.08761329305135952,1.0
healthcare_revenue_50m,Healthcare companies with revenue >= $50M,HDBSCAN Pareto representative,HDBSCAN|mcs=10|ms=15,HDBSCAN,10017,0,2,230,0.8550185873605948,0.9123867069486404,0.9495798319327731
healthcare_revenue_50m,Healthcare companies with revenue >= $50M,HDBSCAN Pareto representative,HDBSCAN|mcs=10|ms=15,HDBSCAN,10017,1,0,23,0.08550185873605948,0.08761329305135952,1.0
healthcare_revenue_50m,Healthcare companies with revenue >= $50M,HDBSCAN Pareto representative,HDBSCAN|mcs=10|ms=15,HDBSCAN,10018,0,0,255,0.9205776173285198,0.9123867069486404,1.0
healthcare_revenue_50m,Healthcare companies with revenue >= $50M,HDBSCAN Pareto representative,HDBSCAN|mcs=10|ms=15,HDBSCAN,10018,1,1,22,0.07942238267148015,0.08761329305135952,1.0
healthcare_revenue_50m,Healthcare companies with revenue >= $50M,HDBSCAN Pareto representative,HDBSCAN|mcs=10|ms=15,HDBSCAN,10019,0,0,254,0.9202898550724637,0.9123867069486404,1.0
healthcare_revenue_50m,Healthcare companies with revenue >= $50M,HDBSCAN Pareto representative,HDBSCAN|mcs=10|ms=15,HDBSCAN,10019,1,1,22,0.07971014492753623,0.08761329305135952,1.0
healthcare_revenue_50m,Healthcare companies with revenue >= $50M,HDBSCAN Pareto representative,HDBSCAN|mcs=15|ms=10,HDBSCAN,10000,0,0,273,0.9191919191919192,0.9046153846153846,1.0
healthcare_revenue_50m,Healthcare companies with revenue >= $50M,HDBSCAN Pareto representative,HDBSCAN|mcs=15|ms=10,HDBSCAN,10000,1,1,24,0.08080808080808081,0.09538461538461539,1.0
healthcare_revenue_50m,Healthcare companies with revenue >= $50M,HDBSCAN Pareto representative,HDBSCAN|mcs=15|ms=10,HDBSCAN,10002,0,0,256,0.9110320284697508,0.9046153846153846,0.9956896551724138
healthcare_revenue_50m,Healthcare companies with revenue >= $50M,HDBSCAN Pareto representative,HDBSCAN|mcs=15|ms=10,HDBSCAN,10002,1,1,25,0.08896797153024912,0.09538461538461539,0.9615384615384616
healthcare_revenue_50m,Healthcare companies with revenue >= $50M,HDBSCAN Pareto representative,HDBSCAN|mcs=15|ms=10,HDBSCAN,10003,0,0,230,0.9019607843137255,0.9046153846153846,0.9956140350877193
healthcare_revenue_50m,Healthcare companies with revenue >= $50M,HDBSCAN Pareto representative,HDBSCAN|mcs=15|ms=10,HDBSCAN,10003,1,1,25,0.09803921568627451,0.09538461538461539,0.9615384615384616
healthcare_revenue_50m,Healthcare companies with revenue >= $50M,HDBSCAN Pareto representative,HDBSCAN|mcs=15|ms=10,HDBSCAN,10004,0,0,258,0.9214285714285714,0.9046153846153846,1.0
healthcare_revenue_50m,Healthcare companies with revenue >= $50M,HDBSCAN Pareto representative,HDBSCAN|mcs=15|ms=10,HDBSCAN,10004,1,1,22,0.07857142857142857,0.09538461538461539,1.0
healthcare_revenue_50m,Healthcare companies with revenue >= $50M,HDBSCAN Pareto representative,HDBSCAN|mcs=15|ms=10,HDBSCAN,10005,0,0,262,0.9257950530035336,0.9046153846153846,1.0
healthcare_revenue_50m,Healthcare companies with revenue >= $50M,HDBSCAN Pareto representative,HDBSCAN|mcs=15|ms=10,HDBSCAN,10005,1,1,21,0.07420494699646643,0.09538461538461539,1.0
healthcare_revenue_50m,Healthcare companies with revenue >= $50M,HDBSCAN Pareto representative,HDBSCAN|mcs=15|ms=10,HDBSCAN,10006,0,0,258,0.9181494661921709,0.9046153846153846,0.9956896551724138
healthcare_revenue_50m,Healthcare companies with revenue >= $50M,HDBSCAN Pareto representative,HDBSCAN|mcs=15|ms=10,HDBSCAN,10006,1,1,23,0.08185053380782918,0.09538461538461539,0.9583333333333334
healthcare_revenue_50m,Healthcare companies with revenue >= $50M,HDBSCAN Pareto representative,HDBSCAN|mcs=15|ms=10,HDBSCAN,10007,0,0,239,0.9053030303030303,0.9046153846153846,0.9957446808510638
healthcare_revenue_50m,Healthcare companies with revenue >= $50M,HDBSCAN Pareto representative,HDBSCAN|mcs=15|ms=10,HDBSCAN,10007,1,1,25,0.0946969696969697,0.09538461538461539,0.9615384615384616
healthcare_revenue_50m,Healthcare companies with revenue >= $50M,HDBSCAN Pareto representative,HDBSCAN|mcs=15|ms=10,HDBSCAN,10008,0,0,279,0.93,0.9046153846153846,1.0
healthcare_revenue_50m,Healthcare companies with revenue >= $50M,HDBSCAN Pareto representative,HDBSCAN|mcs=15|ms=10,HDBSCAN,10008,1,1,21,0.07,0.09538461538461539,1.0
healthcare_revenue_50m,Healthcare companies with revenue >= $50M,HDBSCAN Pareto representative,HDBSCAN|mcs=15|ms=10,HDBSCAN,10009,0,1,231,0.90234375,0.9046153846153846,0.9956331877729258
healthcare_revenue_50m,Healthcare companies with revenue >= $50M,HDBSCAN Pareto representative,HDBSCAN|mcs=15|ms=10,HDBSCAN,10009,1,0,25,0.09765625,0.09538461538461539,0.9615384615384616
healthcare_revenue_50m,Healthcare companies with revenue >= $50M,HDBSCAN Pareto representative,HDBSCAN|mcs=15|ms=10,HDBSCAN,10010,0,0,224,0.8924302788844621,0.9046153846153846,1.0
healthcare_revenue_50m,Healthcare companies with revenue >= $50M,HDBSCAN Pareto representative,HDBSCAN|mcs=15|ms=10,HDBSCAN,10010,1,1,27,0.10756972111553785,0.09538461538461539,1.0
healthcare_revenue_50m,Healthcare companies with revenue >= $50M,HDBSCAN Pareto representative,HDBSCAN|mcs=15|ms=10,HDBSCAN,10011,0,1,229,0.9233870967741935,0.9046153846153846,1.0
healthcare_revenue_50m,Healthcare companies with revenue >= $50M,HDBSCAN Pareto representative,HDBSCAN|mcs=15|ms=10,HDBSCAN,10011,1,0,19,0.07661290322580645,0.09538461538461539,1.0
healthcare_revenue_50m,Healthcare companies with revenue >= $50M,HDBSCAN Pareto representative,HDBSCAN|mcs=15|ms=10,HDBSCAN,10012,0,0,243,0.9101123595505618,0.9046153846153846,1.0
healthcare_revenue_50m,Healthcare companies with revenue >= $50M,HDBSCAN Pareto representative,HDBSCAN|mcs=15|ms=10,HDBSCAN,10012,1,1,24,0.0898876404494382,0.09538461538461539,1.0
healthcare_revenue_50m,Healthcare companies with revenue >= $50M,HDBSCAN Pareto representative,HDBSCAN|mcs=15|ms=10,HDBSCAN,10013,0,0,286,0.9022082018927445,0.9046153846153846,1.0
healthcare_revenue_50m,Healthcare companies with revenue >= $50M,HDBSCAN Pareto representative,HDBSCAN|mcs=15|ms=10,HDBSCAN,10013,1,1,31,0.09779179810725552,0.09538461538461539,1.0
healthcare_revenue_50m,Healthcare companies with revenue >= $50M,HDBSCAN Pareto representative,HDBSCAN|mcs=15|ms=10,HDBSCAN,10014,0,1,263,0.9006849315068494,0.9046153846153846,1.0
healthcare_revenue_50m,Healthcare companies with revenue >= $50M,HDBSCAN Pareto representative,HDBSCAN|mcs=15|ms=10,HDBSCAN,10014,1,0,29,0.09931506849315068,0.09538461538461539,1.0
healthcare_revenue_50m,Healthcare companies with revenue >= $50M,HDBSCAN Pareto representative,HDBSCAN|mcs=15|ms=10,HDBSCAN,10015,0,0,263,0.9228070175438596,0.9046153846153846,1.0
healthcare_revenue_50m,Healthcare companies with revenue >= $50M,HDBSCAN Pareto representative,HDBSCAN|mcs=15|ms=10,HDBSCAN,10015,1,1,22,0.07719298245614035,0.09538461538461539,1.0
healthcare_revenue_50m,Healthcare companies with revenue >= $50M,HDBSCAN Pareto representative,HDBSCAN|mcs=15|ms=10,HDBSCAN,10016,0,0,264,0.9041095890410958,0.9046153846153846,1.0
healthcare_revenue_50m,Healthcare companies with revenue >= $50M,HDBSCAN Pareto representative,HDBSCAN|mcs=15|ms=10,HDBSCAN,10016,1,1,28,0.0958904109589041,0.09538461538461539,1.0
healthcare_revenue_50m,Healthcare companies with revenue >= $50M,HDBSCAN Pareto representative,HDBSCAN|mcs=15|ms=10,HDBSCAN,10017,0,1,232,0.8560885608856088,0.9046153846153846,0.9956140350877193
healthcare_revenue_50m,Healthcare companies with revenue >= $50M,HDBSCAN Pareto representative,HDBSCAN|mcs=15|ms=10,HDBSCAN,10017,1,2,24,0.08856088560885608,0.09538461538461539,0.96
healthcare_revenue_50m,Healthcare companies with revenue >= $50M,HDBSCAN Pareto representative,HDBSCAN|mcs=15|ms=10,HDBSCAN,10018,0,0,262,0.9290780141843972,0.9046153846153846,1.0
healthcare_revenue_50m,Healthcare companies with revenue >= $50M,HDBSCAN Pareto representative,HDBSCAN|mcs=15|ms=10,HDBSCAN,10018,1,1,20,0.07092198581560284,0.09538461538461539,1.0
healthcare_revenue_50m,Healthcare companies with revenue >= $50M,HDBSCAN Pareto representative,HDBSCAN|mcs=15|ms=10,HDBSCAN,10019,0,0,238,0.9049429657794676,0.9046153846153846,1.0
healthcare_revenue_50m,Healthcare companies with revenue >= $50M,HDBSCAN Pareto representative,HDBSCAN|mcs=15|ms=10,HDBSCAN,10019,1,1,25,0.09505703422053231,0.09538461538461539,1.0
industrials_revenue_20m,Industrials companies with revenue >= $20M,Full-assignment candidate,Full Assignment|K-Means,K-Means,10000,0,2,36,0.07964601769911504,0.0920353982300885,0.972972972972973
industrials_revenue_20m,Industrials companies with revenue >= $20M,Full-assignment candidate,Full Assignment|K-Means,K-Means,10000,1,0,359,0.7942477876106194,0.7946902654867256,0.9944598337950139
industrials_revenue_20m,Industrials companies with revenue >= $20M,Full-assignment candidate,Full Assignment|K-Means,K-Means,10000,2,1,57,0.1261061946902655,0.11327433628318584,0.9473684210526315
industrials_revenue_20m,Industrials companies with revenue >= $20M,Full-assignment candidate,Full Assignment|K-Means,K-Means,10001,0,1,41,0.09070796460176991,0.0920353982300885,0.8888888888888888
industrials_revenue_20m,Industrials companies with revenue >= $20M,Full-assignment candidate,Full Assignment|K-Means,K-Means,10001,1,2,359,0.7942477876106194,0.7946902654867256,0.9889196675900277
industrials_revenue_20m,Industrials companies with revenue >= $20M,Full-assignment candidate,Full Assignment|K-Means,K-Means,10001,2,0,52,0.11504424778761062,0.11327433628318584,0.9056603773584906
industrials_revenue_20m,Industrials companies with revenue >= $20M,Full-assignment candidate,Full Assignment|K-Means,K-Means,10002,0,2,43,0.09513274336283185,0.0920353982300885,1.0
industrials_revenue_20m,Industrials companies with revenue >= $20M,Full-assignment candidate,Full Assignment|K-Means,K-Means,10002,1,0,356,0.7876106194690266,0.7946902654867256,0.994413407821229
industrials_revenue_20m,Industrials companies with revenue >= $20M,Full-assignment candidate,Full Assignment|K-Means,K-Means,10002,2,1,53,0.1172566371681416,0.11327433628318584,0.9622641509433962
industrials_revenue_20m,Industrials companies with revenue >= $20M,Full-assignment candidate,Full Assignment|K-Means,K-Means,10003,0,0,41,0.09070796460176991,0.0920353982300885,1.0
industrials_revenue_20m,Industrials companies with revenue >= $20M,Full-assignment candidate,Full Assignment|K-Means,K-Means,10003,1,1,357,0.7898230088495575,0.7946902654867256,0.9832869080779945
industrials_revenue_20m,Industrials companies with revenue >= $20M,Full-assignment candidate,Full Assignment|K-Means,K-Means,10003,2,2,54,0.11946902654867257,0.11327433628318584,0.896551724137931
industrials_revenue_20m,Industrials companies with revenue >= $20M,Full-assignment candidate,Full Assignment|K-Means,K-Means,10004,0,0,42,0.09292035398230089,0.0920353982300885,0.9761904761904762
industrials_revenue_20m,Industrials companies with revenue >= $20M,Full-assignment candidate,Full Assignment|K-Means,K-Means,10004,1,1,350,0.7743362831858407,0.7946902654867256,0.9695290858725761
industrials_revenue_20m,Industrials companies with revenue >= $20M,Full-assignment candidate,Full Assignment|K-Means,K-Means,10004,2,2,60,0.13274336283185842,0.11327433628318584,0.8032786885245902
industrials_revenue_20m,Industrials companies with revenue >= $20M,Full-assignment candidate,Full Assignment|K-Means,K-Means,10005,0,1,41,0.09070796460176991,0.0920353982300885,0.9090909090909091
industrials_revenue_20m,Industrials companies with revenue >= $20M,Full-assignment candidate,Full Assignment|K-Means,K-Means,10005,1,0,365,0.8075221238938053,0.7946902654867256,0.989041095890411
industrials_revenue_20m,Industrials companies with revenue >= $20M,Full-assignment candidate,Full Assignment|K-Means,K-Means,10005,2,2,46,0.10176991150442478,0.11327433628318584,0.9583333333333334
industrials_revenue_20m,Industrials companies with revenue >= $20M,Full-assignment candidate,Full Assignment|K-Means,K-Means,10006,0,0,43,0.09513274336283185,0.0920353982300885,0.9347826086956522
industrials_revenue_20m,Industrials companies with revenue >= $20M,Full-assignment candidate,Full Assignment|K-Means,K-Means,10006,1,1,355,0.7853982300884956,0.7946902654867256,0.9888268156424581
industrials_revenue_20m,Industrials companies with revenue >= $20M,Full-assignment candidate,Full Assignment|K-Means,K-Means,10006,2,2,54,0.11946902654867257,0.11327433628318584,0.9074074074074074
industrials_revenue_20m,Industrials companies with revenue >= $20M,Full-assignment candidate,Full Assignment|K-Means,K-Means,10007,0,2,39,0.08628318584070796,0.0920353982300885,0.8837209302325582
industrials_revenue_20m,Industrials companies with revenue >= $20M,Full-assignment candidate,Full Assignment|K-Means,K-Means,10007,1,0,356,0.7876106194690266,0.7946902654867256,0.9671232876712329
industrials_revenue_20m,Industrials companies with revenue >= $20M,Full-assignment candidate,Full Assignment|K-Means,K-Means,10007,2,1,57,0.1261061946902655,0.11327433628318584,0.8103448275862069
industrials_revenue_20m,Industrials companies with revenue >= $20M,Full-assignment candidate,Full Assignment|K-Means,K-Means,10008,0,2,41,0.09050772626931568,0.0920353982300885,0.9318181818181818
industrials_revenue_20m,Industrials companies with revenue >= $20M,Full-assignment candidate,Full Assignment|K-Means,K-Means,10008,1,0,354,0.7814569536423841,0.7946902654867256,0.9805555555555555
industrials_revenue_20m,Industrials companies with revenue >= $20M,Full-assignment candidate,Full Assignment|K-Means,K-Means,10008,2,1,58,0.1280353200883002,0.11327433628318584,0.8620689655172413
industrials_revenue_20m,Industrials companies with revenue >= $20M,Full-assignment candidate,Full Assignment|K-Means,K-Means,10009,0,0,44,0.09734513274336283,0.0920353982300885,1.0
industrials_revenue_20m,Industrials companies with revenue >= $20M,Full-assignment candidate,Full Assignment|K-Means,K-Means,10009,1,2,352,0.7787610619469026,0.7946902654867256,0.9943502824858758
industrials_revenue_20m,Industrials companies with revenue >= $20M,Full-assignment candidate,Full Assignment|K-Means,K-Means,10009,2,1,56,0.12389380530973451,0.11327433628318584,0.9642857142857143
industrials_revenue_20m,Industrials companies with revenue >= $20M,Full-assignment candidate,Full Assignment|K-Means,K-Means,10010,0,2,43,0.09513274336283185,0.0920353982300885,0.8604651162790697
industrials_revenue_20m,Industrials companies with revenue >= $20M,Full-assignment candidate,Full Assignment|K-Means,K-Means,10010,1,1,354,0.7831858407079646,0.7946902654867256,0.9779005524861878
industrials_revenue_20m,Industrials companies with revenue >= $20M,Full-assignment candidate,Full Assignment|K-Means,K-Means,10010,2,0,55,0.12168141592920353,0.11327433628318584,0.9636363636363636
industrials_revenue_20m,Industrials companies with revenue >= $20M,Full-assignment candidate,Full Assignment|K-Means,K-Means,10011,0,2,44,0.09713024282560706,0.0920353982300885,0.9772727272727273
industrials_revenue_20m,Industrials companies with revenue >= $20M,Full-assignment candidate,Full Assignment|K-Means,K-Means,10011,1,1,355,0.7836644591611479,0.7946902654867256,0.9916201117318436
industrials_revenue_20m,Industrials companies with revenue >= $20M,Full-assignment candidate,Full Assignment|K-Means,K-Means,10011,2,0,54,0.11920529801324503,0.11327433628318584,0.9272727272727272
industrials_revenue_20m,Industrials companies with revenue >= $20M,Full-assignment candidate,Full Assignment|K-Means,K-Means,10012,0,1,39,0.08590308370044053,0.0920353982300885,0.9285714285714286
industrials_revenue_20m,Industrials companies with revenue >= $20M,Full-assignment candidate,Full Assignment|K-Means,K-Means,10012,1,0,364,0.801762114537445,0.7946902654867256,0.9836065573770492
industrials_revenue_20m,Industrials companies with revenue >= $20M,Full-assignment candidate,Full Assignment|K-Means,K-Means,10012,2,2,51,0.11233480176211454,0.11327433628318584,0.8703703703703703
industrials_revenue_20m,Industrials companies with revenue >= $20M,Full-assignment candidate,Full Assignment|K-Means,K-Means,10013,0,1,40,0.08849557522123894,0.0920353982300885,0.8863636363636364
industrials_revenue_20m,Industrials companies with revenue >= $20M,Full-assignment candidate,Full Assignment|K-Means,K-Means,10013,1,0,348,0.7699115044247787,0.7946902654867256,0.9774011299435028
industrials_revenue_20m,Industrials companies with revenue >= $20M,Full-assignment candidate,Full Assignment|K-Means,K-Means,10013,2,2,64,0.1415929203539823,0.11327433628318584,0.8615384615384616
industrials_revenue_20m,Industrials companies with revenue >= $20M,Full-assignment candidate,Full Assignment|K-Means,K-Means,10014,0,1,40,0.08849557522123894,0.0920353982300885,0.975609756097561
industrials_revenue_20m,Industrials companies with revenue >= $20M,Full-assignment candidate,Full Assignment|K-Means,K-Means,10014,1,2,357,0.7898230088495575,0.7946902654867256,0.9916666666666667
industrials_revenue_20m,Industrials companies with revenue >= $20M,Full-assignment candidate,Full Assignment|K-Means,K-Means,10014,2,0,55,0.12168141592920353,0.11327433628318584,0.9272727272727272
industrials_revenue_20m,Industrials companies with revenue >= $20M,Full-assignment candidate,Full Assignment|K-Means,K-Means,10015,0,2,42,0.09292035398230089,0.0920353982300885,0.9130434782608695
industrials_revenue_20m,Industrials companies with revenue >= $20M,Full-assignment candidate,Full Assignment|K-Means,K-Means,10015,1,0,354,0.7831858407079646,0.7946902654867256,0.9887323943661972
industrials_revenue_20m,Industrials companies with revenue >= $20M,Full-assignment candidate,Full Assignment|K-Means,K-Means,10015,2,1,56,0.12389380530973451,0.11327433628318584,0.9298245614035088
industrials_revenue_20m,Industrials companies with revenue >= $20M,Full-assignment candidate,Full Assignment|K-Means,K-Means,10016,0,1,39,0.08628318584070796,0.0920353982300885,0.95
industrials_revenue_20m,Industrials companies with revenue >= $20M,Full-assignment candidate,Full Assignment|K-Means,K-Means,10016,1,0,346,0.7654867256637168,0.7946902654867256,0.9584487534626038
industrials_revenue_20m,Industrials companies with revenue >= $20M,Full-assignment candidate,Full Assignment|K-Means,K-Means,10016,2,2,67,0.14823008849557523,0.11327433628318584,0.75
industrials_revenue_20m,Industrials companies with revenue >= $20M,Full-assignment candidate,Full Assignment|K-Means,K-Means,10017,0,0,41,0.09070796460176991,0.0920353982300885,0.9534883720930233
industrials_revenue_20m,Industrials companies with revenue >= $20M,Full-assignment candidate,Full Assignment|K-Means,K-Means,10017,1,2,357,0.7898230088495575,0.7946902654867256,0.9833795013850416
industrials_revenue_20m,Industrials companies with revenue >= $20M,Full-assignment candidate,Full Assignment|K-Means,K-Means,10017,2,1,54,0.11946902654867257,0.11327433628318584,0.9259259259259259
industrials_revenue_20m,Industrials companies with revenue >= $20M,Full-assignment candidate,Full Assignment|K-Means,K-Means,10018,0,2,37,0.08185840707964602,0.0920353982300885,0.8571428571428571
industrials_revenue_20m,Industrials companies with revenue >= $20M,Full-assignment candidate,Full Assignment|K-Means,K-Means,10018,1,0,351,0.7765486725663717,0.7946902654867256,0.9586776859504132
industrials_revenue_20m,Industrials companies with revenue >= $20M,Full-assignment candidate,Full Assignment|K-Means,K-Means,10018,2,1,64,0.1415929203539823,0.11327433628318584,0.7692307692307693
industrials_revenue_20m,Industrials companies with revenue >= $20M,Full-assignment candidate,Full Assignment|K-Means,K-Means,10019,0,2,45,0.09933774834437085,0.0920353982300885,0.9777777777777777
industrials_revenue_20m,Industrials companies with revenue >= $20M,Full-assignment candidate,Full Assignment|K-Means,K-Means,10019,1,1,354,0.7814569536423841,0.7946902654867256,0.9943820224719101
industrials_revenue_20m,Industrials companies with revenue >= $20M,Full-assignment candidate,Full Assignment|K-Means,K-Means,10019,2,0,54,0.11920529801324503,0.11327433628318584,0.9454545454545454
industrials_revenue_20m,Industrials companies with revenue >= $20M,Full-assignment candidate,Full Assignment|Agglomerative,Agglomerative,10000,0,1,366,0.8097345132743363,0.8070796460176991,0.9547872340425532
industrials_revenue_20m,Industrials companies with revenue >= $20M,Full-assignment candidate,Full Assignment|Agglomerative,Agglomerative,10000,1,0,53,0.1172566371681416,0.09734513274336283,0.7818181818181819
industrials_revenue_20m,Industrials companies with revenue >= $20M,Full-assignment candidate,Full Assignment|Agglomerative,Agglomerative,10000,2,2,33,0.07300884955752213,0.09557522123893805,0.868421052631579
industrials_revenue_20m,Industrials companies with revenue >= $20M,Full-assignment candidate,Full Assignment|Agglomerative,Agglomerative,10001,0,0,356,0.7876106194690266,0.8070796460176991,0.9618528610354223
industrials_revenue_20m,Industrials companies with revenue >= $20M,Full-assignment candidate,Full Assignment|Agglomerative,Agglomerative,10001,1,2,54,0.11946902654867257,0.09734513274336283,0.7962962962962963
industrials_revenue_20m,Industrials companies with revenue >= $20M,Full-assignment candidate,Full Assignment|Agglomerative,Agglomerative,10001,2,1,42,0.09292035398230089,0.09557522123893805,0.9333333333333333
industrials_revenue_20m,Industrials companies with revenue >= $20M,Full-assignment candidate,Full Assignment|Agglomerative,Agglomerative,10002,0,1,340,0.7522123893805309,0.8070796460176991,0.9002695417789758
industrials_revenue_20m,Industrials companies with revenue >= $20M,Full-assignment candidate,Full Assignment|Agglomerative,Agglomerative,10002,1,0,76,0.168141592920354,0.09734513274336283,0.5657894736842105
industrials_revenue_20m,Industrials companies with revenue >= $20M,Full-assignment candidate,Full Assignment|Agglomerative,Agglomerative,10002,2,2,36,0.07964601769911504,0.09557522123893805,0.7777777777777778
industrials_revenue_20m,Industrials companies with revenue >= $20M,Full-assignment candidate,Full Assignment|Agglomerative,Agglomerative,10003,0,1,337,0.745575221238938,0.8070796460176991,0.8940217391304348
industrials_revenue_20m,Industrials companies with revenue >= $20M,Full-assignment candidate,Full Assignment|Agglomerative,Agglomerative,10003,1,0,80,0.17699115044247787,0.09734513274336283,0.6125
industrials_revenue_20m,Industrials companies with revenue >= $20M,Full-assignment candidate,Full Assignment|Agglomerative,Agglomerative,10003,2,2,35,0.07743362831858407,0.09557522123893805,0.813953488372093
industrials_revenue_20m,Industrials companies with revenue >= $20M,Full-assignment candidate,Full Assignment|Agglomerative,Agglomerative,10004,0,0,366,0.8097345132743363,0.8070796460176991,0.9468085106382979
industrials_revenue_20m,Industrials companies with revenue >= $20M,Full-assignment candidate,Full Assignment|Agglomerative,Agglomerative,10004,1,2,51,0.11283185840707964,0.09734513274336283,0.7884615384615384
industrials_revenue_20m,Industrials companies with revenue >= $20M,Full-assignment candidate,Full Assignment|Agglomerative,Agglomerative,10004,2,1,35,0.07743362831858407,0.09557522123893805,0.7954545454545454
industrials_revenue_20m,Industrials companies with revenue >= $20M,Full-assignment candidate,Full Assignment|Agglomerative,Agglomerative,10005,0,2,334,0.7389380530973452,0.8070796460176991,0.904891304347826
industrials_revenue_20m,Industrials companies with revenue >= $20M,Full-assignment candidate,Full Assignment|Agglomerative,Agglomerative,10005,1,0,75,0.16592920353982302,0.09734513274336283,0.56
industrials_revenue_20m,Industrials companies with revenue >= $20M,Full-assignment candidate,Full Assignment|Agglomerative,Agglomerative,10005,2,1,43,0.09513274336283185,0.09557522123893805,0.9111111111111111
industrials_revenue_20m,Industrials companies with revenue >= $20M,Full-assignment candidate,Full Assignment|Agglomerative,Agglomerative,10006,0,0,359,0.7942477876106194,0.8070796460176991,0.9808219178082191
industrials_revenue_20m,Industrials companies with revenue >= $20M,Full-assignment candidate,Full Assignment|Agglomerative,Agglomerative,10006,1,1,47,0.10398230088495575,0.09734513274336283,0.8723404255319149
industrials_revenue_20m,Industrials companies with revenue >= $20M,Full-assignment candidate,Full Assignment|Agglomerative,Agglomerative,10006,2,2,46,0.10176991150442478,0.09557522123893805,0.9787234042553191
industrials_revenue_20m,Industrials companies with revenue >= $20M,Full-assignment candidate,Full Assignment|Agglomerative,Agglomerative,10007,0,0,389,0.8606194690265486,0.8070796460176991,0.9335038363171355
industrials_revenue_20m,Industrials companies with revenue >= $20M,Full-assignment candidate,Full Assignment|Agglomerative,Agglomerative,10007,1,2,24,0.05309734513274336,0.09734513274336283,0.5238095238095238
industrials_revenue_20m,Industrials companies with revenue >= $20M,Full-assignment candidate,Full Assignment|Agglomerative,Agglomerative,10007,2,1,39,0.08628318584070796,0.09557522123893805,0.8666666666666667
industrials_revenue_20m,Industrials companies with revenue >= $20M,Full-assignment candidate,Full Assignment|Agglomerative,Agglomerative,10008,0,0,359,0.7924944812362031,0.8070796460176991,0.9835616438356164
industrials_revenue_20m,Industrials companies with revenue >= $20M,Full-assignment candidate,Full Assignment|Agglomerative,Agglomerative,10008,1,1,48,0.10596026490066225,0.09734513274336283,0.875
industrials_revenue_20m,Industrials companies with revenue >= $20M,Full-assignment candidate,Full Assignment|Agglomerative,Agglomerative,10008,2,2,46,0.10154525386313466,0.09557522123893805,1.0
industrials_revenue_20m,Industrials companies with revenue >= $20M,Full-assignment candidate,Full Assignment|Agglomerative,Agglomerative,10009,0,1,339,0.75,0.8070796460176991,0.9178082191780822
industrials_revenue_20m,Industrials companies with revenue >= $20M,Full-assignment candidate,Full Assignment|Agglomerative,Agglomerative,10009,1,0,72,0.1592920353982301,0.09734513274336283,0.625
industrials_revenue_20m,Industrials companies with revenue >= $20M,Full-assignment candidate,Full Assignment|Agglomerative,Agglomerative,10009,2,2,41,0.09070796460176991,0.09557522123893805,0.8913043478260869
industrials_revenue_20m,Industrials companies with revenue >= $20M,Full-assignment candidate,Full Assignment|Agglomerative,Agglomerative,10010,0,0,368,0.8141592920353983,0.8070796460176991,0.9625668449197861
industrials_revenue_20m,Industrials companies with revenue >= $20M,Full-assignment candidate,Full Assignment|Agglomerative,Agglomerative,10010,1,1,56,0.12389380530973451,0.09734513274336283,0.8392857142857143
industrials_revenue_20m,Industrials companies with revenue >= $20M,Full-assignment candidate,Full Assignment|Agglomerative,Agglomerative,10010,2,2,28,0.061946902654867256,0.09557522123893805,0.717948717948718
industrials_revenue_20m,Industrials companies with revenue >= $20M,Full-assignment candidate,Full Assignment|Agglomerative,Agglomerative,10011,0,2,347,0.7660044150110376,0.8070796460176991,0.9112903225806451
industrials_revenue_20m,Industrials companies with revenue >= $20M,Full-assignment candidate,Full Assignment|Agglomerative,Agglomerative,10011,1,0,69,0.152317880794702,0.09734513274336283,0.6376811594202898
industrials_revenue_20m,Industrials companies with revenue >= $20M,Full-assignment candidate,Full Assignment|Agglomerative,Agglomerative,10011,2,1,37,0.08167770419426049,0.09557522123893805,0.8222222222222222
industrials_revenue_20m,Industrials companies with revenue >= $20M,Full-assignment candidate,Full Assignment|Agglomerative,Agglomerative,10012,0,0,361,0.7951541850220264,0.8070796460176991,0.9917582417582418
industrials_revenue_20m,Industrials companies with revenue >= $20M,Full-assignment candidate,Full Assignment|Agglomerative,Agglomerative,10012,1,1,49,0.10792951541850221,0.09734513274336283,0.9387755102040817
industrials_revenue_20m,Industrials companies with revenue >= $20M,Full-assignment candidate,Full Assignment|Agglomerative,Agglomerative,10012,2,2,44,0.09691629955947137,0.09557522123893805,1.0
industrials_revenue_20m,Industrials companies with revenue >= $20M,Full-assignment candidate,Full Assignment|Agglomerative,Agglomerative,10013,0,1,359,0.7942477876106194,0.8070796460176991,0.9353099730458221
industrials_revenue_20m,Industrials companies with revenue >= $20M,Full-assignment candidate,Full Assignment|Agglomerative,Agglomerative,10013,1,0,60,0.13274336283185842,0.09734513274336283,0.8
industrials_revenue_20m,Industrials companies with revenue >= $20M,Full-assignment candidate,Full Assignment|Agglomerative,Agglomerative,10013,2,2,33,0.07300884955752213,0.09557522123893805,0.7333333333333333
industrials_revenue_20m,Industrials companies with revenue >= $20M,Full-assignment candidate,Full Assignment|Agglomerative,Agglomerative,10014,0,1,354,0.7831858407079646,0.8070796460176991,0.9644808743169399
industrials_revenue_20m,Industrials companies with revenue >= $20M,Full-assignment candidate,Full Assignment|Agglomerative,Agglomerative,10014,1,0,59,0.13053097345132744,0.09734513274336283,0.7627118644067796
industrials_revenue_20m,Industrials companies with revenue >= $20M,Full-assignment candidate,Full Assignment|Agglomerative,Agglomerative,10014,2,2,39,0.08628318584070796,0.09557522123893805,0.9285714285714286
industrials_revenue_20m,Industrials companies with revenue >= $20M,Full-assignment candidate,Full Assignment|Agglomerative,Agglomerative,10015,0,0,365,0.8075221238938053,0.8070796460176991,0.9460916442048517
industrials_revenue_20m,Industrials companies with revenue >= $20M,Full-assignment candidate,Full Assignment|Agglomerative,Agglomerative,10015,1,1,51,0.11283185840707964,0.09734513274336283,0.8490566037735849
industrials_revenue_20m,Industrials companies with revenue >= $20M,Full-assignment candidate,Full Assignment|Agglomerative,Agglomerative,10015,2,2,36,0.07964601769911504,0.09557522123893805,0.75
industrials_revenue_20m,Industrials companies with revenue >= $20M,Full-assignment candidate,Full Assignment|Agglomerative,Agglomerative,10016,0,0,365,0.8075221238938053,0.8070796460176991,0.981081081081081
industrials_revenue_20m,Industrials companies with revenue >= $20M,Full-assignment candidate,Full Assignment|Agglomerative,Agglomerative,10016,1,2,48,0.10619469026548672,0.09734513274336283,0.9166666666666666
industrials_revenue_20m,Industrials companies with revenue >= $20M,Full-assignment candidate,Full Assignment|Agglomerative,Agglomerative,10016,2,1,39,0.08628318584070796,0.09557522123893805,0.926829268292683
industrials_revenue_20m,Industrials companies with revenue >= $20M,Full-assignment candidate,Full Assignment|Agglomerative,Agglomerative,10017,0,0,369,0.8163716814159292,0.8070796460176991,0.9572192513368984
industrials_revenue_20m,Industrials companies with revenue >= $20M,Full-assignment candidate,Full Assignment|Agglomerative,Agglomerative,10017,1,2,48,0.10619469026548672,0.09734513274336283,0.8775510204081632
industrials_revenue_20m,Industrials companies with revenue >= $20M,Full-assignment candidate,Full Assignment|Agglomerative,Agglomerative,10017,2,1,35,0.07743362831858407,0.09557522123893805,0.7777777777777778
industrials_revenue_20m,Industrials companies with revenue >= $20M,Full-assignment candidate,Full Assignment|Agglomerative,Agglomerative,10018,0,2,346,0.7654867256637168,0.8070796460176991,0.9347826086956522
industrials_revenue_20m,Industrials companies with revenue >= $20M,Full-assignment candidate,Full Assignment|Agglomerative,Agglomerative,10018,1,0,68,0.1504424778761062,0.09734513274336283,0.6617647058823529
industrials_revenue_20m,Industrials companies with revenue >= $20M,Full-assignment candidate,Full Assignment|Agglomerative,Agglomerative,10018,2,1,38,0.084070796460177,0.09557522123893805,0.926829268292683
industrials_revenue_20m,Industrials companies with revenue >= $20M,Full-assignment candidate,Full Assignment|Agglomerative,Agglomerative,10019,0,0,374,0.82560706401766,0.8070796460176991,0.9598930481283422
industrials_revenue_20m,Industrials companies with revenue >= $20M,Full-assignment candidate,Full Assignment|Agglomerative,Agglomerative,10019,1,1,44,0.09713024282560706,0.09734513274336283,0.9361702127659575
industrials_revenue_20m,Industrials companies with revenue >= $20M,Full-assignment candidate,Full Assignment|Agglomerative,Agglomerative,10019,2,2,35,0.0772626931567329,0.09557522123893805,0.7446808510638298
industrials_revenue_20m,Industrials companies with revenue >= $20M,Full-assignment candidate,Full Assignment|Gaussian Mixture,Gaussian Mixture,10000,0,1,132,0.2920353982300885,0.3752212389380531,0.7062146892655368
industrials_revenue_20m,Industrials companies with revenue >= $20M,Full-assignment candidate,Full Assignment|Gaussian Mixture,Gaussian Mixture,10000,1,0,320,0.7079646017699115,0.6247787610619469,0.8409785932721713
industrials_revenue_20m,Industrials companies with revenue >= $20M,Full-assignment candidate,Full Assignment|Gaussian Mixture,Gaussian Mixture,10001,0,0,152,0.336283185840708,0.3752212389380531,0.7336956521739131
industrials_revenue_20m,Industrials companies with revenue >= $20M,Full-assignment candidate,Full Assignment|Gaussian Mixture,Gaussian Mixture,10001,1,1,300,0.6637168141592921,0.6247787610619469,0.8454258675078864
industrials_revenue_20m,Industrials companies with revenue >= $20M,Full-assignment candidate,Full Assignment|Gaussian Mixture,Gaussian Mixture,10002,0,1,155,0.34292035398230086,0.3752212389380531,0.877906976744186
industrials_revenue_20m,Industrials companies with revenue >= $20M,Full-assignment candidate,Full Assignment|Gaussian Mixture,Gaussian Mixture,10002,1,0,297,0.6570796460176991,0.6247787610619469,0.9302325581395349
industrials_revenue_20m,Industrials companies with revenue >= $20M,Full-assignment candidate,Full Assignment|Gaussian Mixture,Gaussian Mixture,10003,0,1,117,0.2588495575221239,0.3752212389380531,0.6724137931034483
industrials_revenue_20m,Industrials companies with revenue >= $20M,Full-assignment candidate,Full Assignment|Gaussian Mixture,Gaussian Mixture,10003,1,0,335,0.7411504424778761,0.6247787610619469,0.8298507462686567
industrials_revenue_20m,Industrials companies with revenue >= $20M,Full-assignment candidate,Full Assignment|Gaussian Mixture,Gaussian Mixture,10004,0,1,165,0.36504424778761063,0.3752212389380531,0.936046511627907
industrials_revenue_20m,Industrials companies with revenue >= $20M,Full-assignment candidate,Full Assignment|Gaussian Mixture,Gaussian Mixture,10004,1,0,287,0.6349557522123894,0.6247787610619469,0.9621993127147767
industrials_revenue_20m,Industrials companies with revenue >= $20M,Full-assignment candidate,Full Assignment|Gaussian Mixture,Gaussian Mixture,10005,0,1,151,0.334070796460177,0.3752212389380531,0.8869047619047619
industrials_revenue_20m,Industrials companies with revenue >= $20M,Full-assignment candidate,Full Assignment|Gaussian Mixture,Gaussian Mixture,10005,1,0,301,0.665929203539823,0.6247787610619469,0.9372937293729373
industrials_revenue_20m,Industrials companies with revenue >= $20M,Full-assignment candidate,Full Assignment|Gaussian Mixture,Gaussian Mixture,10006,0,0,153,0.33849557522123896,0.3752212389380531,0.7877094972067039
industrials_revenue_20m,Industrials companies with revenue >= $20M,Full-assignment candidate,Full Assignment|Gaussian Mixture,Gaussian Mixture,10006,1,1,299,0.661504424778761,0.6247787610619469,0.8778135048231511
industrials_revenue_20m,Industrials companies with revenue >= $20M,Full-assignment candidate,Full Assignment|Gaussian Mixture,Gaussian Mixture,10007,0,0,137,0.3030973451327434,0.3752212389380531,0.7428571428571429
industrials_revenue_20m,Industrials companies with revenue >= $20M,Full-assignment candidate,Full Assignment|Gaussian Mixture,Gaussian Mixture,10007,1,1,315,0.6969026548672567,0.6247787610619469,0.860248447204969
industrials_revenue_20m,Industrials companies with revenue >= $20M,Full-assignment candidate,Full Assignment|Gaussian Mixture,Gaussian Mixture,10008,0,1,154,0.33995584988962474,0.3752212389380531,0.7351351351351352
industrials_revenue_20m,Industrials companies with revenue >= $20M,Full-assignment candidate,Full Assignment|Gaussian Mixture,Gaussian Mixture,10008,1,0,299,0.6600441501103753,0.6247787610619469,0.8454258675078864
industrials_revenue_20m,Industrials companies with revenue >= $20M,Full-assignment candidate,Full Assignment|Gaussian Mixture,Gaussian Mixture,10009,0,1,175,0.38716814159292035,0.3752212389380531,0.9771428571428571
industrials_revenue_20m,Industrials companies with revenue >= $20M,Full-assignment candidate,Full Assignment|Gaussian Mixture,Gaussian Mixture,10009,1,0,277,0.6128318584070797,0.6247787610619469,0.9857651245551602
industrials_revenue_20m,Industrials companies with revenue >= $20M,Full-assignment candidate,Full Assignment|Gaussian Mixture,Gaussian Mixture,10010,0,1,117,0.2588495575221239,0.3752212389380531,0.6162790697674418
industrials_revenue_20m,Industrials companies with revenue >= $20M,Full-assignment candidate,Full Assignment|Gaussian Mixture,Gaussian Mixture,10010,1,0,335,0.7411504424778761,0.6247787610619469,0.8092485549132948
industrials_revenue_20m,Industrials companies with revenue >= $20M,Full-assignment candidate,Full Assignment|Gaussian Mixture,Gaussian Mixture,10011,0,1,150,0.33112582781456956,0.3752212389380531,0.8497109826589595
industrials_revenue_20m,Industrials companies with revenue >= $20M,Full-assignment candidate,Full Assignment|Gaussian Mixture,Gaussian Mixture,10011,1,0,303,0.6688741721854304,0.6247787610619469,0.9150326797385621
industrials_revenue_20m,Industrials companies with revenue >= $20M,Full-assignment candidate,Full Assignment|Gaussian Mixture,Gaussian Mixture,10012,0,0,142,0.31277533039647576,0.3752212389380531,0.7771428571428571
industrials_revenue_20m,Industrials companies with revenue >= $20M,Full-assignment candidate,Full Assignment|Gaussian Mixture,Gaussian Mixture,10012,1,1,312,0.6872246696035242,0.6247787610619469,0.8773584905660378
industrials_revenue_20m,Industrials companies with revenue >= $20M,Full-assignment candidate,Full Assignment|Gaussian Mixture,Gaussian Mixture,10013,0,1,184,0.40707964601769914,0.3752212389380531,0.9621621621621622
industrials_revenue_20m,Industrials companies with revenue >= $20M,Full-assignment candidate,Full Assignment|Gaussian Mixture,Gaussian Mixture,10013,1,0,268,0.5929203539823009,0.6247787610619469,0.9744525547445255
industrials_revenue_20m,Industrials companies with revenue >= $20M,Full-assignment candidate,Full Assignment|Gaussian Mixture,Gaussian Mixture,10014,0,1,124,0.2743362831858407,0.3752212389380531,0.6918604651162791
industrials_revenue_20m,Industrials companies with revenue >= $20M,Full-assignment candidate,Full Assignment|Gaussian Mixture,Gaussian Mixture,10014,1,0,328,0.7256637168141593,0.6247787610619469,0.8408408408408409
industrials_revenue_20m,Industrials companies with revenue >= $20M,Full-assignment candidate,Full Assignment|Gaussian Mixture,Gaussian Mixture,10015,0,1,156,0.34513274336283184,0.3752212389380531,0.7216494845360825
industrials_revenue_20m,Industrials companies with revenue >= $20M,Full-assignment candidate,Full Assignment|Gaussian Mixture,Gaussian Mixture,10015,1,0,296,0.6548672566371682,0.6247787610619469,0.8269230769230769
industrials_revenue_20m,Industrials companies with revenue >= $20M,Full-assignment candidate,Full Assignment|Gaussian Mixture,Gaussian Mixture,10016,0,1,171,0.37831858407079644,0.3752212389380531,0.953757225433526
industrials_revenue_20m,Industrials companies with revenue >= $20M,Full-assignment candidate,Full Assignment|Gaussian Mixture,Gaussian Mixture,10016,1,0,281,0.6216814159292036,0.6247787610619469,0.9721254355400697
industrials_revenue_20m,Industrials companies with revenue >= $20M,Full-assignment candidate,Full Assignment|Gaussian Mixture,Gaussian Mixture,10017,0,1,153,0.33849557522123896,0.3752212389380531,0.9161676646706587
industrials_revenue_20m,Industrials companies with revenue >= $20M,Full-assignment candidate,Full Assignment|Gaussian Mixture,Gaussian Mixture,10017,1,0,299,0.661504424778761,0.6247787610619469,0.9531772575250836
industrials_revenue_20m,Industrials companies with revenue >= $20M,Full-assignment candidate,Full Assignment|Gaussian Mixture,Gaussian Mixture,10018,0,0,157,0.3473451327433628,0.3752212389380531,0.7421052631578947
industrials_revenue_20m,Industrials companies with revenue >= $20M,Full-assignment candidate,Full Assignment|Gaussian Mixture,Gaussian Mixture,10018,1,1,295,0.6526548672566371,0.6247787610619469,0.842443729903537
industrials_revenue_20m,Industrials companies with revenue >= $20M,Full-assignment candidate,Full Assignment|Gaussian Mixture,Gaussian Mixture,10019,0,0,160,0.35320088300220753,0.3752212389380531,0.8360655737704918
industrials_revenue_20m,Industrials companies with revenue >= $20M,Full-assignment candidate,Full Assignment|Gaussian Mixture,Gaussian Mixture,10019,1,1,293,0.6467991169977925,0.6247787610619469,0.9
industrials_revenue_20m,Industrials companies with revenue >= $20M,HDBSCAN Pareto representative,HDBSCAN|mcs=10|ms=10,HDBSCAN,10000,0,0,10,0.026595744680851064,0.02826086956521739,1.0
industrials_revenue_20m,Industrials companies with revenue >= $20M,HDBSCAN Pareto representative,HDBSCAN|mcs=10|ms=10,HDBSCAN,10000,1,1,354,0.9414893617021277,0.95,0.9942528735632183
industrials_revenue_20m,Industrials companies with revenue >= $20M,HDBSCAN Pareto representative,HDBSCAN|mcs=10|ms=10,HDBSCAN,10000,2,2,12,0.031914893617021274,0.021739130434782608,0.75
industrials_revenue_20m,Industrials companies with revenue >= $20M,HDBSCAN Pareto representative,HDBSCAN|mcs=10|ms=10,HDBSCAN,10001,0,1,14,0.03571428571428571,0.02826086956521739,1.0
industrials_revenue_20m,Industrials companies with revenue >= $20M,HDBSCAN Pareto representative,HDBSCAN|mcs=10|ms=10,HDBSCAN,10001,1,2,366,0.9336734693877551,0.95,1.0
industrials_revenue_20m,Industrials companies with revenue >= $20M,HDBSCAN Pareto representative,HDBSCAN|mcs=10|ms=10,HDBSCAN,10001,2,0,12,0.030612244897959183,0.021739130434782608,1.0
industrials_revenue_20m,Industrials companies with revenue >= $20M,HDBSCAN Pareto representative,HDBSCAN|mcs=10|ms=10,HDBSCAN,10002,0,1,11,0.029023746701846966,0.02826086956521739,1.0
industrials_revenue_20m,Industrials companies with revenue >= $20M,HDBSCAN Pareto representative,HDBSCAN|mcs=10|ms=10,HDBSCAN,10002,1,0,368,0.9709762532981531,0.95,0.9830028328611898
industrials_revenue_20m,Industrials companies with revenue >= $20M,HDBSCAN Pareto representative,HDBSCAN|mcs=10|ms=10,HDBSCAN,10003,0,1,12,0.03007518796992481,0.02826086956521739,1.0
industrials_revenue_20m,Industrials companies with revenue >= $20M,HDBSCAN Pareto representative,HDBSCAN|mcs=10|ms=10,HDBSCAN,10003,1,0,387,0.9699248120300752,0.95,0.98
industrials_revenue_20m,Industrials companies with revenue >= $20M,HDBSCAN Pareto representative,HDBSCAN|mcs=10|ms=10,HDBSCAN,10005,0,0,13,0.033419023136246784,0.02826086956521739,1.0
industrials_revenue_20m,Industrials companies with revenue >= $20M,HDBSCAN Pareto representative,HDBSCAN|mcs=10|ms=10,HDBSCAN,10005,1,1,366,0.9408740359897172,0.95,0.9971751412429378
industrials_revenue_20m,Industrials companies with revenue >= $20M,HDBSCAN Pareto representative,HDBSCAN|mcs=10|ms=10,HDBSCAN,10005,2,2,10,0.02570694087403599,0.021739130434782608,0.875
industrials_revenue_20m,Industrials companies with revenue >= $20M,HDBSCAN Pareto representative,HDBSCAN|mcs=10|ms=10,HDBSCAN,10007,0,2,16,0.04060913705583756,0.02826086956521739,1.0
industrials_revenue_20m,Industrials companies with revenue >= $20M,HDBSCAN Pareto representative,HDBSCAN|mcs=10|ms=10,HDBSCAN,10007,1,1,360,0.9137055837563451,0.95,1.0
industrials_revenue_20m,Industrials companies with revenue >= $20M,HDBSCAN Pareto representative,HDBSCAN|mcs=10|ms=10,HDBSCAN,10007,2,0,18,0.04568527918781726,0.021739130434782608,1.0
industrials_revenue_20m,Industrials companies with revenue >= $20M,HDBSCAN Pareto representative,HDBSCAN|mcs=10|ms=10,HDBSCAN,10012,1,1,356,0.9700272479564033,0.95,0.997134670487106
industrials_revenue_20m,Industrials companies with revenue >= $20M,HDBSCAN Pareto representative,HDBSCAN|mcs=10|ms=10,HDBSCAN,10012,2,0,11,0.02997275204359673,0.021739130434782608,0.9090909090909091
industrials_revenue_20m,Industrials companies with revenue >= $20M,HDBSCAN Pareto representative,HDBSCAN|mcs=10|ms=10,HDBSCAN,10014,1,0,346,0.9664804469273743,0.95,1.0
industrials_revenue_20m,Industrials companies with revenue >= $20M,HDBSCAN Pareto representative,HDBSCAN|mcs=10|ms=10,HDBSCAN,10014,2,1,12,0.0335195530726257,0.021739130434782608,1.0
industrials_revenue_20m,Industrials companies with revenue >= $20M,HDBSCAN Pareto representative,HDBSCAN|mcs=10|ms=10,HDBSCAN,10017,1,0,357,0.970108695652174,0.95,1.0
industrials_revenue_20m,Industrials companies with revenue >= $20M,HDBSCAN Pareto representative,HDBSCAN|mcs=10|ms=10,HDBSCAN,10017,2,1,11,0.029891304347826088,0.021739130434782608,1.0
industrials_revenue_20m,Industrials companies with revenue >= $20M,HDBSCAN Pareto representative,HDBSCAN|mcs=10|ms=10,HDBSCAN,10018,1,0,381,0.9694656488549618,0.95,0.9720670391061452
industrials_revenue_20m,Industrials companies with revenue >= $20M,HDBSCAN Pareto representative,HDBSCAN|mcs=10|ms=10,HDBSCAN,10018,2,1,12,0.030534351145038167,0.021739130434782608,1.0
industrials_revenue_20m,Industrials companies with revenue >= $20M,HDBSCAN Pareto representative,HDBSCAN|mcs=10|ms=10,HDBSCAN,10019,0,1,10,0.02631578947368421,0.02826086956521739,1.0
industrials_revenue_20m,Industrials companies with revenue >= $20M,HDBSCAN Pareto representative,HDBSCAN|mcs=10|ms=10,HDBSCAN,10019,1,0,370,0.9736842105263158,0.95,0.9774011299435028
industrials_revenue_20m,Industrials companies with revenue >= $20M,HDBSCAN Pareto representative,HDBSCAN|mcs=15|ms=5,HDBSCAN,10000,0,1,360,0.8933002481389578,0.9550102249488752,0.9624664879356568
industrials_revenue_20m,Industrials companies with revenue >= $20M,HDBSCAN Pareto representative,HDBSCAN|mcs=15|ms=5,HDBSCAN,10000,1,0,20,0.04962779156327544,0.044989775051124746,0.9473684210526315
industrials_revenue_20m,Industrials companies with revenue >= $20M,HDBSCAN Pareto representative,HDBSCAN|mcs=15|ms=5,HDBSCAN,10001,0,1,373,0.951530612244898,0.9550102249488752,1.0
industrials_revenue_20m,Industrials companies with revenue >= $20M,HDBSCAN Pareto representative,HDBSCAN|mcs=15|ms=5,HDBSCAN,10001,1,0,19,0.04846938775510204,0.044989775051124746,1.0
industrials_revenue_20m,Industrials companies with revenue >= $20M,HDBSCAN Pareto representative,HDBSCAN|mcs=15|ms=5,HDBSCAN,10002,0,1,350,0.9043927648578811,0.9550102249488752,0.9695290858725761
industrials_revenue_20m,Industrials companies with revenue >= $20M,HDBSCAN Pareto representative,HDBSCAN|mcs=15|ms=5,HDBSCAN,10002,1,0,19,0.04909560723514212,0.044989775051124746,1.0
industrials_revenue_20m,Industrials companies with revenue >= $20M,HDBSCAN Pareto representative,HDBSCAN|mcs=15|ms=5,HDBSCAN,10003,0,2,358,0.9017632241813602,0.9550102249488752,0.9726027397260274
industrials_revenue_20m,Industrials companies with revenue >= $20M,HDBSCAN Pareto representative,HDBSCAN|mcs=15|ms=5,HDBSCAN,10003,1,0,17,0.042821158690176324,0.044989775051124746,1.0
industrials_revenue_20m,Industrials companies with revenue >= $20M,HDBSCAN Pareto representative,HDBSCAN|mcs=15|ms=5,HDBSCAN,10004,0,0,366,0.953125,0.9550102249488752,1.0
industrials_revenue_20m,Industrials companies with revenue >= $20M,HDBSCAN Pareto representative,HDBSCAN|mcs=15|ms=5,HDBSCAN,10004,1,1,18,0.046875,0.044989775051124746,1.0
industrials_revenue_20m,Industrials companies with revenue >= $20M,HDBSCAN Pareto representative,HDBSCAN|mcs=15|ms=5,HDBSCAN,10005,0,0,382,0.9622166246851386,0.9550102249488752,0.9352331606217616
industrials_revenue_20m,Industrials companies with revenue >= $20M,HDBSCAN Pareto representative,HDBSCAN|mcs=15|ms=5,HDBSCAN,10005,1,1,15,0.037783375314861464,0.044989775051124746,0.0
industrials_revenue_20m,Industrials companies with revenue >= $20M,HDBSCAN Pareto representative,HDBSCAN|mcs=15|ms=5,HDBSCAN,10006,0,0,37,0.5967741935483871,0.9550102249488752,0.5967741935483871
industrials_revenue_20m,Industrials companies with revenue >= $20M,HDBSCAN Pareto representative,HDBSCAN|mcs=15|ms=5,HDBSCAN,10007,0,1,358,0.9086294416243654,0.9550102249488752,0.967479674796748
industrials_revenue_20m,Industrials companies with revenue >= $20M,HDBSCAN Pareto representative,HDBSCAN|mcs=15|ms=5,HDBSCAN,10007,1,2,16,0.04060913705583756,0.044989775051124746,0.9375
industrials_revenue_20m,Industrials companies with revenue >= $20M,HDBSCAN Pareto representative,HDBSCAN|mcs=15|ms=5,HDBSCAN,10008,0,0,386,0.9530864197530864,0.9550102249488752,1.0
industrials_revenue_20m,Industrials companies with revenue >= $20M,HDBSCAN Pareto representative,HDBSCAN|mcs=15|ms=5,HDBSCAN,10008,1,1,19,0.04691358024691358,0.044989775051124746,1.0
industrials_revenue_20m,Industrials companies with revenue >= $20M,HDBSCAN Pareto representative,HDBSCAN|mcs=15|ms=5,HDBSCAN,10009,0,1,35,0.7,0.9550102249488752,0.7
industrials_revenue_20m,Industrials companies with revenue >= $20M,HDBSCAN Pareto representative,HDBSCAN|mcs=15|ms=5,HDBSCAN,10010,0,0,391,0.9421686746987952,0.9550102249488752,0.9973262032085561
industrials_revenue_20m,Industrials companies with revenue >= $20M,HDBSCAN Pareto representative,HDBSCAN|mcs=15|ms=5,HDBSCAN,10010,1,1,24,0.05783132530120482,0.044989775051124746,0.9444444444444444
industrials_revenue_20m,Industrials companies with revenue >= $20M,HDBSCAN Pareto representative,HDBSCAN|mcs=15|ms=5,HDBSCAN,10012,0,0,25,0.5681818181818182,0.9550102249488752,0.5681818181818182
industrials_revenue_20m,Industrials companies with revenue >= $20M,HDBSCAN Pareto representative,HDBSCAN|mcs=15|ms=5,HDBSCAN,10013,0,0,350,0.9536784741144414,0.9550102249488752,0.9943181818181818
industrials_revenue_20m,Industrials companies with revenue >= $20M,HDBSCAN Pareto representative,HDBSCAN|mcs=15|ms=5,HDBSCAN,10013,1,1,17,0.04632152588555858,0.044989775051124746,0.8666666666666667
industrials_revenue_20m,Industrials companies with revenue >= $20M,HDBSCAN Pareto representative,HDBSCAN|mcs=15|ms=5,HDBSCAN,10014,0,1,20,0.5263157894736842,0.9550102249488752,0.5263157894736842
industrials_revenue_20m,Industrials companies with revenue >= $20M,HDBSCAN Pareto representative,HDBSCAN|mcs=15|ms=5,HDBSCAN,10015,0,0,376,0.9616368286445013,0.9550102249488752,1.0
industrials_revenue_20m,Industrials companies with revenue >= $20M,HDBSCAN Pareto representative,HDBSCAN|mcs=15|ms=5,HDBSCAN,10015,1,1,15,0.03836317135549872,0.044989775051124746,1.0
industrials_revenue_20m,Industrials companies with revenue >= $20M,HDBSCAN Pareto representative,HDBSCAN|mcs=15|ms=5,HDBSCAN,10016,0,0,353,0.9592391304347826,0.9550102249488752,1.0
industrials_revenue_20m,Industrials companies with revenue >= $20M,HDBSCAN Pareto representative,HDBSCAN|mcs=15|ms=5,HDBSCAN,10016,1,1,15,0.04076086956521739,0.044989775051124746,1.0
industrials_revenue_20m,Industrials companies with revenue >= $20M,HDBSCAN Pareto representative,HDBSCAN|mcs=15|ms=5,HDBSCAN,10017,0,0,386,0.9601990049751243,0.9550102249488752,0.9973404255319149
industrials_revenue_20m,Industrials companies with revenue >= $20M,HDBSCAN Pareto representative,HDBSCAN|mcs=15|ms=5,HDBSCAN,10017,1,1,16,0.03980099502487562,0.044989775051124746,0.9333333333333333
industrials_revenue_20m,Industrials companies with revenue >= $20M,HDBSCAN Pareto representative,HDBSCAN|mcs=15|ms=5,HDBSCAN,10018,0,1,365,0.9170854271356784,0.9550102249488752,0.9648648648648649
industrials_revenue_20m,Industrials companies with revenue >= $20M,HDBSCAN Pareto representative,HDBSCAN|mcs=15|ms=5,HDBSCAN,10018,1,2,16,0.04020100502512563,0.044989775051124746,0.9375
industrials_revenue_20m,Industrials companies with revenue >= $20M,HDBSCAN Pareto representative,HDBSCAN|mcs=15|ms=5,HDBSCAN,10019,0,0,382,0.9478908188585607,0.9550102249488752,1.0
industrials_revenue_20m,Industrials companies with revenue >= $20M,HDBSCAN Pareto representative,HDBSCAN|mcs=15|ms=5,HDBSCAN,10019,1,1,21,0.052109181141439205,0.044989775051124746,1.0
consumer_cyclical_revenue_20m,Consumer Cyclical companies with revenue >= $20M,Full-assignment candidate,Full Assignment|K-Means,K-Means,10000,0,0,272,0.723404255319149,0.776595744680851,0.9347079037800687
consumer_cyclical_revenue_20m,Consumer Cyclical companies with revenue >= $20M,Full-assignment candidate,Full Assignment|K-Means,K-Means,10000,1,2,63,0.1675531914893617,0.1276595744680851,0.7936507936507936
consumer_cyclical_revenue_20m,Consumer Cyclical companies with revenue >= $20M,Full-assignment candidate,Full Assignment|K-Means,K-Means,10000,2,1,41,0.10904255319148937,0.09574468085106383,0.8536585365853658
consumer_cyclical_revenue_20m,Consumer Cyclical companies with revenue >= $20M,Full-assignment candidate,Full Assignment|K-Means,K-Means,10001,0,0,294,0.7819148936170213,0.776595744680851,0.9864406779661017
consumer_cyclical_revenue_20m,Consumer Cyclical companies with revenue >= $20M,Full-assignment candidate,Full Assignment|K-Means,K-Means,10001,1,1,48,0.1276595744680851,0.1276595744680851,0.9411764705882353
consumer_cyclical_revenue_20m,Consumer Cyclical companies with revenue >= $20M,Full-assignment candidate,Full Assignment|K-Means,K-Means,10001,2,2,34,0.09042553191489362,0.09574468085106383,0.9705882352941176
consumer_cyclical_revenue_20m,Consumer Cyclical companies with revenue >= $20M,Full-assignment candidate,Full Assignment|K-Means,K-Means,10002,0,0,291,0.773936170212766,0.776595744680851,0.993127147766323
consumer_cyclical_revenue_20m,Consumer Cyclical companies with revenue >= $20M,Full-assignment candidate,Full Assignment|K-Means,K-Means,10002,1,1,48,0.1276595744680851,0.1276595744680851,0.96
consumer_cyclical_revenue_20m,Consumer Cyclical companies with revenue >= $20M,Full-assignment candidate,Full Assignment|K-Means,K-Means,10002,2,2,37,0.09840425531914894,0.09574468085106383,1.0
consumer_cyclical_revenue_20m,Consumer Cyclical companies with revenue >= $20M,Full-assignment candidate,Full Assignment|K-Means,K-Means,10003,0,0,289,0.7686170212765957,0.776595744680851,1.0
consumer_cyclical_revenue_20m,Consumer Cyclical companies with revenue >= $20M,Full-assignment candidate,Full Assignment|K-Means,K-Means,10003,1,2,50,0.13297872340425532,0.1276595744680851,1.0
consumer_cyclical_revenue_20m,Consumer Cyclical companies with revenue >= $20M,Full-assignment candidate,Full Assignment|K-Means,K-Means,10003,2,1,37,0.09840425531914894,0.09574468085106383,1.0
consumer_cyclical_revenue_20m,Consumer Cyclical companies with revenue >= $20M,Full-assignment candidate,Full Assignment|K-Means,K-Means,10004,0,1,288,0.7659574468085106,0.776595744680851,0.9829351535836177
consumer_cyclical_revenue_20m,Consumer Cyclical companies with revenue >= $20M,Full-assignment candidate,Full Assignment|K-Means,K-Means,10004,1,2,49,0.13031914893617022,0.1276595744680851,1.0
consumer_cyclical_revenue_20m,Consumer Cyclical companies with revenue >= $20M,Full-assignment candidate,Full Assignment|K-Means,K-Means,10004,2,0,39,0.10372340425531915,0.09574468085106383,0.8717948717948718
consumer_cyclical_revenue_20m,Consumer Cyclical companies with revenue >= $20M,Full-assignment candidate,Full Assignment|K-Means,K-Means,10005,0,0,285,0.7579787234042553,0.776595744680851,1.0
consumer_cyclical_revenue_20m,Consumer Cyclical companies with revenue >= $20M,Full-assignment candidate,Full Assignment|K-Means,K-Means,10005,1,2,52,0.13829787234042554,0.1276595744680851,1.0
consumer_cyclical_revenue_20m,Consumer Cyclical companies with revenue >= $20M,Full-assignment candidate,Full Assignment|K-Means,K-Means,10005,2,1,39,0.10372340425531915,0.09574468085106383,1.0
consumer_cyclical_revenue_20m,Consumer Cyclical companies with revenue >= $20M,Full-assignment candidate,Full Assignment|K-Means,K-Means,10006,0,0,291,0.773936170212766,0.776595744680851,0.9896907216494846
consumer_cyclical_revenue_20m,Consumer Cyclical companies with revenue >= $20M,Full-assignment candidate,Full Assignment|K-Means,K-Means,10006,1,1,47,0.125,0.1276595744680851,0.9591836734693877
consumer_cyclical_revenue_20m,Consumer Cyclical companies with revenue >= $20M,Full-assignment candidate,Full Assignment|K-Means,K-Means,10006,2,2,38,0.10106382978723404,0.09574468085106383,0.9743589743589743
consumer_cyclical_revenue_20m,Consumer Cyclical companies with revenue >= $20M,Full-assignment candidate,Full Assignment|K-Means,K-Means,10007,0,2,296,0.7872340425531915,0.776595744680851,0.9898648648648649
consumer_cyclical_revenue_20m,Consumer Cyclical companies with revenue >= $20M,Full-assignment candidate,Full Assignment|K-Means,K-Means,10007,1,0,45,0.1196808510638298,0.1276595744680851,0.9375
consumer_cyclical_revenue_20m,Consumer Cyclical companies with revenue >= $20M,Full-assignment candidate,Full Assignment|K-Means,K-Means,10007,2,1,35,0.09308510638297872,0.09574468085106383,1.0
consumer_cyclical_revenue_20m,Consumer Cyclical companies with revenue >= $20M,Full-assignment candidate,Full Assignment|K-Means,K-Means,10008,0,0,294,0.7819148936170213,0.776595744680851,0.9897959183673469
consumer_cyclical_revenue_20m,Consumer Cyclical companies with revenue >= $20M,Full-assignment candidate,Full Assignment|K-Means,K-Means,10008,1,2,46,0.12234042553191489,0.1276595744680851,0.9387755102040817
consumer_cyclical_revenue_20m,Consumer Cyclical companies with revenue >= $20M,Full-assignment candidate,Full Assignment|K-Means,K-Means,10008,2,1,36,0.09574468085106383,0.09574468085106383,1.0
consumer_cyclical_revenue_20m,Consumer Cyclical companies with revenue >= $20M,Full-assignment candidate,Full Assignment|K-Means,K-Means,10009,0,1,277,0.7367021276595744,0.776595744680851,0.9264214046822743
consumer_cyclical_revenue_20m,Consumer Cyclical companies with revenue >= $20M,Full-assignment candidate,Full Assignment|K-Means,K-Means,10009,1,2,59,0.15691489361702127,0.1276595744680851,0.7288135593220338
consumer_cyclical_revenue_20m,Consumer Cyclical companies with revenue >= $20M,Full-assignment candidate,Full Assignment|K-Means,K-Means,10009,2,0,40,0.10638297872340426,0.09574468085106383,0.85
consumer_cyclical_revenue_20m,Consumer Cyclical companies with revenue >= $20M,Full-assignment candidate,Full Assignment|K-Means,K-Means,10010,0,0,289,0.7686170212765957,0.776595744680851,0.9829931972789115
consumer_cyclical_revenue_20m,Consumer Cyclical companies with revenue >= $20M,Full-assignment candidate,Full Assignment|K-Means,K-Means,10010,1,1,52,0.13829787234042554,0.1276595744680851,0.9423076923076923
consumer_cyclical_revenue_20m,Consumer Cyclical companies with revenue >= $20M,Full-assignment candidate,Full Assignment|K-Means,K-Means,10010,2,2,35,0.09308510638297872,0.09574468085106383,0.9428571428571428
consumer_cyclical_revenue_20m,Consumer Cyclical companies with revenue >= $20M,Full-assignment candidate,Full Assignment|K-Means,K-Means,10011,0,1,295,0.7845744680851063,0.776595744680851,0.98989898989899
consumer_cyclical_revenue_20m,Consumer Cyclical companies with revenue >= $20M,Full-assignment candidate,Full Assignment|K-Means,K-Means,10011,1,0,45,0.1196808510638298,0.1276595744680851,0.9782608695652174
consumer_cyclical_revenue_20m,Consumer Cyclical companies with revenue >= $20M,Full-assignment candidate,Full Assignment|K-Means,K-Means,10011,2,2,36,0.09574468085106383,0.09574468085106383,0.9444444444444444
consumer_cyclical_revenue_20m,Consumer Cyclical companies with revenue >= $20M,Full-assignment candidate,Full Assignment|K-Means,K-Means,10012,0,1,294,0.7819148936170213,0.776595744680851,0.9831081081081081
consumer_cyclical_revenue_20m,Consumer Cyclical companies with revenue >= $20M,Full-assignment candidate,Full Assignment|K-Means,K-Means,10012,1,0,45,0.1196808510638298,0.1276595744680851,0.9375
consumer_cyclical_revenue_20m,Consumer Cyclical companies with revenue >= $20M,Full-assignment candidate,Full Assignment|K-Means,K-Means,10012,2,2,37,0.09840425531914894,0.09574468085106383,0.9459459459459459
consumer_cyclical_revenue_20m,Consumer Cyclical companies with revenue >= $20M,Full-assignment candidate,Full Assignment|K-Means,K-Means,10013,0,2,279,0.7420212765957447,0.776595744680851,0.9425675675675675
consumer_cyclical_revenue_20m,Consumer Cyclical companies with revenue >= $20M,Full-assignment candidate,Full Assignment|K-Means,K-Means,10013,1,1,60,0.1595744680851064,0.1276595744680851,0.7049180327868853
consumer_cyclical_revenue_20m,Consumer Cyclical companies with revenue >= $20M,Full-assignment candidate,Full Assignment|K-Means,K-Means,10013,2,0,37,0.09840425531914894,0.09574468085106383,0.972972972972973
consumer_cyclical_revenue_20m,Consumer Cyclical companies with revenue >= $20M,Full-assignment candidate,Full Assignment|K-Means,K-Means,10014,0,0,267,0.7101063829787234,0.776595744680851,0.89
consumer_cyclical_revenue_20m,Consumer Cyclical companies with revenue >= $20M,Full-assignment candidate,Full Assignment|K-Means,K-Means,10014,1,2,76,0.20212765957446807,0.1276595744680851,0.5584415584415584
consumer_cyclical_revenue_20m,Consumer Cyclical companies with revenue >= $20M,Full-assignment candidate,Full Assignment|K-Means,K-Means,10014,2,1,33,0.08776595744680851,0.09574468085106383,0.9696969696969697
consumer_cyclical_revenue_20m,Consumer Cyclical companies with revenue >= $20M,Full-assignment candidate,Full Assignment|K-Means,K-Means,10015,0,1,289,0.7686170212765957,0.776595744680851,0.9829351535836177
consumer_cyclical_revenue_20m,Consumer Cyclical companies with revenue >= $20M,Full-assignment candidate,Full Assignment|K-Means,K-Means,10015,1,2,50,0.13297872340425532,0.1276595744680851,0.9607843137254902
consumer_cyclical_revenue_20m,Consumer Cyclical companies with revenue >= $20M,Full-assignment candidate,Full Assignment|K-Means,K-Means,10015,2,0,37,0.09840425531914894,0.09574468085106383,0.918918918918919
consumer_cyclical_revenue_20m,Consumer Cyclical companies with revenue >= $20M,Full-assignment candidate,Full Assignment|K-Means,K-Means,10016,0,2,294,0.7819148936170213,0.776595744680851,0.9863945578231292
consumer_cyclical_revenue_20m,Consumer Cyclical companies with revenue >= $20M,Full-assignment candidate,Full Assignment|K-Means,K-Means,10016,1,0,47,0.125,0.1276595744680851,0.9215686274509803
consumer_cyclical_revenue_20m,Consumer Cyclical companies with revenue >= $20M,Full-assignment candidate,Full Assignment|K-Means,K-Means,10016,2,1,35,0.09308510638297872,0.09574468085106383,1.0
consumer_cyclical_revenue_20m,Consumer Cyclical companies with revenue >= $20M,Full-assignment candidate,Full Assignment|K-Means,K-Means,10017,0,0,290,0.7712765957446809,0.776595744680851,0.9896907216494846
consumer_cyclical_revenue_20m,Consumer Cyclical companies with revenue >= $20M,Full-assignment candidate,Full Assignment|K-Means,K-Means,10017,1,1,47,0.125,0.1276595744680851,0.9591836734693877
consumer_cyclical_revenue_20m,Consumer Cyclical companies with revenue >= $20M,Full-assignment candidate,Full Assignment|K-Means,K-Means,10017,2,2,39,0.10372340425531915,0.09574468085106383,0.9743589743589743
consumer_cyclical_revenue_20m,Consumer Cyclical companies with revenue >= $20M,Full-assignment candidate,Full Assignment|K-Means,K-Means,10018,0,1,293,0.7792553191489362,0.776595744680851,0.9829931972789115
consumer_cyclical_revenue_20m,Consumer Cyclical companies with revenue >= $20M,Full-assignment candidate,Full Assignment|K-Means,K-Means,10018,1,2,49,0.13031914893617022,0.1276595744680851,0.9245283018867925
consumer_cyclical_revenue_20m,Consumer Cyclical companies with revenue >= $20M,Full-assignment candidate,Full Assignment|K-Means,K-Means,10018,2,0,34,0.09042553191489362,0.09574468085106383,0.9705882352941176
consumer_cyclical_revenue_20m,Consumer Cyclical companies with revenue >= $20M,Full-assignment candidate,Full Assignment|K-Means,K-Means,10019,0,0,279,0.7420212765957447,0.776595744680851,0.9587628865979382
consumer_cyclical_revenue_20m,Consumer Cyclical companies with revenue >= $20M,Full-assignment candidate,Full Assignment|K-Means,K-Means,10019,1,2,61,0.1622340425531915,0.1276595744680851,0.8032786885245902
consumer_cyclical_revenue_20m,Consumer Cyclical companies with revenue >= $20M,Full-assignment candidate,Full Assignment|K-Means,K-Means,10019,2,1,36,0.09574468085106383,0.09574468085106383,1.0
consumer_cyclical_revenue_20m,Consumer Cyclical companies with revenue >= $20M,Full-assignment candidate,Full Assignment|Agglomerative,Agglomerative,10000,0,1,44,0.11702127659574468,0.19148936170212766,0.6197183098591549
consumer_cyclical_revenue_20m,Consumer Cyclical companies with revenue >= $20M,Full-assignment candidate,Full Assignment|Agglomerative,Agglomerative,10000,1,0,303,0.8058510638297872,0.7106382978723405,0.8877887788778878
consumer_cyclical_revenue_20m,Consumer Cyclical companies with revenue >= $20M,Full-assignment candidate,Full Assignment|Agglomerative,Agglomerative,10000,2,2,29,0.07712765957446809,0.09787234042553192,0.8055555555555556
consumer_cyclical_revenue_20m,Consumer Cyclical companies with revenue >= $20M,Full-assignment candidate,Full Assignment|Agglomerative,Agglomerative,10001,0,1,47,0.125,0.19148936170212766,0.6133333333333333
consumer_cyclical_revenue_20m,Consumer Cyclical companies with revenue >= $20M,Full-assignment candidate,Full Assignment|Agglomerative,Agglomerative,10001,1,0,298,0.7925531914893617,0.7106382978723405,0.8929765886287625
consumer_cyclical_revenue_20m,Consumer Cyclical companies with revenue >= $20M,Full-assignment candidate,Full Assignment|Agglomerative,Agglomerative,10001,2,2,31,0.08244680851063829,0.09787234042553192,0.8571428571428571
consumer_cyclical_revenue_20m,Consumer Cyclical companies with revenue >= $20M,Full-assignment candidate,Full Assignment|Agglomerative,Agglomerative,10002,0,1,49,0.13031914893617022,0.19148936170212766,0.6216216216216216
consumer_cyclical_revenue_20m,Consumer Cyclical companies with revenue >= $20M,Full-assignment candidate,Full Assignment|Agglomerative,Agglomerative,10002,1,0,291,0.773936170212766,0.7106382978723405,0.8949152542372881
consumer_cyclical_revenue_20m,Consumer Cyclical companies with revenue >= $20M,Full-assignment candidate,Full Assignment|Agglomerative,Agglomerative,10002,2,2,36,0.09574468085106383,0.09787234042553192,0.9210526315789473
consumer_cyclical_revenue_20m,Consumer Cyclical companies with revenue >= $20M,Full-assignment candidate,Full Assignment|Agglomerative,Agglomerative,10003,0,1,35,0.09308510638297872,0.19148936170212766,0.5
consumer_cyclical_revenue_20m,Consumer Cyclical companies with revenue >= $20M,Full-assignment candidate,Full Assignment|Agglomerative,Agglomerative,10003,1,0,307,0.8164893617021277,0.7106382978723405,0.8636363636363636
consumer_cyclical_revenue_20m,Consumer Cyclical companies with revenue >= $20M,Full-assignment candidate,Full Assignment|Agglomerative,Agglomerative,10003,2,2,34,0.09042553191489362,0.09787234042553192,0.825
consumer_cyclical_revenue_20m,Consumer Cyclical companies with revenue >= $20M,Full-assignment candidate,Full Assignment|Agglomerative,Agglomerative,10004,0,1,42,0.11170212765957446,0.19148936170212766,0.5
consumer_cyclical_revenue_20m,Consumer Cyclical companies with revenue >= $20M,Full-assignment candidate,Full Assignment|Agglomerative,Agglomerative,10004,1,0,303,0.8058510638297872,0.7106382978723405,0.8562091503267973
consumer_cyclical_revenue_20m,Consumer Cyclical companies with revenue >= $20M,Full-assignment candidate,Full Assignment|Agglomerative,Agglomerative,10004,2,2,31,0.08244680851063829,0.09787234042553192,0.8108108108108109
consumer_cyclical_revenue_20m,Consumer Cyclical companies with revenue >= $20M,Full-assignment candidate,Full Assignment|Agglomerative,Agglomerative,10005,0,1,46,0.12234042553191489,0.19148936170212766,0.5512820512820513
consumer_cyclical_revenue_20m,Consumer Cyclical companies with revenue >= $20M,Full-assignment candidate,Full Assignment|Agglomerative,Agglomerative,10005,1,0,292,0.776595744680851,0.7106382978723405,0.8711864406779661
consumer_cyclical_revenue_20m,Consumer Cyclical companies with revenue >= $20M,Full-assignment candidate,Full Assignment|Agglomerative,Agglomerative,10005,2,2,38,0.10106382978723404,0.09787234042553192,0.8372093023255814
consumer_cyclical_revenue_20m,Consumer Cyclical companies with revenue >= $20M,Full-assignment candidate,Full Assignment|Agglomerative,Agglomerative,10006,0,1,45,0.1196808510638298,0.19148936170212766,0.5384615384615384
consumer_cyclical_revenue_20m,Consumer Cyclical companies with revenue >= $20M,Full-assignment candidate,Full Assignment|Agglomerative,Agglomerative,10006,1,0,294,0.7819148936170213,0.7106382978723405,0.8686868686868687
consumer_cyclical_revenue_20m,Consumer Cyclical companies with revenue >= $20M,Full-assignment candidate,Full Assignment|Agglomerative,Agglomerative,10006,2,2,37,0.09840425531914894,0.09787234042553192,0.8333333333333334
consumer_cyclical_revenue_20m,Consumer Cyclical companies with revenue >= $20M,Full-assignment candidate,Full Assignment|Agglomerative,Agglomerative,10007,0,0,74,0.19680851063829788,0.19148936170212766,0.9090909090909091
consumer_cyclical_revenue_20m,Consumer Cyclical companies with revenue >= $20M,Full-assignment candidate,Full Assignment|Agglomerative,Agglomerative,10007,1,1,272,0.723404255319149,0.7106382978723405,0.9565217391304348
consumer_cyclical_revenue_20m,Consumer Cyclical companies with revenue >= $20M,Full-assignment candidate,Full Assignment|Agglomerative,Agglomerative,10007,2,2,30,0.0797872340425532,0.09787234042553192,0.8571428571428571
consumer_cyclical_revenue_20m,Consumer Cyclical companies with revenue >= $20M,Full-assignment candidate,Full Assignment|Agglomerative,Agglomerative,10008,0,1,27,0.07180851063829788,0.19148936170212766,0.36486486486486486
consumer_cyclical_revenue_20m,Consumer Cyclical companies with revenue >= $20M,Full-assignment candidate,Full Assignment|Agglomerative,Agglomerative,10008,1,0,319,0.848404255319149,0.7106382978723405,0.8338557993730408
consumer_cyclical_revenue_20m,Consumer Cyclical companies with revenue >= $20M,Full-assignment candidate,Full Assignment|Agglomerative,Agglomerative,10008,2,2,30,0.0797872340425532,0.09787234042553192,0.8333333333333334
consumer_cyclical_revenue_20m,Consumer Cyclical companies with revenue >= $20M,Full-assignment candidate,Full Assignment|Agglomerative,Agglomerative,10009,0,1,24,0.06382978723404255,0.19148936170212766,0.2916666666666667
consumer_cyclical_revenue_20m,Consumer Cyclical companies with revenue >= $20M,Full-assignment candidate,Full Assignment|Agglomerative,Agglomerative,10009,1,0,326,0.8670212765957447,0.7106382978723405,0.8312883435582822
consumer_cyclical_revenue_20m,Consumer Cyclical companies with revenue >= $20M,Full-assignment candidate,Full Assignment|Agglomerative,Agglomerative,10009,2,2,26,0.06914893617021277,0.09787234042553192,0.7222222222222222
consumer_cyclical_revenue_20m,Consumer Cyclical companies with revenue >= $20M,Full-assignment candidate,Full Assignment|Agglomerative,Agglomerative,10010,0,0,100,0.26595744680851063,0.19148936170212766,0.74
consumer_cyclical_revenue_20m,Consumer Cyclical companies with revenue >= $20M,Full-assignment candidate,Full Assignment|Agglomerative,Agglomerative,10010,1,1,241,0.6409574468085106,0.7106382978723405,0.8713235294117647
consumer_cyclical_revenue_20m,Consumer Cyclical companies with revenue >= $20M,Full-assignment candidate,Full Assignment|Agglomerative,Agglomerative,10010,2,2,35,0.09308510638297872,0.09787234042553192,0.7692307692307693
consumer_cyclical_revenue_20m,Consumer Cyclical companies with revenue >= $20M,Full-assignment candidate,Full Assignment|Agglomerative,Agglomerative,10011,0,1,33,0.08776595744680851,0.19148936170212766,0.4520547945205479
consumer_cyclical_revenue_20m,Consumer Cyclical companies with revenue >= $20M,Full-assignment candidate,Full Assignment|Agglomerative,Agglomerative,10011,1,0,314,0.8351063829787234,0.7106382978723405,0.8535031847133758
consumer_cyclical_revenue_20m,Consumer Cyclical companies with revenue >= $20M,Full-assignment candidate,Full Assignment|Agglomerative,Agglomerative,10011,2,2,29,0.07712765957446809,0.09787234042553192,0.8285714285714286
consumer_cyclical_revenue_20m,Consumer Cyclical companies with revenue >= $20M,Full-assignment candidate,Full Assignment|Agglomerative,Agglomerative,10012,0,1,24,0.06382978723404255,0.19148936170212766,0.3287671232876712
consumer_cyclical_revenue_20m,Consumer Cyclical companies with revenue >= $20M,Full-assignment candidate,Full Assignment|Agglomerative,Agglomerative,10012,1,0,319,0.848404255319149,0.7106382978723405,0.8375
consumer_cyclical_revenue_20m,Consumer Cyclical companies with revenue >= $20M,Full-assignment candidate,Full Assignment|Agglomerative,Agglomerative,10012,2,2,33,0.08776595744680851,0.09787234042553192,0.9142857142857143
consumer_cyclical_revenue_20m,Consumer Cyclical companies with revenue >= $20M,Full-assignment candidate,Full Assignment|Agglomerative,Agglomerative,10013,0,1,65,0.17287234042553193,0.19148936170212766,0.7272727272727273
consumer_cyclical_revenue_20m,Consumer Cyclical companies with revenue >= $20M,Full-assignment candidate,Full Assignment|Agglomerative,Agglomerative,10013,1,0,276,0.7340425531914894,0.7106382978723405,0.9192982456140351
consumer_cyclical_revenue_20m,Consumer Cyclical companies with revenue >= $20M,Full-assignment candidate,Full Assignment|Agglomerative,Agglomerative,10013,2,2,35,0.09308510638297872,0.09787234042553192,0.8461538461538461
consumer_cyclical_revenue_20m,Consumer Cyclical companies with revenue >= $20M,Full-assignment candidate,Full Assignment|Agglomerative,Agglomerative,10014,0,1,81,0.2154255319148936,0.19148936170212766,0.7701149425287356
consumer_cyclical_revenue_20m,Consumer Cyclical companies with revenue >= $20M,Full-assignment candidate,Full Assignment|Agglomerative,Agglomerative,10014,1,0,260,0.6914893617021277,0.7106382978723405,0.9306569343065694
consumer_cyclical_revenue_20m,Consumer Cyclical companies with revenue >= $20M,Full-assignment candidate,Full Assignment|Agglomerative,Agglomerative,10014,2,2,35,0.09308510638297872,0.09787234042553192,0.8157894736842105
consumer_cyclical_revenue_20m,Consumer Cyclical companies with revenue >= $20M,Full-assignment candidate,Full Assignment|Agglomerative,Agglomerative,10015,0,1,47,0.125,0.19148936170212766,0.5443037974683544
consumer_cyclical_revenue_20m,Consumer Cyclical companies with revenue >= $20M,Full-assignment candidate,Full Assignment|Agglomerative,Agglomerative,10015,1,0,302,0.8031914893617021,0.7106382978723405,0.8807947019867549
consumer_cyclical_revenue_20m,Consumer Cyclical companies with revenue >= $20M,Full-assignment candidate,Full Assignment|Agglomerative,Agglomerative,10015,2,2,27,0.07180851063829788,0.09787234042553192,0.7714285714285715
consumer_cyclical_revenue_20m,Consumer Cyclical companies with revenue >= $20M,Full-assignment candidate,Full Assignment|Agglomerative,Agglomerative,10016,0,1,32,0.0851063829787234,0.19148936170212766,0.41025641025641024
consumer_cyclical_revenue_20m,Consumer Cyclical companies with revenue >= $20M,Full-assignment candidate,Full Assignment|Agglomerative,Agglomerative,10016,1,0,315,0.8377659574468085,0.7106382978723405,0.8317460317460318
consumer_cyclical_revenue_20m,Consumer Cyclical companies with revenue >= $20M,Full-assignment candidate,Full Assignment|Agglomerative,Agglomerative,10016,2,2,29,0.07712765957446809,0.09787234042553192,0.8055555555555556
consumer_cyclical_revenue_20m,Consumer Cyclical companies with revenue >= $20M,Full-assignment candidate,Full Assignment|Agglomerative,Agglomerative,10017,0,0,76,0.20212765957446807,0.19148936170212766,0.8974358974358975
consumer_cyclical_revenue_20m,Consumer Cyclical companies with revenue >= $20M,Full-assignment candidate,Full Assignment|Agglomerative,Agglomerative,10017,1,1,263,0.699468085106383,0.7106382978723405,0.9592592592592593
consumer_cyclical_revenue_20m,Consumer Cyclical companies with revenue >= $20M,Full-assignment candidate,Full Assignment|Agglomerative,Agglomerative,10017,2,2,37,0.09840425531914894,0.09787234042553192,0.9230769230769231
consumer_cyclical_revenue_20m,Consumer Cyclical companies with revenue >= $20M,Full-assignment candidate,Full Assignment|Agglomerative,Agglomerative,10018,0,0,75,0.19946808510638298,0.19148936170212766,0.9
consumer_cyclical_revenue_20m,Consumer Cyclical companies with revenue >= $20M,Full-assignment candidate,Full Assignment|Agglomerative,Agglomerative,10018,1,1,268,0.7127659574468085,0.7106382978723405,0.9522058823529411
consumer_cyclical_revenue_20m,Consumer Cyclical companies with revenue >= $20M,Full-assignment candidate,Full Assignment|Agglomerative,Agglomerative,10018,2,2,33,0.08776595744680851,0.09787234042553192,0.725
consumer_cyclical_revenue_20m,Consumer Cyclical companies with revenue >= $20M,Full-assignment candidate,Full Assignment|Agglomerative,Agglomerative,10019,0,1,46,0.12234042553191489,0.19148936170212766,0.5945945945945946
consumer_cyclical_revenue_20m,Consumer Cyclical companies with revenue >= $20M,Full-assignment candidate,Full Assignment|Agglomerative,Agglomerative,10019,1,0,299,0.7952127659574468,0.7106382978723405,0.8741721854304636
consumer_cyclical_revenue_20m,Consumer Cyclical companies with revenue >= $20M,Full-assignment candidate,Full Assignment|Agglomerative,Agglomerative,10019,2,2,31,0.08244680851063829,0.09787234042553192,0.7894736842105263
consumer_cyclical_revenue_20m,Consumer Cyclical companies with revenue >= $20M,Full-assignment candidate,Full Assignment|Gaussian Mixture,Gaussian Mixture,10000,0,1,192,0.5106382978723404,0.34893617021276596,0.6414141414141414
consumer_cyclical_revenue_20m,Consumer Cyclical companies with revenue >= $20M,Full-assignment candidate,Full Assignment|Gaussian Mixture,Gaussian Mixture,10000,1,0,184,0.48936170212765956,0.6510638297872341,0.714859437751004
consumer_cyclical_revenue_20m,Consumer Cyclical companies with revenue >= $20M,Full-assignment candidate,Full Assignment|Gaussian Mixture,Gaussian Mixture,10001,0,1,136,0.3617021276595745,0.34893617021276596,0.6583850931677019
consumer_cyclical_revenue_20m,Consumer Cyclical companies with revenue >= $20M,Full-assignment candidate,Full Assignment|Gaussian Mixture,Gaussian Mixture,10001,1,0,240,0.6382978723404256,0.6510638297872341,0.7962962962962963
consumer_cyclical_revenue_20m,Consumer Cyclical companies with revenue >= $20M,Full-assignment candidate,Full Assignment|Gaussian Mixture,Gaussian Mixture,10002,0,1,133,0.3537234042553192,0.34893617021276596,0.9635036496350365
consumer_cyclical_revenue_20m,Consumer Cyclical companies with revenue >= $20M,Full-assignment candidate,Full Assignment|Gaussian Mixture,Gaussian Mixture,10002,1,0,243,0.6462765957446809,0.6510638297872341,0.9795081967213115
consumer_cyclical_revenue_20m,Consumer Cyclical companies with revenue >= $20M,Full-assignment candidate,Full Assignment|Gaussian Mixture,Gaussian Mixture,10003,0,1,108,0.2872340425531915,0.34893617021276596,0.4782608695652174
consumer_cyclical_revenue_20m,Consumer Cyclical companies with revenue >= $20M,Full-assignment candidate,Full Assignment|Gaussian Mixture,Gaussian Mixture,10003,1,0,268,0.7127659574468085,0.6510638297872341,0.7190635451505016
consumer_cyclical_revenue_20m,Consumer Cyclical companies with revenue >= $20M,Full-assignment candidate,Full Assignment|Gaussian Mixture,Gaussian Mixture,10004,0,1,142,0.3776595744680851,0.34893617021276596,0.6566265060240963
consumer_cyclical_revenue_20m,Consumer Cyclical companies with revenue >= $20M,Full-assignment candidate,Full Assignment|Gaussian Mixture,Gaussian Mixture,10004,1,0,234,0.6223404255319149,0.6510638297872341,0.7865168539325843
consumer_cyclical_revenue_20m,Consumer Cyclical companies with revenue >= $20M,Full-assignment candidate,Full Assignment|Gaussian Mixture,Gaussian Mixture,10005,0,0,136,0.3617021276595745,0.34893617021276596,0.9710144927536232
consumer_cyclical_revenue_20m,Consumer Cyclical companies with revenue >= $20M,Full-assignment candidate,Full Assignment|Gaussian Mixture,Gaussian Mixture,10005,1,1,240,0.6382978723404256,0.6510638297872341,0.9834710743801653
consumer_cyclical_revenue_20m,Consumer Cyclical companies with revenue >= $20M,Full-assignment candidate,Full Assignment|Gaussian Mixture,Gaussian Mixture,10006,0,1,136,0.3617021276595745,0.34893617021276596,0.6449704142011834
consumer_cyclical_revenue_20m,Consumer Cyclical companies with revenue >= $20M,Full-assignment candidate,Full Assignment|Gaussian Mixture,Gaussian Mixture,10006,1,0,240,0.6382978723404256,0.6510638297872341,0.7752808988764045
consumer_cyclical_revenue_20m,Consumer Cyclical companies with revenue >= $20M,Full-assignment candidate,Full Assignment|Gaussian Mixture,Gaussian Mixture,10007,0,0,127,0.3377659574468085,0.34893617021276596,0.6163522012578616
consumer_cyclical_revenue_20m,Consumer Cyclical companies with revenue >= $20M,Full-assignment candidate,Full Assignment|Gaussian Mixture,Gaussian Mixture,10007,1,1,249,0.6622340425531915,0.6510638297872341,0.7805755395683454
consumer_cyclical_revenue_20m,Consumer Cyclical companies with revenue >= $20M,Full-assignment candidate,Full Assignment|Gaussian Mixture,Gaussian Mixture,10008,0,1,147,0.39095744680851063,0.34893617021276596,0.9387755102040817
consumer_cyclical_revenue_20m,Consumer Cyclical companies with revenue >= $20M,Full-assignment candidate,Full Assignment|Gaussian Mixture,Gaussian Mixture,10008,1,0,229,0.6090425531914894,0.6510638297872341,0.9621848739495799
consumer_cyclical_revenue_20m,Consumer Cyclical companies with revenue >= $20M,Full-assignment candidate,Full Assignment|Gaussian Mixture,Gaussian Mixture,10009,0,0,139,0.3696808510638298,0.34893617021276596,0.8928571428571429
consumer_cyclical_revenue_20m,Consumer Cyclical companies with revenue >= $20M,Full-assignment candidate,Full Assignment|Gaussian Mixture,Gaussian Mixture,10009,1,1,237,0.6303191489361702,0.6510638297872341,0.9402390438247012
consumer_cyclical_revenue_20m,Consumer Cyclical companies with revenue >= $20M,Full-assignment candidate,Full Assignment|Gaussian Mixture,Gaussian Mixture,10010,0,1,129,0.34308510638297873,0.34893617021276596,0.6305732484076433
consumer_cyclical_revenue_20m,Consumer Cyclical companies with revenue >= $20M,Full-assignment candidate,Full Assignment|Gaussian Mixture,Gaussian Mixture,10010,1,0,247,0.6569148936170213,0.6510638297872341,0.7906137184115524
consumer_cyclical_revenue_20m,Consumer Cyclical companies with revenue >= $20M,Full-assignment candidate,Full Assignment|Gaussian Mixture,Gaussian Mixture,10011,0,1,138,0.3670212765957447,0.34893617021276596,0.9428571428571428
consumer_cyclical_revenue_20m,Consumer Cyclical companies with revenue >= $20M,Full-assignment candidate,Full Assignment|Gaussian Mixture,Gaussian Mixture,10011,1,0,238,0.6329787234042553,0.6510638297872341,0.9672131147540983
consumer_cyclical_revenue_20m,Consumer Cyclical companies with revenue >= $20M,Full-assignment candidate,Full Assignment|Gaussian Mixture,Gaussian Mixture,10012,0,1,140,0.3723404255319149,0.34893617021276596,0.9361702127659575
consumer_cyclical_revenue_20m,Consumer Cyclical companies with revenue >= $20M,Full-assignment candidate,Full Assignment|Gaussian Mixture,Gaussian Mixture,10012,1,0,236,0.6276595744680851,0.6510638297872341,0.9631147540983607
consumer_cyclical_revenue_20m,Consumer Cyclical companies with revenue >= $20M,Full-assignment candidate,Full Assignment|Gaussian Mixture,Gaussian Mixture,10013,0,0,139,0.3696808510638298,0.34893617021276596,0.9064748201438849
consumer_cyclical_revenue_20m,Consumer Cyclical companies with revenue >= $20M,Full-assignment candidate,Full Assignment|Gaussian Mixture,Gaussian Mixture,10013,1,1,237,0.6303191489361702,0.6510638297872341,0.948
consumer_cyclical_revenue_20m,Consumer Cyclical companies with revenue >= $20M,Full-assignment candidate,Full Assignment|Gaussian Mixture,Gaussian Mixture,10014,0,0,160,0.425531914893617,0.34893617021276596,0.7716049382716049
consumer_cyclical_revenue_20m,Consumer Cyclical companies with revenue >= $20M,Full-assignment candidate,Full Assignment|Gaussian Mixture,Gaussian Mixture,10014,1,1,216,0.574468085106383,0.6510638297872341,0.852589641434263
consumer_cyclical_revenue_20m,Consumer Cyclical companies with revenue >= $20M,Full-assignment candidate,Full Assignment|Gaussian Mixture,Gaussian Mixture,10015,0,1,126,0.3351063829787234,0.34893617021276596,0.61875
consumer_cyclical_revenue_20m,Consumer Cyclical companies with revenue >= $20M,Full-assignment candidate,Full Assignment|Gaussian Mixture,Gaussian Mixture,10015,1,0,250,0.6648936170212766,0.6510638297872341,0.779783393501805
consumer_cyclical_revenue_20m,Consumer Cyclical companies with revenue >= $20M,Full-assignment candidate,Full Assignment|Gaussian Mixture,Gaussian Mixture,10016,0,0,129,0.34308510638297873,0.34893617021276596,0.9621212121212122
consumer_cyclical_revenue_20m,Consumer Cyclical companies with revenue >= $20M,Full-assignment candidate,Full Assignment|Gaussian Mixture,Gaussian Mixture,10016,1,1,247,0.6569148936170213,0.6510638297872341,0.9799196787148594
consumer_cyclical_revenue_20m,Consumer Cyclical companies with revenue >= $20M,Full-assignment candidate,Full Assignment|Gaussian Mixture,Gaussian Mixture,10017,0,0,149,0.3962765957446808,0.34893617021276596,0.6932515337423313
consumer_cyclical_revenue_20m,Consumer Cyclical companies with revenue >= $20M,Full-assignment candidate,Full Assignment|Gaussian Mixture,Gaussian Mixture,10017,1,1,227,0.6037234042553191,0.6510638297872341,0.8098859315589354
consumer_cyclical_revenue_20m,Consumer Cyclical companies with revenue >= $20M,Full-assignment candidate,Full Assignment|Gaussian Mixture,Gaussian Mixture,10018,0,0,136,0.3617021276595745,0.34893617021276596,0.66875
consumer_cyclical_revenue_20m,Consumer Cyclical companies with revenue >= $20M,Full-assignment candidate,Full Assignment|Gaussian Mixture,Gaussian Mixture,10018,1,1,240,0.6382978723404256,0.6510638297872341,0.8029739776951673
consumer_cyclical_revenue_20m,Consumer Cyclical companies with revenue >= $20M,Full-assignment candidate,Full Assignment|Gaussian Mixture,Gaussian Mixture,10019,0,0,138,0.3670212765957447,0.34893617021276596,0.9295774647887324
consumer_cyclical_revenue_20m,Consumer Cyclical companies with revenue >= $20M,Full-assignment candidate,Full Assignment|Gaussian Mixture,Gaussian Mixture,10019,1,1,238,0.6329787234042553,0.6510638297872341,0.9590163934426229
consumer_cyclical_revenue_20m,Consumer Cyclical companies with revenue >= $20M,HDBSCAN Pareto representative,HDBSCAN|mcs=10|ms=5,HDBSCAN,10000,1,0,290,0.9666666666666667,0.9104477611940298,0.996551724137931
consumer_cyclical_revenue_20m,Consumer Cyclical companies with revenue >= $20M,HDBSCAN Pareto representative,HDBSCAN|mcs=10|ms=5,HDBSCAN,10000,2,1,10,0.03333333333333333,0.05721393034825871,0.9090909090909091
consumer_cyclical_revenue_20m,Consumer Cyclical companies with revenue >= $20M,HDBSCAN Pareto representative,HDBSCAN|mcs=10|ms=5,HDBSCAN,10001,0,0,11,0.03459119496855346,0.03233830845771144,1.0
consumer_cyclical_revenue_20m,Consumer Cyclical companies with revenue >= $20M,HDBSCAN Pareto representative,HDBSCAN|mcs=10|ms=5,HDBSCAN,10001,1,2,294,0.9245283018867925,0.9104477611940298,0.9965753424657534
consumer_cyclical_revenue_20m,Consumer Cyclical companies with revenue >= $20M,HDBSCAN Pareto representative,HDBSCAN|mcs=10|ms=5,HDBSCAN,10001,2,1,13,0.040880503144654086,0.05721393034825871,0.9285714285714286
consumer_cyclical_revenue_20m,Consumer Cyclical companies with revenue >= $20M,HDBSCAN Pareto representative,HDBSCAN|mcs=10|ms=5,HDBSCAN,10002,0,0,14,0.04129793510324484,0.03233830845771144,1.0
consumer_cyclical_revenue_20m,Consumer Cyclical companies with revenue >= $20M,HDBSCAN Pareto representative,HDBSCAN|mcs=10|ms=5,HDBSCAN,10002,1,1,312,0.9203539823008849,0.9104477611940298,0.9731543624161074
consumer_cyclical_revenue_20m,Consumer Cyclical companies with revenue >= $20M,HDBSCAN Pareto representative,HDBSCAN|mcs=10|ms=5,HDBSCAN,10002,2,2,13,0.038348082595870206,0.05721393034825871,0.5294117647058824
consumer_cyclical_revenue_20m,Consumer Cyclical companies with revenue >= $20M,HDBSCAN Pareto representative,HDBSCAN|mcs=10|ms=5,HDBSCAN,10003,0,0,14,0.04472843450479233,0.03233830845771144,1.0
consumer_cyclical_revenue_20m,Consumer Cyclical companies with revenue >= $20M,HDBSCAN Pareto representative,HDBSCAN|mcs=10|ms=5,HDBSCAN,10003,1,2,278,0.8881789137380192,0.9104477611940298,1.0
consumer_cyclical_revenue_20m,Consumer Cyclical companies with revenue >= $20M,HDBSCAN Pareto representative,HDBSCAN|mcs=10|ms=5,HDBSCAN,10003,2,3,11,0.03514376996805112,0.05721393034825871,0.5238095238095238
consumer_cyclical_revenue_20m,Consumer Cyclical companies with revenue >= $20M,HDBSCAN Pareto representative,HDBSCAN|mcs=10|ms=5,HDBSCAN,10004,0,0,10,0.03225806451612903,0.03233830845771144,1.0
consumer_cyclical_revenue_20m,Consumer Cyclical companies with revenue >= $20M,HDBSCAN Pareto representative,HDBSCAN|mcs=10|ms=5,HDBSCAN,10004,1,1,287,0.9258064516129032,0.9104477611940298,1.0
consumer_cyclical_revenue_20m,Consumer Cyclical companies with revenue >= $20M,HDBSCAN Pareto representative,HDBSCAN|mcs=10|ms=5,HDBSCAN,10004,2,2,13,0.041935483870967745,0.05721393034825871,1.0
consumer_cyclical_revenue_20m,Consumer Cyclical companies with revenue >= $20M,HDBSCAN Pareto representative,HDBSCAN|mcs=10|ms=5,HDBSCAN,10005,0,0,11,0.035483870967741936,0.03233830845771144,1.0
consumer_cyclical_revenue_20m,Consumer Cyclical companies with revenue >= $20M,HDBSCAN Pareto representative,HDBSCAN|mcs=10|ms=5,HDBSCAN,10005,1,1,289,0.932258064516129,0.9104477611940298,1.0
consumer_cyclical_revenue_20m,Consumer Cyclical companies with revenue >= $20M,HDBSCAN Pareto representative,HDBSCAN|mcs=10|ms=5,HDBSCAN,10005,2,2,10,0.03225806451612903,0.05721393034825871,1.0
consumer_cyclical_revenue_20m,Consumer Cyclical companies with revenue >= $20M,HDBSCAN Pareto representative,HDBSCAN|mcs=10|ms=5,HDBSCAN,10006,0,0,13,0.039634146341463415,0.03233830845771144,1.0
consumer_cyclical_revenue_20m,Consumer Cyclical companies with revenue >= $20M,HDBSCAN Pareto representative,HDBSCAN|mcs=10|ms=5,HDBSCAN,10006,1,1,296,0.9024390243902439,0.9104477611940298,1.0
consumer_cyclical_revenue_20m,Consumer Cyclical companies with revenue >= $20M,HDBSCAN Pareto representative,HDBSCAN|mcs=10|ms=5,HDBSCAN,10006,2,2,19,0.057926829268292686,0.05721393034825871,1.0
consumer_cyclical_revenue_20m,Consumer Cyclical companies with revenue >= $20M,HDBSCAN Pareto representative,HDBSCAN|mcs=10|ms=5,HDBSCAN,10007,0,0,15,0.046296296296296294,0.03233830845771144,1.0
consumer_cyclical_revenue_20m,Consumer Cyclical companies with revenue >= $20M,HDBSCAN Pareto representative,HDBSCAN|mcs=10|ms=5,HDBSCAN,10007,1,1,294,0.9074074074074074,0.9104477611940298,0.9965635738831615
consumer_cyclical_revenue_20m,Consumer Cyclical companies with revenue >= $20M,HDBSCAN Pareto representative,HDBSCAN|mcs=10|ms=5,HDBSCAN,10007,2,2,15,0.046296296296296294,0.05721393034825871,0.9375
consumer_cyclical_revenue_20m,Consumer Cyclical companies with revenue >= $20M,HDBSCAN Pareto representative,HDBSCAN|mcs=10|ms=5,HDBSCAN,10008,0,0,16,0.048484848484848485,0.03233830845771144,1.0
consumer_cyclical_revenue_20m,Consumer Cyclical companies with revenue >= $20M,HDBSCAN Pareto representative,HDBSCAN|mcs=10|ms=5,HDBSCAN,10008,1,1,297,0.9,0.9104477611940298,0.9965870307167235
consumer_cyclical_revenue_20m,Consumer Cyclical companies with revenue >= $20M,HDBSCAN Pareto representative,HDBSCAN|mcs=10|ms=5,HDBSCAN,10008,2,2,17,0.051515151515151514,0.05721393034825871,0.9444444444444444
consumer_cyclical_revenue_20m,Consumer Cyclical companies with revenue >= $20M,HDBSCAN Pareto representative,HDBSCAN|mcs=10|ms=5,HDBSCAN,10009,1,0,306,0.9415384615384615,0.9104477611940298,0.9769736842105263
consumer_cyclical_revenue_20m,Consumer Cyclical companies with revenue >= $20M,HDBSCAN Pareto representative,HDBSCAN|mcs=10|ms=5,HDBSCAN,10009,2,1,19,0.05846153846153846,0.05721393034825871,1.0
consumer_cyclical_revenue_20m,Consumer Cyclical companies with revenue >= $20M,HDBSCAN Pareto representative,HDBSCAN|mcs=10|ms=5,HDBSCAN,10010,0,0,11,0.03503184713375796,0.03233830845771144,1.0
consumer_cyclical_revenue_20m,Consumer Cyclical companies with revenue >= $20M,HDBSCAN Pareto representative,HDBSCAN|mcs=10|ms=5,HDBSCAN,10010,1,1,287,0.9140127388535032,0.9104477611940298,0.9965156794425087
consumer_cyclical_revenue_20m,Consumer Cyclical companies with revenue >= $20M,HDBSCAN Pareto representative,HDBSCAN|mcs=10|ms=5,HDBSCAN,10010,2,2,16,0.050955414012738856,0.05721393034825871,0.9411764705882353
consumer_cyclical_revenue_20m,Consumer Cyclical companies with revenue >= $20M,HDBSCAN Pareto representative,HDBSCAN|mcs=10|ms=5,HDBSCAN,10011,0,0,11,0.03313253012048193,0.03233830845771144,1.0
consumer_cyclical_revenue_20m,Consumer Cyclical companies with revenue >= $20M,HDBSCAN Pareto representative,HDBSCAN|mcs=10|ms=5,HDBSCAN,10011,1,2,303,0.9126506024096386,0.9104477611940298,1.0
consumer_cyclical_revenue_20m,Consumer Cyclical companies with revenue >= $20M,HDBSCAN Pareto representative,HDBSCAN|mcs=10|ms=5,HDBSCAN,10011,2,1,18,0.05421686746987952,0.05721393034825871,1.0
consumer_cyclical_revenue_20m,Consumer Cyclical companies with revenue >= $20M,HDBSCAN Pareto representative,HDBSCAN|mcs=10|ms=5,HDBSCAN,10012,0,0,10,0.03067484662576687,0.03233830845771144,1.0
consumer_cyclical_revenue_20m,Consumer Cyclical companies with revenue >= $20M,HDBSCAN Pareto representative,HDBSCAN|mcs=10|ms=5,HDBSCAN,10012,1,1,297,0.911042944785276,0.9104477611940298,0.996551724137931
consumer_cyclical_revenue_20m,Consumer Cyclical companies with revenue >= $20M,HDBSCAN Pareto representative,HDBSCAN|mcs=10|ms=5,HDBSCAN,10012,2,2,19,0.05828220858895705,0.05721393034825871,0.95
consumer_cyclical_revenue_20m,Consumer Cyclical companies with revenue >= $20M,HDBSCAN Pareto representative,HDBSCAN|mcs=10|ms=5,HDBSCAN,10013,1,1,314,0.9345238095238095,0.9104477611940298,0.9769736842105263
consumer_cyclical_revenue_20m,Consumer Cyclical companies with revenue >= $20M,HDBSCAN Pareto representative,HDBSCAN|mcs=10|ms=5,HDBSCAN,10013,2,0,22,0.06547619047619048,0.05721393034825871,1.0
consumer_cyclical_revenue_20m,Consumer Cyclical companies with revenue >= $20M,HDBSCAN Pareto representative,HDBSCAN|mcs=10|ms=5,HDBSCAN,10014,1,0,302,0.9467084639498433,0.9104477611940298,0.9832775919732442
consumer_cyclical_revenue_20m,Consumer Cyclical companies with revenue >= $20M,HDBSCAN Pareto representative,HDBSCAN|mcs=10|ms=5,HDBSCAN,10014,2,1,17,0.05329153605015674,0.05721393034825871,0.9444444444444444
consumer_cyclical_revenue_20m,Consumer Cyclical companies with revenue >= $20M,HDBSCAN Pareto representative,HDBSCAN|mcs=10|ms=5,HDBSCAN,10015,1,0,307,0.941717791411043,0.9104477611940298,0.9732441471571907
consumer_cyclical_revenue_20m,Consumer Cyclical companies with revenue >= $20M,HDBSCAN Pareto representative,HDBSCAN|mcs=10|ms=5,HDBSCAN,10015,2,1,19,0.05828220858895705,0.05721393034825871,1.0
consumer_cyclical_revenue_20m,Consumer Cyclical companies with revenue >= $20M,HDBSCAN Pareto representative,HDBSCAN|mcs=10|ms=5,HDBSCAN,10016,0,0,10,0.031446540880503145,0.03233830845771144,1.0
consumer_cyclical_revenue_20m,Consumer Cyclical companies with revenue >= $20M,HDBSCAN Pareto representative,HDBSCAN|mcs=10|ms=5,HDBSCAN,10016,1,1,293,0.9213836477987422,0.9104477611940298,0.9965277777777778
consumer_cyclical_revenue_20m,Consumer Cyclical companies with revenue >= $20M,HDBSCAN Pareto representative,HDBSCAN|mcs=10|ms=5,HDBSCAN,10016,2,2,15,0.04716981132075472,0.05721393034825871,0.9375
consumer_cyclical_revenue_20m,Consumer Cyclical companies with revenue >= $20M,HDBSCAN Pareto representative,HDBSCAN|mcs=10|ms=5,HDBSCAN,10017,0,0,13,0.03939393939393939,0.03233830845771144,1.0
consumer_cyclical_revenue_20m,Consumer Cyclical companies with revenue >= $20M,HDBSCAN Pareto representative,HDBSCAN|mcs=10|ms=5,HDBSCAN,10017,1,1,297,0.9,0.9104477611940298,1.0
consumer_cyclical_revenue_20m,Consumer Cyclical companies with revenue >= $20M,HDBSCAN Pareto representative,HDBSCAN|mcs=10|ms=5,HDBSCAN,10017,2,2,20,0.06060606060606061,0.05721393034825871,1.0
consumer_cyclical_revenue_20m,Consumer Cyclical companies with revenue >= $20M,HDBSCAN Pareto representative,HDBSCAN|mcs=10|ms=5,HDBSCAN,10018,0,0,13,0.040625,0.03233830845771144,1.0
consumer_cyclical_revenue_20m,Consumer Cyclical companies with revenue >= $20M,HDBSCAN Pareto representative,HDBSCAN|mcs=10|ms=5,HDBSCAN,10018,1,1,294,0.91875,0.9104477611940298,1.0
consumer_cyclical_revenue_20m,Consumer Cyclical companies with revenue >= $20M,HDBSCAN Pareto representative,HDBSCAN|mcs=10|ms=5,HDBSCAN,10018,2,2,13,0.040625,0.05721393034825871,1.0
consumer_cyclical_revenue_20m,Consumer Cyclical companies with revenue >= $20M,HDBSCAN Pareto representative,HDBSCAN|mcs=10|ms=5,HDBSCAN,10019,1,0,313,0.945619335347432,0.9104477611940298,0.9700996677740864
consumer_cyclical_revenue_20m,Consumer Cyclical companies with revenue >= $20M,HDBSCAN Pareto representative,HDBSCAN|mcs=10|ms=5,HDBSCAN,10019,2,1,18,0.054380664652567974,0.05721393034825871,1.0
consumer_cyclical_revenue_20m,Consumer Cyclical companies with revenue >= $20M,HDBSCAN Pareto representative,HDBSCAN|mcs=15|ms=5,HDBSCAN,10006,0,0,296,0.9396825396825397,0.9408740359897172,1.0
consumer_cyclical_revenue_20m,Consumer Cyclical companies with revenue >= $20M,HDBSCAN Pareto representative,HDBSCAN|mcs=15|ms=5,HDBSCAN,10006,1,1,19,0.06031746031746032,0.05912596401028278,1.0
consumer_cyclical_revenue_20m,Consumer Cyclical companies with revenue >= $20M,HDBSCAN Pareto representative,HDBSCAN|mcs=15|ms=5,HDBSCAN,10007,0,1,294,0.9074074074074074,0.9408740359897172,0.9965635738831615
consumer_cyclical_revenue_20m,Consumer Cyclical companies with revenue >= $20M,HDBSCAN Pareto representative,HDBSCAN|mcs=15|ms=5,HDBSCAN,10007,1,2,15,0.046296296296296294,0.05912596401028278,0.9375
consumer_cyclical_revenue_20m,Consumer Cyclical companies with revenue >= $20M,HDBSCAN Pareto representative,HDBSCAN|mcs=15|ms=5,HDBSCAN,10008,0,1,297,0.9,0.9408740359897172,0.9965870307167235
consumer_cyclical_revenue_20m,Consumer Cyclical companies with revenue >= $20M,HDBSCAN Pareto representative,HDBSCAN|mcs=15|ms=5,HDBSCAN,10008,1,2,17,0.051515151515151514,0.05912596401028278,0.9444444444444444
consumer_cyclical_revenue_20m,Consumer Cyclical companies with revenue >= $20M,HDBSCAN Pareto representative,HDBSCAN|mcs=15|ms=5,HDBSCAN,10009,0,0,306,0.9415384615384615,0.9408740359897172,1.0
consumer_cyclical_revenue_20m,Consumer Cyclical companies with revenue >= $20M,HDBSCAN Pareto representative,HDBSCAN|mcs=15|ms=5,HDBSCAN,10009,1,1,19,0.05846153846153846,0.05912596401028278,1.0
consumer_cyclical_revenue_20m,Consumer Cyclical companies with revenue >= $20M,HDBSCAN Pareto representative,HDBSCAN|mcs=15|ms=5,HDBSCAN,10010,0,0,287,0.9471947194719472,0.9408740359897172,0.9965156794425087
consumer_cyclical_revenue_20m,Consumer Cyclical companies with revenue >= $20M,HDBSCAN Pareto representative,HDBSCAN|mcs=15|ms=5,HDBSCAN,10010,1,1,16,0.052805280528052806,0.05912596401028278,0.9411764705882353
consumer_cyclical_revenue_20m,Consumer Cyclical companies with revenue >= $20M,HDBSCAN Pareto representative,HDBSCAN|mcs=15|ms=5,HDBSCAN,10011,0,1,303,0.9439252336448598,0.9408740359897172,1.0
consumer_cyclical_revenue_20m,Consumer Cyclical companies with revenue >= $20M,HDBSCAN Pareto representative,HDBSCAN|mcs=15|ms=5,HDBSCAN,10011,1,0,18,0.056074766355140186,0.05912596401028278,1.0
consumer_cyclical_revenue_20m,Consumer Cyclical companies with revenue >= $20M,HDBSCAN Pareto representative,HDBSCAN|mcs=15|ms=5,HDBSCAN,10012,0,0,297,0.939873417721519,0.9408740359897172,0.996551724137931
consumer_cyclical_revenue_20m,Consumer Cyclical companies with revenue >= $20M,HDBSCAN Pareto representative,HDBSCAN|mcs=15|ms=5,HDBSCAN,10012,1,1,19,0.060126582278481014,0.05912596401028278,0.95
consumer_cyclical_revenue_20m,Consumer Cyclical companies with revenue >= $20M,HDBSCAN Pareto representative,HDBSCAN|mcs=15|ms=5,HDBSCAN,10013,0,1,314,0.9345238095238095,0.9408740359897172,1.0
consumer_cyclical_revenue_20m,Consumer Cyclical companies with revenue >= $20M,HDBSCAN Pareto representative,HDBSCAN|mcs=15|ms=5,HDBSCAN,10013,1,0,22,0.06547619047619048,0.05912596401028278,1.0
consumer_cyclical_revenue_20m,Consumer Cyclical companies with revenue >= $20M,HDBSCAN Pareto representative,HDBSCAN|mcs=15|ms=5,HDBSCAN,10014,0,0,302,0.9467084639498433,0.9408740359897172,0.9966101694915255
consumer_cyclical_revenue_20m,Consumer Cyclical companies with revenue >= $20M,HDBSCAN Pareto representative,HDBSCAN|mcs=15|ms=5,HDBSCAN,10014,1,1,17,0.05329153605015674,0.05912596401028278,0.9444444444444444
consumer_cyclical_revenue_20m,Consumer Cyclical companies with revenue >= $20M,HDBSCAN Pareto representative,HDBSCAN|mcs=15|ms=5,HDBSCAN,10015,0,0,307,0.941717791411043,0.9408740359897172,1.0
consumer_cyclical_revenue_20m,Consumer Cyclical companies with revenue >= $20M,HDBSCAN Pareto representative,HDBSCAN|mcs=15|ms=5,HDBSCAN,10015,1,1,19,0.05828220858895705,0.05912596401028278,1.0
consumer_cyclical_revenue_20m,Consumer Cyclical companies with revenue >= $20M,HDBSCAN Pareto representative,HDBSCAN|mcs=15|ms=5,HDBSCAN,10016,0,0,293,0.9512987012987013,0.9408740359897172,0.9965277777777778
consumer_cyclical_revenue_20m,Consumer Cyclical companies with revenue >= $20M,HDBSCAN Pareto representative,HDBSCAN|mcs=15|ms=5,HDBSCAN,10016,1,1,15,0.048701298701298704,0.05912596401028278,0.9375
consumer_cyclical_revenue_20m,Consumer Cyclical companies with revenue >= $20M,HDBSCAN Pareto representative,HDBSCAN|mcs=15|ms=5,HDBSCAN,10017,0,0,297,0.9369085173501577,0.9408740359897172,1.0
consumer_cyclical_revenue_20m,Consumer Cyclical companies with revenue >= $20M,HDBSCAN Pareto representative,HDBSCAN|mcs=15|ms=5,HDBSCAN,10017,1,1,20,0.06309148264984227,0.05912596401028278,1.0
consumer_cyclical_revenue_20m,Consumer Cyclical companies with revenue >= $20M,HDBSCAN Pareto representative,HDBSCAN|mcs=15|ms=5,HDBSCAN,10019,0,0,313,0.945619335347432,0.9408740359897172,1.0
consumer_cyclical_revenue_20m,Consumer Cyclical companies with revenue >= $20M,HDBSCAN Pareto representative,HDBSCAN|mcs=15|ms=5,HDBSCAN,10019,1,1,18,0.054380664652567974,0.05912596401028278,1.0
non_financial_large_cap_revenue_1b,Non-financial companies with revenue >= $1B,Full-assignment candidate,Full Assignment|Agglomerative,Agglomerative,10000,0,0,1225,0.928030303030303,0.9254996971532404,0.9869706840390879
non_financial_large_cap_revenue_1b,Non-financial companies with revenue >= $1B,Full-assignment candidate,Full Assignment|Agglomerative,Agglomerative,10000,1,1,95,0.07196969696969698,0.07450030284675954,0.8518518518518519
non_financial_large_cap_revenue_1b,Non-financial companies with revenue >= $1B,Full-assignment candidate,Full Assignment|Agglomerative,Agglomerative,10001,0,0,1228,0.9288956127080181,0.9254996971532404,0.9853896103896104
non_financial_large_cap_revenue_1b,Non-financial companies with revenue >= $1B,Full-assignment candidate,Full Assignment|Agglomerative,Agglomerative,10001,1,1,94,0.07110438729198185,0.07450030284675954,0.8333333333333334
non_financial_large_cap_revenue_1b,Non-financial companies with revenue >= $1B,Full-assignment candidate,Full Assignment|Agglomerative,Agglomerative,10002,0,0,1193,0.9031037093111279,0.9254996971532404,0.9802793755135579
non_financial_large_cap_revenue_1b,Non-financial companies with revenue >= $1B,Full-assignment candidate,Full Assignment|Agglomerative,Agglomerative,10002,1,1,128,0.09689629068887207,0.07450030284675954,0.8125
non_financial_large_cap_revenue_1b,Non-financial companies with revenue >= $1B,Full-assignment candidate,Full Assignment|Agglomerative,Agglomerative,10003,0,0,1223,0.9258137774413323,0.9254996971532404,0.9975530179445351
non_financial_large_cap_revenue_1b,Non-financial companies with revenue >= $1B,Full-assignment candidate,Full Assignment|Agglomerative,Agglomerative,10003,1,1,98,0.07418622255866768,0.07450030284675954,0.9693877551020408
non_financial_large_cap_revenue_1b,Non-financial companies with revenue >= $1B,Full-assignment candidate,Full Assignment|Agglomerative,Agglomerative,10004,0,0,1231,0.9325757575757576,0.9254996971532404,0.9926888708367181
non_financial_large_cap_revenue_1b,Non-financial companies with revenue >= $1B,Full-assignment candidate,Full Assignment|Agglomerative,Agglomerative,10004,1,1,89,0.06742424242424243,0.07450030284675954,0.9081632653061225
non_financial_large_cap_revenue_1b,Non-financial companies with revenue >= $1B,Full-assignment candidate,Full Assignment|Agglomerative,Agglomerative,10005,0,0,1154,0.8742424242424243,0.9254996971532404,0.9482333607230896
non_financial_large_cap_revenue_1b,Non-financial companies with revenue >= $1B,Full-assignment candidate,Full Assignment|Agglomerative,Agglomerative,10005,1,1,166,0.12575757575757576,0.07450030284675954,0.6204819277108434
non_financial_large_cap_revenue_1b,Non-financial companies with revenue >= $1B,Full-assignment candidate,Full Assignment|Agglomerative,Agglomerative,10006,0,0,1220,0.9242424242424242,0.9254996971532404,0.9902200488997555
non_financial_large_cap_revenue_1b,Non-financial companies with revenue >= $1B,Full-assignment candidate,Full Assignment|Agglomerative,Agglomerative,10006,1,1,100,0.07575757575757576,0.07450030284675954,0.8857142857142857
non_financial_large_cap_revenue_1b,Non-financial companies with revenue >= $1B,Full-assignment candidate,Full Assignment|Agglomerative,Agglomerative,10007,0,0,1227,0.9288417865253595,0.9254996971532404,0.9878048780487805
non_financial_large_cap_revenue_1b,Non-financial companies with revenue >= $1B,Full-assignment candidate,Full Assignment|Agglomerative,Agglomerative,10007,1,1,94,0.07115821347464042,0.07450030284675954,0.8584905660377359
non_financial_large_cap_revenue_1b,Non-financial companies with revenue >= $1B,Full-assignment candidate,Full Assignment|Agglomerative,Agglomerative,10008,0,0,1157,0.8765151515151515,0.9254996971532404,0.9475839475839476
non_financial_large_cap_revenue_1b,Non-financial companies with revenue >= $1B,Full-assignment candidate,Full Assignment|Agglomerative,Agglomerative,10008,1,1,163,0.12348484848484849,0.07450030284675954,0.6073619631901841
non_financial_large_cap_revenue_1b,Non-financial companies with revenue >= $1B,Full-assignment candidate,Full Assignment|Agglomerative,Agglomerative,10009,0,0,1222,0.9250567751703255,0.9254996971532404,0.9886178861788618
non_financial_large_cap_revenue_1b,Non-financial companies with revenue >= $1B,Full-assignment candidate,Full Assignment|Agglomerative,Agglomerative,10009,1,1,99,0.07494322482967448,0.07450030284675954,0.8666666666666667
non_financial_large_cap_revenue_1b,Non-financial companies with revenue >= $1B,Full-assignment candidate,Full Assignment|Agglomerative,Agglomerative,10010,0,0,1236,0.9356548069644209,0.9254996971532404,0.9870550161812298
non_financial_large_cap_revenue_1b,Non-financial companies with revenue >= $1B,Full-assignment candidate,Full Assignment|Agglomerative,Agglomerative,10010,1,1,85,0.0643451930355791,0.07450030284675954,0.8415841584158416
non_financial_large_cap_revenue_1b,Non-financial companies with revenue >= $1B,Full-assignment candidate,Full Assignment|Agglomerative,Agglomerative,10011,0,0,1224,0.9272727272727272,0.9254996971532404,0.993485342019544
non_financial_large_cap_revenue_1b,Non-financial companies with revenue >= $1B,Full-assignment candidate,Full Assignment|Agglomerative,Agglomerative,10011,1,1,96,0.07272727272727272,0.07450030284675954,0.92
non_financial_large_cap_revenue_1b,Non-financial companies with revenue >= $1B,Full-assignment candidate,Full Assignment|Agglomerative,Agglomerative,10012,0,0,1236,0.9356548069644209,0.9254996971532404,0.9919093851132686
non_financial_large_cap_revenue_1b,Non-financial companies with revenue >= $1B,Full-assignment candidate,Full Assignment|Agglomerative,Agglomerative,10012,1,1,85,0.0643451930355791,0.07450030284675954,0.8947368421052632
non_financial_large_cap_revenue_1b,Non-financial companies with revenue >= $1B,Full-assignment candidate,Full Assignment|Agglomerative,Agglomerative,10013,0,0,1222,0.9257575757575758,0.9254996971532404,0.9951060358890701
non_financial_large_cap_revenue_1b,Non-financial companies with revenue >= $1B,Full-assignment candidate,Full Assignment|Agglomerative,Agglomerative,10013,1,1,98,0.07424242424242425,0.07450030284675954,0.94
non_financial_large_cap_revenue_1b,Non-financial companies with revenue >= $1B,Full-assignment candidate,Full Assignment|Agglomerative,Agglomerative,10014,0,0,1207,0.9143939393939394,0.9254996971532404,0.9765372168284789
non_financial_large_cap_revenue_1b,Non-financial companies with revenue >= $1B,Full-assignment candidate,Full Assignment|Agglomerative,Agglomerative,10014,1,1,113,0.0856060606060606,0.07450030284675954,0.7433628318584071
non_financial_large_cap_revenue_1b,Non-financial companies with revenue >= $1B,Full-assignment candidate,Full Assignment|Agglomerative,Agglomerative,10015,0,0,1160,0.8787878787878788,0.9254996971532404,0.9492635024549918
non_financial_large_cap_revenue_1b,Non-financial companies with revenue >= $1B,Full-assignment candidate,Full Assignment|Agglomerative,Agglomerative,10015,1,1,160,0.12121212121212122,0.07450030284675954,0.6125
non_financial_large_cap_revenue_1b,Non-financial companies with revenue >= $1B,Full-assignment candidate,Full Assignment|Agglomerative,Agglomerative,10016,0,0,1164,0.8818181818181818,0.9254996971532404,0.9556650246305419
non_financial_large_cap_revenue_1b,Non-financial companies with revenue >= $1B,Full-assignment candidate,Full Assignment|Agglomerative,Agglomerative,10016,1,1,156,0.11818181818181818,0.07450030284675954,0.6538461538461539
non_financial_large_cap_revenue_1b,Non-financial companies with revenue >= $1B,Full-assignment candidate,Full Assignment|Agglomerative,Agglomerative,10017,0,0,1222,0.9257575757575758,0.9254996971532404,0.9862012987012987
non_financial_large_cap_revenue_1b,Non-financial companies with revenue >= $1B,Full-assignment candidate,Full Assignment|Agglomerative,Agglomerative,10017,1,1,98,0.07424242424242425,0.07450030284675954,0.8380952380952381
non_financial_large_cap_revenue_1b,Non-financial companies with revenue >= $1B,Full-assignment candidate,Full Assignment|Agglomerative,Agglomerative,10018,0,0,1219,0.9234848484848485,0.9254996971532404,0.9877750611246944
non_financial_large_cap_revenue_1b,Non-financial companies with revenue >= $1B,Full-assignment candidate,Full Assignment|Agglomerative,Agglomerative,10018,1,1,101,0.07651515151515151,0.07450030284675954,0.8611111111111112
non_financial_large_cap_revenue_1b,Non-financial companies with revenue >= $1B,Full-assignment candidate,Full Assignment|Agglomerative,Agglomerative,10019,0,0,1132,0.8569265707797123,0.9254996971532404,0.9210740439381611
non_financial_large_cap_revenue_1b,Non-financial companies with revenue >= $1B,Full-assignment candidate,Full Assignment|Agglomerative,Agglomerative,10019,1,1,189,0.14307342922028765,0.07450030284675954,0.48677248677248675
non_financial_large_cap_revenue_1b,Non-financial companies with revenue >= $1B,Full-assignment candidate,Full Assignment|K-Means,K-Means,10000,0,0,1190,0.9015151515151515,0.901877649909146,0.9941176470588236
non_financial_large_cap_revenue_1b,Non-financial companies with revenue >= $1B,Full-assignment candidate,Full Assignment|K-Means,K-Means,10000,1,1,130,0.09848484848484848,0.09812235009085403,0.948905109489051
non_financial_large_cap_revenue_1b,Non-financial companies with revenue >= $1B,Full-assignment candidate,Full Assignment|K-Means,K-Means,10001,0,1,1189,0.8993948562783661,0.901877649909146,0.9941126997476871
non_financial_large_cap_revenue_1b,Non-financial companies with revenue >= $1B,Full-assignment candidate,Full Assignment|K-Means,K-Means,10001,1,0,133,0.10060514372163389,0.09812235009085403,0.95
non_financial_large_cap_revenue_1b,Non-financial companies with revenue >= $1B,Full-assignment candidate,Full Assignment|K-Means,K-Means,10002,0,0,1192,0.9023467070401211,0.901877649909146,0.9941275167785235
non_financial_large_cap_revenue_1b,Non-financial companies with revenue >= $1B,Full-assignment candidate,Full Assignment|K-Means,K-Means,10002,1,1,129,0.09765329295987887,0.09812235009085403,0.9485294117647058
non_financial_large_cap_revenue_1b,Non-financial companies with revenue >= $1B,Full-assignment candidate,Full Assignment|K-Means,K-Means,10003,0,0,1194,0.9038607115821348,0.901877649909146,0.999163179916318
non_financial_large_cap_revenue_1b,Non-financial companies with revenue >= $1B,Full-assignment candidate,Full Assignment|K-Means,K-Means,10003,1,1,127,0.09613928841786526,0.09812235009085403,0.9921259842519685
non_financial_large_cap_revenue_1b,Non-financial companies with revenue >= $1B,Full-assignment candidate,Full Assignment|K-Means,K-Means,10004,0,0,1193,0.9037878787878788,0.901877649909146,0.9983235540653814
non_financial_large_cap_revenue_1b,Non-financial companies with revenue >= $1B,Full-assignment candidate,Full Assignment|K-Means,K-Means,10004,1,1,127,0.09621212121212121,0.09812235009085403,0.9844961240310077
non_financial_large_cap_revenue_1b,Non-financial companies with revenue >= $1B,Full-assignment candidate,Full Assignment|K-Means,K-Means,10005,0,0,1197,0.9068181818181819,0.901877649909146,0.9899749373433584
non_financial_large_cap_revenue_1b,Non-financial companies with revenue >= $1B,Full-assignment candidate,Full Assignment|K-Means,K-Means,10005,1,1,123,0.09318181818181819,0.09812235009085403,0.9111111111111111
non_financial_large_cap_revenue_1b,Non-financial companies with revenue >= $1B,Full-assignment candidate,Full Assignment|K-Means,K-Means,10006,0,0,1185,0.8977272727272727,0.901877649909146,0.9966358284272497
non_financial_large_cap_revenue_1b,Non-financial companies with revenue >= $1B,Full-assignment candidate,Full Assignment|K-Means,K-Means,10006,1,1,135,0.10227272727272728,0.09812235009085403,0.9703703703703703
non_financial_large_cap_revenue_1b,Non-financial companies with revenue >= $1B,Full-assignment candidate,Full Assignment|K-Means,K-Means,10007,0,0,1203,0.9106737320211961,0.901877649909146,0.9891936824605154
non_financial_large_cap_revenue_1b,Non-financial companies with revenue >= $1B,Full-assignment candidate,Full Assignment|K-Means,K-Means,10007,1,1,118,0.08932626797880394,0.09812235009085403,0.9007633587786259
non_financial_large_cap_revenue_1b,Non-financial companies with revenue >= $1B,Full-assignment candidate,Full Assignment|K-Means,K-Means,10008,0,1,1195,0.9053030303030303,0.901877649909146,0.999163179916318
non_financial_large_cap_revenue_1b,Non-financial companies with revenue >= $1B,Full-assignment candidate,Full Assignment|K-Means,K-Means,10008,1,0,125,0.0946969696969697,0.09812235009085403,0.9920634920634921
non_financial_large_cap_revenue_1b,Non-financial companies with revenue >= $1B,Full-assignment candidate,Full Assignment|K-Means,K-Means,10009,0,0,1186,0.8978046934140802,0.901877649909146,0.9983164983164983
non_financial_large_cap_revenue_1b,Non-financial companies with revenue >= $1B,Full-assignment candidate,Full Assignment|K-Means,K-Means,10009,1,1,135,0.10219530658591976,0.09812235009085403,0.9851851851851852
non_financial_large_cap_revenue_1b,Non-financial companies with revenue >= $1B,Full-assignment candidate,Full Assignment|K-Means,K-Means,10010,0,0,1196,0.9053747161241483,0.901877649909146,0.995819397993311
non_financial_large_cap_revenue_1b,Non-financial companies with revenue >= $1B,Full-assignment candidate,Full Assignment|K-Means,K-Means,10010,1,1,125,0.09462528387585163,0.09812235009085403,0.9615384615384616
non_financial_large_cap_revenue_1b,Non-financial companies with revenue >= $1B,Full-assignment candidate,Full Assignment|K-Means,K-Means,10011,0,1,1189,0.9007575757575758,0.901877649909146,0.99748322147651
non_financial_large_cap_revenue_1b,Non-financial companies with revenue >= $1B,Full-assignment candidate,Full Assignment|K-Means,K-Means,10011,1,0,131,0.09924242424242424,0.09812235009085403,0.9770992366412213
non_financial_large_cap_revenue_1b,Non-financial companies with revenue >= $1B,Full-assignment candidate,Full Assignment|K-Means,K-Means,10012,0,1,1203,0.9106737320211961,0.901877649909146,0.9950124688279302
non_financial_large_cap_revenue_1b,Non-financial companies with revenue >= $1B,Full-assignment candidate,Full Assignment|K-Means,K-Means,10012,1,0,118,0.08932626797880394,0.09812235009085403,0.9516129032258065
non_financial_large_cap_revenue_1b,Non-financial companies with revenue >= $1B,Full-assignment candidate,Full Assignment|K-Means,K-Means,10013,0,0,1195,0.9053030303030303,0.901877649909146,0.9974895397489539
non_financial_large_cap_revenue_1b,Non-financial companies with revenue >= $1B,Full-assignment candidate,Full Assignment|K-Means,K-Means,10013,1,1,125,0.0946969696969697,0.09812235009085403,0.9765625
non_financial_large_cap_revenue_1b,Non-financial companies with revenue >= $1B,Full-assignment candidate,Full Assignment|K-Means,K-Means,10014,0,0,1190,0.9015151515151515,0.901877649909146,0.9875518672199171
non_financial_large_cap_revenue_1b,Non-financial companies with revenue >= $1B,Full-assignment candidate,Full Assignment|K-Means,K-Means,10014,1,1,130,0.09848484848484848,0.09812235009085403,0.8846153846153846
non_financial_large_cap_revenue_1b,Non-financial companies with revenue >= $1B,Full-assignment candidate,Full Assignment|K-Means,K-Means,10015,0,0,1193,0.9037878787878788,0.901877649909146,0.9974853310980721
non_financial_large_cap_revenue_1b,Non-financial companies with revenue >= $1B,Full-assignment candidate,Full Assignment|K-Means,K-Means,10015,1,1,127,0.09621212121212121,0.09812235009085403,0.9769230769230769
non_financial_large_cap_revenue_1b,Non-financial companies with revenue >= $1B,Full-assignment candidate,Full Assignment|K-Means,K-Means,10016,0,0,1194,0.9045454545454545,0.901877649909146,0.9916247906197655
non_financial_large_cap_revenue_1b,Non-financial companies with revenue >= $1B,Full-assignment candidate,Full Assignment|K-Means,K-Means,10016,1,1,126,0.09545454545454546,0.09812235009085403,0.9264705882352942
non_financial_large_cap_revenue_1b,Non-financial companies with revenue >= $1B,Full-assignment candidate,Full Assignment|K-Means,K-Means,10017,0,0,1187,0.8992424242424243,0.901877649909146,0.9941373534338358
non_financial_large_cap_revenue_1b,Non-financial companies with revenue >= $1B,Full-assignment candidate,Full Assignment|K-Means,K-Means,10017,1,1,133,0.10075757575757575,0.09812235009085403,0.9473684210526315
non_financial_large_cap_revenue_1b,Non-financial companies with revenue >= $1B,Full-assignment candidate,Full Assignment|K-Means,K-Means,10018,0,1,1192,0.9030303030303031,0.901877649909146,0.99748322147651
non_financial_large_cap_revenue_1b,Non-financial companies with revenue >= $1B,Full-assignment candidate,Full Assignment|K-Means,K-Means,10018,1,0,128,0.09696969696969697,0.09812235009085403,0.9770992366412213
non_financial_large_cap_revenue_1b,Non-financial companies with revenue >= $1B,Full-assignment candidate,Full Assignment|K-Means,K-Means,10019,0,1,1192,0.9023467070401211,0.901877649909146,0.9958228905597326
non_financial_large_cap_revenue_1b,Non-financial companies with revenue >= $1B,Full-assignment candidate,Full Assignment|K-Means,K-Means,10019,1,0,129,0.09765329295987887,0.09812235009085403,0.9612403100775194
non_financial_large_cap_revenue_1b,Non-financial companies with revenue >= $1B,Full-assignment candidate,Full Assignment|Gaussian Mixture,Gaussian Mixture,10000,0,1,816,0.6181818181818182,0.6050878255602665,0.9731379731379731
non_financial_large_cap_revenue_1b,Non-financial companies with revenue >= $1B,Full-assignment candidate,Full Assignment|Gaussian Mixture,Gaussian Mixture,10000,1,0,504,0.38181818181818183,0.3949121744397335,0.9579349904397706
non_financial_large_cap_revenue_1b,Non-financial companies with revenue >= $1B,Full-assignment candidate,Full Assignment|Gaussian Mixture,Gaussian Mixture,10001,0,1,825,0.624054462934947,0.6050878255602665,0.9612590799031477
non_financial_large_cap_revenue_1b,Non-financial companies with revenue >= $1B,Full-assignment candidate,Full Assignment|Gaussian Mixture,Gaussian Mixture,10001,1,0,497,0.37594553706505296,0.3949121744397335,0.9393939393939394
non_financial_large_cap_revenue_1b,Non-financial companies with revenue >= $1B,Full-assignment candidate,Full Assignment|Gaussian Mixture,Gaussian Mixture,10002,0,0,801,0.6063588190764573,0.6050878255602665,0.9752475247524752
non_financial_large_cap_revenue_1b,Non-financial companies with revenue >= $1B,Full-assignment candidate,Full Assignment|Gaussian Mixture,Gaussian Mixture,10002,1,1,520,0.3936411809235428,0.3949121744397335,0.9624765478424016
non_financial_large_cap_revenue_1b,Non-financial companies with revenue >= $1B,Full-assignment candidate,Full Assignment|Gaussian Mixture,Gaussian Mixture,10003,0,1,801,0.6063588190764573,0.6050878255602665,0.9765432098765432
non_financial_large_cap_revenue_1b,Non-financial companies with revenue >= $1B,Full-assignment candidate,Full Assignment|Gaussian Mixture,Gaussian Mixture,10003,1,0,520,0.3936411809235428,0.3949121744397335,0.9641509433962264
non_financial_large_cap_revenue_1b,Non-financial companies with revenue >= $1B,Full-assignment candidate,Full Assignment|Gaussian Mixture,Gaussian Mixture,10004,0,0,805,0.6098484848484849,0.6050878255602665,0.9828431372549019
non_financial_large_cap_revenue_1b,Non-financial companies with revenue >= $1B,Full-assignment candidate,Full Assignment|Gaussian Mixture,Gaussian Mixture,10004,1,1,515,0.39015151515151514,0.3949121744397335,0.972972972972973
non_financial_large_cap_revenue_1b,Non-financial companies with revenue >= $1B,Full-assignment candidate,Full Assignment|Gaussian Mixture,Gaussian Mixture,10005,0,0,783,0.5931818181818181,0.6050878255602665,0.9540372670807453
non_financial_large_cap_revenue_1b,Non-financial companies with revenue >= $1B,Full-assignment candidate,Full Assignment|Gaussian Mixture,Gaussian Mixture,10005,1,1,537,0.4068181818181818,0.3949121744397335,0.9329710144927537
non_financial_large_cap_revenue_1b,Non-financial companies with revenue >= $1B,Full-assignment candidate,Full Assignment|Gaussian Mixture,Gaussian Mixture,10006,0,0,822,0.6227272727272727,0.6050878255602665,0.9781021897810219
non_financial_large_cap_revenue_1b,Non-financial companies with revenue >= $1B,Full-assignment candidate,Full Assignment|Gaussian Mixture,Gaussian Mixture,10006,1,1,498,0.37727272727272726,0.3949121744397335,0.9651162790697675
non_financial_large_cap_revenue_1b,Non-financial companies with revenue >= $1B,Full-assignment candidate,Full Assignment|Gaussian Mixture,Gaussian Mixture,10007,0,0,816,0.6177138531415595,0.6050878255602665,0.9767726161369193
non_financial_large_cap_revenue_1b,Non-financial companies with revenue >= $1B,Full-assignment candidate,Full Assignment|Gaussian Mixture,Gaussian Mixture,10007,1,1,505,0.3822861468584406,0.3949121744397335,0.9636015325670498
non_financial_large_cap_revenue_1b,Non-financial companies with revenue >= $1B,Full-assignment candidate,Full Assignment|Gaussian Mixture,Gaussian Mixture,10008,0,1,808,0.6121212121212121,0.6050878255602665,0.969437652811736
non_financial_large_cap_revenue_1b,Non-financial companies with revenue >= $1B,Full-assignment candidate,Full Assignment|Gaussian Mixture,Gaussian Mixture,10008,1,0,512,0.3878787878787879,0.3949121744397335,0.952561669829222
non_financial_large_cap_revenue_1b,Non-financial companies with revenue >= $1B,Full-assignment candidate,Full Assignment|Gaussian Mixture,Gaussian Mixture,10009,0,0,774,0.5859197577592733,0.6050878255602665,0.9822109275730623
non_financial_large_cap_revenue_1b,Non-financial companies with revenue >= $1B,Full-assignment candidate,Full Assignment|Gaussian Mixture,Gaussian Mixture,10009,1,1,547,0.4140802422407267,0.3949121744397335,0.9744525547445255
non_financial_large_cap_revenue_1b,Non-financial companies with revenue >= $1B,Full-assignment candidate,Full Assignment|Gaussian Mixture,Gaussian Mixture,10010,0,0,830,0.6283118849356548,0.6050878255602665,0.9771359807460891
non_financial_large_cap_revenue_1b,Non-financial companies with revenue >= $1B,Full-assignment candidate,Full Assignment|Gaussian Mixture,Gaussian Mixture,10010,1,1,491,0.3716881150643452,0.3949121744397335,0.962671905697446
non_financial_large_cap_revenue_1b,Non-financial companies with revenue >= $1B,Full-assignment candidate,Full Assignment|Gaussian Mixture,Gaussian Mixture,10011,0,1,795,0.6022727272727273,0.6050878255602665,0.9826946847960445
non_financial_large_cap_revenue_1b,Non-financial companies with revenue >= $1B,Full-assignment candidate,Full Assignment|Gaussian Mixture,Gaussian Mixture,10011,1,0,525,0.3977272727272727,0.3949121744397335,0.9733333333333334
non_financial_large_cap_revenue_1b,Non-financial companies with revenue >= $1B,Full-assignment candidate,Full Assignment|Gaussian Mixture,Gaussian Mixture,10012,0,1,833,0.6305828917486752,0.6050878255602665,0.9664268585131894
non_financial_large_cap_revenue_1b,Non-financial companies with revenue >= $1B,Full-assignment candidate,Full Assignment|Gaussian Mixture,Gaussian Mixture,10012,1,0,488,0.36941710825132473,0.3949121744397335,0.945631067961165
non_financial_large_cap_revenue_1b,Non-financial companies with revenue >= $1B,Full-assignment candidate,Full Assignment|Gaussian Mixture,Gaussian Mixture,10013,0,0,773,0.5856060606060606,0.6050878255602665,0.9527950310559006
non_financial_large_cap_revenue_1b,Non-financial companies with revenue >= $1B,Full-assignment candidate,Full Assignment|Gaussian Mixture,Gaussian Mixture,10013,1,1,547,0.41439393939393937,0.3949121744397335,0.9312839059674503
non_financial_large_cap_revenue_1b,Non-financial companies with revenue >= $1B,Full-assignment candidate,Full Assignment|Gaussian Mixture,Gaussian Mixture,10014,0,0,805,0.6098484848484849,0.6050878255602665,0.9913366336633663
non_financial_large_cap_revenue_1b,Non-financial companies with revenue >= $1B,Full-assignment candidate,Full Assignment|Gaussian Mixture,Gaussian Mixture,10014,1,1,515,0.39015151515151514,0.3949121744397335,0.9865125240847784
non_financial_large_cap_revenue_1b,Non-financial companies with revenue >= $1B,Full-assignment candidate,Full Assignment|Gaussian Mixture,Gaussian Mixture,10015,0,0,737,0.5583333333333333,0.6050878255602665,0.9265822784810127
non_financial_large_cap_revenue_1b,Non-financial companies with revenue >= $1B,Full-assignment candidate,Full Assignment|Gaussian Mixture,Gaussian Mixture,10015,1,1,583,0.44166666666666665,0.3949121744397335,0.9013605442176871
non_financial_large_cap_revenue_1b,Non-financial companies with revenue >= $1B,Full-assignment candidate,Full Assignment|Gaussian Mixture,Gaussian Mixture,10016,0,0,830,0.6287878787878788,0.6050878255602665,0.9662650602409638
non_financial_large_cap_revenue_1b,Non-financial companies with revenue >= $1B,Full-assignment candidate,Full Assignment|Gaussian Mixture,Gaussian Mixture,10016,1,1,490,0.3712121212121212,0.3949121744397335,0.9459459459459459
non_financial_large_cap_revenue_1b,Non-financial companies with revenue >= $1B,Full-assignment candidate,Full Assignment|Gaussian Mixture,Gaussian Mixture,10017,0,0,780,0.5909090909090909,0.6050878255602665,0.9439707673568819
non_financial_large_cap_revenue_1b,Non-financial companies with revenue >= $1B,Full-assignment candidate,Full Assignment|Gaussian Mixture,Gaussian Mixture,10017,1,1,540,0.4090909090909091,0.3949121744397335,0.9155963302752294
non_financial_large_cap_revenue_1b,Non-financial companies with revenue >= $1B,Full-assignment candidate,Full Assignment|Gaussian Mixture,Gaussian Mixture,10018,0,1,807,0.6113636363636363,0.6050878255602665,0.980319803198032
non_financial_large_cap_revenue_1b,Non-financial companies with revenue >= $1B,Full-assignment candidate,Full Assignment|Gaussian Mixture,Gaussian Mixture,10018,1,0,513,0.3886363636363636,0.3949121744397335,0.9694072657743786
non_financial_large_cap_revenue_1b,Non-financial companies with revenue >= $1B,Full-assignment candidate,Full Assignment|Gaussian Mixture,Gaussian Mixture,10019,0,1,814,0.6161998485995458,0.6050878255602665,0.9718826405867971
non_financial_large_cap_revenue_1b,Non-financial companies with revenue >= $1B,Full-assignment candidate,Full Assignment|Gaussian Mixture,Gaussian Mixture,10019,1,0,507,0.3838001514004542,0.3949121744397335,0.9562737642585551
non_financial_large_cap_revenue_1b,Non-financial companies with revenue >= $1B,HDBSCAN Pareto representative,HDBSCAN|mcs=10|ms=15,HDBSCAN,10000,0,0,1169,0.9621399176954732,0.9558441558441558,1.0
non_financial_large_cap_revenue_1b,Non-financial companies with revenue >= $1B,HDBSCAN Pareto representative,HDBSCAN|mcs=10|ms=15,HDBSCAN,10000,1,1,46,0.03786008230452675,0.04415584415584416,1.0
non_financial_large_cap_revenue_1b,Non-financial companies with revenue >= $1B,HDBSCAN Pareto representative,HDBSCAN|mcs=10|ms=15,HDBSCAN,10001,0,0,1158,0.9633943427620633,0.9558441558441558,0.998272884283247
non_financial_large_cap_revenue_1b,Non-financial companies with revenue >= $1B,HDBSCAN Pareto representative,HDBSCAN|mcs=10|ms=15,HDBSCAN,10001,1,1,44,0.036605657237936774,0.04415584415584416,0.9565217391304348
non_financial_large_cap_revenue_1b,Non-financial companies with revenue >= $1B,HDBSCAN Pareto representative,HDBSCAN|mcs=10|ms=15,HDBSCAN,10002,0,1,1178,0.9655737704918033,0.9558441558441558,1.0
non_financial_large_cap_revenue_1b,Non-financial companies with revenue >= $1B,HDBSCAN Pareto representative,HDBSCAN|mcs=10|ms=15,HDBSCAN,10002,1,0,42,0.03442622950819672,0.04415584415584416,1.0
non_financial_large_cap_revenue_1b,Non-financial companies with revenue >= $1B,HDBSCAN Pareto representative,HDBSCAN|mcs=10|ms=15,HDBSCAN,10003,0,0,1181,0.9547291835084882,0.9558441558441558,1.0
non_financial_large_cap_revenue_1b,Non-financial companies with revenue >= $1B,HDBSCAN Pareto representative,HDBSCAN|mcs=10|ms=15,HDBSCAN,10003,1,1,56,0.04527081649151172,0.04415584415584416,1.0
non_financial_large_cap_revenue_1b,Non-financial companies with revenue >= $1B,HDBSCAN Pareto representative,HDBSCAN|mcs=10|ms=15,HDBSCAN,10004,0,0,1181,0.9578264395782644,0.9558441558441558,0.9991511035653651
non_financial_large_cap_revenue_1b,Non-financial companies with revenue >= $1B,HDBSCAN Pareto representative,HDBSCAN|mcs=10|ms=15,HDBSCAN,10004,1,1,52,0.042173560421735604,0.04415584415584416,0.9811320754716981
non_financial_large_cap_revenue_1b,Non-financial companies with revenue >= $1B,HDBSCAN Pareto representative,HDBSCAN|mcs=10|ms=15,HDBSCAN,10005,0,0,1177,0.9584690553745928,0.9558441558441558,1.0
non_financial_large_cap_revenue_1b,Non-financial companies with revenue >= $1B,HDBSCAN Pareto representative,HDBSCAN|mcs=10|ms=15,HDBSCAN,10005,1,1,51,0.041530944625407164,0.04415584415584416,1.0
non_financial_large_cap_revenue_1b,Non-financial companies with revenue >= $1B,HDBSCAN Pareto representative,HDBSCAN|mcs=10|ms=15,HDBSCAN,10006,0,0,1168,0.9565929565929566,0.9558441558441558,1.0
non_financial_large_cap_revenue_1b,Non-financial companies with revenue >= $1B,HDBSCAN Pareto representative,HDBSCAN|mcs=10|ms=15,HDBSCAN,10006,1,1,53,0.043407043407043405,0.04415584415584416,1.0
non_financial_large_cap_revenue_1b,Non-financial companies with revenue >= $1B,HDBSCAN Pareto representative,HDBSCAN|mcs=10|ms=15,HDBSCAN,10007,0,0,1191,0.9543269230769231,0.9558441558441558,1.0
non_financial_large_cap_revenue_1b,Non-financial companies with revenue >= $1B,HDBSCAN Pareto representative,HDBSCAN|mcs=10|ms=15,HDBSCAN,10007,1,1,57,0.04567307692307692,0.04415584415584416,1.0
non_financial_large_cap_revenue_1b,Non-financial companies with revenue >= $1B,HDBSCAN Pareto representative,HDBSCAN|mcs=10|ms=15,HDBSCAN,10008,0,0,1183,0.9578947368421052,0.9558441558441558,1.0
non_financial_large_cap_revenue_1b,Non-financial companies with revenue >= $1B,HDBSCAN Pareto representative,HDBSCAN|mcs=10|ms=15,HDBSCAN,10008,1,1,52,0.042105263157894736,0.04415584415584416,1.0
non_financial_large_cap_revenue_1b,Non-financial companies with revenue >= $1B,HDBSCAN Pareto representative,HDBSCAN|mcs=10|ms=15,HDBSCAN,10009,0,0,1176,0.9584352078239609,0.9558441558441558,1.0
non_financial_large_cap_revenue_1b,Non-financial companies with revenue >= $1B,HDBSCAN Pareto representative,HDBSCAN|mcs=10|ms=15,HDBSCAN,10009,1,1,51,0.04156479217603912,0.04415584415584416,1.0
non_financial_large_cap_revenue_1b,Non-financial companies with revenue >= $1B,HDBSCAN Pareto representative,HDBSCAN|mcs=10|ms=15,HDBSCAN,10010,0,0,1178,0.9553933495539335,0.9558441558441558,1.0
non_financial_large_cap_revenue_1b,Non-financial companies with revenue >= $1B,HDBSCAN Pareto representative,HDBSCAN|mcs=10|ms=15,HDBSCAN,10010,1,1,55,0.04460665044606651,0.04415584415584416,1.0
non_financial_large_cap_revenue_1b,Non-financial companies with revenue >= $1B,HDBSCAN Pareto representative,HDBSCAN|mcs=10|ms=15,HDBSCAN,10011,0,0,1177,0.9522653721682848,0.9558441558441558,1.0
non_financial_large_cap_revenue_1b,Non-financial companies with revenue >= $1B,HDBSCAN Pareto representative,HDBSCAN|mcs=10|ms=15,HDBSCAN,10011,1,1,59,0.04773462783171521,0.04415584415584416,1.0
non_financial_large_cap_revenue_1b,Non-financial companies with revenue >= $1B,HDBSCAN Pareto representative,HDBSCAN|mcs=10|ms=15,HDBSCAN,10012,0,0,1186,0.9579967689822294,0.9558441558441558,1.0
non_financial_large_cap_revenue_1b,Non-financial companies with revenue >= $1B,HDBSCAN Pareto representative,HDBSCAN|mcs=10|ms=15,HDBSCAN,10012,1,1,52,0.0420032310177706,0.04415584415584416,1.0
non_financial_large_cap_revenue_1b,Non-financial companies with revenue >= $1B,HDBSCAN Pareto representative,HDBSCAN|mcs=10|ms=15,HDBSCAN,10013,0,0,1186,0.9556809024979855,0.9558441558441558,1.0
non_financial_large_cap_revenue_1b,Non-financial companies with revenue >= $1B,HDBSCAN Pareto representative,HDBSCAN|mcs=10|ms=15,HDBSCAN,10013,1,1,55,0.0443190975020145,0.04415584415584416,1.0
non_financial_large_cap_revenue_1b,Non-financial companies with revenue >= $1B,HDBSCAN Pareto representative,HDBSCAN|mcs=10|ms=15,HDBSCAN,10014,0,0,1142,0.9661590524534687,0.9558441558441558,1.0
non_financial_large_cap_revenue_1b,Non-financial companies with revenue >= $1B,HDBSCAN Pareto representative,HDBSCAN|mcs=10|ms=15,HDBSCAN,10014,1,1,40,0.0338409475465313,0.04415584415584416,1.0
non_financial_large_cap_revenue_1b,Non-financial companies with revenue >= $1B,HDBSCAN Pareto representative,HDBSCAN|mcs=10|ms=15,HDBSCAN,10015,0,0,1165,0.9660033167495854,0.9558441558441558,1.0
non_financial_large_cap_revenue_1b,Non-financial companies with revenue >= $1B,HDBSCAN Pareto representative,HDBSCAN|mcs=10|ms=15,HDBSCAN,10015,1,1,41,0.03399668325041459,0.04415584415584416,1.0
non_financial_large_cap_revenue_1b,Non-financial companies with revenue >= $1B,HDBSCAN Pareto representative,HDBSCAN|mcs=10|ms=15,HDBSCAN,10016,0,0,1178,0.9592833876221498,0.9558441558441558,0.9991438356164384
non_financial_large_cap_revenue_1b,Non-financial companies with revenue >= $1B,HDBSCAN Pareto representative,HDBSCAN|mcs=10|ms=15,HDBSCAN,10016,1,1,50,0.04071661237785016,0.04415584415584416,0.9803921568627451
non_financial_large_cap_revenue_1b,Non-financial companies with revenue >= $1B,HDBSCAN Pareto representative,HDBSCAN|mcs=10|ms=15,HDBSCAN,10017,0,0,1175,0.9545085296506904,0.9558441558441558,1.0
non_financial_large_cap_revenue_1b,Non-financial companies with revenue >= $1B,HDBSCAN Pareto representative,HDBSCAN|mcs=10|ms=15,HDBSCAN,10017,1,1,56,0.045491470349309504,0.04415584415584416,1.0
non_financial_large_cap_revenue_1b,Non-financial companies with revenue >= $1B,HDBSCAN Pareto representative,HDBSCAN|mcs=10|ms=15,HDBSCAN,10018,0,0,1179,0.9554294975688817,0.9558441558441558,1.0
non_financial_large_cap_revenue_1b,Non-financial companies with revenue >= $1B,HDBSCAN Pareto representative,HDBSCAN|mcs=10|ms=15,HDBSCAN,10018,1,1,55,0.04457050243111831,0.04415584415584416,1.0
non_financial_large_cap_revenue_1b,Non-financial companies with revenue >= $1B,HDBSCAN Pareto representative,HDBSCAN|mcs=10|ms=15,HDBSCAN,10019,0,0,1198,0.9553429027113237,0.9558441558441558,1.0
non_financial_large_cap_revenue_1b,Non-financial companies with revenue >= $1B,HDBSCAN Pareto representative,HDBSCAN|mcs=10|ms=15,HDBSCAN,10019,1,1,56,0.044657097288676235,0.04415584415584416,1.0
non_financial_large_cap_revenue_1b,Non-financial companies with revenue >= $1B,HDBSCAN Pareto representative,HDBSCAN|mcs=10|ms=5,HDBSCAN,10000,0,1,1144,0.9549248747913188,0.9564068692206077,0.9973776223776224
non_financial_large_cap_revenue_1b,Non-financial companies with revenue >= $1B,HDBSCAN Pareto representative,HDBSCAN|mcs=10|ms=5,HDBSCAN,10000,1,0,54,0.045075125208681135,0.043593130779392336,0.9444444444444444
non_financial_large_cap_revenue_1b,Non-financial companies with revenue >= $1B,HDBSCAN Pareto representative,HDBSCAN|mcs=10|ms=5,HDBSCAN,10001,0,1,1080,0.9448818897637795,0.9564068692206077,0.9908256880733946
non_financial_large_cap_revenue_1b,Non-financial companies with revenue >= $1B,HDBSCAN Pareto representative,HDBSCAN|mcs=10|ms=5,HDBSCAN,10001,1,0,53,0.04636920384951881,0.043593130779392336,1.0
non_financial_large_cap_revenue_1b,Non-financial companies with revenue >= $1B,HDBSCAN Pareto representative,HDBSCAN|mcs=10|ms=5,HDBSCAN,10002,0,1,1148,0.9622799664710813,0.9564068692206077,1.0
non_financial_large_cap_revenue_1b,Non-financial companies with revenue >= $1B,HDBSCAN Pareto representative,HDBSCAN|mcs=10|ms=5,HDBSCAN,10002,1,0,45,0.037720033528918694,0.043593130779392336,1.0
non_financial_large_cap_revenue_1b,Non-financial companies with revenue >= $1B,HDBSCAN Pareto representative,HDBSCAN|mcs=10|ms=5,HDBSCAN,10003,0,0,1188,0.945859872611465,0.9564068692206077,1.0
non_financial_large_cap_revenue_1b,Non-financial companies with revenue >= $1B,HDBSCAN Pareto representative,HDBSCAN|mcs=10|ms=5,HDBSCAN,10003,1,1,68,0.054140127388535034,0.043593130779392336,1.0
non_financial_large_cap_revenue_1b,Non-financial companies with revenue >= $1B,HDBSCAN Pareto representative,HDBSCAN|mcs=10|ms=5,HDBSCAN,10004,0,0,1173,0.9521103896103896,0.9564068692206077,1.0
non_financial_large_cap_revenue_1b,Non-financial companies with revenue >= $1B,HDBSCAN Pareto representative,HDBSCAN|mcs=10|ms=5,HDBSCAN,10004,1,1,59,0.04788961038961039,0.043593130779392336,1.0
non_financial_large_cap_revenue_1b,Non-financial companies with revenue >= $1B,HDBSCAN Pareto representative,HDBSCAN|mcs=10|ms=5,HDBSCAN,10005,0,2,1067,0.9578096947935368,0.9564068692206077,0.9907149489322191
non_financial_large_cap_revenue_1b,Non-financial companies with revenue >= $1B,HDBSCAN Pareto representative,HDBSCAN|mcs=10|ms=5,HDBSCAN,10005,1,0,27,0.02423698384201077,0.043593130779392336,0.7297297297297297
non_financial_large_cap_revenue_1b,Non-financial companies with revenue >= $1B,HDBSCAN Pareto representative,HDBSCAN|mcs=10|ms=5,HDBSCAN,10006,0,0,1146,0.9646464646464646,0.9564068692206077,1.0
non_financial_large_cap_revenue_1b,Non-financial companies with revenue >= $1B,HDBSCAN Pareto representative,HDBSCAN|mcs=10|ms=5,HDBSCAN,10006,1,1,28,0.02356902356902357,0.043593130779392336,0.6666666666666666
non_financial_large_cap_revenue_1b,Non-financial companies with revenue >= $1B,HDBSCAN Pareto representative,HDBSCAN|mcs=10|ms=5,HDBSCAN,10007,0,0,1173,0.9490291262135923,0.9564068692206077,1.0
non_financial_large_cap_revenue_1b,Non-financial companies with revenue >= $1B,HDBSCAN Pareto representative,HDBSCAN|mcs=10|ms=5,HDBSCAN,10007,1,1,63,0.050970873786407765,0.043593130779392336,1.0
non_financial_large_cap_revenue_1b,Non-financial companies with revenue >= $1B,HDBSCAN Pareto representative,HDBSCAN|mcs=10|ms=5,HDBSCAN,10008,0,2,676,0.8633461047254151,0.9564068692206077,0.9272976680384087
non_financial_large_cap_revenue_1b,Non-financial companies with revenue >= $1B,HDBSCAN Pareto representative,HDBSCAN|mcs=10|ms=5,HDBSCAN,10008,1,0,54,0.06896551724137931,0.043593130779392336,1.0
non_financial_large_cap_revenue_1b,Non-financial companies with revenue >= $1B,HDBSCAN Pareto representative,HDBSCAN|mcs=10|ms=5,HDBSCAN,10009,0,1,1047,0.9440937781785392,0.9564068692206077,0.9905392620624409
non_financial_large_cap_revenue_1b,Non-financial companies with revenue >= $1B,HDBSCAN Pareto representative,HDBSCAN|mcs=10|ms=5,HDBSCAN,10009,1,0,52,0.046889089269612265,0.043593130779392336,1.0
non_financial_large_cap_revenue_1b,Non-financial companies with revenue >= $1B,HDBSCAN Pareto representative,HDBSCAN|mcs=10|ms=5,HDBSCAN,10010,0,0,1152,0.9536423841059603,0.9564068692206077,1.0
non_financial_large_cap_revenue_1b,Non-financial companies with revenue >= $1B,HDBSCAN Pareto representative,HDBSCAN|mcs=10|ms=5,HDBSCAN,10010,1,1,56,0.046357615894039736,0.043593130779392336,1.0
non_financial_large_cap_revenue_1b,Non-financial companies with revenue >= $1B,HDBSCAN Pareto representative,HDBSCAN|mcs=10|ms=5,HDBSCAN,10011,0,0,1169,0.9535073409461664,0.9564068692206077,1.0
non_financial_large_cap_revenue_1b,Non-financial companies with revenue >= $1B,HDBSCAN Pareto representative,HDBSCAN|mcs=10|ms=5,HDBSCAN,10011,1,1,57,0.0464926590538336,0.043593130779392336,1.0
non_financial_large_cap_revenue_1b,Non-financial companies with revenue >= $1B,HDBSCAN Pareto representative,HDBSCAN|mcs=10|ms=5,HDBSCAN,10012,0,0,1185,0.9571890145395799,0.9564068692206077,1.0
non_financial_large_cap_revenue_1b,Non-financial companies with revenue >= $1B,HDBSCAN Pareto representative,HDBSCAN|mcs=10|ms=5,HDBSCAN,10012,1,1,35,0.02827140549273021,0.043593130779392336,0.6739130434782609
non_financial_large_cap_revenue_1b,Non-financial companies with revenue >= $1B,HDBSCAN Pareto representative,HDBSCAN|mcs=10|ms=5,HDBSCAN,10013,0,0,1156,0.9530090684253916,0.9564068692206077,1.0
non_financial_large_cap_revenue_1b,Non-financial companies with revenue >= $1B,HDBSCAN Pareto representative,HDBSCAN|mcs=10|ms=5,HDBSCAN,10013,1,1,57,0.04699093157460841,0.043593130779392336,1.0
non_financial_large_cap_revenue_1b,Non-financial companies with revenue >= $1B,HDBSCAN Pareto representative,HDBSCAN|mcs=10|ms=5,HDBSCAN,10014,0,0,1167,0.9573420836751435,0.9564068692206077,1.0
non_financial_large_cap_revenue_1b,Non-financial companies with revenue >= $1B,HDBSCAN Pareto representative,HDBSCAN|mcs=10|ms=5,HDBSCAN,10014,1,1,52,0.04265791632485644,0.043593130779392336,1.0
non_financial_large_cap_revenue_1b,Non-financial companies with revenue >= $1B,HDBSCAN Pareto representative,HDBSCAN|mcs=10|ms=5,HDBSCAN,10015,0,0,1155,0.9608985024958403,0.9564068692206077,1.0
non_financial_large_cap_revenue_1b,Non-financial companies with revenue >= $1B,HDBSCAN Pareto representative,HDBSCAN|mcs=10|ms=5,HDBSCAN,10015,1,1,47,0.039101497504159734,0.043593130779392336,1.0
non_financial_large_cap_revenue_1b,Non-financial companies with revenue >= $1B,HDBSCAN Pareto representative,HDBSCAN|mcs=10|ms=5,HDBSCAN,10016,0,0,1125,0.9598976109215017,0.9564068692206077,0.9991111111111111
non_financial_large_cap_revenue_1b,Non-financial companies with revenue >= $1B,HDBSCAN Pareto representative,HDBSCAN|mcs=10|ms=5,HDBSCAN,10016,1,1,47,0.04010238907849829,0.043593130779392336,0.9787234042553191
non_financial_large_cap_revenue_1b,Non-financial companies with revenue >= $1B,HDBSCAN Pareto representative,HDBSCAN|mcs=10|ms=5,HDBSCAN,10017,0,0,1160,0.9539473684210527,0.9564068692206077,1.0
non_financial_large_cap_revenue_1b,Non-financial companies with revenue >= $1B,HDBSCAN Pareto representative,HDBSCAN|mcs=10|ms=5,HDBSCAN,10017,1,1,56,0.046052631578947366,0.043593130779392336,1.0
non_financial_large_cap_revenue_1b,Non-financial companies with revenue >= $1B,HDBSCAN Pareto representative,HDBSCAN|mcs=10|ms=5,HDBSCAN,10018,0,0,1171,0.946645109135004,0.9564068692206077,0.9991326973113617
non_financial_large_cap_revenue_1b,Non-financial companies with revenue >= $1B,HDBSCAN Pareto representative,HDBSCAN|mcs=10|ms=5,HDBSCAN,10018,1,1,66,0.05335489086499596,0.043593130779392336,0.9811320754716981
non_financial_large_cap_revenue_1b,Non-financial companies with revenue >= $1B,HDBSCAN Pareto representative,HDBSCAN|mcs=10|ms=5,HDBSCAN,10019,0,0,1181,0.9539579967689822,0.9564068692206077,0.9991416309012876
non_financial_large_cap_revenue_1b,Non-financial companies with revenue >= $1B,HDBSCAN Pareto representative,HDBSCAN|mcs=10|ms=5,HDBSCAN,10019,1,1,57,0.04604200323101777,0.043593130779392336,0.9807692307692307
