Scenario ID,Scenario Name,Selection Key,Run A,Run B,N Shared Companies,N Evaluated Companies,Pairwise Evaluation Coverage,ARI,NMI
technology_revenue_25m,Technology companies with revenue >= $25M,K-Means|Selection-aware Silhouette leader,10000,10001,376,376,1.0,0.9363669250981845,0.8758012406793592
technology_revenue_25m,Technology companies with revenue >= $25M,K-Means|Selection-aware Silhouette leader,10000,10002,376,376,1.0,0.7461453178474695,0.6459504448830369
technology_revenue_25m,Technology companies with revenue >= $25M,K-Means|Selection-aware Silhouette leader,10000,10003,378,378,1.0,0.5699128459840619,0.5222069032448011
technology_revenue_25m,Technology companies with revenue >= $25M,K-Means|Selection-aware Silhouette leader,10000,10004,373,373,1.0,0.6117535613548248,0.5408545268376804
technology_revenue_25m,Technology companies with revenue >= $25M,K-Means|Selection-aware Silhouette leader,10000,10005,375,375,1.0,0.7108569367473168,0.6731183294979619
technology_revenue_25m,Technology companies with revenue >= $25M,K-Means|Selection-aware Silhouette leader,10000,10006,378,378,1.0,0.9752955264180776,0.9423295603882473
technology_revenue_25m,Technology companies with revenue >= $25M,K-Means|Selection-aware Silhouette leader,10000,10007,376,376,1.0,0.9745965491072479,0.9405620196465817
technology_revenue_25m,Technology companies with revenue >= $25M,K-Means|Selection-aware Silhouette leader,10000,10008,382,382,1.0,0.8406703762317014,0.7502046975427433
technology_revenue_25m,Technology companies with revenue >= $25M,K-Means|Selection-aware Silhouette leader,10000,10009,372,372,1.0,0.8478853147079151,0.7582793684292968
technology_revenue_25m,Technology companies with revenue >= $25M,K-Means|Selection-aware Silhouette leader,10000,10010,379,379,1.0,0.6079562922588823,0.554769450610567
technology_revenue_25m,Technology companies with revenue >= $25M,K-Means|Selection-aware Silhouette leader,10000,10011,370,370,1.0,0.836964886231412,0.7465058139558552
technology_revenue_25m,Technology companies with revenue >= $25M,K-Means|Selection-aware Silhouette leader,10000,10012,381,381,1.0,0.7700870659712492,0.6659123141288034
technology_revenue_25m,Technology companies with revenue >= $25M,K-Means|Selection-aware Silhouette leader,10000,10013,380,380,1.0,0.9634713010264924,0.9210261830563697
technology_revenue_25m,Technology companies with revenue >= $25M,K-Means|Selection-aware Silhouette leader,10000,10014,373,373,1.0,0.8707571416875096,0.7850064797848285
technology_revenue_25m,Technology companies with revenue >= $25M,K-Means|Selection-aware Silhouette leader,10000,10015,381,381,1.0,0.5664195381112616,0.5059824373775567
technology_revenue_25m,Technology companies with revenue >= $25M,K-Means|Selection-aware Silhouette leader,10000,10016,379,379,1.0,0.678169016608423,0.6490847239009983
technology_revenue_25m,Technology companies with revenue >= $25M,K-Means|Selection-aware Silhouette leader,10000,10017,378,378,1.0,0.7400885994868409,0.641399790148538
technology_revenue_25m,Technology companies with revenue >= $25M,K-Means|Selection-aware Silhouette leader,10000,10018,384,384,1.0,0.5885001976582436,0.5078368622005851
technology_revenue_25m,Technology companies with revenue >= $25M,K-Means|Selection-aware Silhouette leader,10000,10019,374,374,1.0,0.7448375520516457,0.6965172093849099
technology_revenue_25m,Technology companies with revenue >= $25M,K-Means|Selection-aware Silhouette leader,10001,10002,374,374,1.0,0.6459171309958609,0.5536770502179857
technology_revenue_25m,Technology companies with revenue >= $25M,K-Means|Selection-aware Silhouette leader,10001,10003,380,380,1.0,0.5362851000495394,0.4631812959259187
technology_revenue_25m,Technology companies with revenue >= $25M,K-Means|Selection-aware Silhouette leader,10001,10004,374,374,1.0,0.5876440444010186,0.4801605418476404
technology_revenue_25m,Technology companies with revenue >= $25M,K-Means|Selection-aware Silhouette leader,10001,10005,374,374,1.0,0.7139292907870598,0.6325957172405612
technology_revenue_25m,Technology companies with revenue >= $25M,K-Means|Selection-aware Silhouette leader,10001,10006,372,372,1.0,0.9755979218634547,0.9435336401186499
technology_revenue_25m,Technology companies with revenue >= $25M,K-Means|Selection-aware Silhouette leader,10001,10007,373,373,1.0,0.9744847954469059,0.940415548885258
technology_revenue_25m,Technology companies with revenue >= $25M,K-Means|Selection-aware Silhouette leader,10001,10008,376,376,1.0,0.7786566672345172,0.6821610449213759
technology_revenue_25m,Technology companies with revenue >= $25M,K-Means|Selection-aware Silhouette leader,10001,10009,377,377,1.0,0.7591718923356695,0.6634660265157956
technology_revenue_25m,Technology companies with revenue >= $25M,K-Means|Selection-aware Silhouette leader,10001,10010,367,367,1.0,0.5825871690896849,0.5054129279594913
technology_revenue_25m,Technology companies with revenue >= $25M,K-Means|Selection-aware Silhouette leader,10001,10011,377,377,1.0,0.7384200161358206,0.6436661234522019
technology_revenue_25m,Technology companies with revenue >= $25M,K-Means|Selection-aware Silhouette leader,10001,10012,375,375,1.0,0.7174819274980221,0.6166528312666101
technology_revenue_25m,Technology companies with revenue >= $25M,K-Means|Selection-aware Silhouette leader,10001,10013,372,372,1.0,1.0,1.0
technology_revenue_25m,Technology companies with revenue >= $25M,K-Means|Selection-aware Silhouette leader,10001,10014,376,376,1.0,0.8132087860703775,0.7187366056653997
technology_revenue_25m,Technology companies with revenue >= $25M,K-Means|Selection-aware Silhouette leader,10001,10015,380,380,1.0,0.5362304836561548,0.4663972460359124
technology_revenue_25m,Technology companies with revenue >= $25M,K-Means|Selection-aware Silhouette leader,10001,10016,379,379,1.0,0.6861481048094922,0.5897208467264177
technology_revenue_25m,Technology companies with revenue >= $25M,K-Means|Selection-aware Silhouette leader,10001,10017,372,372,1.0,0.6624519930306395,0.5706997457807563
technology_revenue_25m,Technology companies with revenue >= $25M,K-Means|Selection-aware Silhouette leader,10001,10018,384,384,1.0,0.5480065384006794,0.44089971104976744
technology_revenue_25m,Technology companies with revenue >= $25M,K-Means|Selection-aware Silhouette leader,10001,10019,374,374,1.0,0.7344288165701395,0.6099118619416561
technology_revenue_25m,Technology companies with revenue >= $25M,K-Means|Selection-aware Silhouette leader,10002,10003,375,375,1.0,0.5165963206696003,0.47001613603585324
technology_revenue_25m,Technology companies with revenue >= $25M,K-Means|Selection-aware Silhouette leader,10002,10004,375,375,1.0,0.6542530304031599,0.5945294139743884
technology_revenue_25m,Technology companies with revenue >= $25M,K-Means|Selection-aware Silhouette leader,10002,10005,374,374,1.0,0.4687967599731044,0.3837645359973773
technology_revenue_25m,Technology companies with revenue >= $25M,K-Means|Selection-aware Silhouette leader,10002,10006,377,377,1.0,0.694121097303625,0.597630247392678
technology_revenue_25m,Technology companies with revenue >= $25M,K-Means|Selection-aware Silhouette leader,10002,10007,376,376,1.0,0.6735909855443132,0.5761974198281915
technology_revenue_25m,Technology companies with revenue >= $25M,K-Means|Selection-aware Silhouette leader,10002,10008,373,373,1.0,0.9035324786362081,0.8255651698386186
technology_revenue_25m,Technology companies with revenue >= $25M,K-Means|Selection-aware Silhouette leader,10002,10009,371,371,1.0,0.8903195964024333,0.8079599825951345
technology_revenue_25m,Technology companies with revenue >= $25M,K-Means|Selection-aware Silhouette leader,10002,10010,374,374,1.0,0.607470548382802,0.5545275681795575
technology_revenue_25m,Technology companies with revenue >= $25M,K-Means|Selection-aware Silhouette leader,10002,10011,374,374,1.0,0.9204082076380061,0.850717976613304
technology_revenue_25m,Technology companies with revenue >= $25M,K-Means|Selection-aware Silhouette leader,10002,10012,374,374,1.0,0.9262686677378039,0.8401456367282711
technology_revenue_25m,Technology companies with revenue >= $25M,K-Means|Selection-aware Silhouette leader,10002,10013,369,369,1.0,0.6864414749136039,0.5900322972875434
technology_revenue_25m,Technology companies with revenue >= $25M,K-Means|Selection-aware Silhouette leader,10002,10014,368,368,1.0,0.8605782002862553,0.7693672645622724
technology_revenue_25m,Technology companies with revenue >= $25M,K-Means|Selection-aware Silhouette leader,10002,10015,373,373,1.0,0.607471976925084,0.5411665661260135
technology_revenue_25m,Technology companies with revenue >= $25M,K-Means|Selection-aware Silhouette leader,10002,10016,371,371,1.0,0.46812021045177066,0.40014065162023993
technology_revenue_25m,Technology companies with revenue >= $25M,K-Means|Selection-aware Silhouette leader,10002,10017,375,375,1.0,1.0,1.0
technology_revenue_25m,Technology companies with revenue >= $25M,K-Means|Selection-aware Silhouette leader,10002,10018,370,370,1.0,0.5951730129309328,0.5375708619962805
technology_revenue_25m,Technology companies with revenue >= $25M,K-Means|Selection-aware Silhouette leader,10002,10019,372,372,1.0,0.5016368787034049,0.4011186225844004
technology_revenue_25m,Technology companies with revenue >= $25M,K-Means|Selection-aware Silhouette leader,10003,10004,367,367,1.0,0.8183871061692061,0.7430896181932679
technology_revenue_25m,Technology companies with revenue >= $25M,K-Means|Selection-aware Silhouette leader,10003,10005,373,373,1.0,0.7913969057103064,0.6993059977917152
technology_revenue_25m,Technology companies with revenue >= $25M,K-Means|Selection-aware Silhouette leader,10003,10006,373,373,1.0,0.5369875063843339,0.4738818441661403
technology_revenue_25m,Technology companies with revenue >= $25M,K-Means|Selection-aware Silhouette leader,10003,10007,371,371,1.0,0.5088953157278157,0.46911469028848557
technology_revenue_25m,Technology companies with revenue >= $25M,K-Means|Selection-aware Silhouette leader,10003,10008,381,381,1.0,0.6041678239659846,0.6024343080430254
technology_revenue_25m,Technology companies with revenue >= $25M,K-Means|Selection-aware Silhouette leader,10003,10009,376,376,1.0,0.6229889479308316,0.6290867201066569
technology_revenue_25m,Technology companies with revenue >= $25M,K-Means|Selection-aware Silhouette leader,10003,10010,376,376,1.0,0.9165104584820026,0.8408946367826822
technology_revenue_25m,Technology companies with revenue >= $25M,K-Means|Selection-aware Silhouette leader,10003,10011,380,380,1.0,0.5793979670415401,0.5579330298040381
technology_revenue_25m,Technology companies with revenue >= $25M,K-Means|Selection-aware Silhouette leader,10003,10012,374,374,1.0,0.5639721328780694,0.5259371222626062
technology_revenue_25m,Technology companies with revenue >= $25M,K-Means|Selection-aware Silhouette leader,10003,10013,374,374,1.0,0.5456320132323579,0.4895559086984326
technology_revenue_25m,Technology companies with revenue >= $25M,K-Means|Selection-aware Silhouette leader,10003,10014,374,374,1.0,0.6226313406133959,0.6249105707952995
technology_revenue_25m,Technology companies with revenue >= $25M,K-Means|Selection-aware Silhouette leader,10003,10015,376,376,1.0,0.8675859557660414,0.7950720490918495
technology_revenue_25m,Technology companies with revenue >= $25M,K-Means|Selection-aware Silhouette leader,10003,10016,372,372,1.0,0.8990695154364999,0.8513617341910493
technology_revenue_25m,Technology companies with revenue >= $25M,K-Means|Selection-aware Silhouette leader,10003,10017,375,375,1.0,0.545405179666564,0.5065329124181159
technology_revenue_25m,Technology companies with revenue >= $25M,K-Means|Selection-aware Silhouette leader,10003,10018,386,386,1.0,0.8921225581585278,0.8315178650651848
technology_revenue_25m,Technology companies with revenue >= $25M,K-Means|Selection-aware Silhouette leader,10003,10019,378,378,1.0,0.8000112569728995,0.7132571836627656
technology_revenue_25m,Technology companies with revenue >= $25M,K-Means|Selection-aware Silhouette leader,10004,10005,373,373,1.0,0.8092318309258498,0.714191575009396
technology_revenue_25m,Technology companies with revenue >= $25M,K-Means|Selection-aware Silhouette leader,10004,10006,370,370,1.0,0.585626349699428,0.5103457815704907
technology_revenue_25m,Technology companies with revenue >= $25M,K-Means|Selection-aware Silhouette leader,10004,10007,374,374,1.0,0.5535200315469576,0.4843960935084904
technology_revenue_25m,Technology companies with revenue >= $25M,K-Means|Selection-aware Silhouette leader,10004,10008,380,380,1.0,0.7289845039388908,0.7168370577629392
technology_revenue_25m,Technology companies with revenue >= $25M,K-Means|Selection-aware Silhouette leader,10004,10009,375,375,1.0,0.7254393079186442,0.7010367849518944
technology_revenue_25m,Technology companies with revenue >= $25M,K-Means|Selection-aware Silhouette leader,10004,10010,377,377,1.0,0.916939276256618,0.8698061593788912
technology_revenue_25m,Technology companies with revenue >= $25M,K-Means|Selection-aware Silhouette leader,10004,10011,375,375,1.0,0.7612745289435162,0.7388876606800837
technology_revenue_25m,Technology companies with revenue >= $25M,K-Means|Selection-aware Silhouette leader,10004,10012,377,377,1.0,0.7555428133291714,0.7344599746128413
technology_revenue_25m,Technology companies with revenue >= $25M,K-Means|Selection-aware Silhouette leader,10004,10013,380,380,1.0,0.5547693695448991,0.490515441453063
technology_revenue_25m,Technology companies with revenue >= $25M,K-Means|Selection-aware Silhouette leader,10004,10014,375,375,1.0,0.7092072997790007,0.6668889341710963
technology_revenue_25m,Technology companies with revenue >= $25M,K-Means|Selection-aware Silhouette leader,10004,10015,378,378,1.0,0.9721666892600905,0.950270607151611
technology_revenue_25m,Technology companies with revenue >= $25M,K-Means|Selection-aware Silhouette leader,10004,10016,372,372,1.0,0.8060195642884408,0.7176725484902556
technology_revenue_25m,Technology companies with revenue >= $25M,K-Means|Selection-aware Silhouette leader,10004,10017,374,374,1.0,0.7105838824773762,0.6621366624152154
technology_revenue_25m,Technology companies with revenue >= $25M,K-Means|Selection-aware Silhouette leader,10004,10018,377,377,1.0,0.9285150351346125,0.8674790425062564
technology_revenue_25m,Technology companies with revenue >= $25M,K-Means|Selection-aware Silhouette leader,10004,10019,384,384,1.0,0.8220917665938753,0.72503302342059
technology_revenue_25m,Technology companies with revenue >= $25M,K-Means|Selection-aware Silhouette leader,10005,10006,378,378,1.0,0.6809824713075024,0.6025546928974334
technology_revenue_25m,Technology companies with revenue >= $25M,K-Means|Selection-aware Silhouette leader,10005,10007,379,379,1.0,0.7134899486577869,0.6840605545499141
technology_revenue_25m,Technology companies with revenue >= $25M,K-Means|Selection-aware Silhouette leader,10005,10008,371,371,1.0,0.5587475740727983,0.47421614200723944
technology_revenue_25m,Technology companies with revenue >= $25M,K-Means|Selection-aware Silhouette leader,10005,10009,381,381,1.0,0.5463595226240968,0.47003012176680886
technology_revenue_25m,Technology companies with revenue >= $25M,K-Means|Selection-aware Silhouette leader,10005,10010,377,377,1.0,0.8311210303629851,0.7508905211485848
technology_revenue_25m,Technology companies with revenue >= $25M,K-Means|Selection-aware Silhouette leader,10005,10011,375,375,1.0,0.552144824049275,0.4552341999418662
technology_revenue_25m,Technology companies with revenue >= $25M,K-Means|Selection-aware Silhouette leader,10005,10012,373,373,1.0,0.5045487228763796,0.40812410442131675
technology_revenue_25m,Technology companies with revenue >= $25M,K-Means|Selection-aware Silhouette leader,10005,10013,376,376,1.0,0.715515928098121,0.6626917000361212
technology_revenue_25m,Technology companies with revenue >= $25M,K-Means|Selection-aware Silhouette leader,10005,10014,377,377,1.0,0.5667032491568392,0.47954060705075413
technology_revenue_25m,Technology companies with revenue >= $25M,K-Means|Selection-aware Silhouette leader,10005,10015,367,367,1.0,0.7773579389616513,0.6793734454293675
technology_revenue_25m,Technology companies with revenue >= $25M,K-Means|Selection-aware Silhouette leader,10005,10016,372,372,1.0,0.9323984091910216,0.8718680704662448
technology_revenue_25m,Technology companies with revenue >= $25M,K-Means|Selection-aware Silhouette leader,10005,10017,385,385,1.0,0.4777216107078851,0.3908752036672221
technology_revenue_25m,Technology companies with revenue >= $25M,K-Means|Selection-aware Silhouette leader,10005,10018,375,375,1.0,0.8432937511303161,0.796614824178889
technology_revenue_25m,Technology companies with revenue >= $25M,K-Means|Selection-aware Silhouette leader,10005,10019,378,378,1.0,0.9626777980382837,0.9324015182000921
technology_revenue_25m,Technology companies with revenue >= $25M,K-Means|Selection-aware Silhouette leader,10006,10007,376,376,1.0,0.974919470640742,0.9337999266719457
technology_revenue_25m,Technology companies with revenue >= $25M,K-Means|Selection-aware Silhouette leader,10006,10008,374,374,1.0,0.8164752268154553,0.7241757512839855
technology_revenue_25m,Technology companies with revenue >= $25M,K-Means|Selection-aware Silhouette leader,10006,10009,382,382,1.0,0.7742161438539247,0.6790866262071442
technology_revenue_25m,Technology companies with revenue >= $25M,K-Means|Selection-aware Silhouette leader,10006,10010,377,377,1.0,0.5930102200225362,0.5281258243097217
technology_revenue_25m,Technology companies with revenue >= $25M,K-Means|Selection-aware Silhouette leader,10006,10011,374,374,1.0,0.7653833258243582,0.6733622396833331
technology_revenue_25m,Technology companies with revenue >= $25M,K-Means|Selection-aware Silhouette leader,10006,10012,370,370,1.0,0.7580617429672833,0.6553599015683752
technology_revenue_25m,Technology companies with revenue >= $25M,K-Means|Selection-aware Silhouette leader,10006,10013,376,376,1.0,0.9756297203725999,0.943372898811366
technology_revenue_25m,Technology companies with revenue >= $25M,K-Means|Selection-aware Silhouette leader,10006,10014,380,380,1.0,0.8442650574876425,0.7564884877365602
technology_revenue_25m,Technology companies with revenue >= $25M,K-Means|Selection-aware Silhouette leader,10006,10015,375,375,1.0,0.546196602685139,0.48860066643633915
technology_revenue_25m,Technology companies with revenue >= $25M,K-Means|Selection-aware Silhouette leader,10006,10016,379,379,1.0,0.6640922226131449,0.6012605884932578
technology_revenue_25m,Technology companies with revenue >= $25M,K-Means|Selection-aware Silhouette leader,10006,10017,374,374,1.0,0.6730490681721529,0.5795201358272918
technology_revenue_25m,Technology companies with revenue >= $25M,K-Means|Selection-aware Silhouette leader,10006,10018,376,376,1.0,0.5683032780889913,0.4734410614350203
technology_revenue_25m,Technology companies with revenue >= $25M,K-Means|Selection-aware Silhouette leader,10006,10019,372,372,1.0,0.706151984271068,0.6067754627702698
technology_revenue_25m,Technology companies with revenue >= $25M,K-Means|Selection-aware Silhouette leader,10007,10008,375,375,1.0,0.80721019837019,0.7100533283925234
technology_revenue_25m,Technology companies with revenue >= $25M,K-Means|Selection-aware Silhouette leader,10007,10009,368,368,1.0,0.7826489535356548,0.6850182437179001
technology_revenue_25m,Technology companies with revenue >= $25M,K-Means|Selection-aware Silhouette leader,10007,10010,368,368,1.0,0.5436984682723228,0.4872785708181175
technology_revenue_25m,Technology companies with revenue >= $25M,K-Means|Selection-aware Silhouette leader,10007,10011,369,369,1.0,0.7624546922980037,0.6654081761379317
technology_revenue_25m,Technology companies with revenue >= $25M,K-Means|Selection-aware Silhouette leader,10007,10012,383,383,1.0,0.7281491056142525,0.6251538405687929
technology_revenue_25m,Technology companies with revenue >= $25M,K-Means|Selection-aware Silhouette leader,10007,10013,380,380,1.0,0.98782627475088,0.968007014106471
technology_revenue_25m,Technology companies with revenue >= $25M,K-Means|Selection-aware Silhouette leader,10007,10014,373,373,1.0,0.8168250417928392,0.7200633864514818
technology_revenue_25m,Technology companies with revenue >= $25M,K-Means|Selection-aware Silhouette leader,10007,10015,377,377,1.0,0.49695682669843466,0.46026925431962107
technology_revenue_25m,Technology companies with revenue >= $25M,K-Means|Selection-aware Silhouette leader,10007,10016,372,372,1.0,0.6619801444147,0.6169749466616362
technology_revenue_25m,Technology companies with revenue >= $25M,K-Means|Selection-aware Silhouette leader,10007,10017,382,382,1.0,0.6684748969146078,0.5719608445343951
technology_revenue_25m,Technology companies with revenue >= $25M,K-Means|Selection-aware Silhouette leader,10007,10018,370,370,1.0,0.5317262692582087,0.46502527016771233
technology_revenue_25m,Technology companies with revenue >= $25M,K-Means|Selection-aware Silhouette leader,10007,10019,373,373,1.0,0.7106669013725743,0.6428322300530153
technology_revenue_25m,Technology companies with revenue >= $25M,K-Means|Selection-aware Silhouette leader,10008,10009,376,376,1.0,0.9868498642261352,0.9651651359799466
technology_revenue_25m,Technology companies with revenue >= $25M,K-Means|Selection-aware Silhouette leader,10008,10010,376,376,1.0,0.6866302088850771,0.6814590786041226
technology_revenue_25m,Technology companies with revenue >= $25M,K-Means|Selection-aware Silhouette leader,10008,10011,374,374,1.0,0.9869118354652896,0.9653922056245813
technology_revenue_25m,Technology companies with revenue >= $25M,K-Means|Selection-aware Silhouette leader,10008,10012,377,377,1.0,0.9711805576895459,0.9322831442595995
technology_revenue_25m,Technology companies with revenue >= $25M,K-Means|Selection-aware Silhouette leader,10008,10013,372,372,1.0,0.7790089951281668,0.6835936644804856
technology_revenue_25m,Technology companies with revenue >= $25M,K-Means|Selection-aware Silhouette leader,10008,10014,373,373,1.0,0.9733543367004572,0.9375341757513641
technology_revenue_25m,Technology companies with revenue >= $25M,K-Means|Selection-aware Silhouette leader,10008,10015,376,376,1.0,0.6984724770115008,0.6956578369209171
technology_revenue_25m,Technology companies with revenue >= $25M,K-Means|Selection-aware Silhouette leader,10008,10016,376,376,1.0,0.5635394575336569,0.4979487333884109
technology_revenue_25m,Technology companies with revenue >= $25M,K-Means|Selection-aware Silhouette leader,10008,10017,385,385,1.0,0.9201189922785524,0.8492681453040518
technology_revenue_25m,Technology companies with revenue >= $25M,K-Means|Selection-aware Silhouette leader,10008,10018,379,379,1.0,0.6831224398038714,0.6854576666547474
technology_revenue_25m,Technology companies with revenue >= $25M,K-Means|Selection-aware Silhouette leader,10008,10019,380,380,1.0,0.6268097986824518,0.5267027202613741
technology_revenue_25m,Technology companies with revenue >= $25M,K-Means|Selection-aware Silhouette leader,10009,10010,377,377,1.0,0.6960405041196965,0.6970589528012598
technology_revenue_25m,Technology companies with revenue >= $25M,K-Means|Selection-aware Silhouette leader,10009,10011,371,371,1.0,0.9734888630811239,0.9379521990983188
technology_revenue_25m,Technology companies with revenue >= $25M,K-Means|Selection-aware Silhouette leader,10009,10012,381,381,1.0,0.957753988249666,0.9080066248247322
technology_revenue_25m,Technology companies with revenue >= $25M,K-Means|Selection-aware Silhouette leader,10009,10013,372,372,1.0,0.7666669214648859,0.6706353384384733
technology_revenue_25m,Technology companies with revenue >= $25M,K-Means|Selection-aware Silhouette leader,10009,10014,374,374,1.0,0.9863795277160079,0.96388291291587
technology_revenue_25m,Technology companies with revenue >= $25M,K-Means|Selection-aware Silhouette leader,10009,10015,375,375,1.0,0.69322315627736,0.6670796576624797
technology_revenue_25m,Technology companies with revenue >= $25M,K-Means|Selection-aware Silhouette leader,10009,10016,378,378,1.0,0.5790875672741486,0.5210714425101376
technology_revenue_25m,Technology companies with revenue >= $25M,K-Means|Selection-aware Silhouette leader,10009,10017,377,377,1.0,0.931680015187498,0.8664165157049702
technology_revenue_25m,Technology companies with revenue >= $25M,K-Means|Selection-aware Silhouette leader,10009,10018,375,375,1.0,0.6859872730285659,0.6641371783532597
technology_revenue_25m,Technology companies with revenue >= $25M,K-Means|Selection-aware Silhouette leader,10009,10019,375,375,1.0,0.6092295445951313,0.5167790469966542
technology_revenue_25m,Technology companies with revenue >= $25M,K-Means|Selection-aware Silhouette leader,10010,10011,380,380,1.0,0.726351726002079,0.6999026635018415
technology_revenue_25m,Technology companies with revenue >= $25M,K-Means|Selection-aware Silhouette leader,10010,10012,384,384,1.0,0.6818161250584607,0.6437655059549857
technology_revenue_25m,Technology companies with revenue >= $25M,K-Means|Selection-aware Silhouette leader,10010,10013,376,376,1.0,0.588163702284091,0.5246195817452153
technology_revenue_25m,Technology companies with revenue >= $25M,K-Means|Selection-aware Silhouette leader,10010,10014,375,375,1.0,0.7025055979107424,0.7125547374451752
technology_revenue_25m,Technology companies with revenue >= $25M,K-Means|Selection-aware Silhouette leader,10010,10015,377,377,1.0,0.9438231704730933,0.9017186576496027
technology_revenue_25m,Technology companies with revenue >= $25M,K-Means|Selection-aware Silhouette leader,10010,10016,373,373,1.0,0.8950919058719032,0.8290190727308453
technology_revenue_25m,Technology companies with revenue >= $25M,K-Means|Selection-aware Silhouette leader,10010,10017,373,373,1.0,0.6357719685842099,0.5983292978533423
technology_revenue_25m,Technology companies with revenue >= $25M,K-Means|Selection-aware Silhouette leader,10010,10018,379,379,1.0,0.970251478930228,0.9123384150411845
technology_revenue_25m,Technology companies with revenue >= $25M,K-Means|Selection-aware Silhouette leader,10010,10019,375,375,1.0,0.8459267845544951,0.7455128346520703
technology_revenue_25m,Technology companies with revenue >= $25M,K-Means|Selection-aware Silhouette leader,10011,10012,374,374,1.0,0.9862595311495655,0.9635523742957964
technology_revenue_25m,Technology companies with revenue >= $25M,K-Means|Selection-aware Silhouette leader,10011,10013,370,370,1.0,0.7627089077793365,0.6705451502533388
technology_revenue_25m,Technology companies with revenue >= $25M,K-Means|Selection-aware Silhouette leader,10011,10014,375,375,1.0,0.949056019653566,0.8958714829984652
technology_revenue_25m,Technology companies with revenue >= $25M,K-Means|Selection-aware Silhouette leader,10011,10015,371,371,1.0,0.7144982688149465,0.7002688312362284
technology_revenue_25m,Technology companies with revenue >= $25M,K-Means|Selection-aware Silhouette leader,10011,10016,377,377,1.0,0.5717640612377994,0.48909893569105645
technology_revenue_25m,Technology companies with revenue >= $25M,K-Means|Selection-aware Silhouette leader,10011,10017,374,374,1.0,0.9466416253196621,0.8907529983236757
technology_revenue_25m,Technology companies with revenue >= $25M,K-Means|Selection-aware Silhouette leader,10011,10018,380,380,1.0,0.6859959884467135,0.6461493084800228
technology_revenue_25m,Technology companies with revenue >= $25M,K-Means|Selection-aware Silhouette leader,10011,10019,376,376,1.0,0.6075481842510774,0.49393834648320667
technology_revenue_25m,Technology companies with revenue >= $25M,K-Means|Selection-aware Silhouette leader,10012,10013,379,379,1.0,0.7318302002810962,0.6304916727717844
technology_revenue_25m,Technology companies with revenue >= $25M,K-Means|Selection-aware Silhouette leader,10012,10014,372,372,1.0,0.9417239653041,0.8810722204959731
technology_revenue_25m,Technology companies with revenue >= $25M,K-Means|Selection-aware Silhouette leader,10012,10015,369,369,1.0,0.695882926289946,0.7066244616745965
technology_revenue_25m,Technology companies with revenue >= $25M,K-Means|Selection-aware Silhouette leader,10012,10016,370,370,1.0,0.5369285063199136,0.4518168250380293
technology_revenue_25m,Technology companies with revenue >= $25M,K-Means|Selection-aware Silhouette leader,10012,10017,376,376,1.0,0.9556137885635436,0.8911085039599659
technology_revenue_25m,Technology companies with revenue >= $25M,K-Means|Selection-aware Silhouette leader,10012,10018,372,372,1.0,0.6764151570617759,0.6599060989966071
technology_revenue_25m,Technology companies with revenue >= $25M,K-Means|Selection-aware Silhouette leader,10012,10019,378,378,1.0,0.5518681083524276,0.4336086150439769
technology_revenue_25m,Technology companies with revenue >= $25M,K-Means|Selection-aware Silhouette leader,10013,10014,376,376,1.0,0.7924554895852582,0.6975081968639265
technology_revenue_25m,Technology companies with revenue >= $25M,K-Means|Selection-aware Silhouette leader,10013,10015,379,379,1.0,0.5162721127838171,0.4689630497820502
technology_revenue_25m,Technology companies with revenue >= $25M,K-Means|Selection-aware Silhouette leader,10013,10016,372,372,1.0,0.6809691157780926,0.6149657241649685
technology_revenue_25m,Technology companies with revenue >= $25M,K-Means|Selection-aware Silhouette leader,10013,10017,382,382,1.0,0.6753909967826801,0.5840858240465987
technology_revenue_25m,Technology companies with revenue >= $25M,K-Means|Selection-aware Silhouette leader,10013,10018,373,373,1.0,0.5426584879618679,0.4543034302363297
technology_revenue_25m,Technology companies with revenue >= $25M,K-Means|Selection-aware Silhouette leader,10013,10019,382,382,1.0,0.7140802635359645,0.622650018983539
technology_revenue_25m,Technology companies with revenue >= $25M,K-Means|Selection-aware Silhouette leader,10014,10015,373,373,1.0,0.6810082302323759,0.6489023642650485
technology_revenue_25m,Technology companies with revenue >= $25M,K-Means|Selection-aware Silhouette leader,10014,10016,380,380,1.0,0.5922744546309339,0.514521380637845
technology_revenue_25m,Technology companies with revenue >= $25M,K-Means|Selection-aware Silhouette leader,10014,10017,378,378,1.0,0.9031602020714194,0.8245095234706066
technology_revenue_25m,Technology companies with revenue >= $25M,K-Means|Selection-aware Silhouette leader,10014,10018,369,369,1.0,0.6920072720464344,0.6608085094251474
technology_revenue_25m,Technology companies with revenue >= $25M,K-Means|Selection-aware Silhouette leader,10014,10019,384,384,1.0,0.6236357115047187,0.5101788833704296
technology_revenue_25m,Technology companies with revenue >= $25M,K-Means|Selection-aware Silhouette leader,10015,10016,383,383,1.0,0.822180983776384,0.7349101078729089
technology_revenue_25m,Technology companies with revenue >= $25M,K-Means|Selection-aware Silhouette leader,10015,10017,374,374,1.0,0.6438228460251121,0.5930246086718713
technology_revenue_25m,Technology companies with revenue >= $25M,K-Means|Selection-aware Silhouette leader,10015,10018,384,384,1.0,0.9144701742942034,0.8327538792244151
technology_revenue_25m,Technology companies with revenue >= $25M,K-Means|Selection-aware Silhouette leader,10015,10019,377,377,1.0,0.8118523529605502,0.6955821705558249
technology_revenue_25m,Technology companies with revenue >= $25M,K-Means|Selection-aware Silhouette leader,10016,10017,382,382,1.0,0.4895003694058008,0.42107385290844557
technology_revenue_25m,Technology companies with revenue >= $25M,K-Means|Selection-aware Silhouette leader,10016,10018,381,381,1.0,0.8540512693135713,0.7997758557657978
technology_revenue_25m,Technology companies with revenue >= $25M,K-Means|Selection-aware Silhouette leader,10016,10019,377,377,1.0,0.960774468085795,0.9160593308859626
technology_revenue_25m,Technology companies with revenue >= $25M,K-Means|Selection-aware Silhouette leader,10017,10018,377,377,1.0,0.647100643060759,0.5949626295756312
technology_revenue_25m,Technology companies with revenue >= $25M,K-Means|Selection-aware Silhouette leader,10017,10019,376,376,1.0,0.5221575376230034,0.41836407866957115
technology_revenue_25m,Technology companies with revenue >= $25M,K-Means|Selection-aware Silhouette leader,10018,10019,371,371,1.0,0.8597832093281842,0.8148140060742376
technology_revenue_25m,Technology companies with revenue >= $25M,Agglomerative|Selection-aware Silhouette leader,10000,10001,376,376,1.0,0.35971023523216133,0.24804774487130074
technology_revenue_25m,Technology companies with revenue >= $25M,Agglomerative|Selection-aware Silhouette leader,10000,10002,376,376,1.0,0.5712377415045776,0.46917395400345097
technology_revenue_25m,Technology companies with revenue >= $25M,Agglomerative|Selection-aware Silhouette leader,10000,10003,378,378,1.0,0.6951803164569806,0.5816957843979285
technology_revenue_25m,Technology companies with revenue >= $25M,Agglomerative|Selection-aware Silhouette leader,10000,10004,373,373,1.0,0.8164605030738438,0.7128522285642832
technology_revenue_25m,Technology companies with revenue >= $25M,Agglomerative|Selection-aware Silhouette leader,10000,10005,375,375,1.0,0.5817649768278833,0.433171157175821
technology_revenue_25m,Technology companies with revenue >= $25M,Agglomerative|Selection-aware Silhouette leader,10000,10006,378,378,1.0,0.3923355246646551,0.2668989843400768
technology_revenue_25m,Technology companies with revenue >= $25M,Agglomerative|Selection-aware Silhouette leader,10000,10007,376,376,1.0,0.7886746902675418,0.6778502223275232
technology_revenue_25m,Technology companies with revenue >= $25M,Agglomerative|Selection-aware Silhouette leader,10000,10008,382,382,1.0,0.5737650126792633,0.49697629746341443
technology_revenue_25m,Technology companies with revenue >= $25M,Agglomerative|Selection-aware Silhouette leader,10000,10009,372,372,1.0,0.5564303869823106,0.44140877179749094
technology_revenue_25m,Technology companies with revenue >= $25M,Agglomerative|Selection-aware Silhouette leader,10000,10010,379,379,1.0,0.7048036174186865,0.5457265144831477
technology_revenue_25m,Technology companies with revenue >= $25M,Agglomerative|Selection-aware Silhouette leader,10000,10011,370,370,1.0,0.5640318212329956,0.39255746452419565
technology_revenue_25m,Technology companies with revenue >= $25M,Agglomerative|Selection-aware Silhouette leader,10000,10012,381,381,1.0,0.6838317084857135,0.5172402426190662
technology_revenue_25m,Technology companies with revenue >= $25M,Agglomerative|Selection-aware Silhouette leader,10000,10013,380,380,1.0,0.6768083085713712,0.5637081247135175
technology_revenue_25m,Technology companies with revenue >= $25M,Agglomerative|Selection-aware Silhouette leader,10000,10014,373,373,1.0,0.7913434941484134,0.6440597087885904
technology_revenue_25m,Technology companies with revenue >= $25M,Agglomerative|Selection-aware Silhouette leader,10000,10015,381,381,1.0,0.6418473321905506,0.5251347540483202
technology_revenue_25m,Technology companies with revenue >= $25M,Agglomerative|Selection-aware Silhouette leader,10000,10016,379,379,1.0,0.4716877519439857,0.37556262989278505
technology_revenue_25m,Technology companies with revenue >= $25M,Agglomerative|Selection-aware Silhouette leader,10000,10017,378,378,1.0,0.3784639471409601,0.33038598071247155
technology_revenue_25m,Technology companies with revenue >= $25M,Agglomerative|Selection-aware Silhouette leader,10000,10018,384,384,1.0,0.566076943952635,0.45585050851174674
technology_revenue_25m,Technology companies with revenue >= $25M,Agglomerative|Selection-aware Silhouette leader,10000,10019,374,374,1.0,0.640248680721838,0.5138667285886168
technology_revenue_25m,Technology companies with revenue >= $25M,Agglomerative|Selection-aware Silhouette leader,10001,10002,374,374,1.0,0.17279724668467805,0.20408353074176044
technology_revenue_25m,Technology companies with revenue >= $25M,Agglomerative|Selection-aware Silhouette leader,10001,10003,380,380,1.0,0.22940657917588617,0.19594415464728515
technology_revenue_25m,Technology companies with revenue >= $25M,Agglomerative|Selection-aware Silhouette leader,10001,10004,374,374,1.0,0.31787362669663577,0.24525573167734813
technology_revenue_25m,Technology companies with revenue >= $25M,Agglomerative|Selection-aware Silhouette leader,10001,10005,374,374,1.0,0.626437750943304,0.5455709328783467
technology_revenue_25m,Technology companies with revenue >= $25M,Agglomerative|Selection-aware Silhouette leader,10001,10006,372,372,1.0,0.8353671669563024,0.766982729259361
technology_revenue_25m,Technology companies with revenue >= $25M,Agglomerative|Selection-aware Silhouette leader,10001,10007,373,373,1.0,0.2279223823102685,0.22442040106270245
technology_revenue_25m,Technology companies with revenue >= $25M,Agglomerative|Selection-aware Silhouette leader,10001,10008,376,376,1.0,0.564154393741771,0.4364313240978752
technology_revenue_25m,Technology companies with revenue >= $25M,Agglomerative|Selection-aware Silhouette leader,10001,10009,377,377,1.0,0.6143162928826785,0.5228302326016028
technology_revenue_25m,Technology companies with revenue >= $25M,Agglomerative|Selection-aware Silhouette leader,10001,10010,367,367,1.0,0.563978223850175,0.4853226167543362
technology_revenue_25m,Technology companies with revenue >= $25M,Agglomerative|Selection-aware Silhouette leader,10001,10011,377,377,1.0,0.7447365874157664,0.6733492904604127
technology_revenue_25m,Technology companies with revenue >= $25M,Agglomerative|Selection-aware Silhouette leader,10001,10012,375,375,1.0,0.5773894526759222,0.4783884359441225
technology_revenue_25m,Technology companies with revenue >= $25M,Agglomerative|Selection-aware Silhouette leader,10001,10013,372,372,1.0,0.2215302179729793,0.24217646198226744
technology_revenue_25m,Technology companies with revenue >= $25M,Agglomerative|Selection-aware Silhouette leader,10001,10014,376,376,1.0,0.34876465070013657,0.2621487773131651
technology_revenue_25m,Technology companies with revenue >= $25M,Agglomerative|Selection-aware Silhouette leader,10001,10015,380,380,1.0,0.45423464769492566,0.4156806786110373
technology_revenue_25m,Technology companies with revenue >= $25M,Agglomerative|Selection-aware Silhouette leader,10001,10016,379,379,1.0,0.7634724819785491,0.6601933798525742
technology_revenue_25m,Technology companies with revenue >= $25M,Agglomerative|Selection-aware Silhouette leader,10001,10017,372,372,1.0,0.7223576132554248,0.6170720899601253
technology_revenue_25m,Technology companies with revenue >= $25M,Agglomerative|Selection-aware Silhouette leader,10001,10018,384,384,1.0,0.5926712194009156,0.4782961812315808
technology_revenue_25m,Technology companies with revenue >= $25M,Agglomerative|Selection-aware Silhouette leader,10001,10019,374,374,1.0,0.6129700489236491,0.5025791715706778
technology_revenue_25m,Technology companies with revenue >= $25M,Agglomerative|Selection-aware Silhouette leader,10002,10003,375,375,1.0,0.8483536534305681,0.745905883721734
technology_revenue_25m,Technology companies with revenue >= $25M,Agglomerative|Selection-aware Silhouette leader,10002,10004,375,375,1.0,0.6684217313954798,0.528452033975619
technology_revenue_25m,Technology companies with revenue >= $25M,Agglomerative|Selection-aware Silhouette leader,10002,10005,374,374,1.0,0.36972376697439546,0.34571493097454703
technology_revenue_25m,Technology companies with revenue >= $25M,Agglomerative|Selection-aware Silhouette leader,10002,10006,377,377,1.0,0.23925666206976515,0.25311864831181047
technology_revenue_25m,Technology companies with revenue >= $25M,Agglomerative|Selection-aware Silhouette leader,10002,10007,376,376,1.0,0.7404779111099224,0.5919447734850956
technology_revenue_25m,Technology companies with revenue >= $25M,Agglomerative|Selection-aware Silhouette leader,10002,10008,373,373,1.0,0.32887891468607133,0.29810913096538766
technology_revenue_25m,Technology companies with revenue >= $25M,Agglomerative|Selection-aware Silhouette leader,10002,10009,371,371,1.0,0.3167894395973637,0.28875930258757476
technology_revenue_25m,Technology companies with revenue >= $25M,Agglomerative|Selection-aware Silhouette leader,10002,10010,374,374,1.0,0.436843692890563,0.3682834750448578
technology_revenue_25m,Technology companies with revenue >= $25M,Agglomerative|Selection-aware Silhouette leader,10002,10011,374,374,1.0,0.34966305939888037,0.34374754652512884
technology_revenue_25m,Technology companies with revenue >= $25M,Agglomerative|Selection-aware Silhouette leader,10002,10012,374,374,1.0,0.42220127459351514,0.35637092123560316
technology_revenue_25m,Technology companies with revenue >= $25M,Agglomerative|Selection-aware Silhouette leader,10002,10013,369,369,1.0,0.863615120274914,0.7652221288834309
technology_revenue_25m,Technology companies with revenue >= $25M,Agglomerative|Selection-aware Silhouette leader,10002,10014,368,368,1.0,0.668117484466044,0.5556017116081484
technology_revenue_25m,Technology companies with revenue >= $25M,Agglomerative|Selection-aware Silhouette leader,10002,10015,373,373,1.0,0.5211738165524086,0.4987221914692527
technology_revenue_25m,Technology companies with revenue >= $25M,Agglomerative|Selection-aware Silhouette leader,10002,10016,371,371,1.0,0.23561895618738846,0.23815319289850198
technology_revenue_25m,Technology companies with revenue >= $25M,Agglomerative|Selection-aware Silhouette leader,10002,10017,375,375,1.0,0.1974497315012122,0.22156869648826982
technology_revenue_25m,Technology companies with revenue >= $25M,Agglomerative|Selection-aware Silhouette leader,10002,10018,370,370,1.0,0.3139776863360885,0.2965955317947193
technology_revenue_25m,Technology companies with revenue >= $25M,Agglomerative|Selection-aware Silhouette leader,10002,10019,372,372,1.0,0.335132486980613,0.312513169054976
technology_revenue_25m,Technology companies with revenue >= $25M,Agglomerative|Selection-aware Silhouette leader,10003,10004,367,367,1.0,0.8535839091546622,0.7296005283572202
technology_revenue_25m,Technology companies with revenue >= $25M,Agglomerative|Selection-aware Silhouette leader,10003,10005,373,373,1.0,0.4216192563973371,0.3877497984273688
technology_revenue_25m,Technology companies with revenue >= $25M,Agglomerative|Selection-aware Silhouette leader,10003,10006,373,373,1.0,0.2642917601699157,0.21064838607217398
technology_revenue_25m,Technology companies with revenue >= $25M,Agglomerative|Selection-aware Silhouette leader,10003,10007,371,371,1.0,0.7637749471714065,0.6012954246494308
technology_revenue_25m,Technology companies with revenue >= $25M,Agglomerative|Selection-aware Silhouette leader,10003,10008,381,381,1.0,0.4405042652902039,0.3814947676967208
technology_revenue_25m,Technology companies with revenue >= $25M,Agglomerative|Selection-aware Silhouette leader,10003,10009,376,376,1.0,0.3542572158694863,0.312607546269655
technology_revenue_25m,Technology companies with revenue >= $25M,Agglomerative|Selection-aware Silhouette leader,10003,10010,376,376,1.0,0.506388079146351,0.42698217393122756
technology_revenue_25m,Technology companies with revenue >= $25M,Agglomerative|Selection-aware Silhouette leader,10003,10011,380,380,1.0,0.39627478183475756,0.3130074573235542
technology_revenue_25m,Technology companies with revenue >= $25M,Agglomerative|Selection-aware Silhouette leader,10003,10012,374,374,1.0,0.41054077047996695,0.27878692080206696
technology_revenue_25m,Technology companies with revenue >= $25M,Agglomerative|Selection-aware Silhouette leader,10003,10013,374,374,1.0,0.8448860835145512,0.6979280234224551
technology_revenue_25m,Technology companies with revenue >= $25M,Agglomerative|Selection-aware Silhouette leader,10003,10014,374,374,1.0,0.8440549273809013,0.718615716512385
technology_revenue_25m,Technology companies with revenue >= $25M,Agglomerative|Selection-aware Silhouette leader,10003,10015,376,376,1.0,0.6253665862828871,0.6243948484456219
technology_revenue_25m,Technology companies with revenue >= $25M,Agglomerative|Selection-aware Silhouette leader,10003,10016,372,372,1.0,0.27332236210531824,0.26988368506289195
technology_revenue_25m,Technology companies with revenue >= $25M,Agglomerative|Selection-aware Silhouette leader,10003,10017,375,375,1.0,0.23954394124874728,0.24916512711354344
technology_revenue_25m,Technology companies with revenue >= $25M,Agglomerative|Selection-aware Silhouette leader,10003,10018,386,386,1.0,0.3498232422037253,0.3279007165933924
technology_revenue_25m,Technology companies with revenue >= $25M,Agglomerative|Selection-aware Silhouette leader,10003,10019,378,378,1.0,0.4259095433029387,0.38675163476321717
technology_revenue_25m,Technology companies with revenue >= $25M,Agglomerative|Selection-aware Silhouette leader,10004,10005,373,373,1.0,0.4901257285485472,0.37585478273689926
technology_revenue_25m,Technology companies with revenue >= $25M,Agglomerative|Selection-aware Silhouette leader,10004,10006,370,370,1.0,0.33348914763541765,0.25653497521376256
technology_revenue_25m,Technology companies with revenue >= $25M,Agglomerative|Selection-aware Silhouette leader,10004,10007,374,374,1.0,0.74913649214558,0.5627728727237555
technology_revenue_25m,Technology companies with revenue >= $25M,Agglomerative|Selection-aware Silhouette leader,10004,10008,380,380,1.0,0.4896211590472585,0.4308880657129858
technology_revenue_25m,Technology companies with revenue >= $25M,Agglomerative|Selection-aware Silhouette leader,10004,10009,375,375,1.0,0.4965091164648295,0.4313729266098488
technology_revenue_25m,Technology companies with revenue >= $25M,Agglomerative|Selection-aware Silhouette leader,10004,10010,377,377,1.0,0.6219019321771052,0.5041584382880682
technology_revenue_25m,Technology companies with revenue >= $25M,Agglomerative|Selection-aware Silhouette leader,10004,10011,375,375,1.0,0.5115376444997574,0.38188593916049585
technology_revenue_25m,Technology companies with revenue >= $25M,Agglomerative|Selection-aware Silhouette leader,10004,10012,377,377,1.0,0.5288426978066662,0.39547026763567267
technology_revenue_25m,Technology companies with revenue >= $25M,Agglomerative|Selection-aware Silhouette leader,10004,10013,380,380,1.0,0.7304076416694604,0.5406716402091721
technology_revenue_25m,Technology companies with revenue >= $25M,Agglomerative|Selection-aware Silhouette leader,10004,10014,375,375,1.0,0.9079744701160307,0.8104414682604002
technology_revenue_25m,Technology companies with revenue >= $25M,Agglomerative|Selection-aware Silhouette leader,10004,10015,378,378,1.0,0.667132889803299,0.5547387186490335
technology_revenue_25m,Technology companies with revenue >= $25M,Agglomerative|Selection-aware Silhouette leader,10004,10016,372,372,1.0,0.37484437432860085,0.2927905242428737
technology_revenue_25m,Technology companies with revenue >= $25M,Agglomerative|Selection-aware Silhouette leader,10004,10017,374,374,1.0,0.3033014739500632,0.2690749632895468
technology_revenue_25m,Technology companies with revenue >= $25M,Agglomerative|Selection-aware Silhouette leader,10004,10018,377,377,1.0,0.4318141617799411,0.3405435505326025
technology_revenue_25m,Technology companies with revenue >= $25M,Agglomerative|Selection-aware Silhouette leader,10004,10019,384,384,1.0,0.46603273660360317,0.3547580803705917
technology_revenue_25m,Technology companies with revenue >= $25M,Agglomerative|Selection-aware Silhouette leader,10005,10006,378,378,1.0,0.6987592411665383,0.5756719590800587
technology_revenue_25m,Technology companies with revenue >= $25M,Agglomerative|Selection-aware Silhouette leader,10005,10007,379,379,1.0,0.38540047471654215,0.3151827007252652
technology_revenue_25m,Technology companies with revenue >= $25M,Agglomerative|Selection-aware Silhouette leader,10005,10008,371,371,1.0,0.5609231146394812,0.4397444610912394
technology_revenue_25m,Technology companies with revenue >= $25M,Agglomerative|Selection-aware Silhouette leader,10005,10009,381,381,1.0,0.5566165113328918,0.45696091300264396
technology_revenue_25m,Technology companies with revenue >= $25M,Agglomerative|Selection-aware Silhouette leader,10005,10010,377,377,1.0,0.6906491397247055,0.572293827121877
technology_revenue_25m,Technology companies with revenue >= $25M,Agglomerative|Selection-aware Silhouette leader,10005,10011,375,375,1.0,0.9708285918750639,0.9134853508858161
technology_revenue_25m,Technology companies with revenue >= $25M,Agglomerative|Selection-aware Silhouette leader,10005,10012,373,373,1.0,0.5855102131703361,0.4156373578008409
technology_revenue_25m,Technology companies with revenue >= $25M,Agglomerative|Selection-aware Silhouette leader,10005,10013,376,376,1.0,0.40530533422111414,0.37107116117631544
technology_revenue_25m,Technology companies with revenue >= $25M,Agglomerative|Selection-aware Silhouette leader,10005,10014,377,377,1.0,0.5188626440373476,0.3710064883521945
technology_revenue_25m,Technology companies with revenue >= $25M,Agglomerative|Selection-aware Silhouette leader,10005,10015,367,367,1.0,0.7573969140855328,0.6961182232106207
technology_revenue_25m,Technology companies with revenue >= $25M,Agglomerative|Selection-aware Silhouette leader,10005,10016,372,372,1.0,0.8362501162438836,0.796921812409496
technology_revenue_25m,Technology companies with revenue >= $25M,Agglomerative|Selection-aware Silhouette leader,10005,10017,385,385,1.0,0.6150454457376695,0.5795677888675855
technology_revenue_25m,Technology companies with revenue >= $25M,Agglomerative|Selection-aware Silhouette leader,10005,10018,375,375,1.0,0.8173947030268586,0.7635904010856166
technology_revenue_25m,Technology companies with revenue >= $25M,Agglomerative|Selection-aware Silhouette leader,10005,10019,378,378,1.0,0.901200490755474,0.8284516456774891
technology_revenue_25m,Technology companies with revenue >= $25M,Agglomerative|Selection-aware Silhouette leader,10006,10007,376,376,1.0,0.2491667840094339,0.21655648602680308
technology_revenue_25m,Technology companies with revenue >= $25M,Agglomerative|Selection-aware Silhouette leader,10006,10008,374,374,1.0,0.5892773061549127,0.45911490348151657
technology_revenue_25m,Technology companies with revenue >= $25M,Agglomerative|Selection-aware Silhouette leader,10006,10009,382,382,1.0,0.6453699210461502,0.5438717849078287
technology_revenue_25m,Technology companies with revenue >= $25M,Agglomerative|Selection-aware Silhouette leader,10006,10010,377,377,1.0,0.635159543658615,0.5030631474946078
technology_revenue_25m,Technology companies with revenue >= $25M,Agglomerative|Selection-aware Silhouette leader,10006,10011,374,374,1.0,0.8233755103948258,0.7174693084787873
technology_revenue_25m,Technology companies with revenue >= $25M,Agglomerative|Selection-aware Silhouette leader,10006,10012,370,370,1.0,0.6246779142842067,0.4891186277378155
technology_revenue_25m,Technology companies with revenue >= $25M,Agglomerative|Selection-aware Silhouette leader,10006,10013,376,376,1.0,0.2795289299838383,0.27661924306674135
technology_revenue_25m,Technology companies with revenue >= $25M,Agglomerative|Selection-aware Silhouette leader,10006,10014,380,380,1.0,0.37889697193875654,0.26486571194968966
technology_revenue_25m,Technology companies with revenue >= $25M,Agglomerative|Selection-aware Silhouette leader,10006,10015,375,375,1.0,0.4966717792375758,0.42701195390928576
technology_revenue_25m,Technology companies with revenue >= $25M,Agglomerative|Selection-aware Silhouette leader,10006,10016,379,379,1.0,0.8158446059147223,0.700770017130504
technology_revenue_25m,Technology companies with revenue >= $25M,Agglomerative|Selection-aware Silhouette leader,10006,10017,374,374,1.0,0.6832627509137541,0.5829831814725533
technology_revenue_25m,Technology companies with revenue >= $25M,Agglomerative|Selection-aware Silhouette leader,10006,10018,376,376,1.0,0.6819119977316724,0.546917480750703
technology_revenue_25m,Technology companies with revenue >= $25M,Agglomerative|Selection-aware Silhouette leader,10006,10019,372,372,1.0,0.7064264422036088,0.5568889563017675
technology_revenue_25m,Technology companies with revenue >= $25M,Agglomerative|Selection-aware Silhouette leader,10007,10008,375,375,1.0,0.4137988354694242,0.36091773647406344
technology_revenue_25m,Technology companies with revenue >= $25M,Agglomerative|Selection-aware Silhouette leader,10007,10009,368,368,1.0,0.3843496228132808,0.29661263759567913
technology_revenue_25m,Technology companies with revenue >= $25M,Agglomerative|Selection-aware Silhouette leader,10007,10010,368,368,1.0,0.5075051657198304,0.36830664664417123
technology_revenue_25m,Technology companies with revenue >= $25M,Agglomerative|Selection-aware Silhouette leader,10007,10011,369,369,1.0,0.37497508397344675,0.3219466427511862
technology_revenue_25m,Technology companies with revenue >= $25M,Agglomerative|Selection-aware Silhouette leader,10007,10012,383,383,1.0,0.5494553161831246,0.460353737222978
technology_revenue_25m,Technology companies with revenue >= $25M,Agglomerative|Selection-aware Silhouette leader,10007,10013,380,380,1.0,0.8563206217091355,0.7304084079396231
technology_revenue_25m,Technology companies with revenue >= $25M,Agglomerative|Selection-aware Silhouette leader,10007,10014,373,373,1.0,0.7328925373967944,0.5455728634656386
technology_revenue_25m,Technology companies with revenue >= $25M,Agglomerative|Selection-aware Silhouette leader,10007,10015,377,377,1.0,0.5721336022101114,0.5445891208649034
technology_revenue_25m,Technology companies with revenue >= $25M,Agglomerative|Selection-aware Silhouette leader,10007,10016,372,372,1.0,0.3191849632004579,0.3079928826042859
technology_revenue_25m,Technology companies with revenue >= $25M,Agglomerative|Selection-aware Silhouette leader,10007,10017,382,382,1.0,0.26897945875677837,0.2743750043407595
technology_revenue_25m,Technology companies with revenue >= $25M,Agglomerative|Selection-aware Silhouette leader,10007,10018,370,370,1.0,0.4163227830694951,0.38332556961002634
technology_revenue_25m,Technology companies with revenue >= $25M,Agglomerative|Selection-aware Silhouette leader,10007,10019,373,373,1.0,0.4223972628242885,0.3820949409719589
technology_revenue_25m,Technology companies with revenue >= $25M,Agglomerative|Selection-aware Silhouette leader,10008,10009,376,376,1.0,0.750363281732163,0.5989011733625281
technology_revenue_25m,Technology companies with revenue >= $25M,Agglomerative|Selection-aware Silhouette leader,10008,10010,376,376,1.0,0.7841101634759847,0.6651526635135084
technology_revenue_25m,Technology companies with revenue >= $25M,Agglomerative|Selection-aware Silhouette leader,10008,10011,374,374,1.0,0.5633634149617153,0.4207596893780887
technology_revenue_25m,Technology companies with revenue >= $25M,Agglomerative|Selection-aware Silhouette leader,10008,10012,377,377,1.0,0.7255599830473763,0.5833320806257751
technology_revenue_25m,Technology companies with revenue >= $25M,Agglomerative|Selection-aware Silhouette leader,10008,10013,372,372,1.0,0.374108620687368,0.3330329765686889
technology_revenue_25m,Technology companies with revenue >= $25M,Agglomerative|Selection-aware Silhouette leader,10008,10014,373,373,1.0,0.5358109463977272,0.46643517123824885
technology_revenue_25m,Technology companies with revenue >= $25M,Agglomerative|Selection-aware Silhouette leader,10008,10015,376,376,1.0,0.38811530716698683,0.3082781177038762
technology_revenue_25m,Technology companies with revenue >= $25M,Agglomerative|Selection-aware Silhouette leader,10008,10016,376,376,1.0,0.6026101483476204,0.4477940959359527
technology_revenue_25m,Technology companies with revenue >= $25M,Agglomerative|Selection-aware Silhouette leader,10008,10017,385,385,1.0,0.7079931393509478,0.606243756868462
technology_revenue_25m,Technology companies with revenue >= $25M,Agglomerative|Selection-aware Silhouette leader,10008,10018,379,379,1.0,0.6275471066406426,0.4743836293733895
technology_revenue_25m,Technology companies with revenue >= $25M,Agglomerative|Selection-aware Silhouette leader,10008,10019,380,380,1.0,0.5499593524018389,0.38702014471135443
technology_revenue_25m,Technology companies with revenue >= $25M,Agglomerative|Selection-aware Silhouette leader,10009,10010,377,377,1.0,0.8377891049645452,0.7526475242185902
technology_revenue_25m,Technology companies with revenue >= $25M,Agglomerative|Selection-aware Silhouette leader,10009,10011,371,371,1.0,0.6289735766449759,0.5149225885856874
technology_revenue_25m,Technology companies with revenue >= $25M,Agglomerative|Selection-aware Silhouette leader,10009,10012,381,381,1.0,0.7948731951315671,0.6596103958615845
technology_revenue_25m,Technology companies with revenue >= $25M,Agglomerative|Selection-aware Silhouette leader,10009,10013,372,372,1.0,0.39512963936049916,0.34550094104962226
technology_revenue_25m,Technology companies with revenue >= $25M,Agglomerative|Selection-aware Silhouette leader,10009,10014,374,374,1.0,0.4832725599069375,0.38052333388228177
technology_revenue_25m,Technology companies with revenue >= $25M,Agglomerative|Selection-aware Silhouette leader,10009,10015,375,375,1.0,0.3392587761689929,0.27716145890172345
technology_revenue_25m,Technology companies with revenue >= $25M,Agglomerative|Selection-aware Silhouette leader,10009,10016,378,378,1.0,0.651489033653685,0.5249406116420529
technology_revenue_25m,Technology companies with revenue >= $25M,Agglomerative|Selection-aware Silhouette leader,10009,10017,377,377,1.0,0.6748469069474328,0.5620447482387034
technology_revenue_25m,Technology companies with revenue >= $25M,Agglomerative|Selection-aware Silhouette leader,10009,10018,375,375,1.0,0.5823102209642398,0.4282203102093114
technology_revenue_25m,Technology companies with revenue >= $25M,Agglomerative|Selection-aware Silhouette leader,10009,10019,375,375,1.0,0.6076853443757396,0.464562749347004
technology_revenue_25m,Technology companies with revenue >= $25M,Agglomerative|Selection-aware Silhouette leader,10010,10011,380,380,1.0,0.7190383443973994,0.5839576354132276
technology_revenue_25m,Technology companies with revenue >= $25M,Agglomerative|Selection-aware Silhouette leader,10010,10012,384,384,1.0,0.8542244597310651,0.723852959827834
technology_revenue_25m,Technology companies with revenue >= $25M,Agglomerative|Selection-aware Silhouette leader,10010,10013,376,376,1.0,0.49255799480764634,0.41542508212714824
technology_revenue_25m,Technology companies with revenue >= $25M,Agglomerative|Selection-aware Silhouette leader,10010,10014,375,375,1.0,0.6778071391439958,0.5782624845853429
technology_revenue_25m,Technology companies with revenue >= $25M,Agglomerative|Selection-aware Silhouette leader,10010,10015,377,377,1.0,0.48648301477685396,0.37232095220781386
technology_revenue_25m,Technology companies with revenue >= $25M,Agglomerative|Selection-aware Silhouette leader,10010,10016,373,373,1.0,0.681508085056865,0.5507466189719817
technology_revenue_25m,Technology companies with revenue >= $25M,Agglomerative|Selection-aware Silhouette leader,10010,10017,373,373,1.0,0.5284176303314664,0.45051343926008786
technology_revenue_25m,Technology companies with revenue >= $25M,Agglomerative|Selection-aware Silhouette leader,10010,10018,379,379,1.0,0.6642064995902259,0.5164259145059102
technology_revenue_25m,Technology companies with revenue >= $25M,Agglomerative|Selection-aware Silhouette leader,10010,10019,375,375,1.0,0.672229239506993,0.5024658343602564
technology_revenue_25m,Technology companies with revenue >= $25M,Agglomerative|Selection-aware Silhouette leader,10011,10012,374,374,1.0,0.6655350370451463,0.5283532432947418
technology_revenue_25m,Technology companies with revenue >= $25M,Agglomerative|Selection-aware Silhouette leader,10011,10013,370,370,1.0,0.4202845865322914,0.40266353808372335
technology_revenue_25m,Technology companies with revenue >= $25M,Agglomerative|Selection-aware Silhouette leader,10011,10014,375,375,1.0,0.5401513688229981,0.4014201020738178
technology_revenue_25m,Technology companies with revenue >= $25M,Agglomerative|Selection-aware Silhouette leader,10011,10015,371,371,1.0,0.717353812107409,0.6302022481232663
technology_revenue_25m,Technology companies with revenue >= $25M,Agglomerative|Selection-aware Silhouette leader,10011,10016,377,377,1.0,0.8743890155558441,0.792927225534831
technology_revenue_25m,Technology companies with revenue >= $25M,Agglomerative|Selection-aware Silhouette leader,10011,10017,374,374,1.0,0.6537816893939047,0.5951400554601318
technology_revenue_25m,Technology companies with revenue >= $25M,Agglomerative|Selection-aware Silhouette leader,10011,10018,380,380,1.0,0.8121010985294657,0.7071830771683034
technology_revenue_25m,Technology companies with revenue >= $25M,Agglomerative|Selection-aware Silhouette leader,10011,10019,376,376,1.0,0.9156851673796725,0.8117647025870749
technology_revenue_25m,Technology companies with revenue >= $25M,Agglomerative|Selection-aware Silhouette leader,10012,10013,379,379,1.0,0.4905600027830671,0.41108080695112914
technology_revenue_25m,Technology companies with revenue >= $25M,Agglomerative|Selection-aware Silhouette leader,10012,10014,372,372,1.0,0.5950980282498957,0.41899306844192685
technology_revenue_25m,Technology companies with revenue >= $25M,Agglomerative|Selection-aware Silhouette leader,10012,10015,369,369,1.0,0.45936076025264605,0.3093067847735996
technology_revenue_25m,Technology companies with revenue >= $25M,Agglomerative|Selection-aware Silhouette leader,10012,10016,370,370,1.0,0.7378572296080024,0.6208368975966649
technology_revenue_25m,Technology companies with revenue >= $25M,Agglomerative|Selection-aware Silhouette leader,10012,10017,376,376,1.0,0.5742385876694387,0.48244227417648455
technology_revenue_25m,Technology companies with revenue >= $25M,Agglomerative|Selection-aware Silhouette leader,10012,10018,372,372,1.0,0.6683257893693447,0.4949800302861923
technology_revenue_25m,Technology companies with revenue >= $25M,Agglomerative|Selection-aware Silhouette leader,10012,10019,378,378,1.0,0.6653152877079167,0.4833513149363538
technology_revenue_25m,Technology companies with revenue >= $25M,Agglomerative|Selection-aware Silhouette leader,10013,10014,376,376,1.0,0.7844319450571109,0.6457971075354553
technology_revenue_25m,Technology companies with revenue >= $25M,Agglomerative|Selection-aware Silhouette leader,10013,10015,379,379,1.0,0.6068425403745611,0.5727651093174163
technology_revenue_25m,Technology companies with revenue >= $25M,Agglomerative|Selection-aware Silhouette leader,10013,10016,372,372,1.0,0.294863668414572,0.2820130526680568
technology_revenue_25m,Technology companies with revenue >= $25M,Agglomerative|Selection-aware Silhouette leader,10013,10017,382,382,1.0,0.21890517411755098,0.2341946590624124
technology_revenue_25m,Technology companies with revenue >= $25M,Agglomerative|Selection-aware Silhouette leader,10013,10018,373,373,1.0,0.3820691687366234,0.35077115538363457
technology_revenue_25m,Technology companies with revenue >= $25M,Agglomerative|Selection-aware Silhouette leader,10013,10019,382,382,1.0,0.41068137823746736,0.37085812019805936
technology_revenue_25m,Technology companies with revenue >= $25M,Agglomerative|Selection-aware Silhouette leader,10014,10015,373,373,1.0,0.721439284840304,0.6001870036573931
technology_revenue_25m,Technology companies with revenue >= $25M,Agglomerative|Selection-aware Silhouette leader,10014,10016,380,380,1.0,0.3910471444132733,0.29187926336093656
technology_revenue_25m,Technology companies with revenue >= $25M,Agglomerative|Selection-aware Silhouette leader,10014,10017,378,378,1.0,0.3468449722365294,0.2843658328602552
technology_revenue_25m,Technology companies with revenue >= $25M,Agglomerative|Selection-aware Silhouette leader,10014,10018,369,369,1.0,0.4459144411380049,0.32374904663536747
technology_revenue_25m,Technology companies with revenue >= $25M,Agglomerative|Selection-aware Silhouette leader,10014,10019,384,384,1.0,0.5507976588586847,0.38951562047021526
technology_revenue_25m,Technology companies with revenue >= $25M,Agglomerative|Selection-aware Silhouette leader,10015,10016,383,383,1.0,0.5925528586232784,0.602705280392266
technology_revenue_25m,Technology companies with revenue >= $25M,Agglomerative|Selection-aware Silhouette leader,10015,10017,374,374,1.0,0.48451702365307,0.5468127520068146
technology_revenue_25m,Technology companies with revenue >= $25M,Agglomerative|Selection-aware Silhouette leader,10015,10018,384,384,1.0,0.6489979654367078,0.6484453918777461
technology_revenue_25m,Technology companies with revenue >= $25M,Agglomerative|Selection-aware Silhouette leader,10015,10019,377,377,1.0,0.7650265388707098,0.7437496614157516
technology_revenue_25m,Technology companies with revenue >= $25M,Agglomerative|Selection-aware Silhouette leader,10016,10017,382,382,1.0,0.7348789036493112,0.6606999337668191
technology_revenue_25m,Technology companies with revenue >= $25M,Agglomerative|Selection-aware Silhouette leader,10016,10018,381,381,1.0,0.8336097524004564,0.7470575290929944
technology_revenue_25m,Technology companies with revenue >= $25M,Agglomerative|Selection-aware Silhouette leader,10016,10019,377,377,1.0,0.8349820043035168,0.7790600093124844
technology_revenue_25m,Technology companies with revenue >= $25M,Agglomerative|Selection-aware Silhouette leader,10017,10018,377,377,1.0,0.715216987746713,0.6700520722557637
technology_revenue_25m,Technology companies with revenue >= $25M,Agglomerative|Selection-aware Silhouette leader,10017,10019,376,376,1.0,0.7012527360824442,0.6812049412339198
technology_revenue_25m,Technology companies with revenue >= $25M,Agglomerative|Selection-aware Silhouette leader,10018,10019,371,371,1.0,0.8523306314346839,0.7954277051984033
technology_revenue_25m,Technology companies with revenue >= $25M,Gaussian Mixture|Selection-aware Silhouette leader,10000,10001,376,376,1.0,0.7756570043820984,0.6707368154503139
technology_revenue_25m,Technology companies with revenue >= $25M,Gaussian Mixture|Selection-aware Silhouette leader,10000,10002,376,376,1.0,0.747921117050049,0.6225038881060495
technology_revenue_25m,Technology companies with revenue >= $25M,Gaussian Mixture|Selection-aware Silhouette leader,10000,10003,378,378,1.0,0.9057850190603757,0.8513682235630932
technology_revenue_25m,Technology companies with revenue >= $25M,Gaussian Mixture|Selection-aware Silhouette leader,10000,10004,373,373,1.0,0.7559659404235483,0.6339623979786269
technology_revenue_25m,Technology companies with revenue >= $25M,Gaussian Mixture|Selection-aware Silhouette leader,10000,10005,375,375,1.0,0.6399883496855431,0.5100832279501792
technology_revenue_25m,Technology companies with revenue >= $25M,Gaussian Mixture|Selection-aware Silhouette leader,10000,10006,378,378,1.0,0.7693936363025459,0.678462014273644
technology_revenue_25m,Technology companies with revenue >= $25M,Gaussian Mixture|Selection-aware Silhouette leader,10000,10007,376,376,1.0,0.9153288088536282,0.8621705153643693
technology_revenue_25m,Technology companies with revenue >= $25M,Gaussian Mixture|Selection-aware Silhouette leader,10000,10008,382,382,1.0,0.5386159805361962,0.40836649755187304
technology_revenue_25m,Technology companies with revenue >= $25M,Gaussian Mixture|Selection-aware Silhouette leader,10000,10009,372,372,1.0,0.6116719463155381,0.4837409731877558
technology_revenue_25m,Technology companies with revenue >= $25M,Gaussian Mixture|Selection-aware Silhouette leader,10000,10010,379,379,1.0,0.7130445914083521,0.5855674777590972
technology_revenue_25m,Technology companies with revenue >= $25M,Gaussian Mixture|Selection-aware Silhouette leader,10000,10011,370,370,1.0,0.43806766152073867,0.316105056524299
technology_revenue_25m,Technology companies with revenue >= $25M,Gaussian Mixture|Selection-aware Silhouette leader,10000,10012,381,381,1.0,0.652532283756579,0.5221441070673681
technology_revenue_25m,Technology companies with revenue >= $25M,Gaussian Mixture|Selection-aware Silhouette leader,10000,10013,380,380,1.0,0.9159431907877663,0.8620962671479043
technology_revenue_25m,Technology companies with revenue >= $25M,Gaussian Mixture|Selection-aware Silhouette leader,10000,10014,373,373,1.0,0.6737326737520682,0.552866391833678
technology_revenue_25m,Technology companies with revenue >= $25M,Gaussian Mixture|Selection-aware Silhouette leader,10000,10015,381,381,1.0,0.3432563863436076,0.2212114992865578
technology_revenue_25m,Technology companies with revenue >= $25M,Gaussian Mixture|Selection-aware Silhouette leader,10000,10016,379,379,1.0,0.9576710106062971,0.9207370988293714
technology_revenue_25m,Technology companies with revenue >= $25M,Gaussian Mixture|Selection-aware Silhouette leader,10000,10017,378,378,1.0,0.7501196240909866,0.6295244615261124
technology_revenue_25m,Technology companies with revenue >= $25M,Gaussian Mixture|Selection-aware Silhouette leader,10000,10018,384,384,1.0,0.7097977659007816,0.6074440019468264
technology_revenue_25m,Technology companies with revenue >= $25M,Gaussian Mixture|Selection-aware Silhouette leader,10000,10019,374,374,1.0,0.6641135401611888,0.529143661431805
technology_revenue_25m,Technology companies with revenue >= $25M,Gaussian Mixture|Selection-aware Silhouette leader,10001,10002,374,374,1.0,0.8739065729991298,0.799510772309461
technology_revenue_25m,Technology companies with revenue >= $25M,Gaussian Mixture|Selection-aware Silhouette leader,10001,10003,380,380,1.0,0.7785234431139341,0.659146034332457
technology_revenue_25m,Technology companies with revenue >= $25M,Gaussian Mixture|Selection-aware Silhouette leader,10001,10004,374,374,1.0,0.8738117695201403,0.8132221924058882
technology_revenue_25m,Technology companies with revenue >= $25M,Gaussian Mixture|Selection-aware Silhouette leader,10001,10005,374,374,1.0,0.8744394611252353,0.8161890750720836
technology_revenue_25m,Technology companies with revenue >= $25M,Gaussian Mixture|Selection-aware Silhouette leader,10001,10006,372,372,1.0,0.9783965853124014,0.9488107728994625
technology_revenue_25m,Technology companies with revenue >= $25M,Gaussian Mixture|Selection-aware Silhouette leader,10001,10007,373,373,1.0,0.7458696829072783,0.6282917256457992
technology_revenue_25m,Technology companies with revenue >= $25M,Gaussian Mixture|Selection-aware Silhouette leader,10001,10008,376,376,1.0,0.6661430672584308,0.5650838442070912
technology_revenue_25m,Technology companies with revenue >= $25M,Gaussian Mixture|Selection-aware Silhouette leader,10001,10009,377,377,1.0,0.8751516036074635,0.7942332739443919
technology_revenue_25m,Technology companies with revenue >= $25M,Gaussian Mixture|Selection-aware Silhouette leader,10001,10010,367,367,1.0,0.9029256147859052,0.8343734868761268
technology_revenue_25m,Technology companies with revenue >= $25M,Gaussian Mixture|Selection-aware Silhouette leader,10001,10011,377,377,1.0,0.6380463612191216,0.5723838061423892
technology_revenue_25m,Technology companies with revenue >= $25M,Gaussian Mixture|Selection-aware Silhouette leader,10001,10012,375,375,1.0,0.8438236067734198,0.7396146617303916
technology_revenue_25m,Technology companies with revenue >= $25M,Gaussian Mixture|Selection-aware Silhouette leader,10001,10013,372,372,1.0,0.7165425283932985,0.5884092979496938
technology_revenue_25m,Technology companies with revenue >= $25M,Gaussian Mixture|Selection-aware Silhouette leader,10001,10014,376,376,1.0,0.8747622770284347,0.7845819765363823
technology_revenue_25m,Technology companies with revenue >= $25M,Gaussian Mixture|Selection-aware Silhouette leader,10001,10015,380,380,1.0,0.5176328947432335,0.4100815711896469
technology_revenue_25m,Technology companies with revenue >= $25M,Gaussian Mixture|Selection-aware Silhouette leader,10001,10016,379,379,1.0,0.7319593007721567,0.6175571115679924
technology_revenue_25m,Technology companies with revenue >= $25M,Gaussian Mixture|Selection-aware Silhouette leader,10001,10017,372,372,1.0,0.8735148451333111,0.8141131499687279
technology_revenue_25m,Technology companies with revenue >= $25M,Gaussian Mixture|Selection-aware Silhouette leader,10001,10018,384,384,1.0,0.9278480016423432,0.8624098448001513
technology_revenue_25m,Technology companies with revenue >= $25M,Gaussian Mixture|Selection-aware Silhouette leader,10001,10019,374,374,1.0,0.863609832662398,0.7872343557073114
technology_revenue_25m,Technology companies with revenue >= $25M,Gaussian Mixture|Selection-aware Silhouette leader,10002,10003,375,375,1.0,0.7669504174324773,0.6533714777476158
technology_revenue_25m,Technology companies with revenue >= $25M,Gaussian Mixture|Selection-aware Silhouette leader,10002,10004,375,375,1.0,0.8748574387857768,0.7846667785291167
technology_revenue_25m,Technology companies with revenue >= $25M,Gaussian Mixture|Selection-aware Silhouette leader,10002,10005,374,374,1.0,0.9258356935905584,0.8662152492904359
technology_revenue_25m,Technology companies with revenue >= $25M,Gaussian Mixture|Selection-aware Silhouette leader,10002,10006,377,377,1.0,0.8457518351906465,0.7716963346925768
technology_revenue_25m,Technology companies with revenue >= $25M,Gaussian Mixture|Selection-aware Silhouette leader,10002,10007,376,376,1.0,0.7111505675735215,0.5816486927496455
technology_revenue_25m,Technology companies with revenue >= $25M,Gaussian Mixture|Selection-aware Silhouette leader,10002,10008,373,373,1.0,0.5291855614597779,0.3995127792644492
technology_revenue_25m,Technology companies with revenue >= $25M,Gaussian Mixture|Selection-aware Silhouette leader,10002,10009,371,371,1.0,0.9042039187297667,0.850087107408017
technology_revenue_25m,Technology companies with revenue >= $25M,Gaussian Mixture|Selection-aware Silhouette leader,10002,10010,374,374,1.0,0.8539201825669527,0.7631673745536186
technology_revenue_25m,Technology companies with revenue >= $25M,Gaussian Mixture|Selection-aware Silhouette leader,10002,10011,374,374,1.0,0.645447111535769,0.5319042778447668
technology_revenue_25m,Technology companies with revenue >= $25M,Gaussian Mixture|Selection-aware Silhouette leader,10002,10012,374,374,1.0,0.8639500495744109,0.8032003630158664
technology_revenue_25m,Technology companies with revenue >= $25M,Gaussian Mixture|Selection-aware Silhouette leader,10002,10013,369,369,1.0,0.6963536342575709,0.5655058646191933
technology_revenue_25m,Technology companies with revenue >= $25M,Gaussian Mixture|Selection-aware Silhouette leader,10002,10014,368,368,1.0,0.7730409126965944,0.6809021542443985
technology_revenue_25m,Technology companies with revenue >= $25M,Gaussian Mixture|Selection-aware Silhouette leader,10002,10015,373,373,1.0,0.4936790434925684,0.3618326315471799
technology_revenue_25m,Technology companies with revenue >= $25M,Gaussian Mixture|Selection-aware Silhouette leader,10002,10016,371,371,1.0,0.6900521871686228,0.5607605513839345
technology_revenue_25m,Technology companies with revenue >= $25M,Gaussian Mixture|Selection-aware Silhouette leader,10002,10017,375,375,1.0,0.8061011688745141,0.6999053171016402
technology_revenue_25m,Technology companies with revenue >= $25M,Gaussian Mixture|Selection-aware Silhouette leader,10002,10018,370,370,1.0,0.8636273169530955,0.7939301095657076
technology_revenue_25m,Technology companies with revenue >= $25M,Gaussian Mixture|Selection-aware Silhouette leader,10002,10019,372,372,1.0,0.9252028454435464,0.8586440724994299
technology_revenue_25m,Technology companies with revenue >= $25M,Gaussian Mixture|Selection-aware Silhouette leader,10003,10004,367,367,1.0,0.7340465979537638,0.6155943748490302
technology_revenue_25m,Technology companies with revenue >= $25M,Gaussian Mixture|Selection-aware Silhouette leader,10003,10005,373,373,1.0,0.6928999505908086,0.5706844033822809
technology_revenue_25m,Technology companies with revenue >= $25M,Gaussian Mixture|Selection-aware Silhouette leader,10003,10006,373,373,1.0,0.7760907644845458,0.6662963718757656
technology_revenue_25m,Technology companies with revenue >= $25M,Gaussian Mixture|Selection-aware Silhouette leader,10003,10007,371,371,1.0,0.9355781460089484,0.8739666899135783
technology_revenue_25m,Technology companies with revenue >= $25M,Gaussian Mixture|Selection-aware Silhouette leader,10003,10008,381,381,1.0,0.5456479884552385,0.42645453623199553
technology_revenue_25m,Technology companies with revenue >= $25M,Gaussian Mixture|Selection-aware Silhouette leader,10003,10009,376,376,1.0,0.6319928871092063,0.4991256402524997
technology_revenue_25m,Technology companies with revenue >= $25M,Gaussian Mixture|Selection-aware Silhouette leader,10003,10010,376,376,1.0,0.7400585302859466,0.6207126604507431
technology_revenue_25m,Technology companies with revenue >= $25M,Gaussian Mixture|Selection-aware Silhouette leader,10003,10011,380,380,1.0,0.4451218875002051,0.3398307542293259
technology_revenue_25m,Technology companies with revenue >= $25M,Gaussian Mixture|Selection-aware Silhouette leader,10003,10012,374,374,1.0,0.655941353118563,0.522338880668747
technology_revenue_25m,Technology companies with revenue >= $25M,Gaussian Mixture|Selection-aware Silhouette leader,10003,10013,374,374,1.0,0.9464141430335105,0.8898547171317949
technology_revenue_25m,Technology companies with revenue >= $25M,Gaussian Mixture|Selection-aware Silhouette leader,10003,10014,374,374,1.0,0.6752949906761487,0.5488777368192934
technology_revenue_25m,Technology companies with revenue >= $25M,Gaussian Mixture|Selection-aware Silhouette leader,10003,10015,376,376,1.0,0.3258870829949558,0.21563156471636238
technology_revenue_25m,Technology companies with revenue >= $25M,Gaussian Mixture|Selection-aware Silhouette leader,10003,10016,372,372,1.0,0.9570503915912087,0.9207115606631755
technology_revenue_25m,Technology companies with revenue >= $25M,Gaussian Mixture|Selection-aware Silhouette leader,10003,10017,375,375,1.0,0.7579988198031936,0.6410246163975771
technology_revenue_25m,Technology companies with revenue >= $25M,Gaussian Mixture|Selection-aware Silhouette leader,10003,10018,386,386,1.0,0.7383690652102618,0.62371417416974
technology_revenue_25m,Technology companies with revenue >= $25M,Gaussian Mixture|Selection-aware Silhouette leader,10003,10019,378,378,1.0,0.7041225973010053,0.5791820672261595
technology_revenue_25m,Technology companies with revenue >= $25M,Gaussian Mixture|Selection-aware Silhouette leader,10004,10005,373,373,1.0,0.8441657684667524,0.7448263077989047
technology_revenue_25m,Technology companies with revenue >= $25M,Gaussian Mixture|Selection-aware Silhouette leader,10004,10006,370,370,1.0,0.8837167678859055,0.8282515464275186
technology_revenue_25m,Technology companies with revenue >= $25M,Gaussian Mixture|Selection-aware Silhouette leader,10004,10007,374,374,1.0,0.7285196021860509,0.6016172060473219
technology_revenue_25m,Technology companies with revenue >= $25M,Gaussian Mixture|Selection-aware Silhouette leader,10004,10008,380,380,1.0,0.6704179100855295,0.5475791372355173
technology_revenue_25m,Technology companies with revenue >= $25M,Gaussian Mixture|Selection-aware Silhouette leader,10004,10009,375,375,1.0,0.8253788947067444,0.7213014615183992
technology_revenue_25m,Technology companies with revenue >= $25M,Gaussian Mixture|Selection-aware Silhouette leader,10004,10010,377,377,1.0,0.9574383936569558,0.9203422847778895
technology_revenue_25m,Technology companies with revenue >= $25M,Gaussian Mixture|Selection-aware Silhouette leader,10004,10011,375,375,1.0,0.6653790190191846,0.5585375325728108
technology_revenue_25m,Technology companies with revenue >= $25M,Gaussian Mixture|Selection-aware Silhouette leader,10004,10012,377,377,1.0,0.7958685987113384,0.6882205940900199
technology_revenue_25m,Technology companies with revenue >= $25M,Gaussian Mixture|Selection-aware Silhouette leader,10004,10013,380,380,1.0,0.6953787600343283,0.562176040903516
technology_revenue_25m,Technology companies with revenue >= $25M,Gaussian Mixture|Selection-aware Silhouette leader,10004,10014,375,375,1.0,0.9156588675504794,0.8648332920932575
technology_revenue_25m,Technology companies with revenue >= $25M,Gaussian Mixture|Selection-aware Silhouette leader,10004,10015,378,378,1.0,0.5470177903981351,0.4191224629033979
technology_revenue_25m,Technology companies with revenue >= $25M,Gaussian Mixture|Selection-aware Silhouette leader,10004,10016,372,372,1.0,0.7463819724928217,0.6253352869509152
technology_revenue_25m,Technology companies with revenue >= $25M,Gaussian Mixture|Selection-aware Silhouette leader,10004,10017,374,374,1.0,0.9467620545638694,0.8923950220058708
technology_revenue_25m,Technology companies with revenue >= $25M,Gaussian Mixture|Selection-aware Silhouette leader,10004,10018,377,377,1.0,0.8859585047743876,0.8184524727905502
technology_revenue_25m,Technology companies with revenue >= $25M,Gaussian Mixture|Selection-aware Silhouette leader,10004,10019,384,384,1.0,0.8290111355265681,0.7235455193613599
technology_revenue_25m,Technology companies with revenue >= $25M,Gaussian Mixture|Selection-aware Silhouette leader,10005,10006,378,378,1.0,0.8664154720088428,0.7971698360170586
technology_revenue_25m,Technology companies with revenue >= $25M,Gaussian Mixture|Selection-aware Silhouette leader,10005,10007,379,379,1.0,0.6270807892765945,0.4973751415725781
technology_revenue_25m,Technology companies with revenue >= $25M,Gaussian Mixture|Selection-aware Silhouette leader,10005,10008,371,371,1.0,0.5056404017078965,0.38565751415558575
technology_revenue_25m,Technology companies with revenue >= $25M,Gaussian Mixture|Selection-aware Silhouette leader,10005,10009,381,381,1.0,0.9685310790311282,0.9388112599010919
technology_revenue_25m,Technology companies with revenue >= $25M,Gaussian Mixture|Selection-aware Silhouette leader,10005,10010,377,377,1.0,0.8359377557587835,0.7375307859179744
technology_revenue_25m,Technology companies with revenue >= $25M,Gaussian Mixture|Selection-aware Silhouette leader,10005,10011,375,375,1.0,0.7013767484030725,0.6197312398794704
technology_revenue_25m,Technology companies with revenue >= $25M,Gaussian Mixture|Selection-aware Silhouette leader,10005,10012,373,373,1.0,0.9360141303791738,0.8907895161220426
technology_revenue_25m,Technology companies with revenue >= $25M,Gaussian Mixture|Selection-aware Silhouette leader,10005,10013,376,376,1.0,0.5983365676821732,0.466004871633892
technology_revenue_25m,Technology companies with revenue >= $25M,Gaussian Mixture|Selection-aware Silhouette leader,10005,10014,377,377,1.0,0.8265831477654668,0.7330931571502404
technology_revenue_25m,Technology companies with revenue >= $25M,Gaussian Mixture|Selection-aware Silhouette leader,10005,10015,367,367,1.0,0.5290496374388207,0.41674278481872923
technology_revenue_25m,Technology companies with revenue >= $25M,Gaussian Mixture|Selection-aware Silhouette leader,10005,10016,372,372,1.0,0.6046706952418963,0.47858465003833595
technology_revenue_25m,Technology companies with revenue >= $25M,Gaussian Mixture|Selection-aware Silhouette leader,10005,10017,385,385,1.0,0.7920618542041606,0.6802586280539463
technology_revenue_25m,Technology companies with revenue >= $25M,Gaussian Mixture|Selection-aware Silhouette leader,10005,10018,375,375,1.0,0.916135720117248,0.8687398698539406
technology_revenue_25m,Technology companies with revenue >= $25M,Gaussian Mixture|Selection-aware Silhouette leader,10005,10019,378,378,1.0,0.9682306780591751,0.9302583699380456
technology_revenue_25m,Technology companies with revenue >= $25M,Gaussian Mixture|Selection-aware Silhouette leader,10006,10007,376,376,1.0,0.7303622273804581,0.6213588657128601
technology_revenue_25m,Technology companies with revenue >= $25M,Gaussian Mixture|Selection-aware Silhouette leader,10006,10008,374,374,1.0,0.6063316223301366,0.505549023913551
technology_revenue_25m,Technology companies with revenue >= $25M,Gaussian Mixture|Selection-aware Silhouette leader,10006,10009,382,382,1.0,0.8482242122980692,0.7630412650158988
technology_revenue_25m,Technology companies with revenue >= $25M,Gaussian Mixture|Selection-aware Silhouette leader,10006,10010,377,377,1.0,0.916107788498792,0.8533290696753008
technology_revenue_25m,Technology companies with revenue >= $25M,Gaussian Mixture|Selection-aware Silhouette leader,10006,10011,374,374,1.0,0.6141372633892367,0.5420446889645083
technology_revenue_25m,Technology companies with revenue >= $25M,Gaussian Mixture|Selection-aware Silhouette leader,10006,10012,370,370,1.0,0.8029898261775935,0.6906706075210644
technology_revenue_25m,Technology companies with revenue >= $25M,Gaussian Mixture|Selection-aware Silhouette leader,10006,10013,376,376,1.0,0.7026537566498223,0.5824097828372483
technology_revenue_25m,Technology companies with revenue >= $25M,Gaussian Mixture|Selection-aware Silhouette leader,10006,10014,380,380,1.0,0.8769627144793289,0.790213960509132
technology_revenue_25m,Technology companies with revenue >= $25M,Gaussian Mixture|Selection-aware Silhouette leader,10006,10015,375,375,1.0,0.4756002553831871,0.3649319900349515
technology_revenue_25m,Technology companies with revenue >= $25M,Gaussian Mixture|Selection-aware Silhouette leader,10006,10016,379,379,1.0,0.7329247193608848,0.6264244182149675
technology_revenue_25m,Technology companies with revenue >= $25M,Gaussian Mixture|Selection-aware Silhouette leader,10006,10017,374,374,1.0,0.9053464051558751,0.8533983269550764
technology_revenue_25m,Technology companies with revenue >= $25M,Gaussian Mixture|Selection-aware Silhouette leader,10006,10018,376,376,1.0,0.9265667768526935,0.8624753202566775
technology_revenue_25m,Technology companies with revenue >= $25M,Gaussian Mixture|Selection-aware Silhouette leader,10006,10019,372,372,1.0,0.8539253034863393,0.7811250716760274
technology_revenue_25m,Technology companies with revenue >= $25M,Gaussian Mixture|Selection-aware Silhouette leader,10007,10008,375,375,1.0,0.5150576096586791,0.3892585096062098
technology_revenue_25m,Technology companies with revenue >= $25M,Gaussian Mixture|Selection-aware Silhouette leader,10007,10009,368,368,1.0,0.5911772402595163,0.4616585354162093
technology_revenue_25m,Technology companies with revenue >= $25M,Gaussian Mixture|Selection-aware Silhouette leader,10007,10010,368,368,1.0,0.696623684576923,0.5667568347574807
technology_revenue_25m,Technology companies with revenue >= $25M,Gaussian Mixture|Selection-aware Silhouette leader,10007,10011,369,369,1.0,0.39939888444755217,0.2836883600416504
technology_revenue_25m,Technology companies with revenue >= $25M,Gaussian Mixture|Selection-aware Silhouette leader,10007,10012,383,383,1.0,0.6454806691460636,0.5102278819016872
technology_revenue_25m,Technology companies with revenue >= $25M,Gaussian Mixture|Selection-aware Silhouette leader,10007,10013,380,380,1.0,0.9367330617058776,0.8727809676418516
technology_revenue_25m,Technology companies with revenue >= $25M,Gaussian Mixture|Selection-aware Silhouette leader,10007,10014,373,373,1.0,0.6470461054641433,0.5183316209064988
technology_revenue_25m,Technology companies with revenue >= $25M,Gaussian Mixture|Selection-aware Silhouette leader,10007,10015,377,377,1.0,0.3317977106336455,0.21649898489750363
technology_revenue_25m,Technology companies with revenue >= $25M,Gaussian Mixture|Selection-aware Silhouette leader,10007,10016,372,372,1.0,0.9462437131213216,0.9041023000816386
technology_revenue_25m,Technology companies with revenue >= $25M,Gaussian Mixture|Selection-aware Silhouette leader,10007,10017,382,382,1.0,0.7259382250255147,0.6037330866902795
technology_revenue_25m,Technology companies with revenue >= $25M,Gaussian Mixture|Selection-aware Silhouette leader,10007,10018,370,370,1.0,0.6911225692505938,0.5798506168567085
technology_revenue_25m,Technology companies with revenue >= $25M,Gaussian Mixture|Selection-aware Silhouette leader,10007,10019,373,373,1.0,0.6724708709342948,0.5389312325932609
technology_revenue_25m,Technology companies with revenue >= $25M,Gaussian Mixture|Selection-aware Silhouette leader,10008,10009,376,376,1.0,0.518065338931206,0.3971290103953219
technology_revenue_25m,Technology companies with revenue >= $25M,Gaussian Mixture|Selection-aware Silhouette leader,10008,10010,376,376,1.0,0.6581032003298252,0.5447410841356307
technology_revenue_25m,Technology companies with revenue >= $25M,Gaussian Mixture|Selection-aware Silhouette leader,10008,10011,374,374,1.0,0.6809716591041509,0.5590811081882373
technology_revenue_25m,Technology companies with revenue >= $25M,Gaussian Mixture|Selection-aware Silhouette leader,10008,10012,377,377,1.0,0.5632066952989729,0.4324292759111816
technology_revenue_25m,Technology companies with revenue >= $25M,Gaussian Mixture|Selection-aware Silhouette leader,10008,10013,372,372,1.0,0.5193948053757195,0.39036569105597824
technology_revenue_25m,Technology companies with revenue >= $25M,Gaussian Mixture|Selection-aware Silhouette leader,10008,10014,373,373,1.0,0.6828894612778004,0.5779155699224807
technology_revenue_25m,Technology companies with revenue >= $25M,Gaussian Mixture|Selection-aware Silhouette leader,10008,10015,376,376,1.0,0.7241610090279118,0.5919117140114816
technology_revenue_25m,Technology companies with revenue >= $25M,Gaussian Mixture|Selection-aware Silhouette leader,10008,10016,376,376,1.0,0.5253339320343776,0.3986376344176651
technology_revenue_25m,Technology companies with revenue >= $25M,Gaussian Mixture|Selection-aware Silhouette leader,10008,10017,385,385,1.0,0.7544884897880231,0.6459243242429007
technology_revenue_25m,Technology companies with revenue >= $25M,Gaussian Mixture|Selection-aware Silhouette leader,10008,10018,379,379,1.0,0.5710410469752398,0.477691470960011
technology_revenue_25m,Technology companies with revenue >= $25M,Gaussian Mixture|Selection-aware Silhouette leader,10008,10019,380,380,1.0,0.5283784500043992,0.39630424731074043
technology_revenue_25m,Technology companies with revenue >= $25M,Gaussian Mixture|Selection-aware Silhouette leader,10009,10010,377,377,1.0,0.8065323740315221,0.6977075606397256
technology_revenue_25m,Technology companies with revenue >= $25M,Gaussian Mixture|Selection-aware Silhouette leader,10009,10011,371,371,1.0,0.7351676561333729,0.6594790581592754
technology_revenue_25m,Technology companies with revenue >= $25M,Gaussian Mixture|Selection-aware Silhouette leader,10009,10012,381,381,1.0,0.9788384239773948,0.9548817406185443
technology_revenue_25m,Technology companies with revenue >= $25M,Gaussian Mixture|Selection-aware Silhouette leader,10009,10013,372,372,1.0,0.56018458288629,0.4259446769719368
technology_revenue_25m,Technology companies with revenue >= $25M,Gaussian Mixture|Selection-aware Silhouette leader,10009,10014,374,374,1.0,0.8153942822126412,0.716147303357552
technology_revenue_25m,Technology companies with revenue >= $25M,Gaussian Mixture|Selection-aware Silhouette leader,10009,10015,375,375,1.0,0.5533991668867929,0.43673190912258714
technology_revenue_25m,Technology companies with revenue >= $25M,Gaussian Mixture|Selection-aware Silhouette leader,10009,10016,378,378,1.0,0.568643200607993,0.44224105243174133
technology_revenue_25m,Technology companies with revenue >= $25M,Gaussian Mixture|Selection-aware Silhouette leader,10009,10017,377,377,1.0,0.7782623033630729,0.6630308712610022
technology_revenue_25m,Technology companies with revenue >= $25M,Gaussian Mixture|Selection-aware Silhouette leader,10009,10018,375,375,1.0,0.9161027234005359,0.8565382141796548
technology_revenue_25m,Technology companies with revenue >= $25M,Gaussian Mixture|Selection-aware Silhouette leader,10009,10019,375,375,1.0,0.9785683308848001,0.9548215263980625
technology_revenue_25m,Technology companies with revenue >= $25M,Gaussian Mixture|Selection-aware Silhouette leader,10010,10011,380,380,1.0,0.6599807199474088,0.5828691501099589
technology_revenue_25m,Technology companies with revenue >= $25M,Gaussian Mixture|Selection-aware Silhouette leader,10010,10012,384,384,1.0,0.7713856502421609,0.6494707363403015
technology_revenue_25m,Technology companies with revenue >= $25M,Gaussian Mixture|Selection-aware Silhouette leader,10010,10013,376,376,1.0,0.6660925881139976,0.5320599973956167
technology_revenue_25m,Technology companies with revenue >= $25M,Gaussian Mixture|Selection-aware Silhouette leader,10010,10014,375,375,1.0,0.9259322944316051,0.8604926299896073
technology_revenue_25m,Technology companies with revenue >= $25M,Gaussian Mixture|Selection-aware Silhouette leader,10010,10015,377,377,1.0,0.5382561241697258,0.42641064428344366
technology_revenue_25m,Technology companies with revenue >= $25M,Gaussian Mixture|Selection-aware Silhouette leader,10010,10016,373,373,1.0,0.7196097104312674,0.5977685844934885
technology_revenue_25m,Technology companies with revenue >= $25M,Gaussian Mixture|Selection-aware Silhouette leader,10010,10017,373,373,1.0,0.9256905227171148,0.8663101674170673
technology_revenue_25m,Technology companies with revenue >= $25M,Gaussian Mixture|Selection-aware Silhouette leader,10010,10018,379,379,1.0,0.9067271522070168,0.8338268721834801
technology_revenue_25m,Technology companies with revenue >= $25M,Gaussian Mixture|Selection-aware Silhouette leader,10010,10019,375,375,1.0,0.824795468281295,0.7196708284941595
technology_revenue_25m,Technology companies with revenue >= $25M,Gaussian Mixture|Selection-aware Silhouette leader,10011,10012,374,374,1.0,0.7353055424553324,0.6727405130886094
technology_revenue_25m,Technology companies with revenue >= $25M,Gaussian Mixture|Selection-aware Silhouette leader,10011,10013,370,370,1.0,0.4173289752091043,0.3039744868510547
technology_revenue_25m,Technology companies with revenue >= $25M,Gaussian Mixture|Selection-aware Silhouette leader,10011,10014,375,375,1.0,0.6575659952084834,0.6144543483380325
technology_revenue_25m,Technology companies with revenue >= $25M,Gaussian Mixture|Selection-aware Silhouette leader,10011,10015,371,371,1.0,0.8094822922008511,0.6877522733362815
technology_revenue_25m,Technology companies with revenue >= $25M,Gaussian Mixture|Selection-aware Silhouette leader,10011,10016,377,377,1.0,0.41141880187827895,0.29349754399738676
technology_revenue_25m,Technology companies with revenue >= $25M,Gaussian Mixture|Selection-aware Silhouette leader,10011,10017,374,374,1.0,0.6563349843140486,0.5652484903601682
technology_revenue_25m,Technology companies with revenue >= $25M,Gaussian Mixture|Selection-aware Silhouette leader,10011,10018,380,380,1.0,0.6451853429653289,0.5778855180625845
technology_revenue_25m,Technology companies with revenue >= $25M,Gaussian Mixture|Selection-aware Silhouette leader,10011,10019,376,376,1.0,0.7377093174088895,0.6403719752513953
technology_revenue_25m,Technology companies with revenue >= $25M,Gaussian Mixture|Selection-aware Silhouette leader,10012,10013,379,379,1.0,0.6154253628159663,0.476336610377881
technology_revenue_25m,Technology companies with revenue >= $25M,Gaussian Mixture|Selection-aware Silhouette leader,10012,10014,372,372,1.0,0.8333066273246429,0.7278769939212754
technology_revenue_25m,Technology companies with revenue >= $25M,Gaussian Mixture|Selection-aware Silhouette leader,10012,10015,369,369,1.0,0.5867222009245374,0.4831457290691387
technology_revenue_25m,Technology companies with revenue >= $25M,Gaussian Mixture|Selection-aware Silhouette leader,10012,10016,370,370,1.0,0.5921123921238468,0.4595114176074814
technology_revenue_25m,Technology companies with revenue >= $25M,Gaussian Mixture|Selection-aware Silhouette leader,10012,10017,376,376,1.0,0.7488335976608125,0.6278786984830617
technology_revenue_25m,Technology companies with revenue >= $25M,Gaussian Mixture|Selection-aware Silhouette leader,10012,10018,372,372,1.0,0.8844130862403343,0.7995428071691062
technology_revenue_25m,Technology companies with revenue >= $25M,Gaussian Mixture|Selection-aware Silhouette leader,10012,10019,378,378,1.0,0.9366038513702097,0.8904745151245698
technology_revenue_25m,Technology companies with revenue >= $25M,Gaussian Mixture|Selection-aware Silhouette leader,10013,10014,376,376,1.0,0.6490851931336206,0.5188827910362921
technology_revenue_25m,Technology companies with revenue >= $25M,Gaussian Mixture|Selection-aware Silhouette leader,10013,10015,379,379,1.0,0.32082440372822457,0.20406020340290498
technology_revenue_25m,Technology companies with revenue >= $25M,Gaussian Mixture|Selection-aware Silhouette leader,10013,10016,372,372,1.0,0.9567561814892334,0.9188195804980673
technology_revenue_25m,Technology companies with revenue >= $25M,Gaussian Mixture|Selection-aware Silhouette leader,10013,10017,382,382,1.0,0.707056941182699,0.5789390302093245
technology_revenue_25m,Technology companies with revenue >= $25M,Gaussian Mixture|Selection-aware Silhouette leader,10013,10018,373,373,1.0,0.6485389852996968,0.5273502666220512
technology_revenue_25m,Technology companies with revenue >= $25M,Gaussian Mixture|Selection-aware Silhouette leader,10013,10019,382,382,1.0,0.6181354434915446,0.4806297814150774
technology_revenue_25m,Technology companies with revenue >= $25M,Gaussian Mixture|Selection-aware Silhouette leader,10014,10015,373,373,1.0,0.601230016336772,0.5138926589295346
technology_revenue_25m,Technology companies with revenue >= $25M,Gaussian Mixture|Selection-aware Silhouette leader,10014,10016,380,380,1.0,0.6618445394239214,0.5428956954324501
technology_revenue_25m,Technology companies with revenue >= $25M,Gaussian Mixture|Selection-aware Silhouette leader,10014,10017,378,378,1.0,0.8960152617851661,0.8414349607016223
technology_revenue_25m,Technology companies with revenue >= $25M,Gaussian Mixture|Selection-aware Silhouette leader,10014,10018,369,369,1.0,0.9042776485809324,0.8287468469774488
technology_revenue_25m,Technology companies with revenue >= $25M,Gaussian Mixture|Selection-aware Silhouette leader,10014,10019,384,384,1.0,0.8000866694524023,0.6956165260355671
technology_revenue_25m,Technology companies with revenue >= $25M,Gaussian Mixture|Selection-aware Silhouette leader,10015,10016,383,383,1.0,0.31184718753885804,0.20043292758000825
technology_revenue_25m,Technology companies with revenue >= $25M,Gaussian Mixture|Selection-aware Silhouette leader,10015,10017,374,374,1.0,0.5611371979057942,0.4377214576251898
technology_revenue_25m,Technology companies with revenue >= $25M,Gaussian Mixture|Selection-aware Silhouette leader,10015,10018,384,384,1.0,0.5106392891105108,0.4101734180115796
technology_revenue_25m,Technology companies with revenue >= $25M,Gaussian Mixture|Selection-aware Silhouette leader,10015,10019,377,377,1.0,0.5599127251744148,0.43513432713944666
technology_revenue_25m,Technology companies with revenue >= $25M,Gaussian Mixture|Selection-aware Silhouette leader,10016,10017,382,382,1.0,0.753050891534041,0.6337638020074188
technology_revenue_25m,Technology companies with revenue >= $25M,Gaussian Mixture|Selection-aware Silhouette leader,10016,10018,381,381,1.0,0.6730481978889057,0.5644117803491656
technology_revenue_25m,Technology companies with revenue >= $25M,Gaussian Mixture|Selection-aware Silhouette leader,10016,10019,377,377,1.0,0.6505099735754922,0.5192631752975772
technology_revenue_25m,Technology companies with revenue >= $25M,Gaussian Mixture|Selection-aware Silhouette leader,10017,10018,377,377,1.0,0.8662141453798627,0.7981248431577214
technology_revenue_25m,Technology companies with revenue >= $25M,Gaussian Mixture|Selection-aware Silhouette leader,10017,10019,376,376,1.0,0.7870933972731223,0.6729780842247296
technology_revenue_25m,Technology companies with revenue >= $25M,Gaussian Mixture|Selection-aware Silhouette leader,10018,10019,371,371,1.0,0.9047362520124483,0.8410193553792777
technology_revenue_25m,Technology companies with revenue >= $25M,HDBSCAN separation leader,10000,10001,376,52,0.13829787234042554,0.0,0.0
technology_revenue_25m,Technology companies with revenue >= $25M,HDBSCAN separation leader,10000,10002,376,44,0.11702127659574468,0.0,0.0
technology_revenue_25m,Technology companies with revenue >= $25M,HDBSCAN separation leader,10000,10003,378,45,0.11904761904761904,1.0,1.0
technology_revenue_25m,Technology companies with revenue >= $25M,HDBSCAN separation leader,10000,10004,373,46,0.12332439678284182,0.0,0.0
technology_revenue_25m,Technology companies with revenue >= $25M,HDBSCAN separation leader,10000,10005,375,48,0.128,0.0,0.0
technology_revenue_25m,Technology companies with revenue >= $25M,HDBSCAN separation leader,10000,10006,378,44,0.1164021164021164,0.0,0.0
technology_revenue_25m,Technology companies with revenue >= $25M,HDBSCAN separation leader,10000,10007,376,50,0.13297872340425532,0.0,0.0
technology_revenue_25m,Technology companies with revenue >= $25M,HDBSCAN separation leader,10000,10008,382,41,0.10732984293193717,1.0,1.0
technology_revenue_25m,Technology companies with revenue >= $25M,HDBSCAN separation leader,10000,10009,372,28,0.07526881720430108,1.0,1.0
technology_revenue_25m,Technology companies with revenue >= $25M,HDBSCAN separation leader,10000,10010,379,46,0.12137203166226913,0.0,0.0
technology_revenue_25m,Technology companies with revenue >= $25M,HDBSCAN separation leader,10000,10011,370,39,0.10540540540540541,0.0,0.0
technology_revenue_25m,Technology companies with revenue >= $25M,HDBSCAN separation leader,10000,10012,381,46,0.12073490813648294,0.0,0.0
technology_revenue_25m,Technology companies with revenue >= $25M,HDBSCAN separation leader,10000,10013,380,39,0.10263157894736842,0.763929429390644,0.6703415486189384
technology_revenue_25m,Technology companies with revenue >= $25M,HDBSCAN separation leader,10000,10014,373,46,0.12332439678284182,0.0,0.0
technology_revenue_25m,Technology companies with revenue >= $25M,HDBSCAN separation leader,10000,10015,381,45,0.11811023622047244,0.0,0.0
technology_revenue_25m,Technology companies with revenue >= $25M,HDBSCAN separation leader,10000,10016,379,26,0.06860158311345646,0.29359638856378534,0.4527395873304905
technology_revenue_25m,Technology companies with revenue >= $25M,HDBSCAN separation leader,10000,10017,378,41,0.10846560846560846,0.0,0.0
technology_revenue_25m,Technology companies with revenue >= $25M,HDBSCAN separation leader,10000,10018,384,45,0.1171875,0.0,0.0
technology_revenue_25m,Technology companies with revenue >= $25M,HDBSCAN separation leader,10000,10019,374,47,0.12566844919786097,0.0,0.0
technology_revenue_25m,Technology companies with revenue >= $25M,HDBSCAN separation leader,10001,10002,374,321,0.8582887700534759,1.0,1.0
technology_revenue_25m,Technology companies with revenue >= $25M,HDBSCAN separation leader,10001,10003,380,64,0.16842105263157894,0.0,0.0
technology_revenue_25m,Technology companies with revenue >= $25M,HDBSCAN separation leader,10001,10004,374,310,0.8288770053475936,1.0,1.0
technology_revenue_25m,Technology companies with revenue >= $25M,HDBSCAN separation leader,10001,10005,374,299,0.7994652406417112,1.0,1.0
technology_revenue_25m,Technology companies with revenue >= $25M,HDBSCAN separation leader,10001,10006,372,310,0.8333333333333334,1.0,1.0
technology_revenue_25m,Technology companies with revenue >= $25M,HDBSCAN separation leader,10001,10007,373,322,0.8632707774798928,1.0,1.0
technology_revenue_25m,Technology companies with revenue >= $25M,HDBSCAN separation leader,10001,10008,376,62,0.16489361702127658,0.0,0.0
technology_revenue_25m,Technology companies with revenue >= $25M,HDBSCAN separation leader,10001,10009,377,37,0.09814323607427056,0.0,0.0
technology_revenue_25m,Technology companies with revenue >= $25M,HDBSCAN separation leader,10001,10010,367,315,0.8583106267029973,0.9425361965045403,0.8829592588113008
technology_revenue_25m,Technology companies with revenue >= $25M,HDBSCAN separation leader,10001,10011,377,319,0.8461538461538461,1.0,1.0
technology_revenue_25m,Technology companies with revenue >= $25M,HDBSCAN separation leader,10001,10012,375,327,0.872,1.0,1.0
technology_revenue_25m,Technology companies with revenue >= $25M,HDBSCAN separation leader,10001,10013,372,57,0.1532258064516129,0.0,0.0
technology_revenue_25m,Technology companies with revenue >= $25M,HDBSCAN separation leader,10001,10014,376,315,0.8377659574468085,1.0,1.0
technology_revenue_25m,Technology companies with revenue >= $25M,HDBSCAN separation leader,10001,10015,380,302,0.7947368421052632,0.9423169625533718,0.8823464776818328
technology_revenue_25m,Technology companies with revenue >= $25M,HDBSCAN separation leader,10001,10016,379,46,0.12137203166226913,0.0,0.0
technology_revenue_25m,Technology companies with revenue >= $25M,HDBSCAN separation leader,10001,10017,372,318,0.8548387096774194,1.0,1.0
technology_revenue_25m,Technology companies with revenue >= $25M,HDBSCAN separation leader,10001,10018,384,315,0.8203125,1.0,1.0
technology_revenue_25m,Technology companies with revenue >= $25M,HDBSCAN separation leader,10001,10019,374,323,0.8636363636363636,-0.013979981969460719,0.0030769014268057274
technology_revenue_25m,Technology companies with revenue >= $25M,HDBSCAN separation leader,10002,10003,375,56,0.14933333333333335,0.0,0.0
technology_revenue_25m,Technology companies with revenue >= $25M,HDBSCAN separation leader,10002,10004,375,295,0.7866666666666666,1.0,1.0
technology_revenue_25m,Technology companies with revenue >= $25M,HDBSCAN separation leader,10002,10005,374,294,0.786096256684492,0.9421718886793312,0.8819498949439482
technology_revenue_25m,Technology companies with revenue >= $25M,HDBSCAN separation leader,10002,10006,377,307,0.8143236074270557,1.0,1.0
technology_revenue_25m,Technology companies with revenue >= $25M,HDBSCAN separation leader,10002,10007,376,315,0.8377659574468085,1.0,1.0
technology_revenue_25m,Technology companies with revenue >= $25M,HDBSCAN separation leader,10002,10008,373,54,0.1447721179624665,0.0,0.0
technology_revenue_25m,Technology companies with revenue >= $25M,HDBSCAN separation leader,10002,10009,371,33,0.0889487870619946,0.0,0.0
technology_revenue_25m,Technology companies with revenue >= $25M,HDBSCAN separation leader,10002,10010,374,336,0.8983957219251337,1.0,1.0
technology_revenue_25m,Technology companies with revenue >= $25M,HDBSCAN separation leader,10002,10011,374,315,0.8422459893048129,1.0,1.0
technology_revenue_25m,Technology companies with revenue >= $25M,HDBSCAN separation leader,10002,10012,374,334,0.893048128342246,1.0,1.0
technology_revenue_25m,Technology companies with revenue >= $25M,HDBSCAN separation leader,10002,10013,369,51,0.13821138211382114,0.0,0.0
technology_revenue_25m,Technology companies with revenue >= $25M,HDBSCAN separation leader,10002,10014,368,306,0.8315217391304348,1.0,1.0
technology_revenue_25m,Technology companies with revenue >= $25M,HDBSCAN separation leader,10002,10015,373,294,0.7882037533512064,0.9546648941010178,0.901673615550969
technology_revenue_25m,Technology companies with revenue >= $25M,HDBSCAN separation leader,10002,10016,371,37,0.09973045822102426,0.0,0.0
technology_revenue_25m,Technology companies with revenue >= $25M,HDBSCAN separation leader,10002,10017,375,331,0.8826666666666667,1.0,1.0
technology_revenue_25m,Technology companies with revenue >= $25M,HDBSCAN separation leader,10002,10018,370,293,0.7918918918918919,1.0,1.0
technology_revenue_25m,Technology companies with revenue >= $25M,HDBSCAN separation leader,10002,10019,372,327,0.8790322580645161,-0.03671391507005522,0.009726949138261961
technology_revenue_25m,Technology companies with revenue >= $25M,HDBSCAN separation leader,10003,10004,367,61,0.16621253405994552,0.0,0.0
technology_revenue_25m,Technology companies with revenue >= $25M,HDBSCAN separation leader,10003,10005,373,57,0.15281501340482573,0.0,0.0
technology_revenue_25m,Technology companies with revenue >= $25M,HDBSCAN separation leader,10003,10006,373,54,0.1447721179624665,0.0,0.0
technology_revenue_25m,Technology companies with revenue >= $25M,HDBSCAN separation leader,10003,10007,371,63,0.16981132075471697,0.0,0.0
technology_revenue_25m,Technology companies with revenue >= $25M,HDBSCAN separation leader,10003,10008,381,54,0.14173228346456693,1.0,1.0
technology_revenue_25m,Technology companies with revenue >= $25M,HDBSCAN separation leader,10003,10009,376,36,0.09574468085106383,0.8876662081613939,0.8304810190775198
technology_revenue_25m,Technology companies with revenue >= $25M,HDBSCAN separation leader,10003,10010,376,56,0.14893617021276595,0.0,0.0
technology_revenue_25m,Technology companies with revenue >= $25M,HDBSCAN separation leader,10003,10011,380,52,0.1368421052631579,0.0,0.0
technology_revenue_25m,Technology companies with revenue >= $25M,HDBSCAN separation leader,10003,10012,374,58,0.15508021390374332,0.0,0.0
technology_revenue_25m,Technology companies with revenue >= $25M,HDBSCAN separation leader,10003,10013,374,48,0.12834224598930483,1.0,1.0
technology_revenue_25m,Technology companies with revenue >= $25M,HDBSCAN separation leader,10003,10014,374,57,0.15240641711229946,0.0,0.0
technology_revenue_25m,Technology companies with revenue >= $25M,HDBSCAN separation leader,10003,10015,376,61,0.1622340425531915,0.0,0.0
technology_revenue_25m,Technology companies with revenue >= $25M,HDBSCAN separation leader,10003,10016,372,36,0.0967741935483871,0.16170798074335435,0.35700137249545366
technology_revenue_25m,Technology companies with revenue >= $25M,HDBSCAN separation leader,10003,10017,375,55,0.14666666666666667,0.0,0.0
technology_revenue_25m,Technology companies with revenue >= $25M,HDBSCAN separation leader,10003,10018,386,55,0.14248704663212436,0.0,0.0
technology_revenue_25m,Technology companies with revenue >= $25M,HDBSCAN separation leader,10003,10019,378,56,0.14814814814814814,0.0,0.0
technology_revenue_25m,Technology companies with revenue >= $25M,HDBSCAN separation leader,10004,10005,373,288,0.7721179624664879,0.9470193928328553,0.8893076146822066
technology_revenue_25m,Technology companies with revenue >= $25M,HDBSCAN separation leader,10004,10006,370,292,0.7891891891891892,1.0,1.0
technology_revenue_25m,Technology companies with revenue >= $25M,HDBSCAN separation leader,10004,10007,374,301,0.8048128342245989,0.9422992723957418,0.8822977487283291
technology_revenue_25m,Technology companies with revenue >= $25M,HDBSCAN separation leader,10004,10008,380,56,0.14736842105263157,0.0,0.0
technology_revenue_25m,Technology companies with revenue >= $25M,HDBSCAN separation leader,10004,10009,375,35,0.09333333333333334,0.0,0.0
technology_revenue_25m,Technology companies with revenue >= $25M,HDBSCAN separation leader,10004,10010,377,301,0.7984084880636605,1.0,1.0
technology_revenue_25m,Technology companies with revenue >= $25M,HDBSCAN separation leader,10004,10011,375,295,0.7866666666666666,1.0,1.0
technology_revenue_25m,Technology companies with revenue >= $25M,HDBSCAN separation leader,10004,10012,377,308,0.8169761273209549,1.0,1.0
technology_revenue_25m,Technology companies with revenue >= $25M,HDBSCAN separation leader,10004,10013,380,54,0.14210526315789473,0.0,0.0
technology_revenue_25m,Technology companies with revenue >= $25M,HDBSCAN separation leader,10004,10014,375,299,0.7973333333333333,0.9513246686082834,0.8963402166960808
technology_revenue_25m,Technology companies with revenue >= $25M,HDBSCAN separation leader,10004,10015,378,289,0.7645502645502645,0.9359395107413998,0.8724839092666908
technology_revenue_25m,Technology companies with revenue >= $25M,HDBSCAN separation leader,10004,10016,372,40,0.10752688172043011,0.0,0.0
technology_revenue_25m,Technology companies with revenue >= $25M,HDBSCAN separation leader,10004,10017,374,297,0.7941176470588235,1.0,1.0
technology_revenue_25m,Technology companies with revenue >= $25M,HDBSCAN separation leader,10004,10018,377,294,0.7798408488063661,0.9421718886793312,0.8819498949439482
technology_revenue_25m,Technology companies with revenue >= $25M,HDBSCAN separation leader,10004,10019,384,307,0.7994791666666666,0.0,0.0
technology_revenue_25m,Technology companies with revenue >= $25M,HDBSCAN separation leader,10005,10006,378,289,0.7645502645502645,0.9470390999599446,0.8893587298165636
technology_revenue_25m,Technology companies with revenue >= $25M,HDBSCAN separation leader,10005,10007,379,300,0.7915567282321899,1.0,1.0
technology_revenue_25m,Technology companies with revenue >= $25M,HDBSCAN separation leader,10005,10008,371,51,0.13746630727762804,0.0,0.0
technology_revenue_25m,Technology companies with revenue >= $25M,HDBSCAN separation leader,10005,10009,381,31,0.08136482939632546,0.0,0.0
technology_revenue_25m,Technology companies with revenue >= $25M,HDBSCAN separation leader,10005,10010,377,297,0.7877984084880637,1.0,1.0
technology_revenue_25m,Technology companies with revenue >= $25M,HDBSCAN separation leader,10005,10011,375,289,0.7706666666666667,1.0,1.0
technology_revenue_25m,Technology companies with revenue >= $25M,HDBSCAN separation leader,10005,10012,373,296,0.7935656836461126,1.0,1.0
technology_revenue_25m,Technology companies with revenue >= $25M,HDBSCAN separation leader,10005,10013,376,53,0.14095744680851063,0.0,0.0
technology_revenue_25m,Technology companies with revenue >= $25M,HDBSCAN separation leader,10005,10014,377,297,0.7877984084880637,1.0,1.0
technology_revenue_25m,Technology companies with revenue >= $25M,HDBSCAN separation leader,10005,10015,367,278,0.7574931880108992,1.0,1.0
technology_revenue_25m,Technology companies with revenue >= $25M,HDBSCAN separation leader,10005,10016,372,40,0.10752688172043011,0.0,0.0
technology_revenue_25m,Technology companies with revenue >= $25M,HDBSCAN separation leader,10005,10017,385,302,0.7844155844155845,0.9361758186148411,0.8731488553279935
technology_revenue_25m,Technology companies with revenue >= $25M,HDBSCAN separation leader,10005,10018,375,285,0.76,1.0,1.0
technology_revenue_25m,Technology companies with revenue >= $25M,HDBSCAN separation leader,10005,10019,378,297,0.7857142857142857,0.0,0.0
technology_revenue_25m,Technology companies with revenue >= $25M,HDBSCAN separation leader,10006,10007,376,315,0.8377659574468085,0.9425361965045403,0.8829592588113008
technology_revenue_25m,Technology companies with revenue >= $25M,HDBSCAN separation leader,10006,10008,374,51,0.13636363636363635,0.0,0.0
technology_revenue_25m,Technology companies with revenue >= $25M,HDBSCAN separation leader,10006,10009,382,32,0.08376963350785341,0.0,0.0
technology_revenue_25m,Technology companies with revenue >= $25M,HDBSCAN separation leader,10006,10010,377,309,0.8196286472148541,1.0,1.0
technology_revenue_25m,Technology companies with revenue >= $25M,HDBSCAN separation leader,10006,10011,374,299,0.7994652406417112,1.0,1.0
technology_revenue_25m,Technology companies with revenue >= $25M,HDBSCAN separation leader,10006,10012,370,312,0.8432432432432433,1.0,1.0
technology_revenue_25m,Technology companies with revenue >= $25M,HDBSCAN separation leader,10006,10013,376,45,0.1196808510638298,0.0,0.0
technology_revenue_25m,Technology companies with revenue >= $25M,HDBSCAN separation leader,10006,10014,380,304,0.8,0.9473182508329587,0.8900953989691309
technology_revenue_25m,Technology companies with revenue >= $25M,HDBSCAN separation leader,10006,10015,375,290,0.7733333333333333,0.9281755872833051,0.8612275048035407
technology_revenue_25m,Technology companies with revenue >= $25M,HDBSCAN separation leader,10006,10016,379,40,0.10554089709762533,0.0,0.0
technology_revenue_25m,Technology companies with revenue >= $25M,HDBSCAN separation leader,10006,10017,374,303,0.8101604278074866,1.0,1.0
technology_revenue_25m,Technology companies with revenue >= $25M,HDBSCAN separation leader,10006,10018,376,294,0.7819148936170213,0.936032992041716,0.8727446975081953
technology_revenue_25m,Technology companies with revenue >= $25M,HDBSCAN separation leader,10006,10019,372,303,0.8145161290322581,-0.017910581571280722,0.003929902177441857
technology_revenue_25m,Technology companies with revenue >= $25M,HDBSCAN separation leader,10007,10008,375,59,0.15733333333333333,0.0,0.0
technology_revenue_25m,Technology companies with revenue >= $25M,HDBSCAN separation leader,10007,10009,368,35,0.09510869565217392,0.0,0.0
technology_revenue_25m,Technology companies with revenue >= $25M,HDBSCAN separation leader,10007,10010,368,311,0.845108695652174,1.0,1.0
technology_revenue_25m,Technology companies with revenue >= $25M,HDBSCAN separation leader,10007,10011,369,305,0.8265582655826558,1.0,1.0
technology_revenue_25m,Technology companies with revenue >= $25M,HDBSCAN separation leader,10007,10012,383,327,0.8537859007832899,1.0,1.0
technology_revenue_25m,Technology companies with revenue >= $25M,HDBSCAN separation leader,10007,10013,380,55,0.14473684210526316,0.0,0.0
technology_revenue_25m,Technology companies with revenue >= $25M,HDBSCAN separation leader,10007,10014,373,311,0.8337801608579088,1.0,1.0
technology_revenue_25m,Technology companies with revenue >= $25M,HDBSCAN separation leader,10007,10015,377,293,0.7771883289124668,0.9282307195127806,0.8613872335529276
technology_revenue_25m,Technology companies with revenue >= $25M,HDBSCAN separation leader,10007,10016,372,44,0.11827956989247312,0.0,0.0
technology_revenue_25m,Technology companies with revenue >= $25M,HDBSCAN separation leader,10007,10017,382,319,0.8350785340314136,1.0,1.0
technology_revenue_25m,Technology companies with revenue >= $25M,HDBSCAN separation leader,10007,10018,370,298,0.8054054054054054,1.0,1.0
technology_revenue_25m,Technology companies with revenue >= $25M,HDBSCAN separation leader,10007,10019,373,318,0.8525469168900804,-0.013883268371990658,0.0029878701064280032
technology_revenue_25m,Technology companies with revenue >= $25M,HDBSCAN separation leader,10008,10009,376,29,0.07712765957446809,1.0,1.0
technology_revenue_25m,Technology companies with revenue >= $25M,HDBSCAN separation leader,10008,10010,376,54,0.14361702127659576,0.0,0.0
technology_revenue_25m,Technology companies with revenue >= $25M,HDBSCAN separation leader,10008,10011,374,56,0.1497326203208556,0.0,0.0
technology_revenue_25m,Technology companies with revenue >= $25M,HDBSCAN separation leader,10008,10012,377,57,0.15119363395225463,0.0,0.0
technology_revenue_25m,Technology companies with revenue >= $25M,HDBSCAN separation leader,10008,10013,372,41,0.11021505376344086,1.0,1.0
technology_revenue_25m,Technology companies with revenue >= $25M,HDBSCAN separation leader,10008,10014,373,52,0.13941018766756033,0.0,0.0
technology_revenue_25m,Technology companies with revenue >= $25M,HDBSCAN separation leader,10008,10015,376,58,0.15425531914893617,0.0,0.0
technology_revenue_25m,Technology companies with revenue >= $25M,HDBSCAN separation leader,10008,10016,376,30,0.0797872340425532,0.37208117517194533,0.4610320925150403
technology_revenue_25m,Technology companies with revenue >= $25M,HDBSCAN separation leader,10008,10017,385,56,0.14545454545454545,0.0,0.0
technology_revenue_25m,Technology companies with revenue >= $25M,HDBSCAN separation leader,10008,10018,379,54,0.1424802110817942,0.0,0.0
technology_revenue_25m,Technology companies with revenue >= $25M,HDBSCAN separation leader,10008,10019,380,54,0.14210526315789473,0.0,0.0
technology_revenue_25m,Technology companies with revenue >= $25M,HDBSCAN separation leader,10009,10010,377,30,0.07957559681697612,0.0,0.0
technology_revenue_25m,Technology companies with revenue >= $25M,HDBSCAN separation leader,10009,10011,371,32,0.0862533692722372,0.0,0.0
technology_revenue_25m,Technology companies with revenue >= $25M,HDBSCAN separation leader,10009,10012,381,34,0.08923884514435695,0.0,0.0
technology_revenue_25m,Technology companies with revenue >= $25M,HDBSCAN separation leader,10009,10013,372,27,0.07258064516129033,1.0,1.0
technology_revenue_25m,Technology companies with revenue >= $25M,HDBSCAN separation leader,10009,10014,374,31,0.08288770053475936,0.0,0.0
technology_revenue_25m,Technology companies with revenue >= $25M,HDBSCAN separation leader,10009,10015,375,32,0.08533333333333333,0.0,0.0
technology_revenue_25m,Technology companies with revenue >= $25M,HDBSCAN separation leader,10009,10016,378,22,0.0582010582010582,0.6540880503144654,0.6367110272927964
technology_revenue_25m,Technology companies with revenue >= $25M,HDBSCAN separation leader,10009,10017,377,30,0.07957559681697612,0.0,0.0
technology_revenue_25m,Technology companies with revenue >= $25M,HDBSCAN separation leader,10009,10018,375,30,0.08,0.0,0.0
technology_revenue_25m,Technology companies with revenue >= $25M,HDBSCAN separation leader,10009,10019,375,31,0.08266666666666667,0.0,0.0
technology_revenue_25m,Technology companies with revenue >= $25M,HDBSCAN separation leader,10010,10011,380,324,0.8526315789473684,1.0,1.0
technology_revenue_25m,Technology companies with revenue >= $25M,HDBSCAN separation leader,10010,10012,384,347,0.9036458333333334,1.0,1.0
technology_revenue_25m,Technology companies with revenue >= $25M,HDBSCAN separation leader,10010,10013,376,53,0.14095744680851063,0.0,0.0
technology_revenue_25m,Technology companies with revenue >= $25M,HDBSCAN separation leader,10010,10014,375,310,0.8266666666666667,1.0,1.0
technology_revenue_25m,Technology companies with revenue >= $25M,HDBSCAN separation leader,10010,10015,377,293,0.7771883289124668,0.9421531670673946,0.8818992120491037
technology_revenue_25m,Technology companies with revenue >= $25M,HDBSCAN separation leader,10010,10016,373,42,0.1126005361930295,0.0,0.0
technology_revenue_25m,Technology companies with revenue >= $25M,HDBSCAN separation leader,10010,10017,373,336,0.900804289544236,1.0,1.0
technology_revenue_25m,Technology companies with revenue >= $25M,HDBSCAN separation leader,10010,10018,379,301,0.7941952506596306,1.0,1.0
technology_revenue_25m,Technology companies with revenue >= $25M,HDBSCAN separation leader,10010,10019,375,340,0.9066666666666666,-0.03668840324936724,0.009536707449255423
technology_revenue_25m,Technology companies with revenue >= $25M,HDBSCAN separation leader,10011,10012,374,324,0.8663101604278075,1.0,1.0
technology_revenue_25m,Technology companies with revenue >= $25M,HDBSCAN separation leader,10011,10013,370,45,0.12162162162162163,0.0,0.0
technology_revenue_25m,Technology companies with revenue >= $25M,HDBSCAN separation leader,10011,10014,375,300,0.8,1.0,1.0
technology_revenue_25m,Technology companies with revenue >= $25M,HDBSCAN separation leader,10011,10015,371,282,0.7601078167115903,1.0,1.0
technology_revenue_25m,Technology companies with revenue >= $25M,HDBSCAN separation leader,10011,10016,377,40,0.10610079575596817,0.0,0.0
technology_revenue_25m,Technology companies with revenue >= $25M,HDBSCAN separation leader,10011,10017,374,314,0.839572192513369,1.0,1.0
technology_revenue_25m,Technology companies with revenue >= $25M,HDBSCAN separation leader,10011,10018,380,300,0.7894736842105263,1.0,1.0
technology_revenue_25m,Technology companies with revenue >= $25M,HDBSCAN separation leader,10011,10019,376,317,0.8430851063829787,-0.023102953702782206,0.00523800994470859
technology_revenue_25m,Technology companies with revenue >= $25M,HDBSCAN separation leader,10012,10013,379,54,0.1424802110817942,0.0,0.0
technology_revenue_25m,Technology companies with revenue >= $25M,HDBSCAN separation leader,10012,10014,372,313,0.8413978494623656,1.0,1.0
technology_revenue_25m,Technology companies with revenue >= $25M,HDBSCAN separation leader,10012,10015,369,293,0.7940379403794038,0.9471165026295145,0.8895606052244581
technology_revenue_25m,Technology companies with revenue >= $25M,HDBSCAN separation leader,10012,10016,370,41,0.11081081081081082,0.0,0.0
technology_revenue_25m,Technology companies with revenue >= $25M,HDBSCAN separation leader,10012,10017,376,335,0.8909574468085106,1.0,1.0
technology_revenue_25m,Technology companies with revenue >= $25M,HDBSCAN separation leader,10012,10018,372,303,0.8145161290322581,1.0,1.0
technology_revenue_25m,Technology companies with revenue >= $25M,HDBSCAN separation leader,10012,10019,378,338,0.8941798941798942,-0.027575502999857907,0.006527197673820668
technology_revenue_25m,Technology companies with revenue >= $25M,HDBSCAN separation leader,10013,10014,376,52,0.13829787234042554,0.0,0.0
technology_revenue_25m,Technology companies with revenue >= $25M,HDBSCAN separation leader,10013,10015,379,54,0.1424802110817942,0.0,0.0
technology_revenue_25m,Technology companies with revenue >= $25M,HDBSCAN separation leader,10013,10016,372,27,0.07258064516129033,0.6406552155613696,0.7689806894262724
technology_revenue_25m,Technology companies with revenue >= $25M,HDBSCAN separation leader,10013,10017,382,48,0.1256544502617801,0.0,0.0
technology_revenue_25m,Technology companies with revenue >= $25M,HDBSCAN separation leader,10013,10018,373,49,0.13136729222520108,0.0,0.0
technology_revenue_25m,Technology companies with revenue >= $25M,HDBSCAN separation leader,10013,10019,382,53,0.1387434554973822,0.0,0.0
technology_revenue_25m,Technology companies with revenue >= $25M,HDBSCAN separation leader,10014,10015,373,296,0.7935656836461126,1.0,1.0
technology_revenue_25m,Technology companies with revenue >= $25M,HDBSCAN separation leader,10014,10016,380,41,0.10789473684210527,0.0,0.0
technology_revenue_25m,Technology companies with revenue >= $25M,HDBSCAN separation leader,10014,10017,378,311,0.8227513227513228,1.0,1.0
technology_revenue_25m,Technology companies with revenue >= $25M,HDBSCAN separation leader,10014,10018,369,295,0.7994579945799458,1.0,1.0
technology_revenue_25m,Technology companies with revenue >= $25M,HDBSCAN separation leader,10014,10019,384,321,0.8359375,0.0,0.0
technology_revenue_25m,Technology companies with revenue >= $25M,HDBSCAN separation leader,10015,10016,383,45,0.1174934725848564,0.0,0.0
technology_revenue_25m,Technology companies with revenue >= $25M,HDBSCAN separation leader,10015,10017,374,292,0.7807486631016043,0.9546256733825623,0.9015765509499063
technology_revenue_25m,Technology companies with revenue >= $25M,HDBSCAN separation leader,10015,10018,384,289,0.7526041666666666,1.0,1.0
technology_revenue_25m,Technology companies with revenue >= $25M,HDBSCAN separation leader,10015,10019,377,299,0.7931034482758621,0.0,0.0
technology_revenue_25m,Technology companies with revenue >= $25M,HDBSCAN separation leader,10016,10017,382,43,0.112565445026178,0.0,0.0
technology_revenue_25m,Technology companies with revenue >= $25M,HDBSCAN separation leader,10016,10018,381,43,0.11286089238845144,0.0,0.0
technology_revenue_25m,Technology companies with revenue >= $25M,HDBSCAN separation leader,10016,10019,377,38,0.10079575596816977,0.0,0.0
technology_revenue_25m,Technology companies with revenue >= $25M,HDBSCAN separation leader,10017,10018,377,297,0.7877984084880637,1.0,1.0
technology_revenue_25m,Technology companies with revenue >= $25M,HDBSCAN separation leader,10017,10019,376,334,0.8882978723404256,-0.03162421739869728,0.007853822332798173
technology_revenue_25m,Technology companies with revenue >= $25M,HDBSCAN separation leader,10018,10019,371,296,0.7978436657681941,0.0,0.0
technology_revenue_25m,Technology companies with revenue >= $25M,HDBSCAN coverage leader,10000,10001,376,52,0.13829787234042554,0.0,0.0
technology_revenue_25m,Technology companies with revenue >= $25M,HDBSCAN coverage leader,10000,10002,376,44,0.11702127659574468,0.0,0.0
technology_revenue_25m,Technology companies with revenue >= $25M,HDBSCAN coverage leader,10000,10003,378,45,0.11904761904761904,1.0,1.0
technology_revenue_25m,Technology companies with revenue >= $25M,HDBSCAN coverage leader,10000,10004,373,46,0.12332439678284182,0.0,0.0
technology_revenue_25m,Technology companies with revenue >= $25M,HDBSCAN coverage leader,10000,10005,375,48,0.128,0.0,0.0
technology_revenue_25m,Technology companies with revenue >= $25M,HDBSCAN coverage leader,10000,10006,378,44,0.1164021164021164,0.0,0.0
technology_revenue_25m,Technology companies with revenue >= $25M,HDBSCAN coverage leader,10000,10007,376,50,0.13297872340425532,0.0,0.0
technology_revenue_25m,Technology companies with revenue >= $25M,HDBSCAN coverage leader,10000,10008,382,41,0.10732984293193717,1.0,1.0
technology_revenue_25m,Technology companies with revenue >= $25M,HDBSCAN coverage leader,10000,10009,372,28,0.07526881720430108,1.0,1.0
technology_revenue_25m,Technology companies with revenue >= $25M,HDBSCAN coverage leader,10000,10010,379,46,0.12137203166226913,0.0,0.0
technology_revenue_25m,Technology companies with revenue >= $25M,HDBSCAN coverage leader,10000,10011,370,39,0.10540540540540541,0.0,0.0
technology_revenue_25m,Technology companies with revenue >= $25M,HDBSCAN coverage leader,10000,10012,381,46,0.12073490813648294,0.0,0.0
technology_revenue_25m,Technology companies with revenue >= $25M,HDBSCAN coverage leader,10000,10013,380,39,0.10263157894736842,0.763929429390644,0.6703415486189384
technology_revenue_25m,Technology companies with revenue >= $25M,HDBSCAN coverage leader,10000,10014,373,46,0.12332439678284182,0.0,0.0
technology_revenue_25m,Technology companies with revenue >= $25M,HDBSCAN coverage leader,10000,10015,381,45,0.11811023622047244,0.0,0.0
technology_revenue_25m,Technology companies with revenue >= $25M,HDBSCAN coverage leader,10000,10016,379,26,0.06860158311345646,0.29359638856378534,0.4527395873304905
technology_revenue_25m,Technology companies with revenue >= $25M,HDBSCAN coverage leader,10000,10017,378,41,0.10846560846560846,0.0,0.0
technology_revenue_25m,Technology companies with revenue >= $25M,HDBSCAN coverage leader,10000,10018,384,45,0.1171875,0.0,0.0
technology_revenue_25m,Technology companies with revenue >= $25M,HDBSCAN coverage leader,10000,10019,374,47,0.12566844919786097,0.0,0.0
technology_revenue_25m,Technology companies with revenue >= $25M,HDBSCAN coverage leader,10001,10002,374,334,0.893048128342246,1.0,1.0
technology_revenue_25m,Technology companies with revenue >= $25M,HDBSCAN coverage leader,10001,10003,380,64,0.16842105263157894,0.0,0.0
technology_revenue_25m,Technology companies with revenue >= $25M,HDBSCAN coverage leader,10001,10004,374,310,0.8288770053475936,1.0,1.0
technology_revenue_25m,Technology companies with revenue >= $25M,HDBSCAN coverage leader,10001,10005,374,310,0.8288770053475936,1.0,1.0
technology_revenue_25m,Technology companies with revenue >= $25M,HDBSCAN coverage leader,10001,10006,372,324,0.8709677419354839,1.0,1.0
technology_revenue_25m,Technology companies with revenue >= $25M,HDBSCAN coverage leader,10001,10007,373,322,0.8632707774798928,1.0,1.0
technology_revenue_25m,Technology companies with revenue >= $25M,HDBSCAN coverage leader,10001,10008,376,62,0.16489361702127658,0.0,0.0
technology_revenue_25m,Technology companies with revenue >= $25M,HDBSCAN coverage leader,10001,10009,377,37,0.09814323607427056,0.0,0.0
technology_revenue_25m,Technology companies with revenue >= $25M,HDBSCAN coverage leader,10001,10010,367,330,0.8991825613079019,0.9582132628323933,0.9080957026408792
technology_revenue_25m,Technology companies with revenue >= $25M,HDBSCAN coverage leader,10001,10011,377,332,0.8806366047745358,1.0,1.0
technology_revenue_25m,Technology companies with revenue >= $25M,HDBSCAN coverage leader,10001,10012,375,344,0.9173333333333333,1.0,1.0
technology_revenue_25m,Technology companies with revenue >= $25M,HDBSCAN coverage leader,10001,10013,372,57,0.1532258064516129,0.0,0.0
technology_revenue_25m,Technology companies with revenue >= $25M,HDBSCAN coverage leader,10001,10014,376,326,0.8670212765957447,0.834902711603447,0.8184465637559548
technology_revenue_25m,Technology companies with revenue >= $25M,HDBSCAN coverage leader,10001,10015,380,312,0.8210526315789474,1.0,1.0
technology_revenue_25m,Technology companies with revenue >= $25M,HDBSCAN coverage leader,10001,10016,379,46,0.12137203166226913,0.0,0.0
technology_revenue_25m,Technology companies with revenue >= $25M,HDBSCAN coverage leader,10001,10017,372,332,0.8924731182795699,1.0,1.0
technology_revenue_25m,Technology companies with revenue >= $25M,HDBSCAN coverage leader,10001,10018,384,314,0.8177083333333334,1.0,1.0
technology_revenue_25m,Technology companies with revenue >= $25M,HDBSCAN coverage leader,10001,10019,374,335,0.8957219251336899,-0.021860930851842528,0.005463808266541114
technology_revenue_25m,Technology companies with revenue >= $25M,HDBSCAN coverage leader,10002,10003,375,56,0.14933333333333335,0.0,0.0
technology_revenue_25m,Technology companies with revenue >= $25M,HDBSCAN coverage leader,10002,10004,375,295,0.7866666666666666,1.0,1.0
technology_revenue_25m,Technology companies with revenue >= $25M,HDBSCAN coverage leader,10002,10005,374,300,0.8021390374331551,1.0,1.0
technology_revenue_25m,Technology companies with revenue >= $25M,HDBSCAN coverage leader,10002,10006,377,322,0.8541114058355438,0.9426465503263889,0.8832741814273567
technology_revenue_25m,Technology companies with revenue >= $25M,HDBSCAN coverage leader,10002,10007,376,315,0.8377659574468085,1.0,1.0
technology_revenue_25m,Technology companies with revenue >= $25M,HDBSCAN coverage leader,10002,10008,373,54,0.1447721179624665,0.0,0.0
technology_revenue_25m,Technology companies with revenue >= $25M,HDBSCAN coverage leader,10002,10009,371,33,0.0889487870619946,0.0,0.0
technology_revenue_25m,Technology companies with revenue >= $25M,HDBSCAN coverage leader,10002,10010,374,336,0.8983957219251337,1.0,1.0
technology_revenue_25m,Technology companies with revenue >= $25M,HDBSCAN coverage leader,10002,10011,374,325,0.8689839572192514,0.9628470228026055,0.915901893688807
technology_revenue_25m,Technology companies with revenue >= $25M,HDBSCAN coverage leader,10002,10012,374,341,0.9117647058823529,1.0,1.0
technology_revenue_25m,Technology companies with revenue >= $25M,HDBSCAN coverage leader,10002,10013,369,51,0.13821138211382114,0.0,0.0
technology_revenue_25m,Technology companies with revenue >= $25M,HDBSCAN coverage leader,10002,10014,368,313,0.8505434782608695,0.7562516886130328,0.753824389771613
technology_revenue_25m,Technology companies with revenue >= $25M,HDBSCAN coverage leader,10002,10015,373,299,0.8016085790884718,1.0,1.0
technology_revenue_25m,Technology companies with revenue >= $25M,HDBSCAN coverage leader,10002,10016,371,37,0.09973045822102426,0.0,0.0
technology_revenue_25m,Technology companies with revenue >= $25M,HDBSCAN coverage leader,10002,10017,375,331,0.8826666666666667,1.0,1.0
technology_revenue_25m,Technology companies with revenue >= $25M,HDBSCAN coverage leader,10002,10018,370,293,0.7918918918918919,1.0,1.0
technology_revenue_25m,Technology companies with revenue >= $25M,HDBSCAN coverage leader,10002,10019,372,327,0.8790322580645161,-0.03671391507005522,0.009726949138261961
technology_revenue_25m,Technology companies with revenue >= $25M,HDBSCAN coverage leader,10003,10004,367,61,0.16621253405994552,0.0,0.0
technology_revenue_25m,Technology companies with revenue >= $25M,HDBSCAN coverage leader,10003,10005,373,57,0.15281501340482573,0.0,0.0
technology_revenue_25m,Technology companies with revenue >= $25M,HDBSCAN coverage leader,10003,10006,373,54,0.1447721179624665,0.0,0.0
technology_revenue_25m,Technology companies with revenue >= $25M,HDBSCAN coverage leader,10003,10007,371,63,0.16981132075471697,0.0,0.0
technology_revenue_25m,Technology companies with revenue >= $25M,HDBSCAN coverage leader,10003,10008,381,54,0.14173228346456693,1.0,1.0
technology_revenue_25m,Technology companies with revenue >= $25M,HDBSCAN coverage leader,10003,10009,376,36,0.09574468085106383,0.8876662081613939,0.8304810190775198
technology_revenue_25m,Technology companies with revenue >= $25M,HDBSCAN coverage leader,10003,10010,376,56,0.14893617021276595,0.0,0.0
technology_revenue_25m,Technology companies with revenue >= $25M,HDBSCAN coverage leader,10003,10011,380,52,0.1368421052631579,0.0,0.0
technology_revenue_25m,Technology companies with revenue >= $25M,HDBSCAN coverage leader,10003,10012,374,58,0.15508021390374332,0.0,0.0
technology_revenue_25m,Technology companies with revenue >= $25M,HDBSCAN coverage leader,10003,10013,374,48,0.12834224598930483,1.0,1.0
technology_revenue_25m,Technology companies with revenue >= $25M,HDBSCAN coverage leader,10003,10014,374,57,0.15240641711229946,0.0,0.0
technology_revenue_25m,Technology companies with revenue >= $25M,HDBSCAN coverage leader,10003,10015,376,61,0.1622340425531915,0.0,0.0
technology_revenue_25m,Technology companies with revenue >= $25M,HDBSCAN coverage leader,10003,10016,372,36,0.0967741935483871,0.16170798074335435,0.35700137249545366
technology_revenue_25m,Technology companies with revenue >= $25M,HDBSCAN coverage leader,10003,10017,375,55,0.14666666666666667,0.0,0.0
technology_revenue_25m,Technology companies with revenue >= $25M,HDBSCAN coverage leader,10003,10018,386,55,0.14248704663212436,0.0,0.0
technology_revenue_25m,Technology companies with revenue >= $25M,HDBSCAN coverage leader,10003,10019,378,56,0.14814814814814814,0.0,0.0
technology_revenue_25m,Technology companies with revenue >= $25M,HDBSCAN coverage leader,10004,10005,373,298,0.7989276139410187,0.9472101616830207,0.8898073002126734
technology_revenue_25m,Technology companies with revenue >= $25M,HDBSCAN coverage leader,10004,10006,370,297,0.8027027027027027,0.9471916970826709,0.8897584518053043
technology_revenue_25m,Technology companies with revenue >= $25M,HDBSCAN coverage leader,10004,10007,374,301,0.8048128342245989,0.9422992723957418,0.8822977487283291
technology_revenue_25m,Technology companies with revenue >= $25M,HDBSCAN coverage leader,10004,10008,380,56,0.14736842105263157,0.0,0.0
technology_revenue_25m,Technology companies with revenue >= $25M,HDBSCAN coverage leader,10004,10009,375,35,0.09333333333333334,0.0,0.0
technology_revenue_25m,Technology companies with revenue >= $25M,HDBSCAN coverage leader,10004,10010,377,301,0.7984084880636605,1.0,1.0
technology_revenue_25m,Technology companies with revenue >= $25M,HDBSCAN coverage leader,10004,10011,375,295,0.7866666666666666,1.0,1.0
technology_revenue_25m,Technology companies with revenue >= $25M,HDBSCAN coverage leader,10004,10012,377,308,0.8169761273209549,1.0,1.0
technology_revenue_25m,Technology companies with revenue >= $25M,HDBSCAN coverage leader,10004,10013,380,54,0.14210526315789473,0.0,0.0
technology_revenue_25m,Technology companies with revenue >= $25M,HDBSCAN coverage leader,10004,10014,375,299,0.7973333333333333,0.9513246686082834,0.8963402166960808
technology_revenue_25m,Technology companies with revenue >= $25M,HDBSCAN coverage leader,10004,10015,378,303,0.8015873015873016,0.9473005504968359,0.8900479667107208
technology_revenue_25m,Technology companies with revenue >= $25M,HDBSCAN coverage leader,10004,10016,372,40,0.10752688172043011,0.0,0.0
technology_revenue_25m,Technology companies with revenue >= $25M,HDBSCAN coverage leader,10004,10017,374,297,0.7941176470588235,1.0,1.0
technology_revenue_25m,Technology companies with revenue >= $25M,HDBSCAN coverage leader,10004,10018,377,294,0.7798408488063661,0.9421718886793312,0.8819498949439482
technology_revenue_25m,Technology companies with revenue >= $25M,HDBSCAN coverage leader,10004,10019,384,307,0.7994791666666666,0.0,0.0
technology_revenue_25m,Technology companies with revenue >= $25M,HDBSCAN coverage leader,10005,10006,378,302,0.798941798941799,0.9472827261130634,0.8900003034110496
technology_revenue_25m,Technology companies with revenue >= $25M,HDBSCAN coverage leader,10005,10007,379,311,0.820580474934037,1.0,1.0
technology_revenue_25m,Technology companies with revenue >= $25M,HDBSCAN coverage leader,10005,10008,371,51,0.13746630727762804,0.0,0.0
technology_revenue_25m,Technology companies with revenue >= $25M,HDBSCAN coverage leader,10005,10009,381,31,0.08136482939632546,0.0,0.0
technology_revenue_25m,Technology companies with revenue >= $25M,HDBSCAN coverage leader,10005,10010,377,305,0.8090185676392573,1.0,1.0
technology_revenue_25m,Technology companies with revenue >= $25M,HDBSCAN coverage leader,10005,10011,375,299,0.7973333333333333,1.0,1.0
technology_revenue_25m,Technology companies with revenue >= $25M,HDBSCAN coverage leader,10005,10012,373,306,0.8203753351206434,1.0,1.0
technology_revenue_25m,Technology companies with revenue >= $25M,HDBSCAN coverage leader,10005,10013,376,53,0.14095744680851063,0.0,0.0
technology_revenue_25m,Technology companies with revenue >= $25M,HDBSCAN coverage leader,10005,10014,377,303,0.8037135278514589,1.0,1.0
technology_revenue_25m,Technology companies with revenue >= $25M,HDBSCAN coverage leader,10005,10015,367,295,0.8038147138964578,1.0,1.0
technology_revenue_25m,Technology companies with revenue >= $25M,HDBSCAN coverage leader,10005,10016,372,40,0.10752688172043011,0.0,0.0
technology_revenue_25m,Technology companies with revenue >= $25M,HDBSCAN coverage leader,10005,10017,385,310,0.8051948051948052,1.0,1.0
technology_revenue_25m,Technology companies with revenue >= $25M,HDBSCAN coverage leader,10005,10018,375,296,0.7893333333333333,1.0,1.0
technology_revenue_25m,Technology companies with revenue >= $25M,HDBSCAN coverage leader,10005,10019,378,306,0.8095238095238095,0.0,0.0
technology_revenue_25m,Technology companies with revenue >= $25M,HDBSCAN coverage leader,10006,10007,376,317,0.8430851063829787,1.0,1.0
technology_revenue_25m,Technology companies with revenue >= $25M,HDBSCAN coverage leader,10006,10008,374,51,0.13636363636363635,0.0,0.0
technology_revenue_25m,Technology companies with revenue >= $25M,HDBSCAN coverage leader,10006,10009,382,32,0.08376963350785341,0.0,0.0
technology_revenue_25m,Technology companies with revenue >= $25M,HDBSCAN coverage leader,10006,10010,377,324,0.8594164456233422,0.9287383012561276,0.8629111854308132
technology_revenue_25m,Technology companies with revenue >= $25M,HDBSCAN coverage leader,10006,10011,374,314,0.839572192513369,0.9474887065762952,0.8905574295874199
technology_revenue_25m,Technology companies with revenue >= $25M,HDBSCAN coverage leader,10006,10012,370,324,0.8756756756756757,1.0,1.0
technology_revenue_25m,Technology companies with revenue >= $25M,HDBSCAN coverage leader,10006,10013,376,45,0.1196808510638298,0.0,0.0
technology_revenue_25m,Technology companies with revenue >= $25M,HDBSCAN coverage leader,10006,10014,380,320,0.8421052631578947,0.7414929104886102,0.7412353382080705
technology_revenue_25m,Technology companies with revenue >= $25M,HDBSCAN coverage leader,10006,10015,375,306,0.816,1.0,1.0
technology_revenue_25m,Technology companies with revenue >= $25M,HDBSCAN coverage leader,10006,10016,379,40,0.10554089709762533,0.0,0.0
technology_revenue_25m,Technology companies with revenue >= $25M,HDBSCAN coverage leader,10006,10017,374,319,0.8529411764705882,0.9364544731785254,0.87395841814315
technology_revenue_25m,Technology companies with revenue >= $25M,HDBSCAN coverage leader,10006,10018,376,296,0.7872340425531915,1.0,1.0
technology_revenue_25m,Technology companies with revenue >= $25M,HDBSCAN coverage leader,10006,10019,372,312,0.8387096774193549,-0.023442854679783503,0.005202609104871641
technology_revenue_25m,Technology companies with revenue >= $25M,HDBSCAN coverage leader,10007,10008,375,59,0.15733333333333333,0.0,0.0
technology_revenue_25m,Technology companies with revenue >= $25M,HDBSCAN coverage leader,10007,10009,368,35,0.09510869565217392,0.0,0.0
technology_revenue_25m,Technology companies with revenue >= $25M,HDBSCAN coverage leader,10007,10010,368,311,0.845108695652174,1.0,1.0
technology_revenue_25m,Technology companies with revenue >= $25M,HDBSCAN coverage leader,10007,10011,369,305,0.8265582655826558,1.0,1.0
technology_revenue_25m,Technology companies with revenue >= $25M,HDBSCAN coverage leader,10007,10012,383,327,0.8537859007832899,1.0,1.0
technology_revenue_25m,Technology companies with revenue >= $25M,HDBSCAN coverage leader,10007,10013,380,55,0.14473684210526316,0.0,0.0
technology_revenue_25m,Technology companies with revenue >= $25M,HDBSCAN coverage leader,10007,10014,373,314,0.8418230563002681,0.8609731863141277,0.8403067537611439
technology_revenue_25m,Technology companies with revenue >= $25M,HDBSCAN coverage leader,10007,10015,377,308,0.8169761273209549,1.0,1.0
technology_revenue_25m,Technology companies with revenue >= $25M,HDBSCAN coverage leader,10007,10016,372,44,0.11827956989247312,0.0,0.0
technology_revenue_25m,Technology companies with revenue >= $25M,HDBSCAN coverage leader,10007,10017,382,319,0.8350785340314136,1.0,1.0
technology_revenue_25m,Technology companies with revenue >= $25M,HDBSCAN coverage leader,10007,10018,370,298,0.8054054054054054,1.0,1.0
technology_revenue_25m,Technology companies with revenue >= $25M,HDBSCAN coverage leader,10007,10019,373,318,0.8525469168900804,-0.013883268371990658,0.0029878701064280032
technology_revenue_25m,Technology companies with revenue >= $25M,HDBSCAN coverage leader,10008,10009,376,29,0.07712765957446809,1.0,1.0
technology_revenue_25m,Technology companies with revenue >= $25M,HDBSCAN coverage leader,10008,10010,376,54,0.14361702127659576,0.0,0.0
technology_revenue_25m,Technology companies with revenue >= $25M,HDBSCAN coverage leader,10008,10011,374,56,0.1497326203208556,0.0,0.0
technology_revenue_25m,Technology companies with revenue >= $25M,HDBSCAN coverage leader,10008,10012,377,57,0.15119363395225463,0.0,0.0
technology_revenue_25m,Technology companies with revenue >= $25M,HDBSCAN coverage leader,10008,10013,372,41,0.11021505376344086,1.0,1.0
technology_revenue_25m,Technology companies with revenue >= $25M,HDBSCAN coverage leader,10008,10014,373,52,0.13941018766756033,0.0,0.0
technology_revenue_25m,Technology companies with revenue >= $25M,HDBSCAN coverage leader,10008,10015,376,58,0.15425531914893617,0.0,0.0
technology_revenue_25m,Technology companies with revenue >= $25M,HDBSCAN coverage leader,10008,10016,376,30,0.0797872340425532,0.37208117517194533,0.4610320925150403
technology_revenue_25m,Technology companies with revenue >= $25M,HDBSCAN coverage leader,10008,10017,385,56,0.14545454545454545,0.0,0.0
technology_revenue_25m,Technology companies with revenue >= $25M,HDBSCAN coverage leader,10008,10018,379,54,0.1424802110817942,0.0,0.0
technology_revenue_25m,Technology companies with revenue >= $25M,HDBSCAN coverage leader,10008,10019,380,54,0.14210526315789473,0.0,0.0
technology_revenue_25m,Technology companies with revenue >= $25M,HDBSCAN coverage leader,10009,10010,377,30,0.07957559681697612,0.0,0.0
technology_revenue_25m,Technology companies with revenue >= $25M,HDBSCAN coverage leader,10009,10011,371,32,0.0862533692722372,0.0,0.0
technology_revenue_25m,Technology companies with revenue >= $25M,HDBSCAN coverage leader,10009,10012,381,34,0.08923884514435695,0.0,0.0
technology_revenue_25m,Technology companies with revenue >= $25M,HDBSCAN coverage leader,10009,10013,372,27,0.07258064516129033,1.0,1.0
technology_revenue_25m,Technology companies with revenue >= $25M,HDBSCAN coverage leader,10009,10014,374,31,0.08288770053475936,0.0,0.0
technology_revenue_25m,Technology companies with revenue >= $25M,HDBSCAN coverage leader,10009,10015,375,32,0.08533333333333333,0.0,0.0
technology_revenue_25m,Technology companies with revenue >= $25M,HDBSCAN coverage leader,10009,10016,378,22,0.0582010582010582,0.6540880503144654,0.6367110272927964
technology_revenue_25m,Technology companies with revenue >= $25M,HDBSCAN coverage leader,10009,10017,377,30,0.07957559681697612,0.0,0.0
technology_revenue_25m,Technology companies with revenue >= $25M,HDBSCAN coverage leader,10009,10018,375,30,0.08,0.0,0.0
technology_revenue_25m,Technology companies with revenue >= $25M,HDBSCAN coverage leader,10009,10019,375,31,0.08266666666666667,0.0,0.0
technology_revenue_25m,Technology companies with revenue >= $25M,HDBSCAN coverage leader,10010,10011,380,335,0.881578947368421,1.0,1.0
technology_revenue_25m,Technology companies with revenue >= $25M,HDBSCAN coverage leader,10010,10012,384,355,0.9244791666666666,1.0,1.0
technology_revenue_25m,Technology companies with revenue >= $25M,HDBSCAN coverage leader,10010,10013,376,53,0.14095744680851063,0.0,0.0
technology_revenue_25m,Technology companies with revenue >= $25M,HDBSCAN coverage leader,10010,10014,375,318,0.848,0.7143182758912585,0.7206183864653017
technology_revenue_25m,Technology companies with revenue >= $25M,HDBSCAN coverage leader,10010,10015,377,301,0.7984084880636605,1.0,1.0
technology_revenue_25m,Technology companies with revenue >= $25M,HDBSCAN coverage leader,10010,10016,373,42,0.1126005361930295,0.0,0.0
technology_revenue_25m,Technology companies with revenue >= $25M,HDBSCAN coverage leader,10010,10017,373,336,0.900804289544236,1.0,1.0
technology_revenue_25m,Technology companies with revenue >= $25M,HDBSCAN coverage leader,10010,10018,379,301,0.7941952506596306,1.0,1.0
technology_revenue_25m,Technology companies with revenue >= $25M,HDBSCAN coverage leader,10010,10019,375,340,0.9066666666666666,-0.03668840324936724,0.009536707449255423
technology_revenue_25m,Technology companies with revenue >= $25M,HDBSCAN coverage leader,10011,10012,374,335,0.8957219251336899,0.9666308710221589,0.9226731272497513
technology_revenue_25m,Technology companies with revenue >= $25M,HDBSCAN coverage leader,10011,10013,370,45,0.12162162162162163,0.0,0.0
technology_revenue_25m,Technology companies with revenue >= $25M,HDBSCAN coverage leader,10011,10014,375,312,0.832,0.7683189222359657,0.7657502505858019
technology_revenue_25m,Technology companies with revenue >= $25M,HDBSCAN coverage leader,10011,10015,371,293,0.7897574123989218,1.0,1.0
technology_revenue_25m,Technology companies with revenue >= $25M,HDBSCAN coverage leader,10011,10016,377,40,0.10610079575596817,0.0,0.0
technology_revenue_25m,Technology companies with revenue >= $25M,HDBSCAN coverage leader,10011,10017,374,325,0.8689839572192514,0.9628470228026055,0.915901893688807
technology_revenue_25m,Technology companies with revenue >= $25M,HDBSCAN coverage leader,10011,10018,380,300,0.7894736842105263,1.0,1.0
technology_revenue_25m,Technology companies with revenue >= $25M,HDBSCAN coverage leader,10011,10019,376,328,0.8723404255319149,-0.029296041767934856,0.007712264559095244
technology_revenue_25m,Technology companies with revenue >= $25M,HDBSCAN coverage leader,10012,10013,379,54,0.1424802110817942,0.0,0.0
technology_revenue_25m,Technology companies with revenue >= $25M,HDBSCAN coverage leader,10012,10014,372,321,0.8629032258064516,0.7700328702978105,0.7651280908647294
technology_revenue_25m,Technology companies with revenue >= $25M,HDBSCAN coverage leader,10012,10015,369,305,0.8265582655826558,1.0,1.0
technology_revenue_25m,Technology companies with revenue >= $25M,HDBSCAN coverage leader,10012,10016,370,41,0.11081081081081082,0.0,0.0
technology_revenue_25m,Technology companies with revenue >= $25M,HDBSCAN coverage leader,10012,10017,376,342,0.9095744680851063,1.0,1.0
technology_revenue_25m,Technology companies with revenue >= $25M,HDBSCAN coverage leader,10012,10018,372,303,0.8145161290322581,1.0,1.0
technology_revenue_25m,Technology companies with revenue >= $25M,HDBSCAN coverage leader,10012,10019,378,344,0.91005291005291,-0.030303570993888626,0.007765105048592255
technology_revenue_25m,Technology companies with revenue >= $25M,HDBSCAN coverage leader,10013,10014,376,52,0.13829787234042554,0.0,0.0
technology_revenue_25m,Technology companies with revenue >= $25M,HDBSCAN coverage leader,10013,10015,379,54,0.1424802110817942,0.0,0.0
technology_revenue_25m,Technology companies with revenue >= $25M,HDBSCAN coverage leader,10013,10016,372,27,0.07258064516129033,0.6406552155613696,0.7689806894262724
technology_revenue_25m,Technology companies with revenue >= $25M,HDBSCAN coverage leader,10013,10017,382,48,0.1256544502617801,0.0,0.0
technology_revenue_25m,Technology companies with revenue >= $25M,HDBSCAN coverage leader,10013,10018,373,49,0.13136729222520108,0.0,0.0
technology_revenue_25m,Technology companies with revenue >= $25M,HDBSCAN coverage leader,10013,10019,382,53,0.1387434554973822,0.0,0.0
technology_revenue_25m,Technology companies with revenue >= $25M,HDBSCAN coverage leader,10014,10015,373,303,0.8123324396782842,1.0,1.0
technology_revenue_25m,Technology companies with revenue >= $25M,HDBSCAN coverage leader,10014,10016,380,41,0.10789473684210527,0.0,0.0
technology_revenue_25m,Technology companies with revenue >= $25M,HDBSCAN coverage leader,10014,10017,378,319,0.843915343915344,0.7305507726368153,0.7339378397423921
technology_revenue_25m,Technology companies with revenue >= $25M,HDBSCAN coverage leader,10014,10018,369,295,0.7994579945799458,1.0,1.0
technology_revenue_25m,Technology companies with revenue >= $25M,HDBSCAN coverage leader,10014,10019,384,328,0.8541666666666666,0.4978787305874409,0.5544167612588489
technology_revenue_25m,Technology companies with revenue >= $25M,HDBSCAN coverage leader,10015,10016,383,45,0.1174934725848564,0.0,0.0
technology_revenue_25m,Technology companies with revenue >= $25M,HDBSCAN coverage leader,10015,10017,374,299,0.7994652406417112,1.0,1.0
technology_revenue_25m,Technology companies with revenue >= $25M,HDBSCAN coverage leader,10015,10018,384,305,0.7942708333333334,1.0,1.0
technology_revenue_25m,Technology companies with revenue >= $25M,HDBSCAN coverage leader,10015,10019,377,307,0.8143236074270557,0.0,0.0
technology_revenue_25m,Technology companies with revenue >= $25M,HDBSCAN coverage leader,10016,10017,382,43,0.112565445026178,0.0,0.0
technology_revenue_25m,Technology companies with revenue >= $25M,HDBSCAN coverage leader,10016,10018,381,43,0.11286089238845144,0.0,0.0
technology_revenue_25m,Technology companies with revenue >= $25M,HDBSCAN coverage leader,10016,10019,377,38,0.10079575596816977,0.0,0.0
technology_revenue_25m,Technology companies with revenue >= $25M,HDBSCAN coverage leader,10017,10018,377,297,0.7877984084880637,1.0,1.0
technology_revenue_25m,Technology companies with revenue >= $25M,HDBSCAN coverage leader,10017,10019,376,334,0.8882978723404256,-0.03162421739869728,0.007853822332798173
technology_revenue_25m,Technology companies with revenue >= $25M,HDBSCAN coverage leader,10018,10019,371,296,0.7978436657681941,0.0,0.0
technology_revenue_25m,Technology companies with revenue >= $25M,HDBSCAN balanced frontier leader,10000,10001,376,52,0.13829787234042554,0.0,0.0
technology_revenue_25m,Technology companies with revenue >= $25M,HDBSCAN balanced frontier leader,10000,10002,376,44,0.11702127659574468,0.0,0.0
technology_revenue_25m,Technology companies with revenue >= $25M,HDBSCAN balanced frontier leader,10000,10003,378,45,0.11904761904761904,1.0,1.0
technology_revenue_25m,Technology companies with revenue >= $25M,HDBSCAN balanced frontier leader,10000,10004,373,46,0.12332439678284182,0.0,0.0
technology_revenue_25m,Technology companies with revenue >= $25M,HDBSCAN balanced frontier leader,10000,10005,375,48,0.128,0.0,0.0
technology_revenue_25m,Technology companies with revenue >= $25M,HDBSCAN balanced frontier leader,10000,10006,378,44,0.1164021164021164,0.0,0.0
technology_revenue_25m,Technology companies with revenue >= $25M,HDBSCAN balanced frontier leader,10000,10007,376,50,0.13297872340425532,0.0,0.0
technology_revenue_25m,Technology companies with revenue >= $25M,HDBSCAN balanced frontier leader,10000,10008,382,41,0.10732984293193717,1.0,1.0
technology_revenue_25m,Technology companies with revenue >= $25M,HDBSCAN balanced frontier leader,10000,10009,372,28,0.07526881720430108,1.0,1.0
technology_revenue_25m,Technology companies with revenue >= $25M,HDBSCAN balanced frontier leader,10000,10010,379,46,0.12137203166226913,0.0,0.0
technology_revenue_25m,Technology companies with revenue >= $25M,HDBSCAN balanced frontier leader,10000,10011,370,39,0.10540540540540541,0.0,0.0
technology_revenue_25m,Technology companies with revenue >= $25M,HDBSCAN balanced frontier leader,10000,10012,381,46,0.12073490813648294,0.0,0.0
technology_revenue_25m,Technology companies with revenue >= $25M,HDBSCAN balanced frontier leader,10000,10013,380,39,0.10263157894736842,0.763929429390644,0.6703415486189384
technology_revenue_25m,Technology companies with revenue >= $25M,HDBSCAN balanced frontier leader,10000,10014,373,46,0.12332439678284182,0.0,0.0
technology_revenue_25m,Technology companies with revenue >= $25M,HDBSCAN balanced frontier leader,10000,10015,381,45,0.11811023622047244,0.0,0.0
technology_revenue_25m,Technology companies with revenue >= $25M,HDBSCAN balanced frontier leader,10000,10016,379,26,0.06860158311345646,0.29359638856378534,0.4527395873304905
technology_revenue_25m,Technology companies with revenue >= $25M,HDBSCAN balanced frontier leader,10000,10017,378,41,0.10846560846560846,0.0,0.0
technology_revenue_25m,Technology companies with revenue >= $25M,HDBSCAN balanced frontier leader,10000,10018,384,45,0.1171875,0.0,0.0
technology_revenue_25m,Technology companies with revenue >= $25M,HDBSCAN balanced frontier leader,10000,10019,374,47,0.12566844919786097,0.0,0.0
technology_revenue_25m,Technology companies with revenue >= $25M,HDBSCAN balanced frontier leader,10001,10002,374,334,0.893048128342246,1.0,1.0
technology_revenue_25m,Technology companies with revenue >= $25M,HDBSCAN balanced frontier leader,10001,10003,380,64,0.16842105263157894,0.0,0.0
technology_revenue_25m,Technology companies with revenue >= $25M,HDBSCAN balanced frontier leader,10001,10004,374,310,0.8288770053475936,1.0,1.0
technology_revenue_25m,Technology companies with revenue >= $25M,HDBSCAN balanced frontier leader,10001,10005,374,302,0.8074866310160428,1.0,1.0
technology_revenue_25m,Technology companies with revenue >= $25M,HDBSCAN balanced frontier leader,10001,10006,372,324,0.8709677419354839,1.0,1.0
technology_revenue_25m,Technology companies with revenue >= $25M,HDBSCAN balanced frontier leader,10001,10007,373,322,0.8632707774798928,1.0,1.0
technology_revenue_25m,Technology companies with revenue >= $25M,HDBSCAN balanced frontier leader,10001,10008,376,62,0.16489361702127658,0.0,0.0
technology_revenue_25m,Technology companies with revenue >= $25M,HDBSCAN balanced frontier leader,10001,10009,377,37,0.09814323607427056,0.0,0.0
technology_revenue_25m,Technology companies with revenue >= $25M,HDBSCAN balanced frontier leader,10001,10010,367,330,0.8991825613079019,0.9582132628323933,0.9080957026408792
technology_revenue_25m,Technology companies with revenue >= $25M,HDBSCAN balanced frontier leader,10001,10011,377,332,0.8806366047745358,1.0,1.0
technology_revenue_25m,Technology companies with revenue >= $25M,HDBSCAN balanced frontier leader,10001,10012,375,344,0.9173333333333333,1.0,1.0
technology_revenue_25m,Technology companies with revenue >= $25M,HDBSCAN balanced frontier leader,10001,10013,372,57,0.1532258064516129,0.0,0.0
technology_revenue_25m,Technology companies with revenue >= $25M,HDBSCAN balanced frontier leader,10001,10014,376,326,0.8670212765957447,0.834902711603447,0.8184465637559548
technology_revenue_25m,Technology companies with revenue >= $25M,HDBSCAN balanced frontier leader,10001,10015,380,307,0.8078947368421052,0.9578305952887638,0.9071226774947593
technology_revenue_25m,Technology companies with revenue >= $25M,HDBSCAN balanced frontier leader,10001,10016,379,46,0.12137203166226913,0.0,0.0
technology_revenue_25m,Technology companies with revenue >= $25M,HDBSCAN balanced frontier leader,10001,10017,372,332,0.8924731182795699,1.0,1.0
technology_revenue_25m,Technology companies with revenue >= $25M,HDBSCAN balanced frontier leader,10001,10018,384,314,0.8177083333333334,1.0,1.0
technology_revenue_25m,Technology companies with revenue >= $25M,HDBSCAN balanced frontier leader,10001,10019,374,335,0.8957219251336899,-0.021860930851842528,0.005463808266541114
technology_revenue_25m,Technology companies with revenue >= $25M,HDBSCAN balanced frontier leader,10002,10003,375,56,0.14933333333333335,0.0,0.0
technology_revenue_25m,Technology companies with revenue >= $25M,HDBSCAN balanced frontier leader,10002,10004,375,295,0.7866666666666666,1.0,1.0
technology_revenue_25m,Technology companies with revenue >= $25M,HDBSCAN balanced frontier leader,10002,10005,374,294,0.786096256684492,0.9421718886793312,0.8819498949439482
technology_revenue_25m,Technology companies with revenue >= $25M,HDBSCAN balanced frontier leader,10002,10006,377,322,0.8541114058355438,0.9426465503263889,0.8832741814273567
technology_revenue_25m,Technology companies with revenue >= $25M,HDBSCAN balanced frontier leader,10002,10007,376,315,0.8377659574468085,1.0,1.0
technology_revenue_25m,Technology companies with revenue >= $25M,HDBSCAN balanced frontier leader,10002,10008,373,54,0.1447721179624665,0.0,0.0
technology_revenue_25m,Technology companies with revenue >= $25M,HDBSCAN balanced frontier leader,10002,10009,371,33,0.0889487870619946,0.0,0.0
technology_revenue_25m,Technology companies with revenue >= $25M,HDBSCAN balanced frontier leader,10002,10010,374,336,0.8983957219251337,1.0,1.0
technology_revenue_25m,Technology companies with revenue >= $25M,HDBSCAN balanced frontier leader,10002,10011,374,325,0.8689839572192514,0.9628470228026055,0.915901893688807
technology_revenue_25m,Technology companies with revenue >= $25M,HDBSCAN balanced frontier leader,10002,10012,374,341,0.9117647058823529,1.0,1.0
technology_revenue_25m,Technology companies with revenue >= $25M,HDBSCAN balanced frontier leader,10002,10013,369,51,0.13821138211382114,0.0,0.0
technology_revenue_25m,Technology companies with revenue >= $25M,HDBSCAN balanced frontier leader,10002,10014,368,313,0.8505434782608695,0.7562516886130328,0.753824389771613
technology_revenue_25m,Technology companies with revenue >= $25M,HDBSCAN balanced frontier leader,10002,10015,373,294,0.7882037533512064,0.9546648941010178,0.901673615550969
technology_revenue_25m,Technology companies with revenue >= $25M,HDBSCAN balanced frontier leader,10002,10016,371,37,0.09973045822102426,0.0,0.0
technology_revenue_25m,Technology companies with revenue >= $25M,HDBSCAN balanced frontier leader,10002,10017,375,331,0.8826666666666667,1.0,1.0
technology_revenue_25m,Technology companies with revenue >= $25M,HDBSCAN balanced frontier leader,10002,10018,370,293,0.7918918918918919,1.0,1.0
technology_revenue_25m,Technology companies with revenue >= $25M,HDBSCAN balanced frontier leader,10002,10019,372,327,0.8790322580645161,-0.03671391507005522,0.009726949138261961
technology_revenue_25m,Technology companies with revenue >= $25M,HDBSCAN balanced frontier leader,10003,10004,367,61,0.16621253405994552,0.0,0.0
technology_revenue_25m,Technology companies with revenue >= $25M,HDBSCAN balanced frontier leader,10003,10005,373,57,0.15281501340482573,0.0,0.0
technology_revenue_25m,Technology companies with revenue >= $25M,HDBSCAN balanced frontier leader,10003,10006,373,54,0.1447721179624665,0.0,0.0
technology_revenue_25m,Technology companies with revenue >= $25M,HDBSCAN balanced frontier leader,10003,10007,371,63,0.16981132075471697,0.0,0.0
technology_revenue_25m,Technology companies with revenue >= $25M,HDBSCAN balanced frontier leader,10003,10008,381,54,0.14173228346456693,1.0,1.0
technology_revenue_25m,Technology companies with revenue >= $25M,HDBSCAN balanced frontier leader,10003,10009,376,36,0.09574468085106383,0.8876662081613939,0.8304810190775198
technology_revenue_25m,Technology companies with revenue >= $25M,HDBSCAN balanced frontier leader,10003,10010,376,56,0.14893617021276595,0.0,0.0
technology_revenue_25m,Technology companies with revenue >= $25M,HDBSCAN balanced frontier leader,10003,10011,380,52,0.1368421052631579,0.0,0.0
technology_revenue_25m,Technology companies with revenue >= $25M,HDBSCAN balanced frontier leader,10003,10012,374,58,0.15508021390374332,0.0,0.0
technology_revenue_25m,Technology companies with revenue >= $25M,HDBSCAN balanced frontier leader,10003,10013,374,48,0.12834224598930483,1.0,1.0
technology_revenue_25m,Technology companies with revenue >= $25M,HDBSCAN balanced frontier leader,10003,10014,374,57,0.15240641711229946,0.0,0.0
technology_revenue_25m,Technology companies with revenue >= $25M,HDBSCAN balanced frontier leader,10003,10015,376,61,0.1622340425531915,0.0,0.0
technology_revenue_25m,Technology companies with revenue >= $25M,HDBSCAN balanced frontier leader,10003,10016,372,36,0.0967741935483871,0.16170798074335435,0.35700137249545366
technology_revenue_25m,Technology companies with revenue >= $25M,HDBSCAN balanced frontier leader,10003,10017,375,55,0.14666666666666667,0.0,0.0
technology_revenue_25m,Technology companies with revenue >= $25M,HDBSCAN balanced frontier leader,10003,10018,386,55,0.14248704663212436,0.0,0.0
technology_revenue_25m,Technology companies with revenue >= $25M,HDBSCAN balanced frontier leader,10003,10019,378,56,0.14814814814814814,0.0,0.0
technology_revenue_25m,Technology companies with revenue >= $25M,HDBSCAN balanced frontier leader,10004,10005,373,288,0.7721179624664879,0.9470193928328553,0.8893076146822066
technology_revenue_25m,Technology companies with revenue >= $25M,HDBSCAN balanced frontier leader,10004,10006,370,297,0.8027027027027027,0.9471916970826709,0.8897584518053043
technology_revenue_25m,Technology companies with revenue >= $25M,HDBSCAN balanced frontier leader,10004,10007,374,301,0.8048128342245989,0.9422992723957418,0.8822977487283291
technology_revenue_25m,Technology companies with revenue >= $25M,HDBSCAN balanced frontier leader,10004,10008,380,56,0.14736842105263157,0.0,0.0
technology_revenue_25m,Technology companies with revenue >= $25M,HDBSCAN balanced frontier leader,10004,10009,375,35,0.09333333333333334,0.0,0.0
technology_revenue_25m,Technology companies with revenue >= $25M,HDBSCAN balanced frontier leader,10004,10010,377,301,0.7984084880636605,1.0,1.0
technology_revenue_25m,Technology companies with revenue >= $25M,HDBSCAN balanced frontier leader,10004,10011,375,295,0.7866666666666666,1.0,1.0
technology_revenue_25m,Technology companies with revenue >= $25M,HDBSCAN balanced frontier leader,10004,10012,377,308,0.8169761273209549,1.0,1.0
technology_revenue_25m,Technology companies with revenue >= $25M,HDBSCAN balanced frontier leader,10004,10013,380,54,0.14210526315789473,0.0,0.0
technology_revenue_25m,Technology companies with revenue >= $25M,HDBSCAN balanced frontier leader,10004,10014,375,299,0.7973333333333333,0.9513246686082834,0.8963402166960808
technology_revenue_25m,Technology companies with revenue >= $25M,HDBSCAN balanced frontier leader,10004,10015,378,289,0.7645502645502645,0.9359395107413998,0.8724839092666908
technology_revenue_25m,Technology companies with revenue >= $25M,HDBSCAN balanced frontier leader,10004,10016,372,40,0.10752688172043011,0.0,0.0
technology_revenue_25m,Technology companies with revenue >= $25M,HDBSCAN balanced frontier leader,10004,10017,374,297,0.7941176470588235,1.0,1.0
technology_revenue_25m,Technology companies with revenue >= $25M,HDBSCAN balanced frontier leader,10004,10018,377,294,0.7798408488063661,0.9421718886793312,0.8819498949439482
technology_revenue_25m,Technology companies with revenue >= $25M,HDBSCAN balanced frontier leader,10004,10019,384,307,0.7994791666666666,0.0,0.0
technology_revenue_25m,Technology companies with revenue >= $25M,HDBSCAN balanced frontier leader,10005,10006,378,295,0.7804232804232805,1.0,1.0
technology_revenue_25m,Technology companies with revenue >= $25M,HDBSCAN balanced frontier leader,10005,10007,379,300,0.7915567282321899,1.0,1.0
technology_revenue_25m,Technology companies with revenue >= $25M,HDBSCAN balanced frontier leader,10005,10008,371,51,0.13746630727762804,0.0,0.0
technology_revenue_25m,Technology companies with revenue >= $25M,HDBSCAN balanced frontier leader,10005,10009,381,31,0.08136482939632546,0.0,0.0
technology_revenue_25m,Technology companies with revenue >= $25M,HDBSCAN balanced frontier leader,10005,10010,377,297,0.7877984084880637,1.0,1.0
technology_revenue_25m,Technology companies with revenue >= $25M,HDBSCAN balanced frontier leader,10005,10011,375,292,0.7786666666666666,1.0,1.0
technology_revenue_25m,Technology companies with revenue >= $25M,HDBSCAN balanced frontier leader,10005,10012,373,297,0.7962466487935657,0.9360874971882573,0.8728981036990883
technology_revenue_25m,Technology companies with revenue >= $25M,HDBSCAN balanced frontier leader,10005,10013,376,53,0.14095744680851063,0.0,0.0
technology_revenue_25m,Technology companies with revenue >= $25M,HDBSCAN balanced frontier leader,10005,10014,377,297,0.7877984084880637,1.0,1.0
technology_revenue_25m,Technology companies with revenue >= $25M,HDBSCAN balanced frontier leader,10005,10015,367,278,0.7574931880108992,1.0,1.0
technology_revenue_25m,Technology companies with revenue >= $25M,HDBSCAN balanced frontier leader,10005,10016,372,40,0.10752688172043011,0.0,0.0
technology_revenue_25m,Technology companies with revenue >= $25M,HDBSCAN balanced frontier leader,10005,10017,385,302,0.7844155844155845,0.9361758186148411,0.8731488553279935
technology_revenue_25m,Technology companies with revenue >= $25M,HDBSCAN balanced frontier leader,10005,10018,375,285,0.76,1.0,1.0
technology_revenue_25m,Technology companies with revenue >= $25M,HDBSCAN balanced frontier leader,10005,10019,378,297,0.7857142857142857,0.0,0.0
technology_revenue_25m,Technology companies with revenue >= $25M,HDBSCAN balanced frontier leader,10006,10007,376,317,0.8430851063829787,1.0,1.0
technology_revenue_25m,Technology companies with revenue >= $25M,HDBSCAN balanced frontier leader,10006,10008,374,51,0.13636363636363635,0.0,0.0
technology_revenue_25m,Technology companies with revenue >= $25M,HDBSCAN balanced frontier leader,10006,10009,382,32,0.08376963350785341,0.0,0.0
technology_revenue_25m,Technology companies with revenue >= $25M,HDBSCAN balanced frontier leader,10006,10010,377,324,0.8594164456233422,0.9287383012561276,0.8629111854308132
technology_revenue_25m,Technology companies with revenue >= $25M,HDBSCAN balanced frontier leader,10006,10011,374,314,0.839572192513369,0.9474887065762952,0.8905574295874199
technology_revenue_25m,Technology companies with revenue >= $25M,HDBSCAN balanced frontier leader,10006,10012,370,324,0.8756756756756757,1.0,1.0
technology_revenue_25m,Technology companies with revenue >= $25M,HDBSCAN balanced frontier leader,10006,10013,376,45,0.1196808510638298,0.0,0.0
technology_revenue_25m,Technology companies with revenue >= $25M,HDBSCAN balanced frontier leader,10006,10014,380,320,0.8421052631578947,0.7414929104886102,0.7412353382080705
technology_revenue_25m,Technology companies with revenue >= $25M,HDBSCAN balanced frontier leader,10006,10015,375,294,0.784,0.936032992041716,0.8727446975081953
technology_revenue_25m,Technology companies with revenue >= $25M,HDBSCAN balanced frontier leader,10006,10016,379,40,0.10554089709762533,0.0,0.0
technology_revenue_25m,Technology companies with revenue >= $25M,HDBSCAN balanced frontier leader,10006,10017,374,319,0.8529411764705882,0.9364544731785254,0.87395841814315
technology_revenue_25m,Technology companies with revenue >= $25M,HDBSCAN balanced frontier leader,10006,10018,376,296,0.7872340425531915,1.0,1.0
technology_revenue_25m,Technology companies with revenue >= $25M,HDBSCAN balanced frontier leader,10006,10019,372,312,0.8387096774193549,-0.023442854679783503,0.005202609104871641
technology_revenue_25m,Technology companies with revenue >= $25M,HDBSCAN balanced frontier leader,10007,10008,375,59,0.15733333333333333,0.0,0.0
technology_revenue_25m,Technology companies with revenue >= $25M,HDBSCAN balanced frontier leader,10007,10009,368,35,0.09510869565217392,0.0,0.0
technology_revenue_25m,Technology companies with revenue >= $25M,HDBSCAN balanced frontier leader,10007,10010,368,311,0.845108695652174,1.0,1.0
technology_revenue_25m,Technology companies with revenue >= $25M,HDBSCAN balanced frontier leader,10007,10011,369,305,0.8265582655826558,1.0,1.0
technology_revenue_25m,Technology companies with revenue >= $25M,HDBSCAN balanced frontier leader,10007,10012,383,327,0.8537859007832899,1.0,1.0
technology_revenue_25m,Technology companies with revenue >= $25M,HDBSCAN balanced frontier leader,10007,10013,380,55,0.14473684210526316,0.0,0.0
technology_revenue_25m,Technology companies with revenue >= $25M,HDBSCAN balanced frontier leader,10007,10014,373,314,0.8418230563002681,0.8609731863141277,0.8403067537611439
technology_revenue_25m,Technology companies with revenue >= $25M,HDBSCAN balanced frontier leader,10007,10015,377,293,0.7771883289124668,0.9282307195127806,0.8613872335529276
technology_revenue_25m,Technology companies with revenue >= $25M,HDBSCAN balanced frontier leader,10007,10016,372,44,0.11827956989247312,0.0,0.0
technology_revenue_25m,Technology companies with revenue >= $25M,HDBSCAN balanced frontier leader,10007,10017,382,319,0.8350785340314136,1.0,1.0
technology_revenue_25m,Technology companies with revenue >= $25M,HDBSCAN balanced frontier leader,10007,10018,370,298,0.8054054054054054,1.0,1.0
technology_revenue_25m,Technology companies with revenue >= $25M,HDBSCAN balanced frontier leader,10007,10019,373,318,0.8525469168900804,-0.013883268371990658,0.0029878701064280032
technology_revenue_25m,Technology companies with revenue >= $25M,HDBSCAN balanced frontier leader,10008,10009,376,29,0.07712765957446809,1.0,1.0
technology_revenue_25m,Technology companies with revenue >= $25M,HDBSCAN balanced frontier leader,10008,10010,376,54,0.14361702127659576,0.0,0.0
technology_revenue_25m,Technology companies with revenue >= $25M,HDBSCAN balanced frontier leader,10008,10011,374,56,0.1497326203208556,0.0,0.0
technology_revenue_25m,Technology companies with revenue >= $25M,HDBSCAN balanced frontier leader,10008,10012,377,57,0.15119363395225463,0.0,0.0
technology_revenue_25m,Technology companies with revenue >= $25M,HDBSCAN balanced frontier leader,10008,10013,372,41,0.11021505376344086,1.0,1.0
technology_revenue_25m,Technology companies with revenue >= $25M,HDBSCAN balanced frontier leader,10008,10014,373,52,0.13941018766756033,0.0,0.0
technology_revenue_25m,Technology companies with revenue >= $25M,HDBSCAN balanced frontier leader,10008,10015,376,58,0.15425531914893617,0.0,0.0
technology_revenue_25m,Technology companies with revenue >= $25M,HDBSCAN balanced frontier leader,10008,10016,376,30,0.0797872340425532,0.37208117517194533,0.4610320925150403
technology_revenue_25m,Technology companies with revenue >= $25M,HDBSCAN balanced frontier leader,10008,10017,385,56,0.14545454545454545,0.0,0.0
technology_revenue_25m,Technology companies with revenue >= $25M,HDBSCAN balanced frontier leader,10008,10018,379,54,0.1424802110817942,0.0,0.0
technology_revenue_25m,Technology companies with revenue >= $25M,HDBSCAN balanced frontier leader,10008,10019,380,54,0.14210526315789473,0.0,0.0
technology_revenue_25m,Technology companies with revenue >= $25M,HDBSCAN balanced frontier leader,10009,10010,377,30,0.07957559681697612,0.0,0.0
technology_revenue_25m,Technology companies with revenue >= $25M,HDBSCAN balanced frontier leader,10009,10011,371,32,0.0862533692722372,0.0,0.0
technology_revenue_25m,Technology companies with revenue >= $25M,HDBSCAN balanced frontier leader,10009,10012,381,34,0.08923884514435695,0.0,0.0
technology_revenue_25m,Technology companies with revenue >= $25M,HDBSCAN balanced frontier leader,10009,10013,372,27,0.07258064516129033,1.0,1.0
technology_revenue_25m,Technology companies with revenue >= $25M,HDBSCAN balanced frontier leader,10009,10014,374,31,0.08288770053475936,0.0,0.0
technology_revenue_25m,Technology companies with revenue >= $25M,HDBSCAN balanced frontier leader,10009,10015,375,32,0.08533333333333333,0.0,0.0
technology_revenue_25m,Technology companies with revenue >= $25M,HDBSCAN balanced frontier leader,10009,10016,378,22,0.0582010582010582,0.6540880503144654,0.6367110272927964
technology_revenue_25m,Technology companies with revenue >= $25M,HDBSCAN balanced frontier leader,10009,10017,377,30,0.07957559681697612,0.0,0.0
technology_revenue_25m,Technology companies with revenue >= $25M,HDBSCAN balanced frontier leader,10009,10018,375,30,0.08,0.0,0.0
technology_revenue_25m,Technology companies with revenue >= $25M,HDBSCAN balanced frontier leader,10009,10019,375,31,0.08266666666666667,0.0,0.0
technology_revenue_25m,Technology companies with revenue >= $25M,HDBSCAN balanced frontier leader,10010,10011,380,335,0.881578947368421,1.0,1.0
technology_revenue_25m,Technology companies with revenue >= $25M,HDBSCAN balanced frontier leader,10010,10012,384,355,0.9244791666666666,1.0,1.0
technology_revenue_25m,Technology companies with revenue >= $25M,HDBSCAN balanced frontier leader,10010,10013,376,53,0.14095744680851063,0.0,0.0
technology_revenue_25m,Technology companies with revenue >= $25M,HDBSCAN balanced frontier leader,10010,10014,375,318,0.848,0.7143182758912585,0.7206183864653017
technology_revenue_25m,Technology companies with revenue >= $25M,HDBSCAN balanced frontier leader,10010,10015,377,293,0.7771883289124668,0.9421531670673946,0.8818992120491037
technology_revenue_25m,Technology companies with revenue >= $25M,HDBSCAN balanced frontier leader,10010,10016,373,42,0.1126005361930295,0.0,0.0
technology_revenue_25m,Technology companies with revenue >= $25M,HDBSCAN balanced frontier leader,10010,10017,373,336,0.900804289544236,1.0,1.0
technology_revenue_25m,Technology companies with revenue >= $25M,HDBSCAN balanced frontier leader,10010,10018,379,301,0.7941952506596306,1.0,1.0
technology_revenue_25m,Technology companies with revenue >= $25M,HDBSCAN balanced frontier leader,10010,10019,375,340,0.9066666666666666,-0.03668840324936724,0.009536707449255423
technology_revenue_25m,Technology companies with revenue >= $25M,HDBSCAN balanced frontier leader,10011,10012,374,335,0.8957219251336899,0.9666308710221589,0.9226731272497513
technology_revenue_25m,Technology companies with revenue >= $25M,HDBSCAN balanced frontier leader,10011,10013,370,45,0.12162162162162163,0.0,0.0
technology_revenue_25m,Technology companies with revenue >= $25M,HDBSCAN balanced frontier leader,10011,10014,375,312,0.832,0.7683189222359657,0.7657502505858019
technology_revenue_25m,Technology companies with revenue >= $25M,HDBSCAN balanced frontier leader,10011,10015,371,286,0.77088948787062,1.0,1.0
technology_revenue_25m,Technology companies with revenue >= $25M,HDBSCAN balanced frontier leader,10011,10016,377,40,0.10610079575596817,0.0,0.0
technology_revenue_25m,Technology companies with revenue >= $25M,HDBSCAN balanced frontier leader,10011,10017,374,325,0.8689839572192514,0.9628470228026055,0.915901893688807
technology_revenue_25m,Technology companies with revenue >= $25M,HDBSCAN balanced frontier leader,10011,10018,380,300,0.7894736842105263,1.0,1.0
technology_revenue_25m,Technology companies with revenue >= $25M,HDBSCAN balanced frontier leader,10011,10019,376,328,0.8723404255319149,-0.029296041767934856,0.007712264559095244
technology_revenue_25m,Technology companies with revenue >= $25M,HDBSCAN balanced frontier leader,10012,10013,379,54,0.1424802110817942,0.0,0.0
technology_revenue_25m,Technology companies with revenue >= $25M,HDBSCAN balanced frontier leader,10012,10014,372,321,0.8629032258064516,0.7700328702978105,0.7651280908647294
technology_revenue_25m,Technology companies with revenue >= $25M,HDBSCAN balanced frontier leader,10012,10015,369,295,0.7994579945799458,0.9546842909743305,0.9017217771275318
technology_revenue_25m,Technology companies with revenue >= $25M,HDBSCAN balanced frontier leader,10012,10016,370,41,0.11081081081081082,0.0,0.0
technology_revenue_25m,Technology companies with revenue >= $25M,HDBSCAN balanced frontier leader,10012,10017,376,342,0.9095744680851063,1.0,1.0
technology_revenue_25m,Technology companies with revenue >= $25M,HDBSCAN balanced frontier leader,10012,10018,372,303,0.8145161290322581,1.0,1.0
technology_revenue_25m,Technology companies with revenue >= $25M,HDBSCAN balanced frontier leader,10012,10019,378,344,0.91005291005291,-0.030303570993888626,0.007765105048592255
technology_revenue_25m,Technology companies with revenue >= $25M,HDBSCAN balanced frontier leader,10013,10014,376,52,0.13829787234042554,0.0,0.0
technology_revenue_25m,Technology companies with revenue >= $25M,HDBSCAN balanced frontier leader,10013,10015,379,54,0.1424802110817942,0.0,0.0
technology_revenue_25m,Technology companies with revenue >= $25M,HDBSCAN balanced frontier leader,10013,10016,372,27,0.07258064516129033,0.6406552155613696,0.7689806894262724
technology_revenue_25m,Technology companies with revenue >= $25M,HDBSCAN balanced frontier leader,10013,10017,382,48,0.1256544502617801,0.0,0.0
technology_revenue_25m,Technology companies with revenue >= $25M,HDBSCAN balanced frontier leader,10013,10018,373,49,0.13136729222520108,0.0,0.0
technology_revenue_25m,Technology companies with revenue >= $25M,HDBSCAN balanced frontier leader,10013,10019,382,53,0.1387434554973822,0.0,0.0
technology_revenue_25m,Technology companies with revenue >= $25M,HDBSCAN balanced frontier leader,10014,10015,373,296,0.7935656836461126,1.0,1.0
technology_revenue_25m,Technology companies with revenue >= $25M,HDBSCAN balanced frontier leader,10014,10016,380,41,0.10789473684210527,0.0,0.0
technology_revenue_25m,Technology companies with revenue >= $25M,HDBSCAN balanced frontier leader,10014,10017,378,319,0.843915343915344,0.7305507726368153,0.7339378397423921
technology_revenue_25m,Technology companies with revenue >= $25M,HDBSCAN balanced frontier leader,10014,10018,369,295,0.7994579945799458,1.0,1.0
technology_revenue_25m,Technology companies with revenue >= $25M,HDBSCAN balanced frontier leader,10014,10019,384,328,0.8541666666666666,0.4978787305874409,0.5544167612588489
technology_revenue_25m,Technology companies with revenue >= $25M,HDBSCAN balanced frontier leader,10015,10016,383,45,0.1174934725848564,0.0,0.0
technology_revenue_25m,Technology companies with revenue >= $25M,HDBSCAN balanced frontier leader,10015,10017,374,292,0.7807486631016043,0.9546256733825623,0.9015765509499063
technology_revenue_25m,Technology companies with revenue >= $25M,HDBSCAN balanced frontier leader,10015,10018,384,289,0.7526041666666666,1.0,1.0
technology_revenue_25m,Technology companies with revenue >= $25M,HDBSCAN balanced frontier leader,10015,10019,377,299,0.7931034482758621,0.0,0.0
technology_revenue_25m,Technology companies with revenue >= $25M,HDBSCAN balanced frontier leader,10016,10017,382,43,0.112565445026178,0.0,0.0
technology_revenue_25m,Technology companies with revenue >= $25M,HDBSCAN balanced frontier leader,10016,10018,381,43,0.11286089238845144,0.0,0.0
technology_revenue_25m,Technology companies with revenue >= $25M,HDBSCAN balanced frontier leader,10016,10019,377,38,0.10079575596816977,0.0,0.0
technology_revenue_25m,Technology companies with revenue >= $25M,HDBSCAN balanced frontier leader,10017,10018,377,297,0.7877984084880637,1.0,1.0
technology_revenue_25m,Technology companies with revenue >= $25M,HDBSCAN balanced frontier leader,10017,10019,376,334,0.8882978723404256,-0.03162421739869728,0.007853822332798173
technology_revenue_25m,Technology companies with revenue >= $25M,HDBSCAN balanced frontier leader,10018,10019,371,296,0.7978436657681941,0.0,0.0
healthcare_revenue_50m,Healthcare companies with revenue >= $50M,K-Means|Selection-aware Silhouette leader,10000,10001,285,285,1.0,0.9148629077334629,0.8436037133377466
healthcare_revenue_50m,Healthcare companies with revenue >= $50M,K-Means|Selection-aware Silhouette leader,10000,10002,277,277,1.0,0.9819156470386198,0.9544860941885852
healthcare_revenue_50m,Healthcare companies with revenue >= $50M,K-Means|Selection-aware Silhouette leader,10000,10003,285,285,1.0,0.9823629507662284,0.9553817954888818
healthcare_revenue_50m,Healthcare companies with revenue >= $50M,K-Means|Selection-aware Silhouette leader,10000,10004,284,284,1.0,1.0,1.0
healthcare_revenue_50m,Healthcare companies with revenue >= $50M,K-Means|Selection-aware Silhouette leader,10000,10005,282,282,1.0,0.9816537598169246,0.9536248471949687
healthcare_revenue_50m,Healthcare companies with revenue >= $50M,K-Means|Selection-aware Silhouette leader,10000,10006,278,278,1.0,0.9815292570700437,0.9534352381219394
healthcare_revenue_50m,Healthcare companies with revenue >= $50M,K-Means|Selection-aware Silhouette leader,10000,10007,284,284,1.0,1.0,1.0
healthcare_revenue_50m,Healthcare companies with revenue >= $50M,K-Means|Selection-aware Silhouette leader,10000,10008,280,280,1.0,0.912335209045649,0.8395717610627333
healthcare_revenue_50m,Healthcare companies with revenue >= $50M,K-Means|Selection-aware Silhouette leader,10000,10009,289,289,1.0,0.9836082846382614,0.9586800415011208
healthcare_revenue_50m,Healthcare companies with revenue >= $50M,K-Means|Selection-aware Silhouette leader,10000,10010,281,281,1.0,1.0,1.0
healthcare_revenue_50m,Healthcare companies with revenue >= $50M,K-Means|Selection-aware Silhouette leader,10000,10011,283,283,1.0,0.9641393955678597,0.9201878900403186
healthcare_revenue_50m,Healthcare companies with revenue >= $50M,K-Means|Selection-aware Silhouette leader,10000,10012,285,285,1.0,0.981961772796947,0.9543255037347211
healthcare_revenue_50m,Healthcare companies with revenue >= $50M,K-Means|Selection-aware Silhouette leader,10000,10013,285,285,1.0,1.0,1.0
healthcare_revenue_50m,Healthcare companies with revenue >= $50M,K-Means|Selection-aware Silhouette leader,10000,10014,283,283,1.0,0.9819010250132422,0.9542329721816593
healthcare_revenue_50m,Healthcare companies with revenue >= $50M,K-Means|Selection-aware Silhouette leader,10000,10015,285,285,1.0,0.9817443337194527,0.9537638482655616
healthcare_revenue_50m,Healthcare companies with revenue >= $50M,K-Means|Selection-aware Silhouette leader,10000,10016,284,284,1.0,0.9642000481163501,0.920265256278075
healthcare_revenue_50m,Healthcare companies with revenue >= $50M,K-Means|Selection-aware Silhouette leader,10000,10017,284,284,1.0,0.9659978360940237,0.9140819353143875
healthcare_revenue_50m,Healthcare companies with revenue >= $50M,K-Means|Selection-aware Silhouette leader,10000,10018,280,280,1.0,0.912335209045649,0.8395717610627333
healthcare_revenue_50m,Healthcare companies with revenue >= $50M,K-Means|Selection-aware Silhouette leader,10000,10019,281,281,1.0,0.9651445700746363,0.9119656571731393
healthcare_revenue_50m,Healthcare companies with revenue >= $50M,K-Means|Selection-aware Silhouette leader,10001,10002,283,283,1.0,0.8800864804167082,0.7966681479965335
healthcare_revenue_50m,Healthcare companies with revenue >= $50M,K-Means|Selection-aware Silhouette leader,10001,10003,285,285,1.0,0.8804967561757338,0.7970180312412798
healthcare_revenue_50m,Healthcare companies with revenue >= $50M,K-Means|Selection-aware Silhouette leader,10001,10004,281,281,1.0,0.9293494910459529,0.8639787094990902
healthcare_revenue_50m,Healthcare companies with revenue >= $50M,K-Means|Selection-aware Silhouette leader,10001,10005,286,286,1.0,0.9314163415138471,0.8674777052714225
healthcare_revenue_50m,Healthcare companies with revenue >= $50M,K-Means|Selection-aware Silhouette leader,10001,10006,282,282,1.0,0.9116834681949229,0.8381101923150512
healthcare_revenue_50m,Healthcare companies with revenue >= $50M,K-Means|Selection-aware Silhouette leader,10001,10007,288,288,1.0,0.8810990976000943,0.7975344660235211
healthcare_revenue_50m,Healthcare companies with revenue >= $50M,K-Means|Selection-aware Silhouette leader,10001,10008,280,280,1.0,0.9818078998600653,0.9540918931085918
healthcare_revenue_50m,Healthcare companies with revenue >= $50M,K-Means|Selection-aware Silhouette leader,10001,10009,285,285,1.0,0.9014407902755567,0.8266438928334922
healthcare_revenue_50m,Healthcare companies with revenue >= $50M,K-Means|Selection-aware Silhouette leader,10001,10010,278,278,1.0,0.9317247826277787,0.8691211922764491
healthcare_revenue_50m,Healthcare companies with revenue >= $50M,K-Means|Selection-aware Silhouette leader,10001,10011,282,282,1.0,0.9286824602320588,0.8625804457629379
healthcare_revenue_50m,Healthcare companies with revenue >= $50M,K-Means|Selection-aware Silhouette leader,10001,10012,285,285,1.0,0.9111115445347635,0.8367115436419694
healthcare_revenue_50m,Healthcare companies with revenue >= $50M,K-Means|Selection-aware Silhouette leader,10001,10013,277,277,1.0,0.9144259666035931,0.8439842266480387
healthcare_revenue_50m,Healthcare companies with revenue >= $50M,K-Means|Selection-aware Silhouette leader,10001,10014,284,284,1.0,0.8599726899467569,0.7700862792745532
healthcare_revenue_50m,Healthcare companies with revenue >= $50M,K-Means|Selection-aware Silhouette leader,10001,10015,285,285,1.0,0.9456255043767683,0.8883367749257537
healthcare_revenue_50m,Healthcare companies with revenue >= $50M,K-Means|Selection-aware Silhouette leader,10001,10016,285,285,1.0,0.8792315103017836,0.7948865833417699
healthcare_revenue_50m,Healthcare companies with revenue >= $50M,K-Means|Selection-aware Silhouette leader,10001,10017,283,283,1.0,0.9161545823288807,0.8463819006523479
healthcare_revenue_50m,Healthcare companies with revenue >= $50M,K-Means|Selection-aware Silhouette leader,10001,10018,286,286,1.0,0.9650993609923073,0.9222016074835321
healthcare_revenue_50m,Healthcare companies with revenue >= $50M,K-Means|Selection-aware Silhouette leader,10001,10019,285,285,1.0,0.8987123207847239,0.8215981122607191
healthcare_revenue_50m,Healthcare companies with revenue >= $50M,K-Means|Selection-aware Silhouette leader,10002,10003,281,281,1.0,1.0,1.0
healthcare_revenue_50m,Healthcare companies with revenue >= $50M,K-Means|Selection-aware Silhouette leader,10002,10004,282,282,1.0,0.9829517789913876,0.9571187007417791
healthcare_revenue_50m,Healthcare companies with revenue >= $50M,K-Means|Selection-aware Silhouette leader,10002,10005,282,282,1.0,0.9652101525512112,0.922730386819312
healthcare_revenue_50m,Healthcare companies with revenue >= $50M,K-Means|Selection-aware Silhouette leader,10002,10006,285,285,1.0,0.9474674545623268,0.8921209738677017
healthcare_revenue_50m,Healthcare companies with revenue >= $50M,K-Means|Selection-aware Silhouette leader,10002,10007,283,283,1.0,0.9819010250132422,0.9542329721816593
healthcare_revenue_50m,Healthcare companies with revenue >= $50M,K-Means|Selection-aware Silhouette leader,10002,10008,279,279,1.0,0.8752793596006379,0.7893198852771761
healthcare_revenue_50m,Healthcare companies with revenue >= $50M,K-Means|Selection-aware Silhouette leader,10002,10009,284,284,1.0,1.0,1.0
healthcare_revenue_50m,Healthcare companies with revenue >= $50M,K-Means|Selection-aware Silhouette leader,10002,10010,283,283,1.0,0.9834123512820316,0.9583998529322777
healthcare_revenue_50m,Healthcare companies with revenue >= $50M,K-Means|Selection-aware Silhouette leader,10002,10011,283,283,1.0,0.9478348028320603,0.8930787871496172
healthcare_revenue_50m,Healthcare companies with revenue >= $50M,K-Means|Selection-aware Silhouette leader,10002,10012,285,285,1.0,0.9646597017365361,0.9212512803513897
healthcare_revenue_50m,Healthcare companies with revenue >= $50M,K-Means|Selection-aware Silhouette leader,10002,10013,286,286,1.0,0.9833751886531622,0.9581445675789062
healthcare_revenue_50m,Healthcare companies with revenue >= $50M,K-Means|Selection-aware Silhouette leader,10002,10014,284,284,1.0,1.0,1.0
healthcare_revenue_50m,Healthcare companies with revenue >= $50M,K-Means|Selection-aware Silhouette leader,10002,10015,282,282,1.0,0.9640782142108614,0.920110019073207
healthcare_revenue_50m,Healthcare companies with revenue >= $50M,K-Means|Selection-aware Silhouette leader,10002,10016,282,282,1.0,1.0,1.0
healthcare_revenue_50m,Healthcare companies with revenue >= $50M,K-Means|Selection-aware Silhouette leader,10002,10017,281,281,1.0,0.9664013947027523,0.9257044736164148
healthcare_revenue_50m,Healthcare companies with revenue >= $50M,K-Means|Selection-aware Silhouette leader,10002,10018,284,284,1.0,0.8790295246180598,0.7947132339016783
healthcare_revenue_50m,Healthcare companies with revenue >= $50M,K-Means|Selection-aware Silhouette leader,10002,10019,282,282,1.0,0.9655493248451715,0.9235376395858566
healthcare_revenue_50m,Healthcare companies with revenue >= $50M,K-Means|Selection-aware Silhouette leader,10003,10004,277,277,1.0,0.9822907830627874,0.9554989569692648
healthcare_revenue_50m,Healthcare companies with revenue >= $50M,K-Means|Selection-aware Silhouette leader,10003,10005,285,285,1.0,0.9660628683437136,0.9245505725568719
healthcare_revenue_50m,Healthcare companies with revenue >= $50M,K-Means|Selection-aware Silhouette leader,10003,10006,282,282,1.0,0.9471932385387709,0.8918119967949659
healthcare_revenue_50m,Healthcare companies with revenue >= $50M,K-Means|Selection-aware Silhouette leader,10003,10007,289,289,1.0,0.9828470811680604,0.9565400747370094
healthcare_revenue_50m,Healthcare companies with revenue >= $50M,K-Means|Selection-aware Silhouette leader,10003,10008,283,283,1.0,0.911832078178232,0.8382536539823066
healthcare_revenue_50m,Healthcare companies with revenue >= $50M,K-Means|Selection-aware Silhouette leader,10003,10009,286,286,1.0,1.0,1.0
healthcare_revenue_50m,Healthcare companies with revenue >= $50M,K-Means|Selection-aware Silhouette leader,10003,10010,290,290,1.0,0.9841276369006283,0.9601827670014768
healthcare_revenue_50m,Healthcare companies with revenue >= $50M,K-Means|Selection-aware Silhouette leader,10003,10011,283,283,1.0,0.9488507557488033,0.8952745489730795
healthcare_revenue_50m,Healthcare companies with revenue >= $50M,K-Means|Selection-aware Silhouette leader,10003,10012,278,278,1.0,0.9642230322776832,0.9207008779127852
healthcare_revenue_50m,Healthcare companies with revenue >= $50M,K-Means|Selection-aware Silhouette leader,10003,10013,280,280,1.0,0.9831759351875988,0.9578594965588384
healthcare_revenue_50m,Healthcare companies with revenue >= $50M,K-Means|Selection-aware Silhouette leader,10003,10014,278,278,1.0,1.0,1.0
healthcare_revenue_50m,Healthcare companies with revenue >= $50M,K-Means|Selection-aware Silhouette leader,10003,10015,280,280,1.0,0.9635357992274795,0.9190068777804391
healthcare_revenue_50m,Healthcare companies with revenue >= $50M,K-Means|Selection-aware Silhouette leader,10003,10016,285,285,1.0,0.983199584928239,0.9576865824534454
healthcare_revenue_50m,Healthcare companies with revenue >= $50M,K-Means|Selection-aware Silhouette leader,10003,10017,289,289,1.0,0.9677174903844882,0.9283527273839826
healthcare_revenue_50m,Healthcare companies with revenue >= $50M,K-Means|Selection-aware Silhouette leader,10003,10018,286,286,1.0,0.9150124769004523,0.8437464940228562
healthcare_revenue_50m,Healthcare companies with revenue >= $50M,K-Means|Selection-aware Silhouette leader,10003,10019,284,284,1.0,0.9665985409597306,0.9259436087151719
healthcare_revenue_50m,Healthcare companies with revenue >= $50M,K-Means|Selection-aware Silhouette leader,10004,10005,287,287,1.0,1.0,1.0
healthcare_revenue_50m,Healthcare companies with revenue >= $50M,K-Means|Selection-aware Silhouette leader,10004,10006,283,283,1.0,1.0,1.0
healthcare_revenue_50m,Healthcare companies with revenue >= $50M,K-Means|Selection-aware Silhouette leader,10004,10007,287,287,1.0,0.9818034313706765,0.9538550381096826
healthcare_revenue_50m,Healthcare companies with revenue >= $50M,K-Means|Selection-aware Silhouette leader,10004,10008,287,287,1.0,0.9315356525701174,0.8676006063815573
healthcare_revenue_50m,Healthcare companies with revenue >= $50M,K-Means|Selection-aware Silhouette leader,10004,10009,280,280,1.0,1.0,1.0
healthcare_revenue_50m,Healthcare companies with revenue >= $50M,K-Means|Selection-aware Silhouette leader,10004,10010,286,286,1.0,1.0,1.0
healthcare_revenue_50m,Healthcare companies with revenue >= $50M,K-Means|Selection-aware Silhouette leader,10004,10011,284,284,1.0,0.9656762946211422,0.9236948388071873
healthcare_revenue_50m,Healthcare companies with revenue >= $50M,K-Means|Selection-aware Silhouette leader,10004,10012,284,284,1.0,1.0,1.0
healthcare_revenue_50m,Healthcare companies with revenue >= $50M,K-Means|Selection-aware Silhouette leader,10004,10013,286,286,1.0,1.0,1.0
healthcare_revenue_50m,Healthcare companies with revenue >= $50M,K-Means|Selection-aware Silhouette leader,10004,10014,287,287,1.0,0.9827859658426228,0.956449156444343
healthcare_revenue_50m,Healthcare companies with revenue >= $50M,K-Means|Selection-aware Silhouette leader,10004,10015,286,286,1.0,1.0,1.0
healthcare_revenue_50m,Healthcare companies with revenue >= $50M,K-Means|Selection-aware Silhouette leader,10004,10016,285,285,1.0,0.9827237851445584,0.9563570412635528
healthcare_revenue_50m,Healthcare companies with revenue >= $50M,K-Means|Selection-aware Silhouette leader,10004,10017,284,284,1.0,1.0,1.0
healthcare_revenue_50m,Healthcare companies with revenue >= $50M,K-Means|Selection-aware Silhouette leader,10004,10018,278,278,1.0,0.9297195970457404,0.865058588015529
healthcare_revenue_50m,Healthcare companies with revenue >= $50M,K-Means|Selection-aware Silhouette leader,10004,10019,278,278,1.0,1.0,1.0
healthcare_revenue_50m,Healthcare companies with revenue >= $50M,K-Means|Selection-aware Silhouette leader,10005,10006,277,277,1.0,1.0,1.0
healthcare_revenue_50m,Healthcare companies with revenue >= $50M,K-Means|Selection-aware Silhouette leader,10005,10007,279,279,1.0,0.9634736538565526,0.9189276933020262
healthcare_revenue_50m,Healthcare companies with revenue >= $50M,K-Means|Selection-aware Silhouette leader,10005,10008,285,285,1.0,0.9298310999558961,0.8644772823303274
healthcare_revenue_50m,Healthcare companies with revenue >= $50M,K-Means|Selection-aware Silhouette leader,10005,10009,281,281,1.0,0.9832098863466976,0.9579078229610039
healthcare_revenue_50m,Healthcare companies with revenue >= $50M,K-Means|Selection-aware Silhouette leader,10005,10010,283,283,1.0,0.9834123512820316,0.9583998529322778
healthcare_revenue_50m,Healthcare companies with revenue >= $50M,K-Means|Selection-aware Silhouette leader,10005,10011,281,281,1.0,0.9647896943356173,0.9218124207300274
healthcare_revenue_50m,Healthcare companies with revenue >= $50M,K-Means|Selection-aware Silhouette leader,10005,10012,286,286,1.0,1.0,1.0
healthcare_revenue_50m,Healthcare companies with revenue >= $50M,K-Means|Selection-aware Silhouette leader,10005,10013,287,287,1.0,0.9831124522018942,0.9573525019016237
healthcare_revenue_50m,Healthcare companies with revenue >= $50M,K-Means|Selection-aware Silhouette leader,10005,10014,287,287,1.0,0.9643788988922982,0.9204943808157904
healthcare_revenue_50m,Healthcare companies with revenue >= $50M,K-Means|Selection-aware Silhouette leader,10005,10015,283,283,1.0,1.0,1.0
healthcare_revenue_50m,Healthcare companies with revenue >= $50M,K-Means|Selection-aware Silhouette leader,10005,10016,286,286,1.0,0.9650993609923073,0.9222016074835321
healthcare_revenue_50m,Healthcare companies with revenue >= $50M,K-Means|Selection-aware Silhouette leader,10005,10017,281,281,1.0,1.0,1.0
healthcare_revenue_50m,Healthcare companies with revenue >= $50M,K-Means|Selection-aware Silhouette leader,10005,10018,283,283,1.0,0.9295923854160815,0.8642296171208528
healthcare_revenue_50m,Healthcare companies with revenue >= $50M,K-Means|Selection-aware Silhouette leader,10005,10019,285,285,1.0,1.0,1.0
healthcare_revenue_50m,Healthcare companies with revenue >= $50M,K-Means|Selection-aware Silhouette leader,10006,10007,282,282,1.0,0.9636584707606042,0.9191637008877437
healthcare_revenue_50m,Healthcare companies with revenue >= $50M,K-Means|Selection-aware Silhouette leader,10006,10008,285,285,1.0,0.9148629077334629,0.8436037133377465
healthcare_revenue_50m,Healthcare companies with revenue >= $50M,K-Means|Selection-aware Silhouette leader,10006,10009,287,287,1.0,0.9670699026314103,0.9268751264469973
healthcare_revenue_50m,Healthcare companies with revenue >= $50M,K-Means|Selection-aware Silhouette leader,10006,10010,285,285,1.0,0.9830490266627542,0.957259917540063
healthcare_revenue_50m,Healthcare companies with revenue >= $50M,K-Means|Selection-aware Silhouette leader,10006,10011,290,290,1.0,0.965700057750332,0.9233449791659188
healthcare_revenue_50m,Healthcare companies with revenue >= $50M,K-Means|Selection-aware Silhouette leader,10006,10012,291,291,1.0,1.0,1.0
healthcare_revenue_50m,Healthcare companies with revenue >= $50M,K-Means|Selection-aware Silhouette leader,10006,10013,283,283,1.0,0.9828266789374692,0.9567234582656254
healthcare_revenue_50m,Healthcare companies with revenue >= $50M,K-Means|Selection-aware Silhouette leader,10006,10014,285,285,1.0,0.9474674545623268,0.8921209738677018
healthcare_revenue_50m,Healthcare companies with revenue >= $50M,K-Means|Selection-aware Silhouette leader,10006,10015,286,286,1.0,1.0,1.0
healthcare_revenue_50m,Healthcare companies with revenue >= $50M,K-Means|Selection-aware Silhouette leader,10006,10016,286,286,1.0,0.9475572883584233,0.8922226345883213
healthcare_revenue_50m,Healthcare companies with revenue >= $50M,K-Means|Selection-aware Silhouette leader,10006,10017,293,293,1.0,0.983449259845058,0.9580506874395297
healthcare_revenue_50m,Healthcare companies with revenue >= $50M,K-Means|Selection-aware Silhouette leader,10006,10018,282,282,1.0,0.9144063324834578,0.843169725319638
healthcare_revenue_50m,Healthcare companies with revenue >= $50M,K-Means|Selection-aware Silhouette leader,10006,10019,285,285,1.0,0.9830490266627542,0.957259917540063
healthcare_revenue_50m,Healthcare companies with revenue >= $50M,K-Means|Selection-aware Silhouette leader,10007,10008,279,279,1.0,0.8722516983179551,0.7844291649484396
healthcare_revenue_50m,Healthcare companies with revenue >= $50M,K-Means|Selection-aware Silhouette leader,10007,10009,283,283,1.0,0.9829844809319982,0.9571660897140966
healthcare_revenue_50m,Healthcare companies with revenue >= $50M,K-Means|Selection-aware Silhouette leader,10007,10010,282,282,1.0,0.9826284566768267,0.9562165659461639
healthcare_revenue_50m,Healthcare companies with revenue >= $50M,K-Means|Selection-aware Silhouette leader,10007,10011,283,283,1.0,0.930341562536005,0.8656949244513604
healthcare_revenue_50m,Healthcare companies with revenue >= $50M,K-Means|Selection-aware Silhouette leader,10007,10012,284,284,1.0,0.9637790286824931,0.9193185000365306
healthcare_revenue_50m,Healthcare companies with revenue >= $50M,K-Means|Selection-aware Silhouette leader,10007,10013,283,283,1.0,1.0,1.0
healthcare_revenue_50m,Healthcare companies with revenue >= $50M,K-Means|Selection-aware Silhouette leader,10007,10014,284,284,1.0,0.982137178839522,0.9548181737457675
healthcare_revenue_50m,Healthcare companies with revenue >= $50M,K-Means|Selection-aware Silhouette leader,10007,10015,282,282,1.0,0.9622504449759066,0.91607314971107
healthcare_revenue_50m,Healthcare companies with revenue >= $50M,K-Means|Selection-aware Silhouette leader,10007,10016,283,283,1.0,0.9824854561208071,0.9557858598500832
healthcare_revenue_50m,Healthcare companies with revenue >= $50M,K-Means|Selection-aware Silhouette leader,10007,10017,279,279,1.0,0.9479687593105587,0.8791723427527199
healthcare_revenue_50m,Healthcare companies with revenue >= $50M,K-Means|Selection-aware Silhouette leader,10007,10018,285,285,1.0,0.8778974536828721,0.7926704148568967
healthcare_revenue_50m,Healthcare companies with revenue >= $50M,K-Means|Selection-aware Silhouette leader,10007,10019,279,279,1.0,0.9474512752372479,0.8778787723949015
healthcare_revenue_50m,Healthcare companies with revenue >= $50M,K-Means|Selection-aware Silhouette leader,10008,10009,279,279,1.0,0.9318554686680074,0.8692519773741674
healthcare_revenue_50m,Healthcare companies with revenue >= $50M,K-Means|Selection-aware Silhouette leader,10008,10010,284,284,1.0,0.9331012522560442,0.8711518627099355
healthcare_revenue_50m,Healthcare companies with revenue >= $50M,K-Means|Selection-aware Silhouette leader,10008,10011,284,284,1.0,0.964977109751686,0.9220474620819064
healthcare_revenue_50m,Healthcare companies with revenue >= $50M,K-Means|Selection-aware Silhouette leader,10008,10012,281,281,1.0,0.9285617983076093,0.8624551275826086
healthcare_revenue_50m,Healthcare companies with revenue >= $50M,K-Means|Selection-aware Silhouette leader,10008,10013,289,289,1.0,0.9021680751679136,0.8272875867498662
healthcare_revenue_50m,Healthcare companies with revenue >= $50M,K-Means|Selection-aware Silhouette leader,10008,10014,279,279,1.0,0.8632134138916376,0.776260834759777
healthcare_revenue_50m,Healthcare companies with revenue >= $50M,K-Means|Selection-aware Silhouette leader,10008,10015,287,287,1.0,0.9308199840028178,0.8661892000269189
healthcare_revenue_50m,Healthcare companies with revenue >= $50M,K-Means|Selection-aware Silhouette leader,10008,10016,281,281,1.0,0.8784129921893999,0.7941864043399102
healthcare_revenue_50m,Healthcare companies with revenue >= $50M,K-Means|Selection-aware Silhouette leader,10008,10017,286,286,1.0,0.9032307960016241,0.8298821032383004
healthcare_revenue_50m,Healthcare companies with revenue >= $50M,K-Means|Selection-aware Silhouette leader,10008,10018,280,280,1.0,1.0,1.0
healthcare_revenue_50m,Healthcare companies with revenue >= $50M,K-Means|Selection-aware Silhouette leader,10008,10019,283,283,1.0,0.8983507496541066,0.8212752524646769
healthcare_revenue_50m,Healthcare companies with revenue >= $50M,K-Means|Selection-aware Silhouette leader,10009,10010,282,282,1.0,1.0,1.0
healthcare_revenue_50m,Healthcare companies with revenue >= $50M,K-Means|Selection-aware Silhouette leader,10009,10011,278,278,1.0,0.966198906929959,0.9254603935756746
healthcare_revenue_50m,Healthcare companies with revenue >= $50M,K-Means|Selection-aware Silhouette leader,10009,10012,285,285,1.0,0.983342709413181,0.9580978580717211
healthcare_revenue_50m,Healthcare companies with revenue >= $50M,K-Means|Selection-aware Silhouette leader,10009,10013,287,287,1.0,0.9840281324140696,0.9600432316811569
healthcare_revenue_50m,Healthcare companies with revenue >= $50M,K-Means|Selection-aware Silhouette leader,10009,10014,283,283,1.0,1.0,1.0
healthcare_revenue_50m,Healthcare companies with revenue >= $50M,K-Means|Selection-aware Silhouette leader,10009,10015,279,279,1.0,0.9825305737781828,0.9560732443589219
healthcare_revenue_50m,Healthcare companies with revenue >= $50M,K-Means|Selection-aware Silhouette leader,10009,10016,277,277,1.0,0.9833325105732257,0.9584893864847257
healthcare_revenue_50m,Healthcare companies with revenue >= $50M,K-Means|Selection-aware Silhouette leader,10009,10017,281,281,1.0,0.9837107115114837,0.9594111463023526
healthcare_revenue_50m,Healthcare companies with revenue >= $50M,K-Means|Selection-aware Silhouette leader,10009,10018,281,281,1.0,0.9343605770487601,0.8742774005605185
healthcare_revenue_50m,Healthcare companies with revenue >= $50M,K-Means|Selection-aware Silhouette leader,10009,10019,287,287,1.0,0.9837980283587116,0.9593407785432375
healthcare_revenue_50m,Healthcare companies with revenue >= $50M,K-Means|Selection-aware Silhouette leader,10010,10011,290,290,1.0,0.9677811192014977,0.9284296349709003
healthcare_revenue_50m,Healthcare companies with revenue >= $50M,K-Means|Selection-aware Silhouette leader,10010,10012,284,284,1.0,0.9833099432737501,0.9580508324693917
healthcare_revenue_50m,Healthcare companies with revenue >= $50M,K-Means|Selection-aware Silhouette leader,10010,10013,285,285,1.0,1.0,1.0
healthcare_revenue_50m,Healthcare companies with revenue >= $50M,K-Means|Selection-aware Silhouette leader,10010,10014,280,280,1.0,0.9833104136259668,0.9582554043779524
healthcare_revenue_50m,Healthcare companies with revenue >= $50M,K-Means|Selection-aware Silhouette leader,10010,10015,286,286,1.0,0.9830808776850007,0.9573063634289324
healthcare_revenue_50m,Healthcare companies with revenue >= $50M,K-Means|Selection-aware Silhouette leader,10010,10016,282,282,1.0,0.9835071778256282,0.9587343299970773
healthcare_revenue_50m,Healthcare companies with revenue >= $50M,K-Means|Selection-aware Silhouette leader,10010,10017,280,280,1.0,0.9837854063354193,0.9597061729271763
healthcare_revenue_50m,Healthcare companies with revenue >= $50M,K-Means|Selection-aware Silhouette leader,10010,10018,284,284,1.0,0.933680441728026,0.872365701201322
healthcare_revenue_50m,Healthcare companies with revenue >= $50M,K-Means|Selection-aware Silhouette leader,10010,10019,282,282,1.0,0.9837456769377175,0.9594597914269934
healthcare_revenue_50m,Healthcare companies with revenue >= $50M,K-Means|Selection-aware Silhouette leader,10011,10012,289,289,1.0,0.9666208181198859,0.9256082350282546
healthcare_revenue_50m,Healthcare companies with revenue >= $50M,K-Means|Selection-aware Silhouette leader,10011,10013,281,281,1.0,0.9491275397156592,0.8961004151502256
healthcare_revenue_50m,Healthcare companies with revenue >= $50M,K-Means|Selection-aware Silhouette leader,10011,10014,280,280,1.0,0.9306783090192737,0.866723183872262
healthcare_revenue_50m,Healthcare companies with revenue >= $50M,K-Means|Selection-aware Silhouette leader,10011,10015,285,285,1.0,0.963838531622755,0.9193951542525995
healthcare_revenue_50m,Healthcare companies with revenue >= $50M,K-Means|Selection-aware Silhouette leader,10011,10016,286,286,1.0,0.9314163415138471,0.8674777052714225
healthcare_revenue_50m,Healthcare companies with revenue >= $50M,K-Means|Selection-aware Silhouette leader,10011,10017,277,277,1.0,0.9661301877078037,0.9253779050186716
healthcare_revenue_50m,Healthcare companies with revenue >= $50M,K-Means|Selection-aware Silhouette leader,10011,10018,284,284,1.0,0.9653358340865448,0.9228870647545763
healthcare_revenue_50m,Healthcare companies with revenue >= $50M,K-Means|Selection-aware Silhouette leader,10011,10019,281,281,1.0,0.965806333149133,0.9242350796983575
healthcare_revenue_50m,Healthcare companies with revenue >= $50M,K-Means|Selection-aware Silhouette leader,10012,10013,286,286,1.0,0.9830808776850007,0.9573063634289323
healthcare_revenue_50m,Healthcare companies with revenue >= $50M,K-Means|Selection-aware Silhouette leader,10012,10014,282,282,1.0,0.9644758288446518,0.9210184934998152
healthcare_revenue_50m,Healthcare companies with revenue >= $50M,K-Means|Selection-aware Silhouette leader,10012,10015,288,288,1.0,1.0,1.0
healthcare_revenue_50m,Healthcare companies with revenue >= $50M,K-Means|Selection-aware Silhouette leader,10012,10016,286,286,1.0,0.9650993609923073,0.9222016074835321
healthcare_revenue_50m,Healthcare companies with revenue >= $50M,K-Means|Selection-aware Silhouette leader,10012,10017,284,284,1.0,1.0,1.0
healthcare_revenue_50m,Healthcare companies with revenue >= $50M,K-Means|Selection-aware Silhouette leader,10012,10018,282,282,1.0,0.9316016755041573,0.8683336546142635
healthcare_revenue_50m,Healthcare companies with revenue >= $50M,K-Means|Selection-aware Silhouette leader,10012,10019,282,282,1.0,1.0,1.0
healthcare_revenue_50m,Healthcare companies with revenue >= $50M,K-Means|Selection-aware Silhouette leader,10013,10014,286,286,1.0,0.9830808776850007,0.9573063634289324
healthcare_revenue_50m,Healthcare companies with revenue >= $50M,K-Means|Selection-aware Silhouette leader,10013,10015,283,283,1.0,0.9826605118284224,0.9562637026095006
healthcare_revenue_50m,Healthcare companies with revenue >= $50M,K-Means|Selection-aware Silhouette leader,10013,10016,281,281,1.0,0.9832098863466976,0.9579078229610039
healthcare_revenue_50m,Healthcare companies with revenue >= $50M,K-Means|Selection-aware Silhouette leader,10013,10017,288,288,1.0,0.9673983198310537,0.9177388399835325
healthcare_revenue_50m,Healthcare companies with revenue >= $50M,K-Means|Selection-aware Silhouette leader,10013,10018,277,277,1.0,0.8990599674789638,0.8236904726166808
healthcare_revenue_50m,Healthcare companies with revenue >= $50M,K-Means|Selection-aware Silhouette leader,10013,10019,280,280,1.0,0.9660435663531628,0.9145683622860294
healthcare_revenue_50m,Healthcare companies with revenue >= $50M,K-Means|Selection-aware Silhouette leader,10014,10015,279,279,1.0,0.9634736538565526,0.9189276933020262
healthcare_revenue_50m,Healthcare companies with revenue >= $50M,K-Means|Selection-aware Silhouette leader,10014,10016,289,289,1.0,1.0,1.0
healthcare_revenue_50m,Healthcare companies with revenue >= $50M,K-Means|Selection-aware Silhouette leader,10014,10017,283,283,1.0,0.9662421933885068,0.9251427043251311
healthcare_revenue_50m,Healthcare companies with revenue >= $50M,K-Means|Selection-aware Silhouette leader,10014,10018,277,277,1.0,0.8627222754184618,0.77586794616863
healthcare_revenue_50m,Healthcare companies with revenue >= $50M,K-Means|Selection-aware Silhouette leader,10014,10019,288,288,1.0,0.9665590775687187,0.9255319238530166
healthcare_revenue_50m,Healthcare companies with revenue >= $50M,K-Means|Selection-aware Silhouette leader,10015,10016,283,283,1.0,0.9652732683687305,0.9228089847855709
healthcare_revenue_50m,Healthcare companies with revenue >= $50M,K-Means|Selection-aware Silhouette leader,10015,10017,286,286,1.0,1.0,1.0
healthcare_revenue_50m,Healthcare companies with revenue >= $50M,K-Means|Selection-aware Silhouette leader,10015,10018,280,280,1.0,0.9313486986514742,0.8680776547097526
healthcare_revenue_50m,Healthcare companies with revenue >= $50M,K-Means|Selection-aware Silhouette leader,10015,10019,284,284,1.0,1.0,1.0
healthcare_revenue_50m,Healthcare companies with revenue >= $50M,K-Means|Selection-aware Silhouette leader,10016,10017,285,285,1.0,0.9674573498012808,0.9280398766844595
healthcare_revenue_50m,Healthcare companies with revenue >= $50M,K-Means|Selection-aware Silhouette leader,10016,10018,283,283,1.0,0.8824179418498775,0.8006908171761943
healthcare_revenue_50m,Healthcare companies with revenue >= $50M,K-Means|Selection-aware Silhouette leader,10016,10019,278,278,1.0,0.965607877894372,0.9239928176914525
healthcare_revenue_50m,Healthcare companies with revenue >= $50M,K-Means|Selection-aware Silhouette leader,10017,10018,289,289,1.0,0.9052501359998523,0.8332433969875116
healthcare_revenue_50m,Healthcare companies with revenue >= $50M,K-Means|Selection-aware Silhouette leader,10017,10019,286,286,1.0,1.0,1.0
healthcare_revenue_50m,Healthcare companies with revenue >= $50M,K-Means|Selection-aware Silhouette leader,10018,10019,290,290,1.0,0.9014730846047155,0.8258205656267223
healthcare_revenue_50m,Healthcare companies with revenue >= $50M,Agglomerative|Selection-aware Silhouette leader,10000,10001,285,285,1.0,1.0,1.0
healthcare_revenue_50m,Healthcare companies with revenue >= $50M,Agglomerative|Selection-aware Silhouette leader,10000,10002,277,277,1.0,0.962907616873584,0.9177823562534104
healthcare_revenue_50m,Healthcare companies with revenue >= $50M,Agglomerative|Selection-aware Silhouette leader,10000,10003,285,285,1.0,0.8509066712394939,0.7312579688707399
healthcare_revenue_50m,Healthcare companies with revenue >= $50M,Agglomerative|Selection-aware Silhouette leader,10000,10004,284,284,1.0,0.9819315302196395,0.9542793878698221
healthcare_revenue_50m,Healthcare companies with revenue >= $50M,Agglomerative|Selection-aware Silhouette leader,10000,10005,282,282,1.0,1.0,1.0
healthcare_revenue_50m,Healthcare companies with revenue >= $50M,Agglomerative|Selection-aware Silhouette leader,10000,10006,278,278,1.0,0.9224522873399841,0.8514718217690813
healthcare_revenue_50m,Healthcare companies with revenue >= $50M,Agglomerative|Selection-aware Silhouette leader,10000,10007,284,284,1.0,0.9804256065395378,0.9505128528519702
healthcare_revenue_50m,Healthcare companies with revenue >= $50M,Agglomerative|Selection-aware Silhouette leader,10000,10008,280,280,1.0,0.9422153852713899,0.8819812134423795
healthcare_revenue_50m,Healthcare companies with revenue >= $50M,Agglomerative|Selection-aware Silhouette leader,10000,10009,289,289,1.0,0.8211692762735182,0.722076368988626
healthcare_revenue_50m,Healthcare companies with revenue >= $50M,Agglomerative|Selection-aware Silhouette leader,10000,10010,281,281,1.0,0.9818392132655914,0.9541392281586403
healthcare_revenue_50m,Healthcare companies with revenue >= $50M,Agglomerative|Selection-aware Silhouette leader,10000,10011,283,283,1.0,1.0,1.0
healthcare_revenue_50m,Healthcare companies with revenue >= $50M,Agglomerative|Selection-aware Silhouette leader,10000,10012,285,285,1.0,0.7999277318311622,0.6941733666863382
healthcare_revenue_50m,Healthcare companies with revenue >= $50M,Agglomerative|Selection-aware Silhouette leader,10000,10013,285,285,1.0,0.9474674545623268,0.8921209738677017
healthcare_revenue_50m,Healthcare companies with revenue >= $50M,Agglomerative|Selection-aware Silhouette leader,10000,10014,283,283,1.0,0.9814551176838101,0.9530857523591734
healthcare_revenue_50m,Healthcare companies with revenue >= $50M,Agglomerative|Selection-aware Silhouette leader,10000,10015,285,285,1.0,0.8639704439330393,0.7301542646568772
healthcare_revenue_50m,Healthcare companies with revenue >= $50M,Agglomerative|Selection-aware Silhouette leader,10000,10016,284,284,1.0,0.8583300625868119,0.7675139257567749
healthcare_revenue_50m,Healthcare companies with revenue >= $50M,Agglomerative|Selection-aware Silhouette leader,10000,10017,284,284,1.0,0.6238244716341005,0.5196493287940622
healthcare_revenue_50m,Healthcare companies with revenue >= $50M,Agglomerative|Selection-aware Silhouette leader,10000,10018,280,280,1.0,0.7179538106100656,0.6057353420008492
healthcare_revenue_50m,Healthcare companies with revenue >= $50M,Agglomerative|Selection-aware Silhouette leader,10000,10019,281,281,1.0,0.9268375466811644,0.8408978281616791
healthcare_revenue_50m,Healthcare companies with revenue >= $50M,Agglomerative|Selection-aware Silhouette leader,10001,10002,283,283,1.0,0.962309071600936,0.9161502025758433
healthcare_revenue_50m,Healthcare companies with revenue >= $50M,Agglomerative|Selection-aware Silhouette leader,10001,10003,285,285,1.0,0.8265225994241627,0.6990454124061846
healthcare_revenue_50m,Healthcare companies with revenue >= $50M,Agglomerative|Selection-aware Silhouette leader,10001,10004,281,281,1.0,0.9598918697912118,0.8986668574216439
healthcare_revenue_50m,Healthcare companies with revenue >= $50M,Agglomerative|Selection-aware Silhouette leader,10001,10005,286,286,1.0,1.0,1.0
healthcare_revenue_50m,Healthcare companies with revenue >= $50M,Agglomerative|Selection-aware Silhouette leader,10001,10006,282,282,1.0,0.8815991135120976,0.7698801749783519
healthcare_revenue_50m,Healthcare companies with revenue >= $50M,Agglomerative|Selection-aware Silhouette leader,10001,10007,288,288,1.0,0.9615030955971147,0.9022303351186333
healthcare_revenue_50m,Healthcare companies with revenue >= $50M,Agglomerative|Selection-aware Silhouette leader,10001,10008,280,280,1.0,0.8944463872943303,0.7860338777795829
healthcare_revenue_50m,Healthcare companies with revenue >= $50M,Agglomerative|Selection-aware Silhouette leader,10001,10009,285,285,1.0,0.7897977491591553,0.6846388889086392
healthcare_revenue_50m,Healthcare companies with revenue >= $50M,Agglomerative|Selection-aware Silhouette leader,10001,10010,278,278,1.0,0.9810611476006988,0.9522387502242452
healthcare_revenue_50m,Healthcare companies with revenue >= $50M,Agglomerative|Selection-aware Silhouette leader,10001,10011,282,282,1.0,1.0,1.0
healthcare_revenue_50m,Healthcare companies with revenue >= $50M,Agglomerative|Selection-aware Silhouette leader,10001,10012,285,285,1.0,0.8066037824054134,0.6996845113265305
healthcare_revenue_50m,Healthcare companies with revenue >= $50M,Agglomerative|Selection-aware Silhouette leader,10001,10013,277,277,1.0,0.9449015812214137,0.8875082893941755
healthcare_revenue_50m,Healthcare companies with revenue >= $50M,Agglomerative|Selection-aware Silhouette leader,10001,10014,284,284,1.0,0.9606885574796812,0.9004408886237116
healthcare_revenue_50m,Healthcare companies with revenue >= $50M,Agglomerative|Selection-aware Silhouette leader,10001,10015,285,285,1.0,0.7958249152981379,0.6282445284166757
healthcare_revenue_50m,Healthcare companies with revenue >= $50M,Agglomerative|Selection-aware Silhouette leader,10001,10016,285,285,1.0,0.8245633333011126,0.7276148435841406
healthcare_revenue_50m,Healthcare companies with revenue >= $50M,Agglomerative|Selection-aware Silhouette leader,10001,10017,283,283,1.0,0.5764017355336974,0.4749817933745263
healthcare_revenue_50m,Healthcare companies with revenue >= $50M,Agglomerative|Selection-aware Silhouette leader,10001,10018,286,286,1.0,0.6911041034808283,0.5763360709359941
healthcare_revenue_50m,Healthcare companies with revenue >= $50M,Agglomerative|Selection-aware Silhouette leader,10001,10019,285,285,1.0,0.8699288248680943,0.7456793354104916
healthcare_revenue_50m,Healthcare companies with revenue >= $50M,Agglomerative|Selection-aware Silhouette leader,10002,10003,281,281,1.0,0.8608367698739988,0.7719930432118739
healthcare_revenue_50m,Healthcare companies with revenue >= $50M,Agglomerative|Selection-aware Silhouette leader,10002,10004,282,282,1.0,1.0,1.0
healthcare_revenue_50m,Healthcare companies with revenue >= $50M,Agglomerative|Selection-aware Silhouette leader,10002,10005,282,282,1.0,0.9820752668036365,0.954724855199892
healthcare_revenue_50m,Healthcare companies with revenue >= $50M,Agglomerative|Selection-aware Silhouette leader,10002,10006,285,285,1.0,0.9633908997214425,0.9070645485093703
healthcare_revenue_50m,Healthcare companies with revenue >= $50M,Agglomerative|Selection-aware Silhouette leader,10002,10007,283,283,1.0,0.9632749703786507,0.9182546311544497
healthcare_revenue_50m,Healthcare companies with revenue >= $50M,Agglomerative|Selection-aware Silhouette leader,10002,10008,279,279,1.0,0.9609909392296972,0.9014033234298869
healthcare_revenue_50m,Healthcare companies with revenue >= $50M,Agglomerative|Selection-aware Silhouette leader,10002,10009,284,284,1.0,0.8128404545780642,0.7162668385425758
healthcare_revenue_50m,Healthcare companies with revenue >= $50M,Agglomerative|Selection-aware Silhouette leader,10002,10010,283,283,1.0,1.0,1.0
healthcare_revenue_50m,Healthcare companies with revenue >= $50M,Agglomerative|Selection-aware Silhouette leader,10002,10011,283,283,1.0,0.981684212450756,0.9536714806658847
healthcare_revenue_50m,Healthcare companies with revenue >= $50M,Agglomerative|Selection-aware Silhouette leader,10002,10012,285,285,1.0,0.8488016758047263,0.7530820395585349
healthcare_revenue_50m,Healthcare companies with revenue >= $50M,Agglomerative|Selection-aware Silhouette leader,10002,10013,286,286,1.0,0.9830808776850007,0.9573063634289323
healthcare_revenue_50m,Healthcare companies with revenue >= $50M,Agglomerative|Selection-aware Silhouette leader,10002,10014,284,284,1.0,0.9828587734259394,0.9567704023355507
healthcare_revenue_50m,Healthcare companies with revenue >= $50M,Agglomerative|Selection-aware Silhouette leader,10002,10015,282,282,1.0,0.9059923865069168,0.8000549746828337
healthcare_revenue_50m,Healthcare companies with revenue >= $50M,Agglomerative|Selection-aware Silhouette leader,10002,10016,282,282,1.0,0.9008545439505002,0.8066012214372147
healthcare_revenue_50m,Healthcare companies with revenue >= $50M,Agglomerative|Selection-aware Silhouette leader,10002,10017,281,281,1.0,0.6063382681458483,0.5103751045987842
healthcare_revenue_50m,Healthcare companies with revenue >= $50M,Agglomerative|Selection-aware Silhouette leader,10002,10018,284,284,1.0,0.6976367620985444,0.5878293282786563
healthcare_revenue_50m,Healthcare companies with revenue >= $50M,Agglomerative|Selection-aware Silhouette leader,10002,10019,282,282,1.0,0.9487556317128972,0.8951696542453668
healthcare_revenue_50m,Healthcare companies with revenue >= $50M,Agglomerative|Selection-aware Silhouette leader,10003,10004,277,277,1.0,0.8322314676489326,0.7349684274835429
healthcare_revenue_50m,Healthcare companies with revenue >= $50M,Agglomerative|Selection-aware Silhouette leader,10003,10005,285,285,1.0,0.8404472148286327,0.7210856687632323
healthcare_revenue_50m,Healthcare companies with revenue >= $50M,Agglomerative|Selection-aware Silhouette leader,10003,10006,282,282,1.0,0.7662978528285095,0.6350478609673504
healthcare_revenue_50m,Healthcare companies with revenue >= $50M,Agglomerative|Selection-aware Silhouette leader,10003,10007,289,289,1.0,0.9105783903369402,0.8154346576900198
healthcare_revenue_50m,Healthcare companies with revenue >= $50M,Agglomerative|Selection-aware Silhouette leader,10003,10008,283,283,1.0,0.789257382787204,0.6842320490692095
healthcare_revenue_50m,Healthcare companies with revenue >= $50M,Agglomerative|Selection-aware Silhouette leader,10003,10009,286,286,1.0,0.9629803693692,0.9174539655349673
healthcare_revenue_50m,Healthcare companies with revenue >= $50M,Agglomerative|Selection-aware Silhouette leader,10003,10010,290,290,1.0,0.8849484722157482,0.8038188745071592
healthcare_revenue_50m,Healthcare companies with revenue >= $50M,Agglomerative|Selection-aware Silhouette leader,10003,10011,283,283,1.0,0.8399551796163574,0.7206301762651942
healthcare_revenue_50m,Healthcare companies with revenue >= $50M,Agglomerative|Selection-aware Silhouette leader,10003,10012,278,278,1.0,0.9597223473615235,0.910942728992712
healthcare_revenue_50m,Healthcare companies with revenue >= $50M,Agglomerative|Selection-aware Silhouette leader,10003,10013,280,280,1.0,0.8153717416973886,0.7209931634879094
healthcare_revenue_50m,Healthcare companies with revenue >= $50M,Agglomerative|Selection-aware Silhouette leader,10003,10014,278,278,1.0,0.8736019114829752,0.7867480479926883
healthcare_revenue_50m,Healthcare companies with revenue >= $50M,Agglomerative|Selection-aware Silhouette leader,10003,10015,280,280,1.0,0.920272684316808,0.8475045852746523
healthcare_revenue_50m,Healthcare companies with revenue >= $50M,Agglomerative|Selection-aware Silhouette leader,10003,10016,285,285,1.0,0.7853805534173887,0.6880296974222907
healthcare_revenue_50m,Healthcare companies with revenue >= $50M,Agglomerative|Selection-aware Silhouette leader,10003,10017,289,289,1.0,0.7465183507570277,0.6373227093277063
healthcare_revenue_50m,Healthcare companies with revenue >= $50M,Agglomerative|Selection-aware Silhouette leader,10003,10018,286,286,1.0,0.8516101911784886,0.7532813536520252
healthcare_revenue_50m,Healthcare companies with revenue >= $50M,Agglomerative|Selection-aware Silhouette leader,10003,10019,284,284,1.0,0.842172611871431,0.7484247708100689
healthcare_revenue_50m,Healthcare companies with revenue >= $50M,Agglomerative|Selection-aware Silhouette leader,10004,10005,287,287,1.0,0.9630352157122483,0.9060529885876745
healthcare_revenue_50m,Healthcare companies with revenue >= $50M,Agglomerative|Selection-aware Silhouette leader,10004,10006,283,283,1.0,0.9261553132289058,0.8577375776020998
healthcare_revenue_50m,Healthcare companies with revenue >= $50M,Agglomerative|Selection-aware Silhouette leader,10004,10007,287,287,1.0,0.9620077982093,0.9035039176300876
healthcare_revenue_50m,Healthcare companies with revenue >= $50M,Agglomerative|Selection-aware Silhouette leader,10004,10008,287,287,1.0,0.9066965280033664,0.8080242670201242
healthcare_revenue_50m,Healthcare companies with revenue >= $50M,Agglomerative|Selection-aware Silhouette leader,10004,10009,280,280,1.0,0.8051401803643116,0.7060917865175022
healthcare_revenue_50m,Healthcare companies with revenue >= $50M,Agglomerative|Selection-aware Silhouette leader,10004,10010,286,286,1.0,0.9825790088054112,0.9559250754559361
healthcare_revenue_50m,Healthcare companies with revenue >= $50M,Agglomerative|Selection-aware Silhouette leader,10004,10011,284,284,1.0,0.9819315302196395,0.9542793878698221
healthcare_revenue_50m,Healthcare companies with revenue >= $50M,Agglomerative|Selection-aware Silhouette leader,10004,10012,284,284,1.0,0.8122358188042273,0.7105130475322179
healthcare_revenue_50m,Healthcare companies with revenue >= $50M,Agglomerative|Selection-aware Silhouette leader,10004,10013,286,286,1.0,0.9314051739561222,0.8504213888380812
healthcare_revenue_50m,Healthcare companies with revenue >= $50M,Agglomerative|Selection-aware Silhouette leader,10004,10014,287,287,1.0,1.0,1.0
healthcare_revenue_50m,Healthcare companies with revenue >= $50M,Agglomerative|Selection-aware Silhouette leader,10004,10015,286,286,1.0,0.8124008245465736,0.6542688133645259
healthcare_revenue_50m,Healthcare companies with revenue >= $50M,Agglomerative|Selection-aware Silhouette leader,10004,10016,285,285,1.0,0.8336687383403344,0.717585025761968
healthcare_revenue_50m,Healthcare companies with revenue >= $50M,Agglomerative|Selection-aware Silhouette leader,10004,10017,284,284,1.0,0.5819563495573921,0.48466377698930324
healthcare_revenue_50m,Healthcare companies with revenue >= $50M,Agglomerative|Selection-aware Silhouette leader,10004,10018,278,278,1.0,0.7001982309382847,0.5888737759792532
healthcare_revenue_50m,Healthcare companies with revenue >= $50M,Agglomerative|Selection-aware Silhouette leader,10004,10019,278,278,1.0,0.9100402929033404,0.8089460478113187
healthcare_revenue_50m,Healthcare companies with revenue >= $50M,Agglomerative|Selection-aware Silhouette leader,10005,10006,277,277,1.0,0.905284250659043,0.8063420457435917
healthcare_revenue_50m,Healthcare companies with revenue >= $50M,Agglomerative|Selection-aware Silhouette leader,10005,10007,279,279,1.0,0.9620688808221073,0.9040676068755847
healthcare_revenue_50m,Healthcare companies with revenue >= $50M,Agglomerative|Selection-aware Silhouette leader,10005,10008,285,285,1.0,0.9064236150130175,0.8076962655230053
healthcare_revenue_50m,Healthcare companies with revenue >= $50M,Agglomerative|Selection-aware Silhouette leader,10005,10009,281,281,1.0,0.8030353166036374,0.7029535024116171
healthcare_revenue_50m,Healthcare companies with revenue >= $50M,Agglomerative|Selection-aware Silhouette leader,10005,10010,283,283,1.0,0.9826605118284224,0.9562637026095006
healthcare_revenue_50m,Healthcare companies with revenue >= $50M,Agglomerative|Selection-aware Silhouette leader,10005,10011,281,281,1.0,1.0,1.0
healthcare_revenue_50m,Healthcare companies with revenue >= $50M,Agglomerative|Selection-aware Silhouette leader,10005,10012,286,286,1.0,0.8442402156764671,0.7464411537099674
healthcare_revenue_50m,Healthcare companies with revenue >= $50M,Agglomerative|Selection-aware Silhouette leader,10005,10013,287,287,1.0,0.9827859658426228,0.956449156444343
healthcare_revenue_50m,Healthcare companies with revenue >= $50M,Agglomerative|Selection-aware Silhouette leader,10005,10014,287,287,1.0,0.9639538024520506,0.9083899635858997
healthcare_revenue_50m,Healthcare companies with revenue >= $50M,Agglomerative|Selection-aware Silhouette leader,10005,10015,283,283,1.0,0.8656984149835258,0.7334678669462186
healthcare_revenue_50m,Healthcare companies with revenue >= $50M,Agglomerative|Selection-aware Silhouette leader,10005,10016,286,286,1.0,0.8648662477742074,0.7775958710553071
healthcare_revenue_50m,Healthcare companies with revenue >= $50M,Agglomerative|Selection-aware Silhouette leader,10005,10017,281,281,1.0,0.6012492913145516,0.5021968499977222
healthcare_revenue_50m,Healthcare companies with revenue >= $50M,Agglomerative|Selection-aware Silhouette leader,10005,10018,283,283,1.0,0.7017128483593522,0.5899185869061357
healthcare_revenue_50m,Healthcare companies with revenue >= $50M,Agglomerative|Selection-aware Silhouette leader,10005,10019,285,285,1.0,0.8954776337578825,0.786605915185739
healthcare_revenue_50m,Healthcare companies with revenue >= $50M,Agglomerative|Selection-aware Silhouette leader,10006,10007,282,282,1.0,0.9622504449759066,0.9160731497110699
healthcare_revenue_50m,Healthcare companies with revenue >= $50M,Agglomerative|Selection-aware Silhouette leader,10006,10008,285,285,1.0,0.9449343802498521,0.8713158856874278
healthcare_revenue_50m,Healthcare companies with revenue >= $50M,Agglomerative|Selection-aware Silhouette leader,10006,10009,287,287,1.0,0.7590247106426786,0.6568634394230479
healthcare_revenue_50m,Healthcare companies with revenue >= $50M,Agglomerative|Selection-aware Silhouette leader,10006,10010,285,285,1.0,0.9646576552087665,0.9103570797885437
healthcare_revenue_50m,Healthcare companies with revenue >= $50M,Agglomerative|Selection-aware Silhouette leader,10006,10011,290,290,1.0,0.9278648726246517,0.8422068973617101
healthcare_revenue_50m,Healthcare companies with revenue >= $50M,Agglomerative|Selection-aware Silhouette leader,10006,10012,291,291,1.0,0.7661790648796506,0.6610628219139905
healthcare_revenue_50m,Healthcare companies with revenue >= $50M,Agglomerative|Selection-aware Silhouette leader,10006,10013,283,283,1.0,0.913669446836602,0.8160988211675938
healthcare_revenue_50m,Healthcare companies with revenue >= $50M,Agglomerative|Selection-aware Silhouette leader,10006,10014,285,285,1.0,0.928188179406319,0.8433913395399155
healthcare_revenue_50m,Healthcare companies with revenue >= $50M,Agglomerative|Selection-aware Silhouette leader,10006,10015,286,286,1.0,0.8682495624892971,0.7425344179668731
healthcare_revenue_50m,Healthcare companies with revenue >= $50M,Agglomerative|Selection-aware Silhouette leader,10006,10016,286,286,1.0,0.8492000746710516,0.7241348060208316
healthcare_revenue_50m,Healthcare companies with revenue >= $50M,Agglomerative|Selection-aware Silhouette leader,10006,10017,293,293,1.0,0.5473961401289896,0.4559297831171192
healthcare_revenue_50m,Healthcare companies with revenue >= $50M,Agglomerative|Selection-aware Silhouette leader,10006,10018,282,282,1.0,0.6596358633609628,0.5522739061865789
healthcare_revenue_50m,Healthcare companies with revenue >= $50M,Agglomerative|Selection-aware Silhouette leader,10006,10019,285,285,1.0,0.8965979666619418,0.7889189605401448
healthcare_revenue_50m,Healthcare companies with revenue >= $50M,Agglomerative|Selection-aware Silhouette leader,10007,10008,279,279,1.0,0.9793080702087976,0.9479677846342732
healthcare_revenue_50m,Healthcare companies with revenue >= $50M,Agglomerative|Selection-aware Silhouette leader,10007,10009,283,283,1.0,0.8746120871933505,0.7876217733438584
healthcare_revenue_50m,Healthcare companies with revenue >= $50M,Agglomerative|Selection-aware Silhouette leader,10007,10010,282,282,1.0,0.9820752668036365,0.954724855199892
healthcare_revenue_50m,Healthcare companies with revenue >= $50M,Agglomerative|Selection-aware Silhouette leader,10007,10011,283,283,1.0,0.9819010250132422,0.9542329721816593
healthcare_revenue_50m,Healthcare companies with revenue >= $50M,Agglomerative|Selection-aware Silhouette leader,10007,10012,284,284,1.0,0.8838174470633567,0.7968772678812986
healthcare_revenue_50m,Healthcare companies with revenue >= $50M,Agglomerative|Selection-aware Silhouette leader,10007,10013,283,283,1.0,0.9145414948543568,0.8244547017105242
healthcare_revenue_50m,Healthcare companies with revenue >= $50M,Agglomerative|Selection-aware Silhouette leader,10007,10014,284,284,1.0,0.9814849939882843,0.9531320099255989
healthcare_revenue_50m,Healthcare companies with revenue >= $50M,Agglomerative|Selection-aware Silhouette leader,10007,10015,282,282,1.0,0.9396479320616955,0.8598035037557387
healthcare_revenue_50m,Healthcare companies with revenue >= $50M,Agglomerative|Selection-aware Silhouette leader,10007,10016,283,283,1.0,0.8788257911962207,0.7945387624467889
healthcare_revenue_50m,Healthcare companies with revenue >= $50M,Agglomerative|Selection-aware Silhouette leader,10007,10017,279,279,1.0,0.6646945291121539,0.5581794032170715
healthcare_revenue_50m,Healthcare companies with revenue >= $50M,Agglomerative|Selection-aware Silhouette leader,10007,10018,285,285,1.0,0.719352900720085,0.6067426037232846
healthcare_revenue_50m,Healthcare companies with revenue >= $50M,Agglomerative|Selection-aware Silhouette leader,10007,10019,279,279,1.0,0.8752027361222062,0.7564302087378388
healthcare_revenue_50m,Healthcare companies with revenue >= $50M,Agglomerative|Selection-aware Silhouette leader,10008,10009,279,279,1.0,0.7202697854258817,0.6145275249230485
healthcare_revenue_50m,Healthcare companies with revenue >= $50M,Agglomerative|Selection-aware Silhouette leader,10008,10010,284,284,1.0,0.9817144026524861,0.9537178132756355
healthcare_revenue_50m,Healthcare companies with revenue >= $50M,Agglomerative|Selection-aware Silhouette leader,10008,10011,284,284,1.0,0.9252681940866043,0.8372873286582753
healthcare_revenue_50m,Healthcare companies with revenue >= $50M,Agglomerative|Selection-aware Silhouette leader,10008,10012,281,281,1.0,0.7396152385370001,0.6302952065090922
healthcare_revenue_50m,Healthcare companies with revenue >= $50M,Agglomerative|Selection-aware Silhouette leader,10008,10013,289,289,1.0,0.8799410191837073,0.7595274675799655
healthcare_revenue_50m,Healthcare companies with revenue >= $50M,Agglomerative|Selection-aware Silhouette leader,10008,10014,279,279,1.0,0.9625654425147728,0.9169132071899716
healthcare_revenue_50m,Healthcare companies with revenue >= $50M,Agglomerative|Selection-aware Silhouette leader,10008,10015,287,287,1.0,0.8467260847588117,0.7054642194081671
healthcare_revenue_50m,Healthcare companies with revenue >= $50M,Agglomerative|Selection-aware Silhouette leader,10008,10016,281,281,1.0,0.8936484120410779,0.8132820614523188
healthcare_revenue_50m,Healthcare companies with revenue >= $50M,Agglomerative|Selection-aware Silhouette leader,10008,10017,286,286,1.0,0.5696123062890684,0.47443409308494333
healthcare_revenue_50m,Healthcare companies with revenue >= $50M,Agglomerative|Selection-aware Silhouette leader,10008,10018,280,280,1.0,0.7048180596997182,0.5913853130772899
healthcare_revenue_50m,Healthcare companies with revenue >= $50M,Agglomerative|Selection-aware Silhouette leader,10008,10019,283,283,1.0,0.8729478275358902,0.746876472112113
healthcare_revenue_50m,Healthcare companies with revenue >= $50M,Agglomerative|Selection-aware Silhouette leader,10009,10010,282,282,1.0,0.8160099331474141,0.7214468789531847
healthcare_revenue_50m,Healthcare companies with revenue >= $50M,Agglomerative|Selection-aware Silhouette leader,10009,10011,278,278,1.0,0.8204959867157201,0.7230618964597055
healthcare_revenue_50m,Healthcare companies with revenue >= $50M,Agglomerative|Selection-aware Silhouette leader,10009,10012,285,285,1.0,0.9408627932000778,0.8622475334693115
healthcare_revenue_50m,Healthcare companies with revenue >= $50M,Agglomerative|Selection-aware Silhouette leader,10009,10013,287,287,1.0,0.7694027446087096,0.6707545266386628
healthcare_revenue_50m,Healthcare companies with revenue >= $50M,Agglomerative|Selection-aware Silhouette leader,10009,10014,283,283,1.0,0.8260519011295645,0.7301785747040282
healthcare_revenue_50m,Healthcare companies with revenue >= $50M,Agglomerative|Selection-aware Silhouette leader,10009,10015,279,279,1.0,0.8452295630687685,0.7486778375490567
healthcare_revenue_50m,Healthcare companies with revenue >= $50M,Agglomerative|Selection-aware Silhouette leader,10009,10016,277,277,1.0,0.6956148266975806,0.6031143701382541
healthcare_revenue_50m,Healthcare companies with revenue >= $50M,Agglomerative|Selection-aware Silhouette leader,10009,10017,281,281,1.0,0.7345114504553747,0.5929304484484099
healthcare_revenue_50m,Healthcare companies with revenue >= $50M,Agglomerative|Selection-aware Silhouette leader,10009,10018,281,281,1.0,0.8095105173960722,0.674470196641158
healthcare_revenue_50m,Healthcare companies with revenue >= $50M,Agglomerative|Selection-aware Silhouette leader,10009,10019,287,287,1.0,0.7965028039683331,0.6977050931438529
healthcare_revenue_50m,Healthcare companies with revenue >= $50M,Agglomerative|Selection-aware Silhouette leader,10010,10011,290,290,1.0,0.9830455795301567,0.9570456383614621
healthcare_revenue_50m,Healthcare companies with revenue >= $50M,Agglomerative|Selection-aware Silhouette leader,10010,10012,284,284,1.0,0.824293324862279,0.7274098700530345
healthcare_revenue_50m,Healthcare companies with revenue >= $50M,Agglomerative|Selection-aware Silhouette leader,10010,10013,285,285,1.0,1.0,1.0
healthcare_revenue_50m,Healthcare companies with revenue >= $50M,Agglomerative|Selection-aware Silhouette leader,10010,10014,280,280,1.0,1.0,1.0
healthcare_revenue_50m,Healthcare companies with revenue >= $50M,Agglomerative|Selection-aware Silhouette leader,10010,10015,286,286,1.0,0.876596138748026,0.7534322579649835
healthcare_revenue_50m,Healthcare companies with revenue >= $50M,Agglomerative|Selection-aware Silhouette leader,10010,10016,282,282,1.0,0.9180990523228039,0.8504316842058133
healthcare_revenue_50m,Healthcare companies with revenue >= $50M,Agglomerative|Selection-aware Silhouette leader,10010,10017,280,280,1.0,0.6165643293241003,0.521614770369349
healthcare_revenue_50m,Healthcare companies with revenue >= $50M,Agglomerative|Selection-aware Silhouette leader,10010,10018,284,284,1.0,0.713189287417444,0.6053415714877528
healthcare_revenue_50m,Healthcare companies with revenue >= $50M,Agglomerative|Selection-aware Silhouette leader,10010,10019,282,282,1.0,0.9334144198856382,0.8557169610689491
healthcare_revenue_50m,Healthcare companies with revenue >= $50M,Agglomerative|Selection-aware Silhouette leader,10011,10012,289,289,1.0,0.800030297685508,0.6974601017624231
healthcare_revenue_50m,Healthcare companies with revenue >= $50M,Agglomerative|Selection-aware Silhouette leader,10011,10013,281,281,1.0,1.0,1.0
healthcare_revenue_50m,Healthcare companies with revenue >= $50M,Agglomerative|Selection-aware Silhouette leader,10011,10014,280,280,1.0,0.9639520613686188,0.9088379518956295
healthcare_revenue_50m,Healthcare companies with revenue >= $50M,Agglomerative|Selection-aware Silhouette leader,10011,10015,285,285,1.0,0.8463180741214559,0.7050041529851416
healthcare_revenue_50m,Healthcare companies with revenue >= $50M,Agglomerative|Selection-aware Silhouette leader,10011,10016,286,286,1.0,0.8978818223308008,0.8199465760522399
healthcare_revenue_50m,Healthcare companies with revenue >= $50M,Agglomerative|Selection-aware Silhouette leader,10011,10017,277,277,1.0,0.5450956322678036,0.45460846259918053
healthcare_revenue_50m,Healthcare companies with revenue >= $50M,Agglomerative|Selection-aware Silhouette leader,10011,10018,284,284,1.0,0.6466905541928042,0.5384447255051039
healthcare_revenue_50m,Healthcare companies with revenue >= $50M,Agglomerative|Selection-aware Silhouette leader,10011,10019,281,281,1.0,0.8947709881712805,0.785803468825525
healthcare_revenue_50m,Healthcare companies with revenue >= $50M,Agglomerative|Selection-aware Silhouette leader,10012,10013,286,286,1.0,0.7889002269457678,0.687441122413689
healthcare_revenue_50m,Healthcare companies with revenue >= $50M,Agglomerative|Selection-aware Silhouette leader,10012,10014,282,282,1.0,0.8088720675544737,0.7062712620942725
healthcare_revenue_50m,Healthcare companies with revenue >= $50M,Agglomerative|Selection-aware Silhouette leader,10012,10015,288,288,1.0,0.8420235937994195,0.7431274883730308
healthcare_revenue_50m,Healthcare companies with revenue >= $50M,Agglomerative|Selection-aware Silhouette leader,10012,10016,286,286,1.0,0.744011970905796,0.6422645829165553
healthcare_revenue_50m,Healthcare companies with revenue >= $50M,Agglomerative|Selection-aware Silhouette leader,10012,10017,284,284,1.0,0.7879568763845555,0.6792560681116376
healthcare_revenue_50m,Healthcare companies with revenue >= $50M,Agglomerative|Selection-aware Silhouette leader,10012,10018,282,282,1.0,0.8855812199696127,0.796147709265489
healthcare_revenue_50m,Healthcare companies with revenue >= $50M,Agglomerative|Selection-aware Silhouette leader,10012,10019,282,282,1.0,0.7791008929392605,0.6752151890112686
healthcare_revenue_50m,Healthcare companies with revenue >= $50M,Agglomerative|Selection-aware Silhouette leader,10013,10014,286,286,1.0,0.9327386193853557,0.8701433095163206
healthcare_revenue_50m,Healthcare companies with revenue >= $50M,Agglomerative|Selection-aware Silhouette leader,10013,10015,283,283,1.0,0.8237923601715598,0.6801750984344145
healthcare_revenue_50m,Healthcare companies with revenue >= $50M,Agglomerative|Selection-aware Silhouette leader,10013,10016,281,281,1.0,0.8876534216097047,0.7907741580943612
healthcare_revenue_50m,Healthcare companies with revenue >= $50M,Agglomerative|Selection-aware Silhouette leader,10013,10017,288,288,1.0,0.6253515822257798,0.5290817760566977
healthcare_revenue_50m,Healthcare companies with revenue >= $50M,Agglomerative|Selection-aware Silhouette leader,10013,10018,277,277,1.0,0.640175087686941,0.5380707471427434
healthcare_revenue_50m,Healthcare companies with revenue >= $50M,Agglomerative|Selection-aware Silhouette leader,10013,10019,280,280,1.0,0.9148814797409601,0.8193231312203876
healthcare_revenue_50m,Healthcare companies with revenue >= $50M,Agglomerative|Selection-aware Silhouette leader,10014,10015,279,279,1.0,0.9042312092441648,0.796841515264364
healthcare_revenue_50m,Healthcare companies with revenue >= $50M,Agglomerative|Selection-aware Silhouette leader,10014,10016,289,289,1.0,0.8705225346072022,0.7865116334122917
healthcare_revenue_50m,Healthcare companies with revenue >= $50M,Agglomerative|Selection-aware Silhouette leader,10014,10017,283,283,1.0,0.6536264920363726,0.551385095998672
healthcare_revenue_50m,Healthcare companies with revenue >= $50M,Agglomerative|Selection-aware Silhouette leader,10014,10018,277,277,1.0,0.716960762313794,0.6077048881458308
healthcare_revenue_50m,Healthcare companies with revenue >= $50M,Agglomerative|Selection-aware Silhouette leader,10014,10019,288,288,1.0,0.916901745805777,0.8288011294329136
healthcare_revenue_50m,Healthcare companies with revenue >= $50M,Agglomerative|Selection-aware Silhouette leader,10015,10016,283,283,1.0,0.8469426815256742,0.7325252704291642
healthcare_revenue_50m,Healthcare companies with revenue >= $50M,Agglomerative|Selection-aware Silhouette leader,10015,10017,286,286,1.0,0.6610465418107101,0.5531560962441007
healthcare_revenue_50m,Healthcare companies with revenue >= $50M,Agglomerative|Selection-aware Silhouette leader,10015,10018,280,280,1.0,0.7344952407339453,0.6244664428339353
healthcare_revenue_50m,Healthcare companies with revenue >= $50M,Agglomerative|Selection-aware Silhouette leader,10015,10019,284,284,1.0,0.7878073360795621,0.6247224519278597
healthcare_revenue_50m,Healthcare companies with revenue >= $50M,Agglomerative|Selection-aware Silhouette leader,10016,10017,285,285,1.0,0.5456637806651314,0.4646540361817992
healthcare_revenue_50m,Healthcare companies with revenue >= $50M,Agglomerative|Selection-aware Silhouette leader,10016,10018,283,283,1.0,0.6260926385371968,0.5278369492650299
healthcare_revenue_50m,Healthcare companies with revenue >= $50M,Agglomerative|Selection-aware Silhouette leader,10016,10019,278,278,1.0,0.8195002526850647,0.6910611959335676
healthcare_revenue_50m,Healthcare companies with revenue >= $50M,Agglomerative|Selection-aware Silhouette leader,10017,10018,289,289,1.0,0.8592173905060487,0.761011213819888
healthcare_revenue_50m,Healthcare companies with revenue >= $50M,Agglomerative|Selection-aware Silhouette leader,10017,10019,286,286,1.0,0.5834171667288895,0.48831849571503877
healthcare_revenue_50m,Healthcare companies with revenue >= $50M,Agglomerative|Selection-aware Silhouette leader,10018,10019,290,290,1.0,0.6537991031098841,0.5473919719739951
healthcare_revenue_50m,Healthcare companies with revenue >= $50M,Gaussian Mixture|Selection-aware Silhouette leader,10000,10001,285,285,1.0,0.6275730284371711,0.5484556416938594
healthcare_revenue_50m,Healthcare companies with revenue >= $50M,Gaussian Mixture|Selection-aware Silhouette leader,10000,10002,277,277,1.0,0.8402686638770116,0.7254910496746456
healthcare_revenue_50m,Healthcare companies with revenue >= $50M,Gaussian Mixture|Selection-aware Silhouette leader,10000,10003,285,285,1.0,0.8445188687723109,0.7353594140487838
healthcare_revenue_50m,Healthcare companies with revenue >= $50M,Gaussian Mixture|Selection-aware Silhouette leader,10000,10004,284,284,1.0,0.6328450773029759,0.4931897606268822
healthcare_revenue_50m,Healthcare companies with revenue >= $50M,Gaussian Mixture|Selection-aware Silhouette leader,10000,10005,282,282,1.0,0.8241366235912495,0.7114839220107045
healthcare_revenue_50m,Healthcare companies with revenue >= $50M,Gaussian Mixture|Selection-aware Silhouette leader,10000,10006,278,278,1.0,0.6173342242642906,0.5504836395703854
healthcare_revenue_50m,Healthcare companies with revenue >= $50M,Gaussian Mixture|Selection-aware Silhouette leader,10000,10007,284,284,1.0,0.8017362120818698,0.6769119386311384
healthcare_revenue_50m,Healthcare companies with revenue >= $50M,Gaussian Mixture|Selection-aware Silhouette leader,10000,10008,280,280,1.0,0.6316989341812149,0.5480784362278082
healthcare_revenue_50m,Healthcare companies with revenue >= $50M,Gaussian Mixture|Selection-aware Silhouette leader,10000,10009,289,289,1.0,0.6900446811610627,0.6157783499525847
healthcare_revenue_50m,Healthcare companies with revenue >= $50M,Gaussian Mixture|Selection-aware Silhouette leader,10000,10010,281,281,1.0,0.7524226705201593,0.6631274484897064
healthcare_revenue_50m,Healthcare companies with revenue >= $50M,Gaussian Mixture|Selection-aware Silhouette leader,10000,10011,283,283,1.0,0.5576741127833186,0.5065129928497476
healthcare_revenue_50m,Healthcare companies with revenue >= $50M,Gaussian Mixture|Selection-aware Silhouette leader,10000,10012,285,285,1.0,0.8583385018443584,0.7590671921622589
healthcare_revenue_50m,Healthcare companies with revenue >= $50M,Gaussian Mixture|Selection-aware Silhouette leader,10000,10013,285,285,1.0,0.6185455885035815,0.5470054431762696
healthcare_revenue_50m,Healthcare companies with revenue >= $50M,Gaussian Mixture|Selection-aware Silhouette leader,10000,10014,283,283,1.0,0.8571704428317969,0.7473726465059587
healthcare_revenue_50m,Healthcare companies with revenue >= $50M,Gaussian Mixture|Selection-aware Silhouette leader,10000,10015,285,285,1.0,0.4665108435930548,0.36741130645654047
healthcare_revenue_50m,Healthcare companies with revenue >= $50M,Gaussian Mixture|Selection-aware Silhouette leader,10000,10016,284,284,1.0,0.708604312527934,0.6518335249571506
healthcare_revenue_50m,Healthcare companies with revenue >= $50M,Gaussian Mixture|Selection-aware Silhouette leader,10000,10017,284,284,1.0,0.606391258736507,0.5746073146954871
healthcare_revenue_50m,Healthcare companies with revenue >= $50M,Gaussian Mixture|Selection-aware Silhouette leader,10000,10018,280,280,1.0,0.4469214216167272,0.440936278113485
healthcare_revenue_50m,Healthcare companies with revenue >= $50M,Gaussian Mixture|Selection-aware Silhouette leader,10000,10019,281,281,1.0,0.9125706327084078,0.8304121347719892
healthcare_revenue_50m,Healthcare companies with revenue >= $50M,Gaussian Mixture|Selection-aware Silhouette leader,10001,10002,283,283,1.0,0.537293980637204,0.43905408877796126
healthcare_revenue_50m,Healthcare companies with revenue >= $50M,Gaussian Mixture|Selection-aware Silhouette leader,10001,10003,285,285,1.0,0.661808862041271,0.5760271942913312
healthcare_revenue_50m,Healthcare companies with revenue >= $50M,Gaussian Mixture|Selection-aware Silhouette leader,10001,10004,281,281,1.0,0.7432495959922489,0.6620516350574273
healthcare_revenue_50m,Healthcare companies with revenue >= $50M,Gaussian Mixture|Selection-aware Silhouette leader,10001,10005,286,286,1.0,0.5714717727461327,0.5154249248907132
healthcare_revenue_50m,Healthcare companies with revenue >= $50M,Gaussian Mixture|Selection-aware Silhouette leader,10001,10006,282,282,1.0,0.9432632662724136,0.8847530479148753
healthcare_revenue_50m,Healthcare companies with revenue >= $50M,Gaussian Mixture|Selection-aware Silhouette leader,10001,10007,288,288,1.0,0.574100609949827,0.5026632042888448
healthcare_revenue_50m,Healthcare companies with revenue >= $50M,Gaussian Mixture|Selection-aware Silhouette leader,10001,10008,280,280,1.0,0.7558570464850978,0.634545912220638
healthcare_revenue_50m,Healthcare companies with revenue >= $50M,Gaussian Mixture|Selection-aware Silhouette leader,10001,10009,285,285,1.0,0.9168223249698068,0.8470150629121754
healthcare_revenue_50m,Healthcare companies with revenue >= $50M,Gaussian Mixture|Selection-aware Silhouette leader,10001,10010,278,278,1.0,0.7419609700564788,0.6420429611319447
healthcare_revenue_50m,Healthcare companies with revenue >= $50M,Gaussian Mixture|Selection-aware Silhouette leader,10001,10011,282,282,1.0,0.943366534232037,0.8883148130297875
healthcare_revenue_50m,Healthcare companies with revenue >= $50M,Gaussian Mixture|Selection-aware Silhouette leader,10001,10012,285,285,1.0,0.720791700998529,0.6258139985804012
healthcare_revenue_50m,Healthcare companies with revenue >= $50M,Gaussian Mixture|Selection-aware Silhouette leader,10001,10013,277,277,1.0,0.9006552032891164,0.8224027388298522
healthcare_revenue_50m,Healthcare companies with revenue >= $50M,Gaussian Mixture|Selection-aware Silhouette leader,10001,10014,284,284,1.0,0.6153788501618065,0.5276886175776528
healthcare_revenue_50m,Healthcare companies with revenue >= $50M,Gaussian Mixture|Selection-aware Silhouette leader,10001,10015,285,285,1.0,0.7723048680396494,0.6515102520683497
healthcare_revenue_50m,Healthcare companies with revenue >= $50M,Gaussian Mixture|Selection-aware Silhouette leader,10001,10016,285,285,1.0,0.903222696440466,0.8349869045593904
healthcare_revenue_50m,Healthcare companies with revenue >= $50M,Gaussian Mixture|Selection-aware Silhouette leader,10001,10017,283,283,1.0,0.8494812824536501,0.7654994780639193
healthcare_revenue_50m,Healthcare companies with revenue >= $50M,Gaussian Mixture|Selection-aware Silhouette leader,10001,10018,286,286,1.0,0.825355006220029,0.7690087093468434
healthcare_revenue_50m,Healthcare companies with revenue >= $50M,Gaussian Mixture|Selection-aware Silhouette leader,10001,10019,285,285,1.0,0.6620248758936402,0.6128451349118075
healthcare_revenue_50m,Healthcare companies with revenue >= $50M,Gaussian Mixture|Selection-aware Silhouette leader,10002,10003,281,281,1.0,0.8578041514720551,0.7513785521683152
healthcare_revenue_50m,Healthcare companies with revenue >= $50M,Gaussian Mixture|Selection-aware Silhouette leader,10002,10004,282,282,1.0,0.5206115199018756,0.3799408751790955
healthcare_revenue_50m,Healthcare companies with revenue >= $50M,Gaussian Mixture|Selection-aware Silhouette leader,10002,10005,282,282,1.0,0.749456930218096,0.6544671720720928
healthcare_revenue_50m,Healthcare companies with revenue >= $50M,Gaussian Mixture|Selection-aware Silhouette leader,10002,10006,285,285,1.0,0.5177673623267934,0.428893557312135
healthcare_revenue_50m,Healthcare companies with revenue >= $50M,Gaussian Mixture|Selection-aware Silhouette leader,10002,10007,283,283,1.0,0.7381630026339969,0.6210959116516989
healthcare_revenue_50m,Healthcare companies with revenue >= $50M,Gaussian Mixture|Selection-aware Silhouette leader,10002,10008,279,279,1.0,0.5194970708452175,0.4145411233986086
healthcare_revenue_50m,Healthcare companies with revenue >= $50M,Gaussian Mixture|Selection-aware Silhouette leader,10002,10009,284,284,1.0,0.6396584309178922,0.5517070737314775
healthcare_revenue_50m,Healthcare companies with revenue >= $50M,Gaussian Mixture|Selection-aware Silhouette leader,10002,10010,283,283,1.0,0.7076265174601588,0.6158875662030918
healthcare_revenue_50m,Healthcare companies with revenue >= $50M,Gaussian Mixture|Selection-aware Silhouette leader,10002,10011,283,283,1.0,0.4871375494195816,0.39698063928720023
healthcare_revenue_50m,Healthcare companies with revenue >= $50M,Gaussian Mixture|Selection-aware Silhouette leader,10002,10012,285,285,1.0,0.6921983732440214,0.547339637816948
healthcare_revenue_50m,Healthcare companies with revenue >= $50M,Gaussian Mixture|Selection-aware Silhouette leader,10002,10013,286,286,1.0,0.5983951354762758,0.5222679945404342
healthcare_revenue_50m,Healthcare companies with revenue >= $50M,Gaussian Mixture|Selection-aware Silhouette leader,10002,10014,284,284,1.0,0.8742041724965711,0.776921081601485
healthcare_revenue_50m,Healthcare companies with revenue >= $50M,Gaussian Mixture|Selection-aware Silhouette leader,10002,10015,282,282,1.0,0.38602534361395335,0.2833881125599306
healthcare_revenue_50m,Healthcare companies with revenue >= $50M,Gaussian Mixture|Selection-aware Silhouette leader,10002,10016,282,282,1.0,0.603912965146159,0.49968681375399426
healthcare_revenue_50m,Healthcare companies with revenue >= $50M,Gaussian Mixture|Selection-aware Silhouette leader,10002,10017,281,281,1.0,0.6149744378968524,0.5842937884744009
healthcare_revenue_50m,Healthcare companies with revenue >= $50M,Gaussian Mixture|Selection-aware Silhouette leader,10002,10018,284,284,1.0,0.3970954796256985,0.34111105045252954
healthcare_revenue_50m,Healthcare companies with revenue >= $50M,Gaussian Mixture|Selection-aware Silhouette leader,10002,10019,282,282,1.0,0.8043966274186212,0.6794463384419556
healthcare_revenue_50m,Healthcare companies with revenue >= $50M,Gaussian Mixture|Selection-aware Silhouette leader,10003,10004,277,277,1.0,0.5231365564692761,0.37798026872703744
healthcare_revenue_50m,Healthcare companies with revenue >= $50M,Gaussian Mixture|Selection-aware Silhouette leader,10003,10005,285,285,1.0,0.8051778478528617,0.7116854213898033
healthcare_revenue_50m,Healthcare companies with revenue >= $50M,Gaussian Mixture|Selection-aware Silhouette leader,10003,10006,282,282,1.0,0.623011053993102,0.5422294706593817
healthcare_revenue_50m,Healthcare companies with revenue >= $50M,Gaussian Mixture|Selection-aware Silhouette leader,10003,10007,289,289,1.0,0.808530759308804,0.6968586201740211
healthcare_revenue_50m,Healthcare companies with revenue >= $50M,Gaussian Mixture|Selection-aware Silhouette leader,10003,10008,283,283,1.0,0.566236646976139,0.43860756058755634
healthcare_revenue_50m,Healthcare companies with revenue >= $50M,Gaussian Mixture|Selection-aware Silhouette leader,10003,10009,286,286,1.0,0.7112291015021491,0.6346370245464962
healthcare_revenue_50m,Healthcare companies with revenue >= $50M,Gaussian Mixture|Selection-aware Silhouette leader,10003,10010,290,290,1.0,0.749128040872157,0.6242418789863639
healthcare_revenue_50m,Healthcare companies with revenue >= $50M,Gaussian Mixture|Selection-aware Silhouette leader,10003,10011,283,283,1.0,0.6148965082279886,0.540468616376478
healthcare_revenue_50m,Healthcare companies with revenue >= $50M,Gaussian Mixture|Selection-aware Silhouette leader,10003,10012,278,278,1.0,0.7095554105794297,0.5648389587194442
healthcare_revenue_50m,Healthcare companies with revenue >= $50M,Gaussian Mixture|Selection-aware Silhouette leader,10003,10013,280,280,1.0,0.7436480551634369,0.6866732354717421
healthcare_revenue_50m,Healthcare companies with revenue >= $50M,Gaussian Mixture|Selection-aware Silhouette leader,10003,10014,278,278,1.0,0.9412248207479995,0.8800091544133456
healthcare_revenue_50m,Healthcare companies with revenue >= $50M,Gaussian Mixture|Selection-aware Silhouette leader,10003,10015,280,280,1.0,0.3918610636191847,0.28749990199877345
healthcare_revenue_50m,Healthcare companies with revenue >= $50M,Gaussian Mixture|Selection-aware Silhouette leader,10003,10016,285,285,1.0,0.6993071246974024,0.5951454683718799
healthcare_revenue_50m,Healthcare companies with revenue >= $50M,Gaussian Mixture|Selection-aware Silhouette leader,10003,10017,289,289,1.0,0.6695443610330135,0.6277287327756033
healthcare_revenue_50m,Healthcare companies with revenue >= $50M,Gaussian Mixture|Selection-aware Silhouette leader,10003,10018,286,286,1.0,0.5143078133147772,0.45904130602485044
healthcare_revenue_50m,Healthcare companies with revenue >= $50M,Gaussian Mixture|Selection-aware Silhouette leader,10003,10019,284,284,1.0,0.9566624168196992,0.9050509925246998
healthcare_revenue_50m,Healthcare companies with revenue >= $50M,Gaussian Mixture|Selection-aware Silhouette leader,10004,10005,287,287,1.0,0.5737515662699365,0.44257145082848537
healthcare_revenue_50m,Healthcare companies with revenue >= $50M,Gaussian Mixture|Selection-aware Silhouette leader,10004,10006,283,283,1.0,0.744335265795873,0.6487693972480447
healthcare_revenue_50m,Healthcare companies with revenue >= $50M,Gaussian Mixture|Selection-aware Silhouette leader,10004,10007,287,287,1.0,0.5316072538151215,0.3873286605033845
healthcare_revenue_50m,Healthcare companies with revenue >= $50M,Gaussian Mixture|Selection-aware Silhouette leader,10004,10008,287,287,1.0,0.7364309242748336,0.6445329438784654
healthcare_revenue_50m,Healthcare companies with revenue >= $50M,Gaussian Mixture|Selection-aware Silhouette leader,10004,10009,280,280,1.0,0.7695406042914356,0.6923820459138819
healthcare_revenue_50m,Healthcare companies with revenue >= $50M,Gaussian Mixture|Selection-aware Silhouette leader,10004,10010,286,286,1.0,0.7105795768169273,0.5846129738364517
healthcare_revenue_50m,Healthcare companies with revenue >= $50M,Gaussian Mixture|Selection-aware Silhouette leader,10004,10011,284,284,1.0,0.6866860594456584,0.5845701248244682
healthcare_revenue_50m,Healthcare companies with revenue >= $50M,Gaussian Mixture|Selection-aware Silhouette leader,10004,10012,284,284,1.0,0.8196555243463519,0.702405103579885
healthcare_revenue_50m,Healthcare companies with revenue >= $50M,Gaussian Mixture|Selection-aware Silhouette leader,10004,10013,286,286,1.0,0.7132481963913654,0.6427995128631337
healthcare_revenue_50m,Healthcare companies with revenue >= $50M,Gaussian Mixture|Selection-aware Silhouette leader,10004,10014,287,287,1.0,0.5072032293384022,0.36622565605003904
healthcare_revenue_50m,Healthcare companies with revenue >= $50M,Gaussian Mixture|Selection-aware Silhouette leader,10004,10015,286,286,1.0,0.7731592234243885,0.7125615393272757
healthcare_revenue_50m,Healthcare companies with revenue >= $50M,Gaussian Mixture|Selection-aware Silhouette leader,10004,10016,285,285,1.0,0.6403308957359832,0.5178310809990961
healthcare_revenue_50m,Healthcare companies with revenue >= $50M,Gaussian Mixture|Selection-aware Silhouette leader,10004,10017,284,284,1.0,0.6300312990224871,0.5749683280006926
healthcare_revenue_50m,Healthcare companies with revenue >= $50M,Gaussian Mixture|Selection-aware Silhouette leader,10004,10018,278,278,1.0,0.5568585264090055,0.5072525736466709
healthcare_revenue_50m,Healthcare companies with revenue >= $50M,Gaussian Mixture|Selection-aware Silhouette leader,10004,10019,278,278,1.0,0.5820673264941406,0.4421960631936627
healthcare_revenue_50m,Healthcare companies with revenue >= $50M,Gaussian Mixture|Selection-aware Silhouette leader,10005,10006,277,277,1.0,0.5671259026372218,0.5300999635170168
healthcare_revenue_50m,Healthcare companies with revenue >= $50M,Gaussian Mixture|Selection-aware Silhouette leader,10005,10007,279,279,1.0,0.954646640599098,0.9106000590676283
healthcare_revenue_50m,Healthcare companies with revenue >= $50M,Gaussian Mixture|Selection-aware Silhouette leader,10005,10008,285,285,1.0,0.49529907792519623,0.41725546238900046
healthcare_revenue_50m,Healthcare companies with revenue >= $50M,Gaussian Mixture|Selection-aware Silhouette leader,10005,10009,281,281,1.0,0.5665203588189835,0.5143834160380567
healthcare_revenue_50m,Healthcare companies with revenue >= $50M,Gaussian Mixture|Selection-aware Silhouette leader,10005,10010,283,283,1.0,0.5969763326165376,0.5015444495545773
healthcare_revenue_50m,Healthcare companies with revenue >= $50M,Gaussian Mixture|Selection-aware Silhouette leader,10005,10011,281,281,1.0,0.5329033635748397,0.5103931696188758
healthcare_revenue_50m,Healthcare companies with revenue >= $50M,Gaussian Mixture|Selection-aware Silhouette leader,10005,10012,286,286,1.0,0.7255312417133998,0.6055427183405409
healthcare_revenue_50m,Healthcare companies with revenue >= $50M,Gaussian Mixture|Selection-aware Silhouette leader,10005,10013,287,287,1.0,0.5238572418165102,0.4874023717629756
healthcare_revenue_50m,Healthcare companies with revenue >= $50M,Gaussian Mixture|Selection-aware Silhouette leader,10005,10014,287,287,1.0,0.778350908606103,0.6815521661844198
healthcare_revenue_50m,Healthcare companies with revenue >= $50M,Gaussian Mixture|Selection-aware Silhouette leader,10005,10015,283,283,1.0,0.4221444969367341,0.3360325851817132
healthcare_revenue_50m,Healthcare companies with revenue >= $50M,Gaussian Mixture|Selection-aware Silhouette leader,10005,10016,286,286,1.0,0.5940872506724942,0.5571663621266668
healthcare_revenue_50m,Healthcare companies with revenue >= $50M,Gaussian Mixture|Selection-aware Silhouette leader,10005,10017,281,281,1.0,0.5055306442346981,0.49826533998364236
healthcare_revenue_50m,Healthcare companies with revenue >= $50M,Gaussian Mixture|Selection-aware Silhouette leader,10005,10018,283,283,1.0,0.40272605921855603,0.40282242139068364
healthcare_revenue_50m,Healthcare companies with revenue >= $50M,Gaussian Mixture|Selection-aware Silhouette leader,10005,10019,285,285,1.0,0.8445663894117827,0.7529921740194239
healthcare_revenue_50m,Healthcare companies with revenue >= $50M,Gaussian Mixture|Selection-aware Silhouette leader,10006,10007,282,282,1.0,0.5986195309024182,0.5345932213865677
healthcare_revenue_50m,Healthcare companies with revenue >= $50M,Gaussian Mixture|Selection-aware Silhouette leader,10006,10008,285,285,1.0,0.6998890725682365,0.5738626490730014
healthcare_revenue_50m,Healthcare companies with revenue >= $50M,Gaussian Mixture|Selection-aware Silhouette leader,10006,10009,287,287,1.0,0.8384265901072898,0.7414524313382422
healthcare_revenue_50m,Healthcare companies with revenue >= $50M,Gaussian Mixture|Selection-aware Silhouette leader,10006,10010,285,285,1.0,0.7477398414855781,0.6403456809960164
healthcare_revenue_50m,Healthcare companies with revenue >= $50M,Gaussian Mixture|Selection-aware Silhouette leader,10006,10011,290,290,1.0,0.9723289043677393,0.9371483458443371
healthcare_revenue_50m,Healthcare companies with revenue >= $50M,Gaussian Mixture|Selection-aware Silhouette leader,10006,10012,291,291,1.0,0.7634951164965535,0.7008937351083103
healthcare_revenue_50m,Healthcare companies with revenue >= $50M,Gaussian Mixture|Selection-aware Silhouette leader,10006,10013,283,283,1.0,0.8362711320670423,0.7355689912451827
healthcare_revenue_50m,Healthcare companies with revenue >= $50M,Gaussian Mixture|Selection-aware Silhouette leader,10006,10014,285,285,1.0,0.5948908337374924,0.4948910389469819
healthcare_revenue_50m,Healthcare companies with revenue >= $50M,Gaussian Mixture|Selection-aware Silhouette leader,10006,10015,286,286,1.0,0.7862137460373525,0.6708697562596659
healthcare_revenue_50m,Healthcare companies with revenue >= $50M,Gaussian Mixture|Selection-aware Silhouette leader,10006,10016,286,286,1.0,0.9035893990232582,0.8288432916546722
healthcare_revenue_50m,Healthcare companies with revenue >= $50M,Gaussian Mixture|Selection-aware Silhouette leader,10006,10017,293,293,1.0,0.8929501944842666,0.8392983637358212
healthcare_revenue_50m,Healthcare companies with revenue >= $50M,Gaussian Mixture|Selection-aware Silhouette leader,10006,10018,282,282,1.0,0.7973966504408451,0.7429534605860065
healthcare_revenue_50m,Healthcare companies with revenue >= $50M,Gaussian Mixture|Selection-aware Silhouette leader,10006,10019,285,285,1.0,0.6401282301691548,0.5757225934808265
healthcare_revenue_50m,Healthcare companies with revenue >= $50M,Gaussian Mixture|Selection-aware Silhouette leader,10007,10008,279,279,1.0,0.5066639600131575,0.41508648730379527
healthcare_revenue_50m,Healthcare companies with revenue >= $50M,Gaussian Mixture|Selection-aware Silhouette leader,10007,10009,283,283,1.0,0.591114609782435,0.5184271554943726
healthcare_revenue_50m,Healthcare companies with revenue >= $50M,Gaussian Mixture|Selection-aware Silhouette leader,10007,10010,282,282,1.0,0.5738441397216895,0.4576660238008754
healthcare_revenue_50m,Healthcare companies with revenue >= $50M,Gaussian Mixture|Selection-aware Silhouette leader,10007,10011,283,283,1.0,0.5805345524935082,0.5261264196441539
healthcare_revenue_50m,Healthcare companies with revenue >= $50M,Gaussian Mixture|Selection-aware Silhouette leader,10007,10012,284,284,1.0,0.6885355287558873,0.5519802752045635
healthcare_revenue_50m,Healthcare companies with revenue >= $50M,Gaussian Mixture|Selection-aware Silhouette leader,10007,10013,283,283,1.0,0.53036673649836,0.48182651800142334
healthcare_revenue_50m,Healthcare companies with revenue >= $50M,Gaussian Mixture|Selection-aware Silhouette leader,10007,10014,284,284,1.0,0.7531765662672821,0.6382371035952304
healthcare_revenue_50m,Healthcare companies with revenue >= $50M,Gaussian Mixture|Selection-aware Silhouette leader,10007,10015,282,282,1.0,0.43024710433327445,0.32991538405577564
healthcare_revenue_50m,Healthcare companies with revenue >= $50M,Gaussian Mixture|Selection-aware Silhouette leader,10007,10016,283,283,1.0,0.5922829226911276,0.5367665940070642
healthcare_revenue_50m,Healthcare companies with revenue >= $50M,Gaussian Mixture|Selection-aware Silhouette leader,10007,10017,279,279,1.0,0.5138377370417342,0.5065581867774018
healthcare_revenue_50m,Healthcare companies with revenue >= $50M,Gaussian Mixture|Selection-aware Silhouette leader,10007,10018,285,285,1.0,0.4335290898683937,0.4089542982144724
healthcare_revenue_50m,Healthcare companies with revenue >= $50M,Gaussian Mixture|Selection-aware Silhouette leader,10007,10019,279,279,1.0,0.8151875680279894,0.7110809752387759
healthcare_revenue_50m,Healthcare companies with revenue >= $50M,Gaussian Mixture|Selection-aware Silhouette leader,10008,10009,279,279,1.0,0.8075319735484318,0.6983475323574152
healthcare_revenue_50m,Healthcare companies with revenue >= $50M,Gaussian Mixture|Selection-aware Silhouette leader,10008,10010,284,284,1.0,0.8224021024920466,0.721706183995908
healthcare_revenue_50m,Healthcare companies with revenue >= $50M,Gaussian Mixture|Selection-aware Silhouette leader,10008,10011,284,284,1.0,0.6872492526721731,0.5636507369543902
healthcare_revenue_50m,Healthcare companies with revenue >= $50M,Gaussian Mixture|Selection-aware Silhouette leader,10008,10012,281,281,1.0,0.7541733370826313,0.6553300097759877
healthcare_revenue_50m,Healthcare companies with revenue >= $50M,Gaussian Mixture|Selection-aware Silhouette leader,10008,10013,289,289,1.0,0.8018021009521271,0.6984025897024606
healthcare_revenue_50m,Healthcare companies with revenue >= $50M,Gaussian Mixture|Selection-aware Silhouette leader,10008,10014,279,279,1.0,0.5227025483668787,0.41341796767988254
healthcare_revenue_50m,Healthcare companies with revenue >= $50M,Gaussian Mixture|Selection-aware Silhouette leader,10008,10015,287,287,1.0,0.6669266560663647,0.5385451549083802
healthcare_revenue_50m,Healthcare companies with revenue >= $50M,Gaussian Mixture|Selection-aware Silhouette leader,10008,10016,281,281,1.0,0.6492264079115978,0.5217800416171657
healthcare_revenue_50m,Healthcare companies with revenue >= $50M,Gaussian Mixture|Selection-aware Silhouette leader,10008,10017,286,286,1.0,0.6903788024302226,0.5831624116359818
healthcare_revenue_50m,Healthcare companies with revenue >= $50M,Gaussian Mixture|Selection-aware Silhouette leader,10008,10018,280,280,1.0,0.5929748530597697,0.4970033587657332
healthcare_revenue_50m,Healthcare companies with revenue >= $50M,Gaussian Mixture|Selection-aware Silhouette leader,10008,10019,283,283,1.0,0.5814568326492906,0.4840055189724719
healthcare_revenue_50m,Healthcare companies with revenue >= $50M,Gaussian Mixture|Selection-aware Silhouette leader,10009,10010,282,282,1.0,0.875353897034432,0.8024572246134739
healthcare_revenue_50m,Healthcare companies with revenue >= $50M,Gaussian Mixture|Selection-aware Silhouette leader,10009,10011,278,278,1.0,0.7815607401538697,0.6732301695684708
healthcare_revenue_50m,Healthcare companies with revenue >= $50M,Gaussian Mixture|Selection-aware Silhouette leader,10009,10012,285,285,1.0,0.7974844753110009,0.7154806668494083
healthcare_revenue_50m,Healthcare companies with revenue >= $50M,Gaussian Mixture|Selection-aware Silhouette leader,10009,10013,287,287,1.0,0.9447086822130236,0.893253814482009
healthcare_revenue_50m,Healthcare companies with revenue >= $50M,Gaussian Mixture|Selection-aware Silhouette leader,10009,10014,283,283,1.0,0.6737473215522322,0.6058443025985025
healthcare_revenue_50m,Healthcare companies with revenue >= $50M,Gaussian Mixture|Selection-aware Silhouette leader,10009,10015,279,279,1.0,0.6820755304075852,0.5547872421566201
healthcare_revenue_50m,Healthcare companies with revenue >= $50M,Gaussian Mixture|Selection-aware Silhouette leader,10009,10016,277,277,1.0,0.7809271114196186,0.6714410465033673
healthcare_revenue_50m,Healthcare companies with revenue >= $50M,Gaussian Mixture|Selection-aware Silhouette leader,10009,10017,281,281,1.0,0.8355128411137724,0.779638474888468
healthcare_revenue_50m,Healthcare companies with revenue >= $50M,Gaussian Mixture|Selection-aware Silhouette leader,10009,10018,281,281,1.0,0.6979796044121008,0.6001844686419113
healthcare_revenue_50m,Healthcare companies with revenue >= $50M,Gaussian Mixture|Selection-aware Silhouette leader,10009,10019,287,287,1.0,0.701275876305967,0.6500334696425806
healthcare_revenue_50m,Healthcare companies with revenue >= $50M,Gaussian Mixture|Selection-aware Silhouette leader,10010,10011,290,290,1.0,0.6479767732681481,0.5424288095019276
healthcare_revenue_50m,Healthcare companies with revenue >= $50M,Gaussian Mixture|Selection-aware Silhouette leader,10010,10012,284,284,1.0,0.8735881908959033,0.8088265838588563
healthcare_revenue_50m,Healthcare companies with revenue >= $50M,Gaussian Mixture|Selection-aware Silhouette leader,10010,10013,285,285,1.0,0.8374364327044118,0.7797090812743861
healthcare_revenue_50m,Healthcare companies with revenue >= $50M,Gaussian Mixture|Selection-aware Silhouette leader,10010,10014,280,280,1.0,0.7548910422870986,0.6597188398592847
healthcare_revenue_50m,Healthcare companies with revenue >= $50M,Gaussian Mixture|Selection-aware Silhouette leader,10010,10015,286,286,1.0,0.5440182279324176,0.42065718627014886
healthcare_revenue_50m,Healthcare companies with revenue >= $50M,Gaussian Mixture|Selection-aware Silhouette leader,10010,10016,282,282,1.0,0.6856070488705762,0.5662509289319836
healthcare_revenue_50m,Healthcare companies with revenue >= $50M,Gaussian Mixture|Selection-aware Silhouette leader,10010,10017,280,280,1.0,0.7575969406636786,0.7044290432852809
healthcare_revenue_50m,Healthcare companies with revenue >= $50M,Gaussian Mixture|Selection-aware Silhouette leader,10010,10018,284,284,1.0,0.5442322775315838,0.4708671937936716
healthcare_revenue_50m,Healthcare companies with revenue >= $50M,Gaussian Mixture|Selection-aware Silhouette leader,10010,10019,282,282,1.0,0.6947448767447822,0.5858977835022893
healthcare_revenue_50m,Healthcare companies with revenue >= $50M,Gaussian Mixture|Selection-aware Silhouette leader,10011,10012,289,289,1.0,0.7145910717569682,0.6394000629082275
healthcare_revenue_50m,Healthcare companies with revenue >= $50M,Gaussian Mixture|Selection-aware Silhouette leader,10011,10013,281,281,1.0,0.7838249733549988,0.6738759836605119
healthcare_revenue_50m,Healthcare companies with revenue >= $50M,Gaussian Mixture|Selection-aware Silhouette leader,10011,10014,280,280,1.0,0.5668207364801564,0.4725740236272511
healthcare_revenue_50m,Healthcare companies with revenue >= $50M,Gaussian Mixture|Selection-aware Silhouette leader,10011,10015,285,285,1.0,0.7488014707759243,0.6296683060225717
healthcare_revenue_50m,Healthcare companies with revenue >= $50M,Gaussian Mixture|Selection-aware Silhouette leader,10011,10016,286,286,1.0,0.9306439262734082,0.8844487628530588
healthcare_revenue_50m,Healthcare companies with revenue >= $50M,Gaussian Mixture|Selection-aware Silhouette leader,10011,10017,277,277,1.0,0.846630637728334,0.764380443490094
healthcare_revenue_50m,Healthcare companies with revenue >= $50M,Gaussian Mixture|Selection-aware Silhouette leader,10011,10018,284,284,1.0,0.837334604320022,0.7653319336350646
healthcare_revenue_50m,Healthcare companies with revenue >= $50M,Gaussian Mixture|Selection-aware Silhouette leader,10011,10019,281,281,1.0,0.6475601686796962,0.6046984896624701
healthcare_revenue_50m,Healthcare companies with revenue >= $50M,Gaussian Mixture|Selection-aware Silhouette leader,10012,10013,286,286,1.0,0.7246821553122365,0.6378027963489766
healthcare_revenue_50m,Healthcare companies with revenue >= $50M,Gaussian Mixture|Selection-aware Silhouette leader,10012,10014,282,282,1.0,0.6786059875498686,0.5378189930689055
healthcare_revenue_50m,Healthcare companies with revenue >= $50M,Gaussian Mixture|Selection-aware Silhouette leader,10012,10015,288,288,1.0,0.6187382622214018,0.5102735776175022
healthcare_revenue_50m,Healthcare companies with revenue >= $50M,Gaussian Mixture|Selection-aware Silhouette leader,10012,10016,286,286,1.0,0.7724232084261747,0.7098895942187671
healthcare_revenue_50m,Healthcare companies with revenue >= $50M,Gaussian Mixture|Selection-aware Silhouette leader,10012,10017,284,284,1.0,0.6753127773154688,0.6302638451796206
healthcare_revenue_50m,Healthcare companies with revenue >= $50M,Gaussian Mixture|Selection-aware Silhouette leader,10012,10018,282,282,1.0,0.5831758770154595,0.5388410357877421
healthcare_revenue_50m,Healthcare companies with revenue >= $50M,Gaussian Mixture|Selection-aware Silhouette leader,10012,10019,282,282,1.0,0.7910212477170596,0.671367516040244
healthcare_revenue_50m,Healthcare companies with revenue >= $50M,Gaussian Mixture|Selection-aware Silhouette leader,10013,10014,286,286,1.0,0.6433915211970075,0.6063562924863147
healthcare_revenue_50m,Healthcare companies with revenue >= $50M,Gaussian Mixture|Selection-aware Silhouette leader,10013,10015,283,283,1.0,0.6185270324809595,0.4978352993101655
healthcare_revenue_50m,Healthcare companies with revenue >= $50M,Gaussian Mixture|Selection-aware Silhouette leader,10013,10016,281,281,1.0,0.7714357049555829,0.6651663507353825
healthcare_revenue_50m,Healthcare companies with revenue >= $50M,Gaussian Mixture|Selection-aware Silhouette leader,10013,10017,288,288,1.0,0.8782550390673107,0.8248034137518958
healthcare_revenue_50m,Healthcare companies with revenue >= $50M,Gaussian Mixture|Selection-aware Silhouette leader,10013,10018,277,277,1.0,0.7185570027459893,0.6204561989989699
healthcare_revenue_50m,Healthcare companies with revenue >= $50M,Gaussian Mixture|Selection-aware Silhouette leader,10013,10019,280,280,1.0,0.6598216035315156,0.6193685626730501
healthcare_revenue_50m,Healthcare companies with revenue >= $50M,Gaussian Mixture|Selection-aware Silhouette leader,10014,10015,279,279,1.0,0.4014308220915691,0.2948870284602583
healthcare_revenue_50m,Healthcare companies with revenue >= $50M,Gaussian Mixture|Selection-aware Silhouette leader,10014,10016,289,289,1.0,0.6347349302973082,0.5337272810518914
healthcare_revenue_50m,Healthcare companies with revenue >= $50M,Gaussian Mixture|Selection-aware Silhouette leader,10014,10017,283,283,1.0,0.6288093623277303,0.5955308508051715
healthcare_revenue_50m,Healthcare companies with revenue >= $50M,Gaussian Mixture|Selection-aware Silhouette leader,10014,10018,277,277,1.0,0.45193355197243634,0.3971284437753657
healthcare_revenue_50m,Healthcare companies with revenue >= $50M,Gaussian Mixture|Selection-aware Silhouette leader,10014,10019,288,288,1.0,0.8887760572024227,0.7959678383488986
healthcare_revenue_50m,Healthcare companies with revenue >= $50M,Gaussian Mixture|Selection-aware Silhouette leader,10015,10016,283,283,1.0,0.7107634550250738,0.5900043726440011
healthcare_revenue_50m,Healthcare companies with revenue >= $50M,Gaussian Mixture|Selection-aware Silhouette leader,10015,10017,286,286,1.0,0.6669936007085214,0.5563990913483323
healthcare_revenue_50m,Healthcare companies with revenue >= $50M,Gaussian Mixture|Selection-aware Silhouette leader,10015,10018,280,280,1.0,0.6969575190475482,0.598795175177378
healthcare_revenue_50m,Healthcare companies with revenue >= $50M,Gaussian Mixture|Selection-aware Silhouette leader,10015,10019,284,284,1.0,0.47847238517926627,0.3785048030954423
healthcare_revenue_50m,Healthcare companies with revenue >= $50M,Gaussian Mixture|Selection-aware Silhouette leader,10016,10017,285,285,1.0,0.8377870709361696,0.7648996442133565
healthcare_revenue_50m,Healthcare companies with revenue >= $50M,Gaussian Mixture|Selection-aware Silhouette leader,10016,10018,283,283,1.0,0.7982165636593281,0.7448401284117823
healthcare_revenue_50m,Healthcare companies with revenue >= $50M,Gaussian Mixture|Selection-aware Silhouette leader,10016,10019,278,278,1.0,0.7548078571631512,0.6973935031298594
healthcare_revenue_50m,Healthcare companies with revenue >= $50M,Gaussian Mixture|Selection-aware Silhouette leader,10017,10018,289,289,1.0,0.8023858310213268,0.7025319715515992
healthcare_revenue_50m,Healthcare companies with revenue >= $50M,Gaussian Mixture|Selection-aware Silhouette leader,10017,10019,286,286,1.0,0.6324700760093837,0.5991002676927584
healthcare_revenue_50m,Healthcare companies with revenue >= $50M,Gaussian Mixture|Selection-aware Silhouette leader,10018,10019,290,290,1.0,0.5613098416088272,0.5443033792519855
healthcare_revenue_50m,Healthcare companies with revenue >= $50M,HDBSCAN separation leader,10000,10001,285,220,0.7719298245614035,1.0,1.0
healthcare_revenue_50m,Healthcare companies with revenue >= $50M,HDBSCAN separation leader,10000,10002,277,216,0.779783393501805,1.0,1.0
healthcare_revenue_50m,Healthcare companies with revenue >= $50M,HDBSCAN separation leader,10000,10003,285,202,0.7087719298245614,1.0,1.0
healthcare_revenue_50m,Healthcare companies with revenue >= $50M,HDBSCAN separation leader,10000,10004,284,223,0.7852112676056338,1.0,1.0
healthcare_revenue_50m,Healthcare companies with revenue >= $50M,HDBSCAN separation leader,10000,10005,282,221,0.7836879432624113,1.0,1.0
healthcare_revenue_50m,Healthcare companies with revenue >= $50M,HDBSCAN separation leader,10000,10006,278,220,0.7913669064748201,1.0,1.0
healthcare_revenue_50m,Healthcare companies with revenue >= $50M,HDBSCAN separation leader,10000,10007,284,209,0.7359154929577465,1.0,1.0
healthcare_revenue_50m,Healthcare companies with revenue >= $50M,HDBSCAN separation leader,10000,10008,280,222,0.7928571428571428,1.0,1.0
healthcare_revenue_50m,Healthcare companies with revenue >= $50M,HDBSCAN separation leader,10000,10009,289,206,0.71280276816609,1.0,1.0
healthcare_revenue_50m,Healthcare companies with revenue >= $50M,HDBSCAN separation leader,10000,10010,281,200,0.7117437722419929,1.0,1.0
healthcare_revenue_50m,Healthcare companies with revenue >= $50M,HDBSCAN separation leader,10000,10011,283,200,0.7067137809187279,1.0,1.0
healthcare_revenue_50m,Healthcare companies with revenue >= $50M,HDBSCAN separation leader,10000,10012,285,216,0.7578947368421053,1.0,1.0
healthcare_revenue_50m,Healthcare companies with revenue >= $50M,HDBSCAN separation leader,10000,10013,285,227,0.7964912280701755,1.0,1.0
healthcare_revenue_50m,Healthcare companies with revenue >= $50M,HDBSCAN separation leader,10000,10014,283,221,0.7809187279151943,0.9652900042792684,0.9195666421913585
healthcare_revenue_50m,Healthcare companies with revenue >= $50M,HDBSCAN separation leader,10000,10015,285,232,0.8140350877192982,1.0,1.0
healthcare_revenue_50m,Healthcare companies with revenue >= $50M,HDBSCAN separation leader,10000,10016,284,224,0.7887323943661971,1.0,1.0
healthcare_revenue_50m,Healthcare companies with revenue >= $50M,HDBSCAN separation leader,10000,10017,284,203,0.7147887323943662,1.0,1.0
healthcare_revenue_50m,Healthcare companies with revenue >= $50M,HDBSCAN separation leader,10000,10018,280,218,0.7785714285714286,1.0,1.0
healthcare_revenue_50m,Healthcare companies with revenue >= $50M,HDBSCAN separation leader,10000,10019,281,208,0.7402135231316725,1.0,1.0
healthcare_revenue_50m,Healthcare companies with revenue >= $50M,HDBSCAN separation leader,10001,10002,283,211,0.7455830388692579,1.0,1.0
healthcare_revenue_50m,Healthcare companies with revenue >= $50M,HDBSCAN separation leader,10001,10003,285,203,0.712280701754386,1.0,1.0
healthcare_revenue_50m,Healthcare companies with revenue >= $50M,HDBSCAN separation leader,10001,10004,281,214,0.7615658362989324,1.0,1.0
healthcare_revenue_50m,Healthcare companies with revenue >= $50M,HDBSCAN separation leader,10001,10005,286,214,0.7482517482517482,0.9450074614867082,0.8845878396156324
healthcare_revenue_50m,Healthcare companies with revenue >= $50M,HDBSCAN separation leader,10001,10006,282,212,0.75177304964539,1.0,1.0
healthcare_revenue_50m,Healthcare companies with revenue >= $50M,HDBSCAN separation leader,10001,10007,288,208,0.7222222222222222,1.0,1.0
healthcare_revenue_50m,Healthcare companies with revenue >= $50M,HDBSCAN separation leader,10001,10008,280,206,0.7357142857142858,1.0,1.0
healthcare_revenue_50m,Healthcare companies with revenue >= $50M,HDBSCAN separation leader,10001,10009,285,202,0.7087719298245614,1.0,1.0
healthcare_revenue_50m,Healthcare companies with revenue >= $50M,HDBSCAN separation leader,10001,10010,278,195,0.7014388489208633,0.9482671349017449,0.8895268310525193
healthcare_revenue_50m,Healthcare companies with revenue >= $50M,HDBSCAN separation leader,10001,10011,282,199,0.7056737588652482,0.9256622821721565,0.8548424359633302
healthcare_revenue_50m,Healthcare companies with revenue >= $50M,HDBSCAN separation leader,10001,10012,285,209,0.7333333333333333,0.9337933180379984,0.8671454127727877
healthcare_revenue_50m,Healthcare companies with revenue >= $50M,HDBSCAN separation leader,10001,10013,277,204,0.7364620938628159,1.0,1.0
healthcare_revenue_50m,Healthcare companies with revenue >= $50M,HDBSCAN separation leader,10001,10014,284,206,0.7253521126760564,1.0,1.0
healthcare_revenue_50m,Healthcare companies with revenue >= $50M,HDBSCAN separation leader,10001,10015,285,218,0.7649122807017544,0.9341185808580057,0.8678874064825512
healthcare_revenue_50m,Healthcare companies with revenue >= $50M,HDBSCAN separation leader,10001,10016,285,207,0.7263157894736842,0.944736313841221,0.8840135995912901
healthcare_revenue_50m,Healthcare companies with revenue >= $50M,HDBSCAN separation leader,10001,10017,283,201,0.7102473498233216,1.0,1.0
healthcare_revenue_50m,Healthcare companies with revenue >= $50M,HDBSCAN separation leader,10001,10018,286,213,0.7447552447552448,0.8858417341282308,0.7958155421130804
healthcare_revenue_50m,Healthcare companies with revenue >= $50M,HDBSCAN separation leader,10001,10019,285,204,0.7157894736842105,0.9446139223608396,0.8837583431932894
healthcare_revenue_50m,Healthcare companies with revenue >= $50M,HDBSCAN separation leader,10002,10003,281,191,0.6797153024911032,1.0,1.0
healthcare_revenue_50m,Healthcare companies with revenue >= $50M,HDBSCAN separation leader,10002,10004,282,211,0.74822695035461,1.0,1.0
healthcare_revenue_50m,Healthcare companies with revenue >= $50M,HDBSCAN separation leader,10002,10005,282,208,0.7375886524822695,0.9551108792396852,0.9011972741857615
healthcare_revenue_50m,Healthcare companies with revenue >= $50M,HDBSCAN separation leader,10002,10006,285,216,0.7578947368421053,1.0,1.0
healthcare_revenue_50m,Healthcare companies with revenue >= $50M,HDBSCAN separation leader,10002,10007,283,199,0.7031802120141343,1.0,1.0
healthcare_revenue_50m,Healthcare companies with revenue >= $50M,HDBSCAN separation leader,10002,10008,279,207,0.7419354838709677,1.0,1.0
healthcare_revenue_50m,Healthcare companies with revenue >= $50M,HDBSCAN separation leader,10002,10009,284,196,0.6901408450704225,1.0,1.0
healthcare_revenue_50m,Healthcare companies with revenue >= $50M,HDBSCAN separation leader,10002,10010,283,196,0.6925795053003534,0.9641498824968133,0.9175880043922441
healthcare_revenue_50m,Healthcare companies with revenue >= $50M,HDBSCAN separation leader,10002,10011,283,192,0.6784452296819788,0.9515075062940149,0.8948987316465136
healthcare_revenue_50m,Healthcare companies with revenue >= $50M,HDBSCAN separation leader,10002,10012,285,203,0.712280701754386,0.9573671814528815,0.9050954352517978
healthcare_revenue_50m,Healthcare companies with revenue >= $50M,HDBSCAN separation leader,10002,10013,286,207,0.7237762237762237,1.0,1.0
healthcare_revenue_50m,Healthcare companies with revenue >= $50M,HDBSCAN separation leader,10002,10014,284,212,0.7464788732394366,1.0,1.0
healthcare_revenue_50m,Healthcare companies with revenue >= $50M,HDBSCAN separation leader,10002,10015,282,218,0.7730496453900709,0.9579918004024003,0.9062843897888565
healthcare_revenue_50m,Healthcare companies with revenue >= $50M,HDBSCAN separation leader,10002,10016,282,208,0.7375886524822695,0.9647362267711367,0.9185865020968125
healthcare_revenue_50m,Healthcare companies with revenue >= $50M,HDBSCAN separation leader,10002,10017,281,195,0.693950177935943,1.0,1.0
healthcare_revenue_50m,Healthcare companies with revenue >= $50M,HDBSCAN separation leader,10002,10018,284,213,0.75,0.9577944572992634,0.9059028198795167
healthcare_revenue_50m,Healthcare companies with revenue >= $50M,HDBSCAN separation leader,10002,10019,282,197,0.6985815602836879,0.9610954280915985,0.9118228648263429
healthcare_revenue_50m,Healthcare companies with revenue >= $50M,HDBSCAN separation leader,10003,10004,277,197,0.7111913357400722,1.0,1.0
healthcare_revenue_50m,Healthcare companies with revenue >= $50M,HDBSCAN separation leader,10003,10005,285,201,0.7052631578947368,0.95941779681036,0.9087501981879637
healthcare_revenue_50m,Healthcare companies with revenue >= $50M,HDBSCAN separation leader,10003,10006,282,199,0.7056737588652482,1.0,1.0
healthcare_revenue_50m,Healthcare companies with revenue >= $50M,HDBSCAN separation leader,10003,10007,289,207,0.7162629757785467,1.0,1.0
healthcare_revenue_50m,Healthcare companies with revenue >= $50M,HDBSCAN separation leader,10003,10008,283,199,0.7031802120141343,1.0,1.0
healthcare_revenue_50m,Healthcare companies with revenue >= $50M,HDBSCAN separation leader,10003,10009,286,198,0.6923076923076923,1.0,1.0
healthcare_revenue_50m,Healthcare companies with revenue >= $50M,HDBSCAN separation leader,10003,10010,290,204,0.7034482758620689,0.9699076632488854,0.928966419241917
healthcare_revenue_50m,Healthcare companies with revenue >= $50M,HDBSCAN separation leader,10003,10011,283,194,0.6855123674911661,0.9609429539083784,0.9115580154438779
healthcare_revenue_50m,Healthcare companies with revenue >= $50M,HDBSCAN separation leader,10003,10012,278,199,0.7158273381294964,0.9628425530105434,0.9150680302788815
healthcare_revenue_50m,Healthcare companies with revenue >= $50M,HDBSCAN separation leader,10003,10013,280,199,0.7107142857142857,1.0,1.0
healthcare_revenue_50m,Healthcare companies with revenue >= $50M,HDBSCAN separation leader,10003,10014,278,195,0.7014388489208633,1.0,1.0
healthcare_revenue_50m,Healthcare companies with revenue >= $50M,HDBSCAN separation leader,10003,10015,280,209,0.7464285714285714,0.9633122101469457,0.9158890747785496
healthcare_revenue_50m,Healthcare companies with revenue >= $50M,HDBSCAN separation leader,10003,10016,285,197,0.6912280701754386,0.964201883885917,0.9176750400490504
healthcare_revenue_50m,Healthcare companies with revenue >= $50M,HDBSCAN separation leader,10003,10017,289,200,0.6920415224913494,1.0,1.0
healthcare_revenue_50m,Healthcare companies with revenue >= $50M,HDBSCAN separation leader,10003,10018,286,200,0.6993006993006993,0.9612427196385188,0.9120812321517265
healthcare_revenue_50m,Healthcare companies with revenue >= $50M,HDBSCAN separation leader,10003,10019,284,203,0.7147887323943662,0.9669797921180967,0.9230160417698298
healthcare_revenue_50m,Healthcare companies with revenue >= $50M,HDBSCAN separation leader,10004,10005,287,213,0.7421602787456446,1.0,1.0
healthcare_revenue_50m,Healthcare companies with revenue >= $50M,HDBSCAN separation leader,10004,10006,283,218,0.7703180212014135,1.0,1.0
healthcare_revenue_50m,Healthcare companies with revenue >= $50M,HDBSCAN separation leader,10004,10007,287,212,0.7386759581881533,1.0,1.0
healthcare_revenue_50m,Healthcare companies with revenue >= $50M,HDBSCAN separation leader,10004,10008,287,211,0.735191637630662,1.0,1.0
healthcare_revenue_50m,Healthcare companies with revenue >= $50M,HDBSCAN separation leader,10004,10009,280,192,0.6857142857142857,1.0,1.0
healthcare_revenue_50m,Healthcare companies with revenue >= $50M,HDBSCAN separation leader,10004,10010,286,198,0.6923076923076923,1.0,1.0
healthcare_revenue_50m,Healthcare companies with revenue >= $50M,HDBSCAN separation leader,10004,10011,284,195,0.6866197183098591,1.0,1.0
healthcare_revenue_50m,Healthcare companies with revenue >= $50M,HDBSCAN separation leader,10004,10012,284,208,0.7323943661971831,1.0,1.0
healthcare_revenue_50m,Healthcare companies with revenue >= $50M,HDBSCAN separation leader,10004,10013,286,211,0.7377622377622378,1.0,1.0
healthcare_revenue_50m,Healthcare companies with revenue >= $50M,HDBSCAN separation leader,10004,10014,287,214,0.7456445993031359,0.9618687056191947,0.9132086605569415
healthcare_revenue_50m,Healthcare companies with revenue >= $50M,HDBSCAN separation leader,10004,10015,286,220,0.7692307692307693,1.0,1.0
healthcare_revenue_50m,Healthcare companies with revenue >= $50M,HDBSCAN separation leader,10004,10016,285,211,0.7403508771929824,1.0,1.0
healthcare_revenue_50m,Healthcare companies with revenue >= $50M,HDBSCAN separation leader,10004,10017,284,199,0.7007042253521126,1.0,1.0
healthcare_revenue_50m,Healthcare companies with revenue >= $50M,HDBSCAN separation leader,10004,10018,278,206,0.7410071942446043,0.9550260497884641,0.9010335196974324
healthcare_revenue_50m,Healthcare companies with revenue >= $50M,HDBSCAN separation leader,10004,10019,278,198,0.7122302158273381,1.0,1.0
healthcare_revenue_50m,Healthcare companies with revenue >= $50M,HDBSCAN separation leader,10005,10006,277,206,0.7436823104693141,0.9521447169982016,0.896128382766856
healthcare_revenue_50m,Healthcare companies with revenue >= $50M,HDBSCAN separation leader,10005,10007,279,204,0.7311827956989247,0.9549393760157839,0.9008672453952438
healthcare_revenue_50m,Healthcare companies with revenue >= $50M,HDBSCAN separation leader,10005,10008,285,218,0.7649122807017544,1.0,1.0
healthcare_revenue_50m,Healthcare companies with revenue >= $50M,HDBSCAN separation leader,10005,10009,281,200,0.7117437722419929,0.9628919304993154,0.9151531478134168
healthcare_revenue_50m,Healthcare companies with revenue >= $50M,HDBSCAN separation leader,10005,10010,283,197,0.696113074204947,1.0,1.0
healthcare_revenue_50m,Healthcare companies with revenue >= $50M,HDBSCAN separation leader,10005,10011,281,196,0.697508896797153,1.0,1.0
healthcare_revenue_50m,Healthcare companies with revenue >= $50M,HDBSCAN separation leader,10005,10012,286,212,0.7412587412587412,1.0,1.0
healthcare_revenue_50m,Healthcare companies with revenue >= $50M,HDBSCAN separation leader,10005,10013,287,215,0.7491289198606271,1.0,1.0
healthcare_revenue_50m,Healthcare companies with revenue >= $50M,HDBSCAN separation leader,10005,10014,287,219,0.7630662020905923,1.0,1.0
healthcare_revenue_50m,Healthcare companies with revenue >= $50M,HDBSCAN separation leader,10005,10015,283,221,0.7809187279151943,1.0,1.0
healthcare_revenue_50m,Healthcare companies with revenue >= $50M,HDBSCAN separation leader,10005,10016,286,218,0.7622377622377622,1.0,1.0
healthcare_revenue_50m,Healthcare companies with revenue >= $50M,HDBSCAN separation leader,10005,10017,281,201,0.7153024911032029,0.9572760211349784,0.9049263395410921
healthcare_revenue_50m,Healthcare companies with revenue >= $50M,HDBSCAN separation leader,10005,10018,283,212,0.7491166077738516,1.0,1.0
healthcare_revenue_50m,Healthcare companies with revenue >= $50M,HDBSCAN separation leader,10005,10019,285,206,0.7228070175438597,1.0,1.0
healthcare_revenue_50m,Healthcare companies with revenue >= $50M,HDBSCAN separation leader,10006,10007,282,204,0.723404255319149,1.0,1.0
healthcare_revenue_50m,Healthcare companies with revenue >= $50M,HDBSCAN separation leader,10006,10008,285,210,0.7368421052631579,1.0,1.0
healthcare_revenue_50m,Healthcare companies with revenue >= $50M,HDBSCAN separation leader,10006,10009,287,201,0.7003484320557491,1.0,1.0
healthcare_revenue_50m,Healthcare companies with revenue >= $50M,HDBSCAN separation leader,10006,10010,285,200,0.7017543859649122,0.9678803197728657,0.9248839705264429
healthcare_revenue_50m,Healthcare companies with revenue >= $50M,HDBSCAN separation leader,10006,10011,290,199,0.6862068965517242,0.9571828101100341,0.9047545426103444
healthcare_revenue_50m,Healthcare companies with revenue >= $50M,HDBSCAN separation leader,10006,10012,291,216,0.7422680412371134,0.9664021217077303,0.9217242562425074
healthcare_revenue_50m,Healthcare companies with revenue >= $50M,HDBSCAN separation leader,10006,10013,283,210,0.7420494699646644,1.0,1.0
healthcare_revenue_50m,Healthcare companies with revenue >= $50M,HDBSCAN separation leader,10006,10014,285,214,0.7508771929824561,1.0,1.0
healthcare_revenue_50m,Healthcare companies with revenue >= $50M,HDBSCAN separation leader,10006,10015,286,223,0.7797202797202797,0.9622246679091797,0.9138726775195823
healthcare_revenue_50m,Healthcare companies with revenue >= $50M,HDBSCAN separation leader,10006,10016,286,212,0.7412587412587412,0.9649148697370605,0.9188985424642361
healthcare_revenue_50m,Healthcare companies with revenue >= $50M,HDBSCAN separation leader,10006,10017,293,212,0.7235494880546075,1.0,1.0
healthcare_revenue_50m,Healthcare companies with revenue >= $50M,HDBSCAN separation leader,10006,10018,282,209,0.7411347517730497,0.9616559971601055,0.9128200262892047
healthcare_revenue_50m,Healthcare companies with revenue >= $50M,HDBSCAN separation leader,10006,10019,285,207,0.7263157894736842,0.9671748014098825,0.9233392676268305
healthcare_revenue_50m,Healthcare companies with revenue >= $50M,HDBSCAN separation leader,10007,10008,279,202,0.7240143369175627,1.0,1.0
healthcare_revenue_50m,Healthcare companies with revenue >= $50M,HDBSCAN separation leader,10007,10009,283,201,0.7102473498233216,1.0,1.0
healthcare_revenue_50m,Healthcare companies with revenue >= $50M,HDBSCAN separation leader,10007,10010,282,203,0.7198581560283688,0.9680350253371607,0.9251332214506052
healthcare_revenue_50m,Healthcare companies with revenue >= $50M,HDBSCAN separation leader,10007,10011,283,196,0.6925795053003534,0.9610451924690194,0.9117353155136205
healthcare_revenue_50m,Healthcare companies with revenue >= $50M,HDBSCAN separation leader,10007,10012,284,209,0.7359154929577465,0.9660928843391624,0.921190206444629
healthcare_revenue_50m,Healthcare companies with revenue >= $50M,HDBSCAN separation leader,10007,10013,283,210,0.7420494699646644,1.0,1.0
healthcare_revenue_50m,Healthcare companies with revenue >= $50M,HDBSCAN separation leader,10007,10014,284,207,0.7288732394366197,1.0,1.0
healthcare_revenue_50m,Healthcare companies with revenue >= $50M,HDBSCAN separation leader,10007,10015,282,220,0.7801418439716312,0.9637732316406605,0.916721426353233
healthcare_revenue_50m,Healthcare companies with revenue >= $50M,HDBSCAN separation leader,10007,10016,283,204,0.7208480565371025,0.9658570146667266,0.9207902664569451
healthcare_revenue_50m,Healthcare companies with revenue >= $50M,HDBSCAN separation leader,10007,10017,279,199,0.7132616487455197,1.0,1.0
healthcare_revenue_50m,Healthcare companies with revenue >= $50M,HDBSCAN separation leader,10007,10018,285,210,0.7368421052631579,0.961699452520304,0.9128989447210814
healthcare_revenue_50m,Healthcare companies with revenue >= $50M,HDBSCAN separation leader,10007,10019,279,199,0.7132616487455197,0.9656074336227009,0.920373697461515
healthcare_revenue_50m,Healthcare companies with revenue >= $50M,HDBSCAN separation leader,10008,10009,279,193,0.6917562724014337,1.0,1.0
healthcare_revenue_50m,Healthcare companies with revenue >= $50M,HDBSCAN separation leader,10008,10010,284,199,0.7007042253521126,1.0,1.0
healthcare_revenue_50m,Healthcare companies with revenue >= $50M,HDBSCAN separation leader,10008,10011,284,195,0.6866197183098591,1.0,1.0
healthcare_revenue_50m,Healthcare companies with revenue >= $50M,HDBSCAN separation leader,10008,10012,281,205,0.7295373665480427,1.0,1.0
healthcare_revenue_50m,Healthcare companies with revenue >= $50M,HDBSCAN separation leader,10008,10013,289,223,0.7716262975778547,1.0,1.0
healthcare_revenue_50m,Healthcare companies with revenue >= $50M,HDBSCAN separation leader,10008,10014,279,212,0.7598566308243727,1.0,1.0
healthcare_revenue_50m,Healthcare companies with revenue >= $50M,HDBSCAN separation leader,10008,10015,287,225,0.7839721254355401,1.0,1.0
healthcare_revenue_50m,Healthcare companies with revenue >= $50M,HDBSCAN separation leader,10008,10016,281,218,0.7758007117437722,1.0,1.0
healthcare_revenue_50m,Healthcare companies with revenue >= $50M,HDBSCAN separation leader,10008,10017,286,201,0.7027972027972028,1.0,1.0
healthcare_revenue_50m,Healthcare companies with revenue >= $50M,HDBSCAN separation leader,10008,10018,280,217,0.775,0.9579531389324183,0.9062091868220733
healthcare_revenue_50m,Healthcare companies with revenue >= $50M,HDBSCAN separation leader,10008,10019,283,206,0.7279151943462897,1.0,1.0
healthcare_revenue_50m,Healthcare companies with revenue >= $50M,HDBSCAN separation leader,10009,10010,282,193,0.6843971631205674,0.9674973456077868,0.9242769141384786
healthcare_revenue_50m,Healthcare companies with revenue >= $50M,HDBSCAN separation leader,10009,10011,278,190,0.6834532374100719,0.9623712889107199,0.9142690486691363
healthcare_revenue_50m,Healthcare companies with revenue >= $50M,HDBSCAN separation leader,10009,10012,285,202,0.7087719298245614,0.9644530398288499,0.918099489231807
healthcare_revenue_50m,Healthcare companies with revenue >= $50M,HDBSCAN separation leader,10009,10013,287,204,0.710801393728223,1.0,1.0
healthcare_revenue_50m,Healthcare companies with revenue >= $50M,HDBSCAN separation leader,10009,10014,283,203,0.7173144876325088,1.0,1.0
healthcare_revenue_50m,Healthcare companies with revenue >= $50M,HDBSCAN separation leader,10009,10015,279,205,0.7347670250896058,0.9631306016006714,0.9155685099192531
healthcare_revenue_50m,Healthcare companies with revenue >= $50M,HDBSCAN separation leader,10009,10016,277,193,0.6967509025270758,0.9664509189873349,0.9221590526989025
healthcare_revenue_50m,Healthcare companies with revenue >= $50M,HDBSCAN separation leader,10009,10017,281,199,0.708185053380783,1.0,1.0
healthcare_revenue_50m,Healthcare companies with revenue >= $50M,HDBSCAN separation leader,10009,10018,281,194,0.6903914590747331,0.9640440261211427,0.9174117043015544
healthcare_revenue_50m,Healthcare companies with revenue >= $50M,HDBSCAN separation leader,10009,10019,287,199,0.6933797909407665,0.9667756593899633,0.9226819534908028
healthcare_revenue_50m,Healthcare companies with revenue >= $50M,HDBSCAN separation leader,10010,10011,290,198,0.6827586206896552,1.0,1.0
healthcare_revenue_50m,Healthcare companies with revenue >= $50M,HDBSCAN separation leader,10010,10012,284,202,0.7112676056338029,1.0,1.0
healthcare_revenue_50m,Healthcare companies with revenue >= $50M,HDBSCAN separation leader,10010,10013,285,202,0.7087719298245614,1.0,1.0
healthcare_revenue_50m,Healthcare companies with revenue >= $50M,HDBSCAN separation leader,10010,10014,280,197,0.7035714285714286,1.0,1.0
healthcare_revenue_50m,Healthcare companies with revenue >= $50M,HDBSCAN separation leader,10010,10015,286,210,0.7342657342657343,1.0,1.0
healthcare_revenue_50m,Healthcare companies with revenue >= $50M,HDBSCAN separation leader,10010,10016,282,192,0.6808510638297872,1.0,1.0
healthcare_revenue_50m,Healthcare companies with revenue >= $50M,HDBSCAN separation leader,10010,10017,280,199,0.7107142857142857,0.9678275382293959,0.924799473469753
healthcare_revenue_50m,Healthcare companies with revenue >= $50M,HDBSCAN separation leader,10010,10018,284,197,0.6936619718309859,1.0,1.0
healthcare_revenue_50m,Healthcare companies with revenue >= $50M,HDBSCAN separation leader,10010,10019,282,198,0.7021276595744681,1.0,1.0
healthcare_revenue_50m,Healthcare companies with revenue >= $50M,HDBSCAN separation leader,10011,10012,289,201,0.6955017301038062,1.0,1.0
healthcare_revenue_50m,Healthcare companies with revenue >= $50M,HDBSCAN separation leader,10011,10013,281,196,0.697508896797153,1.0,1.0
healthcare_revenue_50m,Healthcare companies with revenue >= $50M,HDBSCAN separation leader,10011,10014,280,194,0.6928571428571428,1.0,1.0
healthcare_revenue_50m,Healthcare companies with revenue >= $50M,HDBSCAN separation leader,10011,10015,285,207,0.7263157894736842,1.0,1.0
healthcare_revenue_50m,Healthcare companies with revenue >= $50M,HDBSCAN separation leader,10011,10016,286,194,0.6783216783216783,1.0,1.0
healthcare_revenue_50m,Healthcare companies with revenue >= $50M,HDBSCAN separation leader,10011,10017,277,190,0.6859205776173285,0.9588680210604285,0.907774622534955
healthcare_revenue_50m,Healthcare companies with revenue >= $50M,HDBSCAN separation leader,10011,10018,284,196,0.6901408450704225,1.0,1.0
healthcare_revenue_50m,Healthcare companies with revenue >= $50M,HDBSCAN separation leader,10011,10019,281,194,0.6903914590747331,1.0,1.0
healthcare_revenue_50m,Healthcare companies with revenue >= $50M,HDBSCAN separation leader,10012,10013,286,211,0.7377622377622378,1.0,1.0
healthcare_revenue_50m,Healthcare companies with revenue >= $50M,HDBSCAN separation leader,10012,10014,282,212,0.75177304964539,1.0,1.0
healthcare_revenue_50m,Healthcare companies with revenue >= $50M,HDBSCAN separation leader,10012,10015,288,222,0.7708333333333334,1.0,1.0
healthcare_revenue_50m,Healthcare companies with revenue >= $50M,HDBSCAN separation leader,10012,10016,286,210,0.7342657342657343,1.0,1.0
healthcare_revenue_50m,Healthcare companies with revenue >= $50M,HDBSCAN separation leader,10012,10017,284,206,0.7253521126760564,0.9646439278854484,0.9184267600613959
healthcare_revenue_50m,Healthcare companies with revenue >= $50M,HDBSCAN separation leader,10012,10018,282,208,0.7375886524822695,1.0,1.0
healthcare_revenue_50m,Healthcare companies with revenue >= $50M,HDBSCAN separation leader,10012,10019,282,203,0.7198581560283688,1.0,1.0
healthcare_revenue_50m,Healthcare companies with revenue >= $50M,HDBSCAN separation leader,10013,10014,286,221,0.7727272727272727,1.0,1.0
healthcare_revenue_50m,Healthcare companies with revenue >= $50M,HDBSCAN separation leader,10013,10015,283,221,0.7809187279151943,1.0,1.0
healthcare_revenue_50m,Healthcare companies with revenue >= $50M,HDBSCAN separation leader,10013,10016,281,218,0.7758007117437722,1.0,1.0
healthcare_revenue_50m,Healthcare companies with revenue >= $50M,HDBSCAN separation leader,10013,10017,288,208,0.7222222222222222,1.0,1.0
healthcare_revenue_50m,Healthcare companies with revenue >= $50M,HDBSCAN separation leader,10013,10018,277,210,0.7581227436823105,0.9648265193138319,0.9187437408826886
healthcare_revenue_50m,Healthcare companies with revenue >= $50M,HDBSCAN separation leader,10013,10019,280,203,0.725,1.0,1.0
healthcare_revenue_50m,Healthcare companies with revenue >= $50M,HDBSCAN separation leader,10014,10015,279,220,0.7885304659498208,1.0,1.0
healthcare_revenue_50m,Healthcare companies with revenue >= $50M,HDBSCAN separation leader,10014,10016,289,216,0.7474048442906575,1.0,1.0
healthcare_revenue_50m,Healthcare companies with revenue >= $50M,HDBSCAN separation leader,10014,10017,283,204,0.7208480565371025,1.0,1.0
healthcare_revenue_50m,Healthcare companies with revenue >= $50M,HDBSCAN separation leader,10014,10018,277,210,0.7581227436823105,1.0,1.0
healthcare_revenue_50m,Healthcare companies with revenue >= $50M,HDBSCAN separation leader,10014,10019,288,209,0.7256944444444444,1.0,1.0
healthcare_revenue_50m,Healthcare companies with revenue >= $50M,HDBSCAN separation leader,10015,10016,283,224,0.7915194346289752,1.0,1.0
healthcare_revenue_50m,Healthcare companies with revenue >= $50M,HDBSCAN separation leader,10015,10017,286,216,0.7552447552447552,0.9650859877927471,0.9192010862039236
healthcare_revenue_50m,Healthcare companies with revenue >= $50M,HDBSCAN separation leader,10015,10018,280,220,0.7857142857142857,1.0,1.0
healthcare_revenue_50m,Healthcare companies with revenue >= $50M,HDBSCAN separation leader,10015,10019,284,214,0.7535211267605634,1.0,1.0
healthcare_revenue_50m,Healthcare companies with revenue >= $50M,HDBSCAN separation leader,10016,10017,285,200,0.7017543859649122,0.9668275823363012,0.9227665277208406
healthcare_revenue_50m,Healthcare companies with revenue >= $50M,HDBSCAN separation leader,10016,10018,283,219,0.773851590106007,1.0,1.0
healthcare_revenue_50m,Healthcare companies with revenue >= $50M,HDBSCAN separation leader,10016,10019,278,199,0.7158273381294964,1.0,1.0
healthcare_revenue_50m,Healthcare companies with revenue >= $50M,HDBSCAN separation leader,10017,10018,289,202,0.698961937716263,0.9644530398288499,0.918099489231807
healthcare_revenue_50m,Healthcare companies with revenue >= $50M,HDBSCAN separation leader,10017,10019,286,202,0.7062937062937062,0.9657588928027208,0.9206256994114085
healthcare_revenue_50m,Healthcare companies with revenue >= $50M,HDBSCAN separation leader,10018,10019,290,209,0.7206896551724138,1.0,1.0
healthcare_revenue_50m,Healthcare companies with revenue >= $50M,HDBSCAN coverage leader,10000,10001,285,245,0.8596491228070176,1.0,1.0
healthcare_revenue_50m,Healthcare companies with revenue >= $50M,HDBSCAN coverage leader,10000,10002,277,235,0.8483754512635379,1.0,1.0
healthcare_revenue_50m,Healthcare companies with revenue >= $50M,HDBSCAN coverage leader,10000,10003,285,245,0.8596491228070176,0.7369363211769109,0.7538771183872858
healthcare_revenue_50m,Healthcare companies with revenue >= $50M,HDBSCAN coverage leader,10000,10004,284,253,0.8908450704225352,1.0,1.0
healthcare_revenue_50m,Healthcare companies with revenue >= $50M,HDBSCAN coverage leader,10000,10005,282,237,0.8404255319148937,0.7166571849350578,0.7328206109950035
healthcare_revenue_50m,Healthcare companies with revenue >= $50M,HDBSCAN coverage leader,10000,10006,278,245,0.8812949640287769,1.0,1.0
healthcare_revenue_50m,Healthcare companies with revenue >= $50M,HDBSCAN coverage leader,10000,10007,284,240,0.8450704225352113,0.7193514576400116,0.7427816135217793
healthcare_revenue_50m,Healthcare companies with revenue >= $50M,HDBSCAN coverage leader,10000,10008,280,256,0.9142857142857143,1.0,1.0
healthcare_revenue_50m,Healthcare companies with revenue >= $50M,HDBSCAN coverage leader,10000,10009,289,240,0.8304498269896193,0.711188284829467,0.7388601969523744
healthcare_revenue_50m,Healthcare companies with revenue >= $50M,HDBSCAN coverage leader,10000,10010,281,240,0.8540925266903915,0.7533754923209578,0.7655304980556299
healthcare_revenue_50m,Healthcare companies with revenue >= $50M,HDBSCAN coverage leader,10000,10011,283,237,0.8374558303886925,0.6763772342240473,0.7054950057157435
healthcare_revenue_50m,Healthcare companies with revenue >= $50M,HDBSCAN coverage leader,10000,10012,285,240,0.8421052631578947,0.6263371468042932,0.5877606218790818
healthcare_revenue_50m,Healthcare companies with revenue >= $50M,HDBSCAN coverage leader,10000,10013,285,259,0.9087719298245615,1.0,1.0
healthcare_revenue_50m,Healthcare companies with revenue >= $50M,HDBSCAN coverage leader,10000,10014,283,257,0.9081272084805654,1.0,1.0
healthcare_revenue_50m,Healthcare companies with revenue >= $50M,HDBSCAN coverage leader,10000,10015,285,244,0.856140350877193,1.0,1.0
healthcare_revenue_50m,Healthcare companies with revenue >= $50M,HDBSCAN coverage leader,10000,10016,284,245,0.8626760563380281,0.8825384960699627,0.7909715243927695
healthcare_revenue_50m,Healthcare companies with revenue >= $50M,HDBSCAN coverage leader,10000,10017,284,233,0.8204225352112676,0.6775558288075635,0.715484520019455
healthcare_revenue_50m,Healthcare companies with revenue >= $50M,HDBSCAN coverage leader,10000,10018,280,236,0.8428571428571429,0.5905775336041681,0.5506950760419249
healthcare_revenue_50m,Healthcare companies with revenue >= $50M,HDBSCAN coverage leader,10000,10019,281,233,0.8291814946619217,0.7363574082728495,0.752248170104168
healthcare_revenue_50m,Healthcare companies with revenue >= $50M,HDBSCAN coverage leader,10001,10002,283,235,0.8303886925795053,0.9607572645199823,0.911292478191999
healthcare_revenue_50m,Healthcare companies with revenue >= $50M,HDBSCAN coverage leader,10001,10003,285,239,0.8385964912280702,0.7378501702043879,0.7448782941023697
healthcare_revenue_50m,Healthcare companies with revenue >= $50M,HDBSCAN coverage leader,10001,10004,281,241,0.8576512455516014,1.0,1.0
healthcare_revenue_50m,Healthcare companies with revenue >= $50M,HDBSCAN coverage leader,10001,10005,286,237,0.8286713286713286,0.7376135783953286,0.7448532527445875
healthcare_revenue_50m,Healthcare companies with revenue >= $50M,HDBSCAN coverage leader,10001,10006,282,238,0.8439716312056738,1.0,1.0
healthcare_revenue_50m,Healthcare companies with revenue >= $50M,HDBSCAN coverage leader,10001,10007,288,235,0.8159722222222222,0.7039341303611995,0.7226685751914442
healthcare_revenue_50m,Healthcare companies with revenue >= $50M,HDBSCAN coverage leader,10001,10008,280,242,0.8642857142857143,1.0,1.0
healthcare_revenue_50m,Healthcare companies with revenue >= $50M,HDBSCAN coverage leader,10001,10009,285,232,0.8140350877192982,0.7258531542580385,0.7382400414172502
healthcare_revenue_50m,Healthcare companies with revenue >= $50M,HDBSCAN coverage leader,10001,10010,278,227,0.8165467625899281,0.7738888834211757,0.7734506277630857
healthcare_revenue_50m,Healthcare companies with revenue >= $50M,HDBSCAN coverage leader,10001,10011,282,233,0.8262411347517731,0.6145542593732484,0.6509750360457737
healthcare_revenue_50m,Healthcare companies with revenue >= $50M,HDBSCAN coverage leader,10001,10012,285,232,0.8140350877192982,0.5591591524091392,0.4992098437933762
healthcare_revenue_50m,Healthcare companies with revenue >= $50M,HDBSCAN coverage leader,10001,10013,277,232,0.8375451263537906,1.0,1.0
healthcare_revenue_50m,Healthcare companies with revenue >= $50M,HDBSCAN coverage leader,10001,10014,284,240,0.8450704225352113,1.0,1.0
healthcare_revenue_50m,Healthcare companies with revenue >= $50M,HDBSCAN coverage leader,10001,10015,285,237,0.8315789473684211,1.0,1.0
healthcare_revenue_50m,Healthcare companies with revenue >= $50M,HDBSCAN coverage leader,10001,10016,285,239,0.8385964912280702,0.8415448964523274,0.7372534582010253
healthcare_revenue_50m,Healthcare companies with revenue >= $50M,HDBSCAN coverage leader,10001,10017,283,227,0.8021201413427562,0.661324668704733,0.6948215613820692
healthcare_revenue_50m,Healthcare companies with revenue >= $50M,HDBSCAN coverage leader,10001,10018,286,236,0.8251748251748252,0.5381239347558178,0.47230493145176916
healthcare_revenue_50m,Healthcare companies with revenue >= $50M,HDBSCAN coverage leader,10001,10019,285,231,0.8105263157894737,0.6740752593553967,0.6989675566747013
healthcare_revenue_50m,Healthcare companies with revenue >= $50M,HDBSCAN coverage leader,10002,10003,281,235,0.8362989323843416,0.7364088605312213,0.7219904719730237
healthcare_revenue_50m,Healthcare companies with revenue >= $50M,HDBSCAN coverage leader,10002,10004,282,237,0.8404255319148937,1.0,1.0
healthcare_revenue_50m,Healthcare companies with revenue >= $50M,HDBSCAN coverage leader,10002,10005,282,230,0.8156028368794326,0.6919196296581381,0.6525215923928636
healthcare_revenue_50m,Healthcare companies with revenue >= $50M,HDBSCAN coverage leader,10002,10006,285,241,0.8456140350877193,0.9685361475276071,0.9257206995130901
healthcare_revenue_50m,Healthcare companies with revenue >= $50M,HDBSCAN coverage leader,10002,10007,283,232,0.8197879858657244,0.6675935758624088,0.6737330630338444
healthcare_revenue_50m,Healthcare companies with revenue >= $50M,HDBSCAN coverage leader,10002,10008,279,238,0.8530465949820788,1.0,1.0
healthcare_revenue_50m,Healthcare companies with revenue >= $50M,HDBSCAN coverage leader,10002,10009,284,227,0.7992957746478874,0.6970313316167659,0.6919099385973017
healthcare_revenue_50m,Healthcare companies with revenue >= $50M,HDBSCAN coverage leader,10002,10010,283,234,0.8268551236749117,0.7795459605859488,0.7535807135329173
healthcare_revenue_50m,Healthcare companies with revenue >= $50M,HDBSCAN coverage leader,10002,10011,283,228,0.8056537102473498,0.6474669479118388,0.6478522282994998
healthcare_revenue_50m,Healthcare companies with revenue >= $50M,HDBSCAN coverage leader,10002,10012,285,235,0.8245614035087719,0.7022423925611605,0.7323656465746387
healthcare_revenue_50m,Healthcare companies with revenue >= $50M,HDBSCAN coverage leader,10002,10013,286,240,0.8391608391608392,1.0,1.0
healthcare_revenue_50m,Healthcare companies with revenue >= $50M,HDBSCAN coverage leader,10002,10014,284,243,0.8556338028169014,1.0,1.0
healthcare_revenue_50m,Healthcare companies with revenue >= $50M,HDBSCAN coverage leader,10002,10015,282,232,0.8226950354609929,0.9682200895404336,0.9251465586951938
healthcare_revenue_50m,Healthcare companies with revenue >= $50M,HDBSCAN coverage leader,10002,10016,282,237,0.8404255319148937,1.0,1.0
healthcare_revenue_50m,Healthcare companies with revenue >= $50M,HDBSCAN coverage leader,10002,10017,281,225,0.800711743772242,0.6596112428883317,0.6724214185832212
healthcare_revenue_50m,Healthcare companies with revenue >= $50M,HDBSCAN coverage leader,10002,10018,284,235,0.8274647887323944,0.6710236006148629,0.6673767610755257
healthcare_revenue_50m,Healthcare companies with revenue >= $50M,HDBSCAN coverage leader,10002,10019,282,226,0.8014184397163121,0.7048811708602915,0.6944604417509488
healthcare_revenue_50m,Healthcare companies with revenue >= $50M,HDBSCAN coverage leader,10003,10004,277,237,0.855595667870036,0.7598695253812329,0.7713786735027963
healthcare_revenue_50m,Healthcare companies with revenue >= $50M,HDBSCAN coverage leader,10003,10005,285,238,0.8350877192982457,0.9519714067564626,0.912988426910201
healthcare_revenue_50m,Healthcare companies with revenue >= $50M,HDBSCAN coverage leader,10003,10006,282,240,0.851063829787234,0.73410531211646,0.7549898824756021
healthcare_revenue_50m,Healthcare companies with revenue >= $50M,HDBSCAN coverage leader,10003,10007,289,241,0.8339100346020761,1.0,1.0
healthcare_revenue_50m,Healthcare companies with revenue >= $50M,HDBSCAN coverage leader,10003,10008,283,244,0.8621908127208481,0.744122721269076,0.7599928799543337
healthcare_revenue_50m,Healthcare companies with revenue >= $50M,HDBSCAN coverage leader,10003,10009,286,234,0.8181818181818182,1.0,1.0
healthcare_revenue_50m,Healthcare companies with revenue >= $50M,HDBSCAN coverage leader,10003,10010,290,244,0.8413793103448276,1.0,1.0
healthcare_revenue_50m,Healthcare companies with revenue >= $50M,HDBSCAN coverage leader,10003,10011,283,232,0.8197879858657244,1.0,1.0000000000000002
healthcare_revenue_50m,Healthcare companies with revenue >= $50M,HDBSCAN coverage leader,10003,10012,278,237,0.8525179856115108,0.9179799358229155,0.8724319111334986
healthcare_revenue_50m,Healthcare companies with revenue >= $50M,HDBSCAN coverage leader,10003,10013,280,240,0.8571428571428571,0.7979466219782082,0.8037365001569604
healthcare_revenue_50m,Healthcare companies with revenue >= $50M,HDBSCAN coverage leader,10003,10014,278,238,0.8561151079136691,0.7999977981174494,0.8029202577170167
healthcare_revenue_50m,Healthcare companies with revenue >= $50M,HDBSCAN coverage leader,10003,10015,280,237,0.8464285714285714,0.9694759834221798,0.9275817456569802
healthcare_revenue_50m,Healthcare companies with revenue >= $50M,HDBSCAN coverage leader,10003,10016,285,241,0.8456140350877193,0.7108413988667344,0.6549618586101342
healthcare_revenue_50m,Healthcare companies with revenue >= $50M,HDBSCAN coverage leader,10003,10017,289,237,0.8200692041522492,0.9798940518501774,0.9583613188976301
healthcare_revenue_50m,Healthcare companies with revenue >= $50M,HDBSCAN coverage leader,10003,10018,286,240,0.8391608391608392,0.9174788888011995,0.8724657240354922
healthcare_revenue_50m,Healthcare companies with revenue >= $50M,HDBSCAN coverage leader,10003,10019,284,231,0.8133802816901409,1.0,1.0
healthcare_revenue_50m,Healthcare companies with revenue >= $50M,HDBSCAN coverage leader,10004,10005,287,240,0.8362369337979094,0.6775848079917159,0.6323496481999025
healthcare_revenue_50m,Healthcare companies with revenue >= $50M,HDBSCAN coverage leader,10004,10006,283,250,0.8833922261484098,1.0,1.0
healthcare_revenue_50m,Healthcare companies with revenue >= $50M,HDBSCAN coverage leader,10004,10007,287,246,0.8571428571428571,0.7122345803075132,0.7360548962642632
healthcare_revenue_50m,Healthcare companies with revenue >= $50M,HDBSCAN coverage leader,10004,10008,287,258,0.8989547038327527,1.0,1.0
healthcare_revenue_50m,Healthcare companies with revenue >= $50M,HDBSCAN coverage leader,10004,10009,280,225,0.8035714285714286,0.716685501628193,0.740050218175987
healthcare_revenue_50m,Healthcare companies with revenue >= $50M,HDBSCAN coverage leader,10004,10010,286,238,0.8321678321678322,0.7961225284529055,0.7967682697606526
healthcare_revenue_50m,Healthcare companies with revenue >= $50M,HDBSCAN coverage leader,10004,10011,284,235,0.8274647887323944,0.6573239816169705,0.6931880053609853
healthcare_revenue_50m,Healthcare companies with revenue >= $50M,HDBSCAN coverage leader,10004,10012,284,235,0.8274647887323944,0.667103309658982,0.6269065553301785
healthcare_revenue_50m,Healthcare companies with revenue >= $50M,HDBSCAN coverage leader,10004,10013,286,257,0.8986013986013986,1.0,1.0
healthcare_revenue_50m,Healthcare companies with revenue >= $50M,HDBSCAN coverage leader,10004,10014,287,260,0.9059233449477352,1.0,1.0
healthcare_revenue_50m,Healthcare companies with revenue >= $50M,HDBSCAN coverage leader,10004,10015,286,240,0.8391608391608392,0.962816107998741,0.915017096237257
healthcare_revenue_50m,Healthcare companies with revenue >= $50M,HDBSCAN coverage leader,10004,10016,285,250,0.8771929824561403,0.8690066446168551,0.7740390616445129
healthcare_revenue_50m,Healthcare companies with revenue >= $50M,HDBSCAN coverage leader,10004,10017,284,232,0.8169014084507042,0.6490845244330751,0.6574744295062721
healthcare_revenue_50m,Healthcare companies with revenue >= $50M,HDBSCAN coverage leader,10004,10018,278,235,0.8453237410071942,0.5872369812728481,0.5348300139888386
healthcare_revenue_50m,Healthcare companies with revenue >= $50M,HDBSCAN coverage leader,10004,10019,278,224,0.8057553956834532,0.716123007310072,0.7368151719551427
healthcare_revenue_50m,Healthcare companies with revenue >= $50M,HDBSCAN coverage leader,10005,10006,277,231,0.8339350180505415,0.6950479331421531,0.7186677320114299
healthcare_revenue_50m,Healthcare companies with revenue >= $50M,HDBSCAN coverage leader,10005,10007,279,232,0.8315412186379928,1.0,1.0
healthcare_revenue_50m,Healthcare companies with revenue >= $50M,HDBSCAN coverage leader,10005,10008,285,240,0.8421052631578947,0.7253841572400477,0.6968262719002823
healthcare_revenue_50m,Healthcare companies with revenue >= $50M,HDBSCAN coverage leader,10005,10009,281,224,0.797153024911032,1.0,1.0
healthcare_revenue_50m,Healthcare companies with revenue >= $50M,HDBSCAN coverage leader,10005,10010,283,229,0.8091872791519434,0.9758497902467418,0.9498721340981244
healthcare_revenue_50m,Healthcare companies with revenue >= $50M,HDBSCAN coverage leader,10005,10011,281,230,0.8185053380782918,1.0,1.0
healthcare_revenue_50m,Healthcare companies with revenue >= $50M,HDBSCAN coverage leader,10005,10012,286,235,0.8216783216783217,0.8555914120041546,0.8022336027976438
healthcare_revenue_50m,Healthcare companies with revenue >= $50M,HDBSCAN coverage leader,10005,10013,287,241,0.8397212543554007,0.7584680455298572,0.7041204669875528
healthcare_revenue_50m,Healthcare companies with revenue >= $50M,HDBSCAN coverage leader,10005,10014,287,242,0.8432055749128919,0.725957637142908,0.7020971948558428
healthcare_revenue_50m,Healthcare companies with revenue >= $50M,HDBSCAN coverage leader,10005,10015,283,238,0.8409893992932862,1.0,1.0
healthcare_revenue_50m,Healthcare companies with revenue >= $50M,HDBSCAN coverage leader,10005,10016,286,237,0.8286713286713286,0.6268983724934767,0.5419656765130897
healthcare_revenue_50m,Healthcare companies with revenue >= $50M,HDBSCAN coverage leader,10005,10017,281,229,0.8149466192170819,1.0,1.0
healthcare_revenue_50m,Healthcare companies with revenue >= $50M,HDBSCAN coverage leader,10005,10018,283,230,0.8127208480565371,0.8775494097087958,0.8267850150356257
healthcare_revenue_50m,Healthcare companies with revenue >= $50M,HDBSCAN coverage leader,10005,10019,285,225,0.7894736842105263,1.0,1.0
healthcare_revenue_50m,Healthcare companies with revenue >= $50M,HDBSCAN coverage leader,10006,10007,282,236,0.8368794326241135,0.6950585568339382,0.729181125506139
healthcare_revenue_50m,Healthcare companies with revenue >= $50M,HDBSCAN coverage leader,10006,10008,285,252,0.8842105263157894,1.0,1.0
healthcare_revenue_50m,Healthcare companies with revenue >= $50M,HDBSCAN coverage leader,10006,10009,287,237,0.8257839721254355,0.7026651819747624,0.7323715439004322
healthcare_revenue_50m,Healthcare companies with revenue >= $50M,HDBSCAN coverage leader,10006,10010,285,237,0.8315789473684211,0.7663846728784593,0.7768925756532011
healthcare_revenue_50m,Healthcare companies with revenue >= $50M,HDBSCAN coverage leader,10006,10011,290,241,0.8310344827586207,0.6533799054859256,0.6918161957065533
healthcare_revenue_50m,Healthcare companies with revenue >= $50M,HDBSCAN coverage leader,10006,10012,291,243,0.8350515463917526,0.6311234354932728,0.5931154515409189
healthcare_revenue_50m,Healthcare companies with revenue >= $50M,HDBSCAN coverage leader,10006,10013,283,248,0.8763250883392226,1.0,1.0
healthcare_revenue_50m,Healthcare companies with revenue >= $50M,HDBSCAN coverage leader,10006,10014,285,253,0.887719298245614,1.0,1.0
healthcare_revenue_50m,Healthcare companies with revenue >= $50M,HDBSCAN coverage leader,10006,10015,286,243,0.8496503496503497,1.0,1.0
healthcare_revenue_50m,Healthcare companies with revenue >= $50M,HDBSCAN coverage leader,10006,10016,286,246,0.8601398601398601,0.8897143589086717,0.8012266014309468
healthcare_revenue_50m,Healthcare companies with revenue >= $50M,HDBSCAN coverage leader,10006,10017,293,243,0.8293515358361775,0.6677253139380703,0.7112601165026895
healthcare_revenue_50m,Healthcare companies with revenue >= $50M,HDBSCAN coverage leader,10006,10018,282,236,0.8368794326241135,0.5994466601006013,0.5644077906747579
healthcare_revenue_50m,Healthcare companies with revenue >= $50M,HDBSCAN coverage leader,10006,10019,285,237,0.8315789473684211,0.7187608683857195,0.7427558942234007
healthcare_revenue_50m,Healthcare companies with revenue >= $50M,HDBSCAN coverage leader,10007,10008,279,239,0.8566308243727598,0.675495124951358,0.7099533181379791
healthcare_revenue_50m,Healthcare companies with revenue >= $50M,HDBSCAN coverage leader,10007,10009,283,233,0.823321554770318,1.0,1.0
healthcare_revenue_50m,Healthcare companies with revenue >= $50M,HDBSCAN coverage leader,10007,10010,282,232,0.8226950354609929,1.0,1.0
healthcare_revenue_50m,Healthcare companies with revenue >= $50M,HDBSCAN coverage leader,10007,10011,283,232,0.8197879858657244,1.0,1.0
healthcare_revenue_50m,Healthcare companies with revenue >= $50M,HDBSCAN coverage leader,10007,10012,284,235,0.8274647887323944,0.9381887639370933,0.8985611849879465
healthcare_revenue_50m,Healthcare companies with revenue >= $50M,HDBSCAN coverage leader,10007,10013,283,238,0.8409893992932862,0.7621385914573863,0.7759927858388802
healthcare_revenue_50m,Healthcare companies with revenue >= $50M,HDBSCAN coverage leader,10007,10014,284,239,0.8415492957746479,0.7563937267594486,0.7709857011785994
healthcare_revenue_50m,Healthcare companies with revenue >= $50M,HDBSCAN coverage leader,10007,10015,282,234,0.8297872340425532,1.0,1.0
healthcare_revenue_50m,Healthcare companies with revenue >= $50M,HDBSCAN coverage leader,10007,10016,283,234,0.8268551236749117,0.6665738171450981,0.6180671633427703
healthcare_revenue_50m,Healthcare companies with revenue >= $50M,HDBSCAN coverage leader,10007,10017,279,225,0.8064516129032258,1.0,1.0
healthcare_revenue_50m,Healthcare companies with revenue >= $50M,HDBSCAN coverage leader,10007,10018,285,233,0.8175438596491228,0.9102871209339637,0.8643671638327274
healthcare_revenue_50m,Healthcare companies with revenue >= $50M,HDBSCAN coverage leader,10007,10019,279,222,0.7956989247311828,1.0,1.0
healthcare_revenue_50m,Healthcare companies with revenue >= $50M,HDBSCAN coverage leader,10008,10009,279,228,0.8172043010752689,0.7172850170809032,0.7400750805661269
healthcare_revenue_50m,Healthcare companies with revenue >= $50M,HDBSCAN coverage leader,10008,10010,284,238,0.8380281690140845,0.7839159687351706,0.7889548408384692
healthcare_revenue_50m,Healthcare companies with revenue >= $50M,HDBSCAN coverage leader,10008,10011,284,239,0.8415492957746479,0.6705205661779288,0.7032024049372856
healthcare_revenue_50m,Healthcare companies with revenue >= $50M,HDBSCAN coverage leader,10008,10012,281,236,0.8398576512455516,0.5994466601006013,0.5644077906747579
healthcare_revenue_50m,Healthcare companies with revenue >= $50M,HDBSCAN coverage leader,10008,10013,289,263,0.9100346020761245,1.0,1.0
healthcare_revenue_50m,Healthcare companies with revenue >= $50M,HDBSCAN coverage leader,10008,10014,279,254,0.910394265232975,1.0,1.0
healthcare_revenue_50m,Healthcare companies with revenue >= $50M,HDBSCAN coverage leader,10008,10015,287,245,0.8536585365853658,1.0,1.0
healthcare_revenue_50m,Healthcare companies with revenue >= $50M,HDBSCAN coverage leader,10008,10016,281,246,0.8754448398576512,0.8360608916688087,0.7324723791988761
healthcare_revenue_50m,Healthcare companies with revenue >= $50M,HDBSCAN coverage leader,10008,10017,286,234,0.8181818181818182,0.6864938002570602,0.7225632538155617
healthcare_revenue_50m,Healthcare companies with revenue >= $50M,HDBSCAN coverage leader,10008,10018,280,237,0.8464285714285714,0.5746483368302808,0.5227592377201036
healthcare_revenue_50m,Healthcare companies with revenue >= $50M,HDBSCAN coverage leader,10008,10019,283,236,0.833922261484099,0.7368824162978742,0.7522900902643562
healthcare_revenue_50m,Healthcare companies with revenue >= $50M,HDBSCAN coverage leader,10009,10010,282,228,0.8085106382978723,1.0,1.0
healthcare_revenue_50m,Healthcare companies with revenue >= $50M,HDBSCAN coverage leader,10009,10011,278,222,0.7985611510791367,1.0,1.0
healthcare_revenue_50m,Healthcare companies with revenue >= $50M,HDBSCAN coverage leader,10009,10012,285,230,0.8070175438596491,0.9336908521385363,0.8915173811946179
healthcare_revenue_50m,Healthcare companies with revenue >= $50M,HDBSCAN coverage leader,10009,10013,287,234,0.8153310104529616,0.7658291896162979,0.7768218570841761
healthcare_revenue_50m,Healthcare companies with revenue >= $50M,HDBSCAN coverage leader,10009,10014,283,232,0.8197879858657244,0.7589490831627752,0.7712714943700898
healthcare_revenue_50m,Healthcare companies with revenue >= $50M,HDBSCAN coverage leader,10009,10015,279,224,0.8028673835125448,1.0,1.0
healthcare_revenue_50m,Healthcare companies with revenue >= $50M,HDBSCAN coverage leader,10009,10016,277,225,0.8122743682310469,0.709454384466214,0.6754962116709654
healthcare_revenue_50m,Healthcare companies with revenue >= $50M,HDBSCAN coverage leader,10009,10017,281,226,0.8042704626334519,1.0,1.0
healthcare_revenue_50m,Healthcare companies with revenue >= $50M,HDBSCAN coverage leader,10009,10018,281,223,0.7935943060498221,0.9549352202889101,0.9202737670070378
healthcare_revenue_50m,Healthcare companies with revenue >= $50M,HDBSCAN coverage leader,10009,10019,287,229,0.7979094076655052,1.0,1.0
healthcare_revenue_50m,Healthcare companies with revenue >= $50M,HDBSCAN coverage leader,10010,10011,290,233,0.803448275862069,1.0,1.0
healthcare_revenue_50m,Healthcare companies with revenue >= $50M,HDBSCAN coverage leader,10010,10012,284,235,0.8274647887323944,0.913987597673007,0.8653896912635143
healthcare_revenue_50m,Healthcare companies with revenue >= $50M,HDBSCAN coverage leader,10010,10013,285,238,0.8350877192982457,0.8254343668148345,0.8227128323877471
healthcare_revenue_50m,Healthcare companies with revenue >= $50M,HDBSCAN coverage leader,10010,10014,280,237,0.8464285714285714,0.8211800773830622,0.8189882903114856
healthcare_revenue_50m,Healthcare companies with revenue >= $50M,HDBSCAN coverage leader,10010,10015,286,237,0.8286713286713286,1.0,1.0
healthcare_revenue_50m,Healthcare companies with revenue >= $50M,HDBSCAN coverage leader,10010,10016,282,232,0.8226950354609929,0.7320973262677819,0.6660136393821249
healthcare_revenue_50m,Healthcare companies with revenue >= $50M,HDBSCAN coverage leader,10010,10017,280,230,0.8214285714285714,1.0,1.0
healthcare_revenue_50m,Healthcare companies with revenue >= $50M,HDBSCAN coverage leader,10010,10018,284,234,0.823943661971831,0.9111919177955069,0.8632330755302187
healthcare_revenue_50m,Healthcare companies with revenue >= $50M,HDBSCAN coverage leader,10010,10019,282,228,0.8085106382978723,1.0,1.0
healthcare_revenue_50m,Healthcare companies with revenue >= $50M,HDBSCAN coverage leader,10011,10012,289,236,0.8166089965397924,0.8920777056300305,0.8442744870971406
healthcare_revenue_50m,Healthcare companies with revenue >= $50M,HDBSCAN coverage leader,10011,10013,281,232,0.8256227758007118,0.7006748786965844,0.7287246067542773
healthcare_revenue_50m,Healthcare companies with revenue >= $50M,HDBSCAN coverage leader,10011,10014,280,233,0.8321428571428572,0.7274428506054271,0.7448795862326697
healthcare_revenue_50m,Healthcare companies with revenue >= $50M,HDBSCAN coverage leader,10011,10015,285,235,0.8245614035087719,1.0,1.0
healthcare_revenue_50m,Healthcare companies with revenue >= $50M,HDBSCAN coverage leader,10011,10016,286,234,0.8181818181818182,0.5819674792383829,0.526900098792263
healthcare_revenue_50m,Healthcare companies with revenue >= $50M,HDBSCAN coverage leader,10011,10017,277,224,0.8086642599277978,1.0,1.0
healthcare_revenue_50m,Healthcare companies with revenue >= $50M,HDBSCAN coverage leader,10011,10018,284,230,0.8098591549295775,0.8843724470247109,0.8366011041792493
healthcare_revenue_50m,Healthcare companies with revenue >= $50M,HDBSCAN coverage leader,10011,10019,281,225,0.800711743772242,1.0,1.0
healthcare_revenue_50m,Healthcare companies with revenue >= $50M,HDBSCAN coverage leader,10012,10013,286,239,0.8356643356643356,0.7177586521526851,0.6870088786765467
healthcare_revenue_50m,Healthcare companies with revenue >= $50M,HDBSCAN coverage leader,10012,10014,282,236,0.8368794326241135,0.7188449816389884,0.6831035293620634
healthcare_revenue_50m,Healthcare companies with revenue >= $50M,HDBSCAN coverage leader,10012,10015,288,238,0.8263888888888888,0.84500433442132,0.742372644912078
healthcare_revenue_50m,Healthcare companies with revenue >= $50M,HDBSCAN coverage leader,10012,10016,286,237,0.8286713286713286,0.7833904666625545,0.7914541911990148
healthcare_revenue_50m,Healthcare companies with revenue >= $50M,HDBSCAN coverage leader,10012,10017,284,234,0.823943661971831,0.8846835814736552,0.8397402668642813
healthcare_revenue_50m,Healthcare companies with revenue >= $50M,HDBSCAN coverage leader,10012,10018,282,232,0.8226950354609929,1.0,1.0
healthcare_revenue_50m,Healthcare companies with revenue >= $50M,HDBSCAN coverage leader,10012,10019,282,229,0.8120567375886525,0.9335916578694046,0.8914420178656136
healthcare_revenue_50m,Healthcare companies with revenue >= $50M,HDBSCAN coverage leader,10013,10014,286,262,0.916083916083916,1.0,1.0
healthcare_revenue_50m,Healthcare companies with revenue >= $50M,HDBSCAN coverage leader,10013,10015,283,237,0.8374558303886925,0.9704521524771895,0.9295274793445764
healthcare_revenue_50m,Healthcare companies with revenue >= $50M,HDBSCAN coverage leader,10013,10016,281,245,0.8718861209964412,0.9289847988917459,0.8600067540040057
healthcare_revenue_50m,Healthcare companies with revenue >= $50M,HDBSCAN coverage leader,10013,10017,288,236,0.8194444444444444,0.7129615351570534,0.7092913149457065
healthcare_revenue_50m,Healthcare companies with revenue >= $50M,HDBSCAN coverage leader,10013,10018,277,230,0.8303249097472925,0.709791349377396,0.6752148265150956
healthcare_revenue_50m,Healthcare companies with revenue >= $50M,HDBSCAN coverage leader,10013,10019,280,227,0.8107142857142857,0.7758204503745861,0.7833686042715942
healthcare_revenue_50m,Healthcare companies with revenue >= $50M,HDBSCAN coverage leader,10014,10015,279,240,0.8602150537634409,1.0,1.0
healthcare_revenue_50m,Healthcare companies with revenue >= $50M,HDBSCAN coverage leader,10014,10016,289,251,0.8685121107266436,0.8812077015844009,0.7915720889160562
healthcare_revenue_50m,Healthcare companies with revenue >= $50M,HDBSCAN coverage leader,10014,10017,283,236,0.833922261484099,0.7309743340334932,0.7559101748257935
healthcare_revenue_50m,Healthcare companies with revenue >= $50M,HDBSCAN coverage leader,10014,10018,277,233,0.8411552346570397,0.6631920906385025,0.6088288650805034
healthcare_revenue_50m,Healthcare companies with revenue >= $50M,HDBSCAN coverage leader,10014,10019,288,236,0.8194444444444444,0.7426275582125805,0.7598632249959161
healthcare_revenue_50m,Healthcare companies with revenue >= $50M,HDBSCAN coverage leader,10015,10016,283,238,0.8409893992932862,0.8390849238435016,0.7369667642470249
healthcare_revenue_50m,Healthcare companies with revenue >= $50M,HDBSCAN coverage leader,10015,10017,286,229,0.8006993006993007,1.0,1.0
healthcare_revenue_50m,Healthcare companies with revenue >= $50M,HDBSCAN coverage leader,10015,10018,280,231,0.825,0.8101717043653021,0.7008495298439861
healthcare_revenue_50m,Healthcare companies with revenue >= $50M,HDBSCAN coverage leader,10015,10019,284,226,0.795774647887324,1.0,1.0
healthcare_revenue_50m,Healthcare companies with revenue >= $50M,HDBSCAN coverage leader,10016,10017,285,232,0.8140350877192982,0.6045100328363413,0.5562487099430488
healthcare_revenue_50m,Healthcare companies with revenue >= $50M,HDBSCAN coverage leader,10016,10018,283,238,0.8409893992932862,0.7561986961843531,0.7709649290578664
healthcare_revenue_50m,Healthcare companies with revenue >= $50M,HDBSCAN coverage leader,10016,10019,278,225,0.8093525179856115,0.7013094799691258,0.6677406118173594
healthcare_revenue_50m,Healthcare companies with revenue >= $50M,HDBSCAN coverage leader,10017,10018,289,232,0.8027681660899654,0.8827225897590185,0.8377312786282847
healthcare_revenue_50m,Healthcare companies with revenue >= $50M,HDBSCAN coverage leader,10017,10019,286,228,0.7972027972027972,1.0,1.0
healthcare_revenue_50m,Healthcare companies with revenue >= $50M,HDBSCAN coverage leader,10018,10019,290,233,0.803448275862069,0.9542147825565728,0.9178002414086006
healthcare_revenue_50m,Healthcare companies with revenue >= $50M,HDBSCAN balanced frontier leader,10000,10001,285,220,0.7719298245614035,1.0,1.0
healthcare_revenue_50m,Healthcare companies with revenue >= $50M,HDBSCAN balanced frontier leader,10000,10002,277,216,0.779783393501805,1.0,1.0
healthcare_revenue_50m,Healthcare companies with revenue >= $50M,HDBSCAN balanced frontier leader,10000,10003,285,209,0.7333333333333333,1.0,1.0
healthcare_revenue_50m,Healthcare companies with revenue >= $50M,HDBSCAN balanced frontier leader,10000,10004,284,223,0.7852112676056338,1.0,1.0
healthcare_revenue_50m,Healthcare companies with revenue >= $50M,HDBSCAN balanced frontier leader,10000,10005,282,226,0.8014184397163121,1.0,1.0
healthcare_revenue_50m,Healthcare companies with revenue >= $50M,HDBSCAN balanced frontier leader,10000,10006,278,228,0.8201438848920863,1.0,1.0
healthcare_revenue_50m,Healthcare companies with revenue >= $50M,HDBSCAN balanced frontier leader,10000,10007,284,220,0.7746478873239436,1.0,1.0
healthcare_revenue_50m,Healthcare companies with revenue >= $50M,HDBSCAN balanced frontier leader,10000,10008,280,222,0.7928571428571428,1.0,1.0
healthcare_revenue_50m,Healthcare companies with revenue >= $50M,HDBSCAN balanced frontier leader,10000,10009,289,206,0.71280276816609,1.0,1.0
healthcare_revenue_50m,Healthcare companies with revenue >= $50M,HDBSCAN balanced frontier leader,10000,10010,281,200,0.7117437722419929,1.0,1.0
healthcare_revenue_50m,Healthcare companies with revenue >= $50M,HDBSCAN balanced frontier leader,10000,10011,283,212,0.7491166077738516,1.0,1.0
healthcare_revenue_50m,Healthcare companies with revenue >= $50M,HDBSCAN balanced frontier leader,10000,10012,285,225,0.7894736842105263,0.9582517938682322,0.9067960054229895
healthcare_revenue_50m,Healthcare companies with revenue >= $50M,HDBSCAN balanced frontier leader,10000,10013,285,227,0.7964912280701755,1.0,1.0
healthcare_revenue_50m,Healthcare companies with revenue >= $50M,HDBSCAN balanced frontier leader,10000,10014,283,221,0.7809187279151943,0.9652900042792684,0.9195666421913585
healthcare_revenue_50m,Healthcare companies with revenue >= $50M,HDBSCAN balanced frontier leader,10000,10015,285,233,0.8175438596491228,1.0,1.0
healthcare_revenue_50m,Healthcare companies with revenue >= $50M,HDBSCAN balanced frontier leader,10000,10016,284,224,0.7887323943661971,1.0,1.0
healthcare_revenue_50m,Healthcare companies with revenue >= $50M,HDBSCAN balanced frontier leader,10000,10017,284,222,0.7816901408450704,0.7157498530916115,0.7367991518377
healthcare_revenue_50m,Healthcare companies with revenue >= $50M,HDBSCAN balanced frontier leader,10000,10018,280,218,0.7785714285714286,1.0,1.0
healthcare_revenue_50m,Healthcare companies with revenue >= $50M,HDBSCAN balanced frontier leader,10000,10019,281,222,0.7900355871886121,1.0,1.0
healthcare_revenue_50m,Healthcare companies with revenue >= $50M,HDBSCAN balanced frontier leader,10001,10002,283,211,0.7455830388692579,1.0,1.0
healthcare_revenue_50m,Healthcare companies with revenue >= $50M,HDBSCAN balanced frontier leader,10001,10003,285,207,0.7263157894736842,1.0,1.0
healthcare_revenue_50m,Healthcare companies with revenue >= $50M,HDBSCAN balanced frontier leader,10001,10004,281,214,0.7615658362989324,1.0,1.0
healthcare_revenue_50m,Healthcare companies with revenue >= $50M,HDBSCAN balanced frontier leader,10001,10005,286,220,0.7692307692307693,0.9452250511363053,0.8850577690871416
healthcare_revenue_50m,Healthcare companies with revenue >= $50M,HDBSCAN balanced frontier leader,10001,10006,282,214,0.7588652482269503,0.9400795292896965,0.8768529893390552
healthcare_revenue_50m,Healthcare companies with revenue >= $50M,HDBSCAN balanced frontier leader,10001,10007,288,213,0.7395833333333334,0.9490292598918911,0.8910619191499124
healthcare_revenue_50m,Healthcare companies with revenue >= $50M,HDBSCAN balanced frontier leader,10001,10008,280,206,0.7357142857142858,1.0,1.0
healthcare_revenue_50m,Healthcare companies with revenue >= $50M,HDBSCAN balanced frontier leader,10001,10009,285,202,0.7087719298245614,1.0,1.0
healthcare_revenue_50m,Healthcare companies with revenue >= $50M,HDBSCAN balanced frontier leader,10001,10010,278,195,0.7014388489208633,0.9482671349017449,0.8895268310525193
healthcare_revenue_50m,Healthcare companies with revenue >= $50M,HDBSCAN balanced frontier leader,10001,10011,282,205,0.7269503546099291,1.0,1.0
healthcare_revenue_50m,Healthcare companies with revenue >= $50M,HDBSCAN balanced frontier leader,10001,10012,285,209,0.7333333333333333,0.8746808357507633,0.7811898261451493
healthcare_revenue_50m,Healthcare companies with revenue >= $50M,HDBSCAN balanced frontier leader,10001,10013,277,204,0.7364620938628159,1.0,1.0
healthcare_revenue_50m,Healthcare companies with revenue >= $50M,HDBSCAN balanced frontier leader,10001,10014,284,206,0.7253521126760564,1.0,1.0
healthcare_revenue_50m,Healthcare companies with revenue >= $50M,HDBSCAN balanced frontier leader,10001,10015,285,218,0.7649122807017544,1.0,1.0
healthcare_revenue_50m,Healthcare companies with revenue >= $50M,HDBSCAN balanced frontier leader,10001,10016,285,207,0.7263157894736842,0.944736313841221,0.8840135995912901
healthcare_revenue_50m,Healthcare companies with revenue >= $50M,HDBSCAN balanced frontier leader,10001,10017,283,214,0.7561837455830389,0.6541368162193845,0.6851292982903181
healthcare_revenue_50m,Healthcare companies with revenue >= $50M,HDBSCAN balanced frontier leader,10001,10018,286,213,0.7447552447552448,0.8858417341282308,0.7958155421130804
healthcare_revenue_50m,Healthcare companies with revenue >= $50M,HDBSCAN balanced frontier leader,10001,10019,285,207,0.7263157894736842,0.944736313841221,0.8840135995912901
healthcare_revenue_50m,Healthcare companies with revenue >= $50M,HDBSCAN balanced frontier leader,10002,10003,281,200,0.7117437722419929,1.0,1.0
healthcare_revenue_50m,Healthcare companies with revenue >= $50M,HDBSCAN balanced frontier leader,10002,10004,282,211,0.74822695035461,1.0,1.0
healthcare_revenue_50m,Healthcare companies with revenue >= $50M,HDBSCAN balanced frontier leader,10002,10005,282,213,0.7553191489361702,0.9577944572992634,0.9059028198795167
healthcare_revenue_50m,Healthcare companies with revenue >= $50M,HDBSCAN balanced frontier leader,10002,10006,285,220,0.7719298245614035,0.9602232206169645,0.9102480328143933
healthcare_revenue_50m,Healthcare companies with revenue >= $50M,HDBSCAN balanced frontier leader,10002,10007,283,211,0.7455830388692579,0.963400087395168,0.9160456379567559
healthcare_revenue_50m,Healthcare companies with revenue >= $50M,HDBSCAN balanced frontier leader,10002,10008,279,207,0.7419354838709677,1.0,1.0
healthcare_revenue_50m,Healthcare companies with revenue >= $50M,HDBSCAN balanced frontier leader,10002,10009,284,196,0.6901408450704225,1.0,1.0
healthcare_revenue_50m,Healthcare companies with revenue >= $50M,HDBSCAN balanced frontier leader,10002,10010,283,196,0.6925795053003534,0.9641498824968133,0.9175880043922441
healthcare_revenue_50m,Healthcare companies with revenue >= $50M,HDBSCAN balanced frontier leader,10002,10011,283,202,0.7137809187279152,1.0,1.0
healthcare_revenue_50m,Healthcare companies with revenue >= $50M,HDBSCAN balanced frontier leader,10002,10012,285,210,0.7368421052631579,0.9576710296421985,0.9056670118647143
healthcare_revenue_50m,Healthcare companies with revenue >= $50M,HDBSCAN balanced frontier leader,10002,10013,286,207,0.7237762237762237,1.0,1.0
healthcare_revenue_50m,Healthcare companies with revenue >= $50M,HDBSCAN balanced frontier leader,10002,10014,284,212,0.7464788732394366,1.0,1.0
healthcare_revenue_50m,Healthcare companies with revenue >= $50M,HDBSCAN balanced frontier leader,10002,10015,282,216,0.7659574468085106,1.0,1.0
healthcare_revenue_50m,Healthcare companies with revenue >= $50M,HDBSCAN balanced frontier leader,10002,10016,282,208,0.7375886524822695,0.9647362267711367,0.9185865020968125
healthcare_revenue_50m,Healthcare companies with revenue >= $50M,HDBSCAN balanced frontier leader,10002,10017,281,209,0.7437722419928826,0.7026030300687595,0.7280802204363606
healthcare_revenue_50m,Healthcare companies with revenue >= $50M,HDBSCAN balanced frontier leader,10002,10018,284,213,0.75,0.9577944572992634,0.9059028198795167
healthcare_revenue_50m,Healthcare companies with revenue >= $50M,HDBSCAN balanced frontier leader,10002,10019,282,207,0.7340425531914894,0.9615676639180926,0.9126603466746058
healthcare_revenue_50m,Healthcare companies with revenue >= $50M,HDBSCAN balanced frontier leader,10003,10004,277,198,0.7148014440433214,1.0,1.0
healthcare_revenue_50m,Healthcare companies with revenue >= $50M,HDBSCAN balanced frontier leader,10003,10005,285,211,0.7403508771929824,0.9577126060525085,0.9057462038248267
healthcare_revenue_50m,Healthcare companies with revenue >= $50M,HDBSCAN balanced frontier leader,10003,10006,282,206,0.7304964539007093,0.9596459232344232,0.9091657274529271
healthcare_revenue_50m,Healthcare companies with revenue >= $50M,HDBSCAN balanced frontier leader,10003,10007,289,211,0.7301038062283737,0.963400087395168,0.9160456379567559
healthcare_revenue_50m,Healthcare companies with revenue >= $50M,HDBSCAN balanced frontier leader,10003,10008,283,207,0.7314487632508834,1.0,1.0
healthcare_revenue_50m,Healthcare companies with revenue >= $50M,HDBSCAN balanced frontier leader,10003,10009,286,202,0.7062937062937062,1.0,1.0
healthcare_revenue_50m,Healthcare companies with revenue >= $50M,HDBSCAN balanced frontier leader,10003,10010,290,201,0.6931034482758621,0.9644039553899744,0.9180159965652259
healthcare_revenue_50m,Healthcare companies with revenue >= $50M,HDBSCAN balanced frontier leader,10003,10011,283,202,0.7137809187279152,1.0,1.0
healthcare_revenue_50m,Healthcare companies with revenue >= $50M,HDBSCAN balanced frontier leader,10003,10012,278,204,0.7338129496402878,0.9128948218925386,0.8332782148370973
healthcare_revenue_50m,Healthcare companies with revenue >= $50M,HDBSCAN balanced frontier leader,10003,10013,280,202,0.7214285714285714,1.0,1.0
healthcare_revenue_50m,Healthcare companies with revenue >= $50M,HDBSCAN balanced frontier leader,10003,10014,278,204,0.7338129496402878,1.0,1.0
healthcare_revenue_50m,Healthcare companies with revenue >= $50M,HDBSCAN balanced frontier leader,10003,10015,280,212,0.7571428571428571,1.0,1.0
healthcare_revenue_50m,Healthcare companies with revenue >= $50M,HDBSCAN balanced frontier leader,10003,10016,285,202,0.7087719298245614,0.9594644383904863,0.908834623736162
healthcare_revenue_50m,Healthcare companies with revenue >= $50M,HDBSCAN balanced frontier leader,10003,10017,289,203,0.7024221453287197,1.0,1.0
healthcare_revenue_50m,Healthcare companies with revenue >= $50M,HDBSCAN balanced frontier leader,10003,10018,286,207,0.7237762237762237,0.9596900651416291,0.9092468975033947
healthcare_revenue_50m,Healthcare companies with revenue >= $50M,HDBSCAN balanced frontier leader,10003,10019,284,207,0.7288732394366197,0.9615676639180926,0.9126603466746058
healthcare_revenue_50m,Healthcare companies with revenue >= $50M,HDBSCAN balanced frontier leader,10004,10005,287,224,0.7804878048780488,1.0,1.0
healthcare_revenue_50m,Healthcare companies with revenue >= $50M,HDBSCAN balanced frontier leader,10004,10006,283,217,0.7667844522968198,1.0,1.0
healthcare_revenue_50m,Healthcare companies with revenue >= $50M,HDBSCAN balanced frontier leader,10004,10007,287,218,0.759581881533101,1.0,1.0
healthcare_revenue_50m,Healthcare companies with revenue >= $50M,HDBSCAN balanced frontier leader,10004,10008,287,211,0.735191637630662,1.0,1.0
healthcare_revenue_50m,Healthcare companies with revenue >= $50M,HDBSCAN balanced frontier leader,10004,10009,280,192,0.6857142857142857,1.0,1.0
healthcare_revenue_50m,Healthcare companies with revenue >= $50M,HDBSCAN balanced frontier leader,10004,10010,286,198,0.6923076923076923,1.0,1.0
healthcare_revenue_50m,Healthcare companies with revenue >= $50M,HDBSCAN balanced frontier leader,10004,10011,284,204,0.7183098591549296,1.0,1.0
healthcare_revenue_50m,Healthcare companies with revenue >= $50M,HDBSCAN balanced frontier leader,10004,10012,284,207,0.7288732394366197,1.0,1.0
healthcare_revenue_50m,Healthcare companies with revenue >= $50M,HDBSCAN balanced frontier leader,10004,10013,286,211,0.7377622377622378,1.0,1.0
healthcare_revenue_50m,Healthcare companies with revenue >= $50M,HDBSCAN balanced frontier leader,10004,10014,287,214,0.7456445993031359,0.9618687056191947,0.9132086605569415
healthcare_revenue_50m,Healthcare companies with revenue >= $50M,HDBSCAN balanced frontier leader,10004,10015,286,221,0.7727272727272727,1.0,1.0
healthcare_revenue_50m,Healthcare companies with revenue >= $50M,HDBSCAN balanced frontier leader,10004,10016,285,211,0.7403508771929824,1.0,1.0
healthcare_revenue_50m,Healthcare companies with revenue >= $50M,HDBSCAN balanced frontier leader,10004,10017,284,220,0.7746478873239436,0.7064181981077761,0.7324427869875177
healthcare_revenue_50m,Healthcare companies with revenue >= $50M,HDBSCAN balanced frontier leader,10004,10018,278,206,0.7410071942446043,0.9550260497884641,0.9010335196974324
healthcare_revenue_50m,Healthcare companies with revenue >= $50M,HDBSCAN balanced frontier leader,10004,10019,278,204,0.7338129496402878,1.0,1.0
healthcare_revenue_50m,Healthcare companies with revenue >= $50M,HDBSCAN balanced frontier leader,10005,10006,277,214,0.7725631768953068,1.0,1.0
healthcare_revenue_50m,Healthcare companies with revenue >= $50M,HDBSCAN balanced frontier leader,10005,10007,279,214,0.7670250896057348,1.0,1.0
healthcare_revenue_50m,Healthcare companies with revenue >= $50M,HDBSCAN balanced frontier leader,10005,10008,285,217,0.7614035087719299,1.0,1.0
healthcare_revenue_50m,Healthcare companies with revenue >= $50M,HDBSCAN balanced frontier leader,10005,10009,281,200,0.7117437722419929,0.9628919304993154,0.9151531478134168
healthcare_revenue_50m,Healthcare companies with revenue >= $50M,HDBSCAN balanced frontier leader,10005,10010,283,200,0.7067137809187279,1.0,1.0
healthcare_revenue_50m,Healthcare companies with revenue >= $50M,HDBSCAN balanced frontier leader,10005,10011,281,208,0.7402135231316725,0.9551108792396852,0.9011972741857615
healthcare_revenue_50m,Healthcare companies with revenue >= $50M,HDBSCAN balanced frontier leader,10005,10012,286,216,0.7552447552447552,0.9579140800808487,0.9061334353008722
healthcare_revenue_50m,Healthcare companies with revenue >= $50M,HDBSCAN balanced frontier leader,10005,10013,287,218,0.759581881533101,1.0,1.0
healthcare_revenue_50m,Healthcare companies with revenue >= $50M,HDBSCAN balanced frontier leader,10005,10014,287,220,0.7665505226480837,0.9621096441413068,0.9136561811888604
healthcare_revenue_50m,Healthcare companies with revenue >= $50M,HDBSCAN balanced frontier leader,10005,10015,283,225,0.7950530035335689,0.9604100388829975,0.9106084050332318
healthcare_revenue_50m,Healthcare companies with revenue >= $50M,HDBSCAN balanced frontier leader,10005,10016,286,220,0.7692307692307693,1.0,1.0
healthcare_revenue_50m,Healthcare companies with revenue >= $50M,HDBSCAN balanced frontier leader,10005,10017,281,218,0.7758007117437722,0.7744703495656675,0.7340969167028479
healthcare_revenue_50m,Healthcare companies with revenue >= $50M,HDBSCAN balanced frontier leader,10005,10018,283,214,0.7561837455830389,0.9599861483751455,0.9097980244163518
healthcare_revenue_50m,Healthcare companies with revenue >= $50M,HDBSCAN balanced frontier leader,10005,10019,285,216,0.7578947368421053,1.0,1.0
healthcare_revenue_50m,Healthcare companies with revenue >= $50M,HDBSCAN balanced frontier leader,10006,10007,282,216,0.7659574468085106,1.0,1.0
healthcare_revenue_50m,Healthcare companies with revenue >= $50M,HDBSCAN balanced frontier leader,10006,10008,285,219,0.7684210526315789,1.0,1.0
healthcare_revenue_50m,Healthcare companies with revenue >= $50M,HDBSCAN balanced frontier leader,10006,10009,287,201,0.7003484320557491,0.9657089863269275,0.9205423952748129
healthcare_revenue_50m,Healthcare companies with revenue >= $50M,HDBSCAN balanced frontier leader,10006,10010,285,197,0.6912280701754386,1.0,1.0
healthcare_revenue_50m,Healthcare companies with revenue >= $50M,HDBSCAN balanced frontier leader,10006,10011,290,213,0.7344827586206897,0.9577944572992634,0.9059028198795167
healthcare_revenue_50m,Healthcare companies with revenue >= $50M,HDBSCAN balanced frontier leader,10006,10012,291,219,0.7525773195876289,0.9637334811681616,0.916648563749801
healthcare_revenue_50m,Healthcare companies with revenue >= $50M,HDBSCAN balanced frontier leader,10006,10013,283,214,0.7561837455830389,1.0,1.0
healthcare_revenue_50m,Healthcare companies with revenue >= $50M,HDBSCAN balanced frontier leader,10006,10014,285,218,0.7649122807017544,1.0,1.0
healthcare_revenue_50m,Healthcare companies with revenue >= $50M,HDBSCAN balanced frontier leader,10006,10015,286,225,0.7867132867132867,0.9582517938682322,0.9067960054229895
healthcare_revenue_50m,Healthcare companies with revenue >= $50M,HDBSCAN balanced frontier leader,10006,10016,286,218,0.7622377622377622,1.0,1.0
healthcare_revenue_50m,Healthcare companies with revenue >= $50M,HDBSCAN balanced frontier leader,10006,10017,293,229,0.7815699658703071,0.6427365304954064,0.6480805441523171
healthcare_revenue_50m,Healthcare companies with revenue >= $50M,HDBSCAN balanced frontier leader,10006,10018,282,215,0.7624113475177305,1.0,1.0
healthcare_revenue_50m,Healthcare companies with revenue >= $50M,HDBSCAN balanced frontier leader,10006,10019,285,219,0.7684210526315789,1.0,1.0
healthcare_revenue_50m,Healthcare companies with revenue >= $50M,HDBSCAN balanced frontier leader,10007,10008,279,214,0.7670250896057348,1.0,1.0
healthcare_revenue_50m,Healthcare companies with revenue >= $50M,HDBSCAN balanced frontier leader,10007,10009,283,204,0.7208480565371025,0.9680854150994359,0.9252149248287789
healthcare_revenue_50m,Healthcare companies with revenue >= $50M,HDBSCAN balanced frontier leader,10007,10010,282,199,0.7056737588652482,1.0,1.0
healthcare_revenue_50m,Healthcare companies with revenue >= $50M,HDBSCAN balanced frontier leader,10007,10011,283,207,0.7314487632508834,0.9615676639180926,0.9126603466746058
healthcare_revenue_50m,Healthcare companies with revenue >= $50M,HDBSCAN balanced frontier leader,10007,10012,284,218,0.7676056338028169,1.0,1.0
healthcare_revenue_50m,Healthcare companies with revenue >= $50M,HDBSCAN balanced frontier leader,10007,10013,283,215,0.7597173144876325,1.0,1.0
healthcare_revenue_50m,Healthcare companies with revenue >= $50M,HDBSCAN balanced frontier leader,10007,10014,284,218,0.7676056338028169,1.0,1.0
healthcare_revenue_50m,Healthcare companies with revenue >= $50M,HDBSCAN balanced frontier leader,10007,10015,282,224,0.7943262411347518,0.9582157523815525,0.9067244591094941
healthcare_revenue_50m,Healthcare companies with revenue >= $50M,HDBSCAN balanced frontier leader,10007,10016,283,214,0.7561837455830389,1.0,1.0
healthcare_revenue_50m,Healthcare companies with revenue >= $50M,HDBSCAN balanced frontier leader,10007,10017,279,205,0.7347670250896058,0.8725750545434734,0.8114086246416711
healthcare_revenue_50m,Healthcare companies with revenue >= $50M,HDBSCAN balanced frontier leader,10007,10018,285,219,0.7684210526315789,1.0,1.0
healthcare_revenue_50m,Healthcare companies with revenue >= $50M,HDBSCAN balanced frontier leader,10007,10019,279,211,0.7562724014336918,1.0,1.0
healthcare_revenue_50m,Healthcare companies with revenue >= $50M,HDBSCAN balanced frontier leader,10008,10009,279,193,0.6917562724014337,1.0,1.0
healthcare_revenue_50m,Healthcare companies with revenue >= $50M,HDBSCAN balanced frontier leader,10008,10010,284,199,0.7007042253521126,1.0,1.0
healthcare_revenue_50m,Healthcare companies with revenue >= $50M,HDBSCAN balanced frontier leader,10008,10011,284,208,0.7323943661971831,1.0,1.0
healthcare_revenue_50m,Healthcare companies with revenue >= $50M,HDBSCAN balanced frontier leader,10008,10012,281,216,0.7686832740213523,0.9579140800808487,0.9061334353008722
healthcare_revenue_50m,Healthcare companies with revenue >= $50M,HDBSCAN balanced frontier leader,10008,10013,289,223,0.7716262975778547,1.0,1.0
healthcare_revenue_50m,Healthcare companies with revenue >= $50M,HDBSCAN balanced frontier leader,10008,10014,279,212,0.7598566308243727,1.0,1.0
healthcare_revenue_50m,Healthcare companies with revenue >= $50M,HDBSCAN balanced frontier leader,10008,10015,287,232,0.8083623693379791,1.0,1.0
healthcare_revenue_50m,Healthcare companies with revenue >= $50M,HDBSCAN balanced frontier leader,10008,10016,281,218,0.7758007117437722,1.0,1.0
healthcare_revenue_50m,Healthcare companies with revenue >= $50M,HDBSCAN balanced frontier leader,10008,10017,286,212,0.7412587412587412,0.9347852331777531,0.9139326658168684
healthcare_revenue_50m,Healthcare companies with revenue >= $50M,HDBSCAN balanced frontier leader,10008,10018,280,217,0.775,0.9579531389324183,0.9062091868220733
healthcare_revenue_50m,Healthcare companies with revenue >= $50M,HDBSCAN balanced frontier leader,10008,10019,283,218,0.7703180212014135,1.0,1.0
healthcare_revenue_50m,Healthcare companies with revenue >= $50M,HDBSCAN balanced frontier leader,10009,10010,282,193,0.6843971631205674,0.9674973456077868,0.9242769141384786
healthcare_revenue_50m,Healthcare companies with revenue >= $50M,HDBSCAN balanced frontier leader,10009,10011,278,193,0.6942446043165468,1.0,1.0
healthcare_revenue_50m,Healthcare companies with revenue >= $50M,HDBSCAN balanced frontier leader,10009,10012,285,202,0.7087719298245614,0.9644530398288499,0.918099489231807
healthcare_revenue_50m,Healthcare companies with revenue >= $50M,HDBSCAN balanced frontier leader,10009,10013,287,204,0.710801393728223,1.0,1.0
healthcare_revenue_50m,Healthcare companies with revenue >= $50M,HDBSCAN balanced frontier leader,10009,10014,283,203,0.7173144876325088,1.0,1.0
healthcare_revenue_50m,Healthcare companies with revenue >= $50M,HDBSCAN balanced frontier leader,10009,10015,279,205,0.7347670250896058,1.0,1.0
healthcare_revenue_50m,Healthcare companies with revenue >= $50M,HDBSCAN balanced frontier leader,10009,10016,277,193,0.6967509025270758,0.9664509189873349,0.9221590526989025
healthcare_revenue_50m,Healthcare companies with revenue >= $50M,HDBSCAN balanced frontier leader,10009,10017,281,197,0.701067615658363,1.0,1.0
healthcare_revenue_50m,Healthcare companies with revenue >= $50M,HDBSCAN balanced frontier leader,10009,10018,281,194,0.6903914590747331,0.9640440261211427,0.9174117043015544
healthcare_revenue_50m,Healthcare companies with revenue >= $50M,HDBSCAN balanced frontier leader,10009,10019,287,199,0.6933797909407665,0.9667756593899633,0.9226819534908028
healthcare_revenue_50m,Healthcare companies with revenue >= $50M,HDBSCAN balanced frontier leader,10010,10011,290,199,0.6862068965517242,0.9611941820132673,0.9119958132051479
healthcare_revenue_50m,Healthcare companies with revenue >= $50M,HDBSCAN balanced frontier leader,10010,10012,284,199,0.7007042253521126,0.9611941820132673,0.9119958132051481
healthcare_revenue_50m,Healthcare companies with revenue >= $50M,HDBSCAN balanced frontier leader,10010,10013,285,202,0.7087719298245614,1.0,1.0
healthcare_revenue_50m,Healthcare companies with revenue >= $50M,HDBSCAN balanced frontier leader,10010,10014,280,197,0.7035714285714286,1.0,1.0
healthcare_revenue_50m,Healthcare companies with revenue >= $50M,HDBSCAN balanced frontier leader,10010,10015,286,211,0.7377622377622378,0.9661836412424167,0.9213457756149714
healthcare_revenue_50m,Healthcare companies with revenue >= $50M,HDBSCAN balanced frontier leader,10010,10016,282,192,0.6808510638297872,1.0,1.0
healthcare_revenue_50m,Healthcare companies with revenue >= $50M,HDBSCAN balanced frontier leader,10010,10017,280,202,0.7214285714285714,0.9689375755954592,0.9270006497520834
healthcare_revenue_50m,Healthcare companies with revenue >= $50M,HDBSCAN balanced frontier leader,10010,10018,284,197,0.6936619718309859,1.0,1.0
healthcare_revenue_50m,Healthcare companies with revenue >= $50M,HDBSCAN balanced frontier leader,10010,10019,282,195,0.6914893617021277,1.0,1.0
healthcare_revenue_50m,Healthcare companies with revenue >= $50M,HDBSCAN balanced frontier leader,10011,10012,289,215,0.7439446366782007,0.9223775627242358,0.8475353913023596
healthcare_revenue_50m,Healthcare companies with revenue >= $50M,HDBSCAN balanced frontier leader,10011,10013,281,206,0.7330960854092526,1.0,1.0
healthcare_revenue_50m,Healthcare companies with revenue >= $50M,HDBSCAN balanced frontier leader,10011,10014,280,207,0.7392857142857143,1.0,1.0
healthcare_revenue_50m,Healthcare companies with revenue >= $50M,HDBSCAN balanced frontier leader,10011,10015,285,220,0.7719298245614035,1.0,1.0
healthcare_revenue_50m,Healthcare companies with revenue >= $50M,HDBSCAN balanced frontier leader,10011,10016,286,210,0.7342657342657343,0.9598196657050643,0.9094866877326668
healthcare_revenue_50m,Healthcare companies with revenue >= $50M,HDBSCAN balanced frontier leader,10011,10017,277,200,0.7220216606498195,1.0,1.0
healthcare_revenue_50m,Healthcare companies with revenue >= $50M,HDBSCAN balanced frontier leader,10011,10018,284,209,0.7359154929577465,0.9551526205675661,0.9012782268314738
healthcare_revenue_50m,Healthcare companies with revenue >= $50M,HDBSCAN balanced frontier leader,10011,10019,281,208,0.7402135231316725,0.9575865405524927,0.9055068217218936
healthcare_revenue_50m,Healthcare companies with revenue >= $50M,HDBSCAN balanced frontier leader,10012,10013,286,216,0.7552447552447552,0.9636117314675671,0.9164267095627852
healthcare_revenue_50m,Healthcare companies with revenue >= $50M,HDBSCAN balanced frontier leader,10012,10014,282,216,0.7659574468085106,1.0,1.0
healthcare_revenue_50m,Healthcare companies with revenue >= $50M,HDBSCAN balanced frontier leader,10012,10015,288,226,0.7847222222222222,0.955800183055331,0.902567640136527
healthcare_revenue_50m,Healthcare companies with revenue >= $50M,HDBSCAN balanced frontier leader,10012,10016,286,219,0.7657342657342657,1.0,1.0
healthcare_revenue_50m,Healthcare companies with revenue >= $50M,HDBSCAN balanced frontier leader,10012,10017,284,210,0.7394366197183099,0.8941298300099084,0.8095703133964505
healthcare_revenue_50m,Healthcare companies with revenue >= $50M,HDBSCAN balanced frontier leader,10012,10018,282,216,0.7659574468085106,1.0,1.0
healthcare_revenue_50m,Healthcare companies with revenue >= $50M,HDBSCAN balanced frontier leader,10012,10019,282,214,0.7588652482269503,1.0,1.0
healthcare_revenue_50m,Healthcare companies with revenue >= $50M,HDBSCAN balanced frontier leader,10013,10014,286,221,0.7727272727272727,1.0,1.0
healthcare_revenue_50m,Healthcare companies with revenue >= $50M,HDBSCAN balanced frontier leader,10013,10015,283,224,0.7915194346289752,1.0,1.0
healthcare_revenue_50m,Healthcare companies with revenue >= $50M,HDBSCAN balanced frontier leader,10013,10016,281,218,0.7758007117437722,1.0,1.0
healthcare_revenue_50m,Healthcare companies with revenue >= $50M,HDBSCAN balanced frontier leader,10013,10017,288,217,0.7534722222222222,0.9467887152192753,0.9273886456631623
healthcare_revenue_50m,Healthcare companies with revenue >= $50M,HDBSCAN balanced frontier leader,10013,10018,277,210,0.7581227436823105,0.9648265193138319,0.9187437408826886
healthcare_revenue_50m,Healthcare companies with revenue >= $50M,HDBSCAN balanced frontier leader,10013,10019,280,214,0.7642857142857142,1.0,1.0
healthcare_revenue_50m,Healthcare companies with revenue >= $50M,HDBSCAN balanced frontier leader,10014,10015,279,221,0.7921146953405018,0.9621483745217412,0.913728869140046
healthcare_revenue_50m,Healthcare companies with revenue >= $50M,HDBSCAN balanced frontier leader,10014,10016,289,216,0.7474048442906575,1.0,1.0
healthcare_revenue_50m,Healthcare companies with revenue >= $50M,HDBSCAN balanced frontier leader,10014,10017,283,212,0.7491166077738516,0.9126151962092337,0.8534505612786427
healthcare_revenue_50m,Healthcare companies with revenue >= $50M,HDBSCAN balanced frontier leader,10014,10018,277,210,0.7581227436823105,1.0,1.0
healthcare_revenue_50m,Healthcare companies with revenue >= $50M,HDBSCAN balanced frontier leader,10014,10019,288,222,0.7708333333333334,1.0,1.0
healthcare_revenue_50m,Healthcare companies with revenue >= $50M,HDBSCAN balanced frontier leader,10015,10016,283,224,0.7915194346289752,0.9654074617578612,0.9197795778711809
healthcare_revenue_50m,Healthcare companies with revenue >= $50M,HDBSCAN balanced frontier leader,10015,10017,286,229,0.8006993006993007,1.0,1.0
healthcare_revenue_50m,Healthcare companies with revenue >= $50M,HDBSCAN balanced frontier leader,10015,10018,280,222,0.7928571428571428,0.9229121743691358,0.8483465975692527
healthcare_revenue_50m,Healthcare companies with revenue >= $50M,HDBSCAN balanced frontier leader,10015,10019,284,222,0.7816901408450704,0.9602990729631848,0.9103937260629
healthcare_revenue_50m,Healthcare companies with revenue >= $50M,HDBSCAN balanced frontier leader,10016,10017,285,212,0.743859649122807,0.8393972550114307,0.7884855708317291
healthcare_revenue_50m,Healthcare companies with revenue >= $50M,HDBSCAN balanced frontier leader,10016,10018,283,219,0.773851590106007,1.0,1.0
healthcare_revenue_50m,Healthcare companies with revenue >= $50M,HDBSCAN balanced frontier leader,10016,10019,278,211,0.7589928057553957,1.0,1.0
healthcare_revenue_50m,Healthcare companies with revenue >= $50M,HDBSCAN balanced frontier leader,10017,10018,289,213,0.7370242214532872,0.849440164249543,0.7694729128339978
healthcare_revenue_50m,Healthcare companies with revenue >= $50M,HDBSCAN balanced frontier leader,10017,10019,286,210,0.7342657342657343,0.8731550344754131,0.8119575590128396
healthcare_revenue_50m,Healthcare companies with revenue >= $50M,HDBSCAN balanced frontier leader,10018,10019,290,224,0.7724137931034483,1.0,1.0
industrials_revenue_20m,Industrials companies with revenue >= $20M,K-Means|Selection-aware Silhouette leader,10000,10001,364,364,1.0,0.5015850391966201,0.5599267141502731
industrials_revenue_20m,Industrials companies with revenue >= $20M,K-Means|Selection-aware Silhouette leader,10000,10002,369,369,1.0,0.9867743822911983,0.9570342028953296
industrials_revenue_20m,Industrials companies with revenue >= $20M,K-Means|Selection-aware Silhouette leader,10000,10003,360,360,1.0,0.648808398069214,0.5931655357775644
industrials_revenue_20m,Industrials companies with revenue >= $20M,K-Means|Selection-aware Silhouette leader,10000,10004,362,362,1.0,0.8885891351546051,0.8124232874783351
industrials_revenue_20m,Industrials companies with revenue >= $20M,K-Means|Selection-aware Silhouette leader,10000,10005,360,360,1.0,0.9496433139705343,0.8791303003788232
industrials_revenue_20m,Industrials companies with revenue >= $20M,K-Means|Selection-aware Silhouette leader,10000,10006,361,361,1.0,0.9779178717333057,0.9574285369110084
industrials_revenue_20m,Industrials companies with revenue >= $20M,K-Means|Selection-aware Silhouette leader,10000,10007,369,369,1.0,0.5064981040446576,0.544813766302002
industrials_revenue_20m,Industrials companies with revenue >= $20M,K-Means|Selection-aware Silhouette leader,10000,10008,361,361,1.0,0.9671422942230954,0.9416759283577124
industrials_revenue_20m,Industrials companies with revenue >= $20M,K-Means|Selection-aware Silhouette leader,10000,10009,357,357,1.0,0.9973867739822273,0.9806386757188075
industrials_revenue_20m,Industrials companies with revenue >= $20M,K-Means|Selection-aware Silhouette leader,10000,10010,365,365,1.0,0.7236843305300619,0.7140888801287226
industrials_revenue_20m,Industrials companies with revenue >= $20M,K-Means|Selection-aware Silhouette leader,10000,10011,356,356,1.0,0.9728627751904,0.9192638343548182
industrials_revenue_20m,Industrials companies with revenue >= $20M,K-Means|Selection-aware Silhouette leader,10000,10012,366,366,1.0,0.9553129239375947,0.9151733014242217
industrials_revenue_20m,Industrials companies with revenue >= $20M,K-Means|Selection-aware Silhouette leader,10000,10013,367,367,1.0,0.9451013435545548,0.8879441210305952
industrials_revenue_20m,Industrials companies with revenue >= $20M,K-Means|Selection-aware Silhouette leader,10000,10014,353,353,1.0,0.697428826314783,0.6710116906206158
industrials_revenue_20m,Industrials companies with revenue >= $20M,K-Means|Selection-aware Silhouette leader,10000,10015,364,364,1.0,0.9788221241001819,0.9534409682326642
industrials_revenue_20m,Industrials companies with revenue >= $20M,K-Means|Selection-aware Silhouette leader,10000,10016,359,359,1.0,0.47478980133530757,0.5637741757436103
industrials_revenue_20m,Industrials companies with revenue >= $20M,K-Means|Selection-aware Silhouette leader,10000,10017,363,363,1.0,0.9554784804784875,0.9074369618226787
industrials_revenue_20m,Industrials companies with revenue >= $20M,K-Means|Selection-aware Silhouette leader,10000,10018,366,366,1.0,0.48754548810413484,0.5467106002592835
industrials_revenue_20m,Industrials companies with revenue >= $20M,K-Means|Selection-aware Silhouette leader,10000,10019,357,357,1.0,0.9838514158739865,0.9430699106511602
industrials_revenue_20m,Industrials companies with revenue >= $20M,K-Means|Selection-aware Silhouette leader,10001,10002,364,364,1.0,0.5458905345986861,0.6030090610028652
industrials_revenue_20m,Industrials companies with revenue >= $20M,K-Means|Selection-aware Silhouette leader,10001,10003,362,362,1.0,-0.044447072346258935,0.0060892801724622865
industrials_revenue_20m,Industrials companies with revenue >= $20M,K-Means|Selection-aware Silhouette leader,10001,10004,358,358,1.0,0.5256921444710938,0.5934610221696268
industrials_revenue_20m,Industrials companies with revenue >= $20M,K-Means|Selection-aware Silhouette leader,10001,10005,363,363,1.0,0.5343782047610804,0.5830815467221173
industrials_revenue_20m,Industrials companies with revenue >= $20M,K-Means|Selection-aware Silhouette leader,10001,10006,359,359,1.0,0.5567927276983412,0.6035134945269887
industrials_revenue_20m,Industrials companies with revenue >= $20M,K-Means|Selection-aware Silhouette leader,10001,10007,361,361,1.0,0.961047642166934,0.911856207507644
industrials_revenue_20m,Industrials companies with revenue >= $20M,K-Means|Selection-aware Silhouette leader,10001,10008,363,363,1.0,0.5259438293715354,0.5943004212717471
industrials_revenue_20m,Industrials companies with revenue >= $20M,K-Means|Selection-aware Silhouette leader,10001,10009,365,365,1.0,0.5154261780317795,0.5520677268010101
industrials_revenue_20m,Industrials companies with revenue >= $20M,K-Means|Selection-aware Silhouette leader,10001,10010,352,352,1.0,-0.019449360416562086,0.001022545145938621
industrials_revenue_20m,Industrials companies with revenue >= $20M,K-Means|Selection-aware Silhouette leader,10001,10011,360,360,1.0,0.5378810346417228,0.6014973293475717
industrials_revenue_20m,Industrials companies with revenue >= $20M,K-Means|Selection-aware Silhouette leader,10001,10012,358,358,1.0,0.5586816851294722,0.6077842319160869
industrials_revenue_20m,Industrials companies with revenue >= $20M,K-Means|Selection-aware Silhouette leader,10001,10013,360,360,1.0,0.5050158243552179,0.5966142289450644
industrials_revenue_20m,Industrials companies with revenue >= $20M,K-Means|Selection-aware Silhouette leader,10001,10014,359,359,1.0,-0.029633386741504203,0.0024358766153883887
industrials_revenue_20m,Industrials companies with revenue >= $20M,K-Means|Selection-aware Silhouette leader,10001,10015,366,366,1.0,0.5622706099034168,0.6168511678695384
industrials_revenue_20m,Industrials companies with revenue >= $20M,K-Means|Selection-aware Silhouette leader,10001,10016,366,366,1.0,1.0,1.0
industrials_revenue_20m,Industrials companies with revenue >= $20M,K-Means|Selection-aware Silhouette leader,10001,10017,361,361,1.0,0.5262175284665056,0.6306677221088467
industrials_revenue_20m,Industrials companies with revenue >= $20M,K-Means|Selection-aware Silhouette leader,10001,10018,372,372,1.0,1.0,1.0
industrials_revenue_20m,Industrials companies with revenue >= $20M,K-Means|Selection-aware Silhouette leader,10001,10019,363,363,1.0,0.529691613070173,0.5832192152853569
industrials_revenue_20m,Industrials companies with revenue >= $20M,K-Means|Selection-aware Silhouette leader,10002,10003,363,363,1.0,0.5898670355312663,0.5676908701730001
industrials_revenue_20m,Industrials companies with revenue >= $20M,K-Means|Selection-aware Silhouette leader,10002,10004,356,356,1.0,0.9138182612533458,0.8782023429894628
industrials_revenue_20m,Industrials companies with revenue >= $20M,K-Means|Selection-aware Silhouette leader,10002,10005,362,362,1.0,0.9779708922469859,0.9515635088993138
industrials_revenue_20m,Industrials companies with revenue >= $20M,K-Means|Selection-aware Silhouette leader,10002,10006,368,368,1.0,0.9739366024864149,0.9212875719119015
industrials_revenue_20m,Industrials companies with revenue >= $20M,K-Means|Selection-aware Silhouette leader,10002,10007,366,366,1.0,0.5257532609905681,0.5715614846737344
industrials_revenue_20m,Industrials companies with revenue >= $20M,K-Means|Selection-aware Silhouette leader,10002,10008,357,357,1.0,0.9515031977886211,0.8856048903588851
industrials_revenue_20m,Industrials companies with revenue >= $20M,K-Means|Selection-aware Silhouette leader,10002,10009,367,367,1.0,0.9895775222588999,0.9773345605274855
industrials_revenue_20m,Industrials companies with revenue >= $20M,K-Means|Selection-aware Silhouette leader,10002,10010,362,362,1.0,0.6637426124398426,0.6149561888526149
industrials_revenue_20m,Industrials companies with revenue >= $20M,K-Means|Selection-aware Silhouette leader,10002,10011,359,359,1.0,1.0,1.0
industrials_revenue_20m,Industrials companies with revenue >= $20M,K-Means|Selection-aware Silhouette leader,10002,10012,361,361,1.0,0.9407981663525888,0.8701235961446732
industrials_revenue_20m,Industrials companies with revenue >= $20M,K-Means|Selection-aware Silhouette leader,10002,10013,355,355,1.0,0.9309932349894184,0.8475709399734155
industrials_revenue_20m,Industrials companies with revenue >= $20M,K-Means|Selection-aware Silhouette leader,10002,10014,352,352,1.0,0.6525908156037,0.6258046459867103
industrials_revenue_20m,Industrials companies with revenue >= $20M,K-Means|Selection-aware Silhouette leader,10002,10015,367,367,1.0,0.9532295422444185,0.8891771296233532
industrials_revenue_20m,Industrials companies with revenue >= $20M,K-Means|Selection-aware Silhouette leader,10002,10016,364,364,1.0,0.5112805105192286,0.5932805334738975
industrials_revenue_20m,Industrials companies with revenue >= $20M,K-Means|Selection-aware Silhouette leader,10002,10017,361,361,1.0,0.9680159915963243,0.935641699660404
industrials_revenue_20m,Industrials companies with revenue >= $20M,K-Means|Selection-aware Silhouette leader,10002,10018,360,360,1.0,0.5268363188218779,0.5893326549989013
industrials_revenue_20m,Industrials companies with revenue >= $20M,K-Means|Selection-aware Silhouette leader,10002,10019,359,359,1.0,0.9892087430586275,0.9765419612515805
industrials_revenue_20m,Industrials companies with revenue >= $20M,K-Means|Selection-aware Silhouette leader,10003,10004,361,361,1.0,0.5822694088371234,0.5352887938183293
industrials_revenue_20m,Industrials companies with revenue >= $20M,K-Means|Selection-aware Silhouette leader,10003,10005,360,360,1.0,0.6501217651876029,0.6714599628625442
industrials_revenue_20m,Industrials companies with revenue >= $20M,K-Means|Selection-aware Silhouette leader,10003,10006,362,362,1.0,0.5944624148206565,0.5783050973388643
industrials_revenue_20m,Industrials companies with revenue >= $20M,K-Means|Selection-aware Silhouette leader,10003,10007,368,368,1.0,-0.03523303684293602,0.0036617913021341625
industrials_revenue_20m,Industrials companies with revenue >= $20M,K-Means|Selection-aware Silhouette leader,10003,10008,363,363,1.0,0.5572286323831175,0.5147665803417861
industrials_revenue_20m,Industrials companies with revenue >= $20M,K-Means|Selection-aware Silhouette leader,10003,10009,363,363,1.0,0.6024050901638542,0.5762839926927505
industrials_revenue_20m,Industrials companies with revenue >= $20M,K-Means|Selection-aware Silhouette leader,10003,10010,360,360,1.0,0.8761738702864017,0.7864424502784784
industrials_revenue_20m,Industrials companies with revenue >= $20M,K-Means|Selection-aware Silhouette leader,10003,10011,366,366,1.0,0.5993786242646044,0.5590800621583313
industrials_revenue_20m,Industrials companies with revenue >= $20M,K-Means|Selection-aware Silhouette leader,10003,10012,363,363,1.0,0.6001119293803239,0.5386629407178138
industrials_revenue_20m,Industrials companies with revenue >= $20M,K-Means|Selection-aware Silhouette leader,10003,10013,358,358,1.0,0.6089185768059763,0.5418708188722677
industrials_revenue_20m,Industrials companies with revenue >= $20M,K-Means|Selection-aware Silhouette leader,10003,10014,362,362,1.0,0.8922074160015956,0.787994377715509
industrials_revenue_20m,Industrials companies with revenue >= $20M,K-Means|Selection-aware Silhouette leader,10003,10015,362,362,1.0,0.5888068316500917,0.5561323366953055
industrials_revenue_20m,Industrials companies with revenue >= $20M,K-Means|Selection-aware Silhouette leader,10003,10016,358,358,1.0,-0.03580017641583953,0.003997479709400987
industrials_revenue_20m,Industrials companies with revenue >= $20M,K-Means|Selection-aware Silhouette leader,10003,10017,363,363,1.0,0.6237087758723681,0.6342358855505695
industrials_revenue_20m,Industrials companies with revenue >= $20M,K-Means|Selection-aware Silhouette leader,10003,10018,359,359,1.0,-0.04015032164544154,0.00516260131579058
industrials_revenue_20m,Industrials companies with revenue >= $20M,K-Means|Selection-aware Silhouette leader,10003,10019,359,359,1.0,0.6441648998122486,0.6527943597454943
industrials_revenue_20m,Industrials companies with revenue >= $20M,K-Means|Selection-aware Silhouette leader,10004,10005,360,360,1.0,0.8885971577462772,0.8255243304763777
industrials_revenue_20m,Industrials companies with revenue >= $20M,K-Means|Selection-aware Silhouette leader,10004,10006,355,355,1.0,0.9013975105063003,0.8190214725682593
industrials_revenue_20m,Industrials companies with revenue >= $20M,K-Means|Selection-aware Silhouette leader,10004,10007,361,361,1.0,0.47572139139019864,0.5442900778345152
industrials_revenue_20m,Industrials companies with revenue >= $20M,K-Means|Selection-aware Silhouette leader,10004,10008,364,364,1.0,0.8808800582283465,0.7796556185759789
industrials_revenue_20m,Industrials companies with revenue >= $20M,K-Means|Selection-aware Silhouette leader,10004,10009,354,354,1.0,0.893139785016536,0.8238880622464556
industrials_revenue_20m,Industrials companies with revenue >= $20M,K-Means|Selection-aware Silhouette leader,10004,10010,369,369,1.0,0.6211589788114604,0.5068411021031163
industrials_revenue_20m,Industrials companies with revenue >= $20M,K-Means|Selection-aware Silhouette leader,10004,10011,366,366,1.0,0.9063735369389173,0.8585265350631347
industrials_revenue_20m,Industrials companies with revenue >= $20M,K-Means|Selection-aware Silhouette leader,10004,10012,364,364,1.0,0.8370969002033444,0.739101623385955
industrials_revenue_20m,Industrials companies with revenue >= $20M,K-Means|Selection-aware Silhouette leader,10004,10013,366,366,1.0,0.885306847051602,0.7941635330022001
industrials_revenue_20m,Industrials companies with revenue >= $20M,K-Means|Selection-aware Silhouette leader,10004,10014,364,364,1.0,0.6415517015249723,0.5985570122819805
industrials_revenue_20m,Industrials companies with revenue >= $20M,K-Means|Selection-aware Silhouette leader,10004,10015,361,361,1.0,0.8528406717563398,0.7612680923639674
industrials_revenue_20m,Industrials companies with revenue >= $20M,K-Means|Selection-aware Silhouette leader,10004,10016,361,361,1.0,0.5023048190955813,0.6178644147040272
industrials_revenue_20m,Industrials companies with revenue >= $20M,K-Means|Selection-aware Silhouette leader,10004,10017,357,357,1.0,0.9145182119671038,0.8509002295680953
industrials_revenue_20m,Industrials companies with revenue >= $20M,K-Means|Selection-aware Silhouette leader,10004,10018,364,364,1.0,0.4626033113839565,0.5512557027993567
industrials_revenue_20m,Industrials companies with revenue >= $20M,K-Means|Selection-aware Silhouette leader,10004,10019,363,363,1.0,0.8976133501175493,0.8509407959867367
industrials_revenue_20m,Industrials companies with revenue >= $20M,K-Means|Selection-aware Silhouette leader,10005,10006,362,362,1.0,0.9303439795416586,0.8528792020062299
industrials_revenue_20m,Industrials companies with revenue >= $20M,K-Means|Selection-aware Silhouette leader,10005,10007,363,363,1.0,0.5794271708238724,0.6322322949713711
industrials_revenue_20m,Industrials companies with revenue >= $20M,K-Means|Selection-aware Silhouette leader,10005,10008,360,360,1.0,0.9162203047564805,0.8307453174381647
industrials_revenue_20m,Industrials companies with revenue >= $20M,K-Means|Selection-aware Silhouette leader,10005,10009,366,366,1.0,0.9336228963911376,0.8666631534474311
industrials_revenue_20m,Industrials companies with revenue >= $20M,K-Means|Selection-aware Silhouette leader,10005,10010,358,358,1.0,0.6329271962662297,0.5586615511392239
industrials_revenue_20m,Industrials companies with revenue >= $20M,K-Means|Selection-aware Silhouette leader,10005,10011,360,360,1.0,0.9559632952615201,0.9149275227425047
industrials_revenue_20m,Industrials companies with revenue >= $20M,K-Means|Selection-aware Silhouette leader,10005,10012,360,360,1.0,0.9591431970386382,0.8855491990097843
industrials_revenue_20m,Industrials companies with revenue >= $20M,K-Means|Selection-aware Silhouette leader,10005,10013,363,363,1.0,0.9212212702385643,0.8484530632761534
industrials_revenue_20m,Industrials companies with revenue >= $20M,K-Means|Selection-aware Silhouette leader,10005,10014,360,360,1.0,0.6525501583624537,0.6084289305283149
industrials_revenue_20m,Industrials companies with revenue >= $20M,K-Means|Selection-aware Silhouette leader,10005,10015,362,362,1.0,0.9711055028403808,0.9077702980733111
industrials_revenue_20m,Industrials companies with revenue >= $20M,K-Means|Selection-aware Silhouette leader,10005,10016,357,357,1.0,0.5403011835876836,0.5843252069570903
industrials_revenue_20m,Industrials companies with revenue >= $20M,K-Means|Selection-aware Silhouette leader,10005,10017,368,368,1.0,0.9681015916317064,0.9354954019537122
industrials_revenue_20m,Industrials companies with revenue >= $20M,K-Means|Selection-aware Silhouette leader,10005,10018,361,361,1.0,0.5715715549759234,0.6281457175326433
industrials_revenue_20m,Industrials companies with revenue >= $20M,K-Means|Selection-aware Silhouette leader,10005,10019,368,368,1.0,0.9581239216055066,0.9209479780508933
industrials_revenue_20m,Industrials companies with revenue >= $20M,K-Means|Selection-aware Silhouette leader,10006,10007,364,364,1.0,0.5253192603551514,0.5715523676549271
industrials_revenue_20m,Industrials companies with revenue >= $20M,K-Means|Selection-aware Silhouette leader,10006,10008,361,361,1.0,0.9784066639098525,0.9584844555126115
industrials_revenue_20m,Industrials companies with revenue >= $20M,K-Means|Selection-aware Silhouette leader,10006,10009,368,368,1.0,0.9741455852920788,0.9219862861535062
industrials_revenue_20m,Industrials companies with revenue >= $20M,K-Means|Selection-aware Silhouette leader,10006,10010,367,367,1.0,0.6901479644172661,0.6988090126876074
industrials_revenue_20m,Industrials companies with revenue >= $20M,K-Means|Selection-aware Silhouette leader,10006,10011,366,366,1.0,0.9636992818201303,0.9055490622346362
industrials_revenue_20m,Industrials companies with revenue >= $20M,K-Means|Selection-aware Silhouette leader,10006,10012,363,363,1.0,0.9462838480762022,0.9046246599400938
industrials_revenue_20m,Industrials companies with revenue >= $20M,K-Means|Selection-aware Silhouette leader,10006,10013,365,365,1.0,0.9795862460314743,0.9555647500459289
industrials_revenue_20m,Industrials companies with revenue >= $20M,K-Means|Selection-aware Silhouette leader,10006,10014,366,366,1.0,0.6281511445373953,0.5913995618440069
industrials_revenue_20m,Industrials companies with revenue >= $20M,K-Means|Selection-aware Silhouette leader,10006,10015,365,365,1.0,0.9688934499378505,0.9376799089368533
industrials_revenue_20m,Industrials companies with revenue >= $20M,K-Means|Selection-aware Silhouette leader,10006,10016,367,367,1.0,0.5420040163188615,0.6189505758002911
industrials_revenue_20m,Industrials companies with revenue >= $20M,K-Means|Selection-aware Silhouette leader,10006,10017,369,369,1.0,0.9762793813979684,0.9337129561674008
industrials_revenue_20m,Industrials companies with revenue >= $20M,K-Means|Selection-aware Silhouette leader,10006,10018,357,357,1.0,0.5262157328446937,0.578717097768926
industrials_revenue_20m,Industrials companies with revenue >= $20M,K-Means|Selection-aware Silhouette leader,10006,10019,364,364,1.0,0.9663679519192884,0.9190885590589258
industrials_revenue_20m,Industrials companies with revenue >= $20M,K-Means|Selection-aware Silhouette leader,10007,10008,361,361,1.0,0.511683078531478,0.5538450676276561
industrials_revenue_20m,Industrials companies with revenue >= $20M,K-Means|Selection-aware Silhouette leader,10007,10009,358,358,1.0,0.49328763205979753,0.5158735513127005
industrials_revenue_20m,Industrials companies with revenue >= $20M,K-Means|Selection-aware Silhouette leader,10007,10010,362,362,1.0,-0.010199191092175482,0.0002620729574352796
industrials_revenue_20m,Industrials companies with revenue >= $20M,K-Means|Selection-aware Silhouette leader,10007,10011,358,358,1.0,0.5270255410401989,0.5656419436027347
industrials_revenue_20m,Industrials companies with revenue >= $20M,K-Means|Selection-aware Silhouette leader,10007,10012,366,366,1.0,0.5687383176456656,0.6024873462537628
industrials_revenue_20m,Industrials companies with revenue >= $20M,K-Means|Selection-aware Silhouette leader,10007,10013,362,362,1.0,0.4900695777038572,0.5654481863383285
industrials_revenue_20m,Industrials companies with revenue >= $20M,K-Means|Selection-aware Silhouette leader,10007,10014,356,356,1.0,-0.03731436288641271,0.004287213405785505
industrials_revenue_20m,Industrials companies with revenue >= $20M,K-Means|Selection-aware Silhouette leader,10007,10015,361,361,1.0,0.5490503742221995,0.580378027973655
industrials_revenue_20m,Industrials companies with revenue >= $20M,K-Means|Selection-aware Silhouette leader,10007,10016,356,356,1.0,0.978788694408018,0.9461882179758893
industrials_revenue_20m,Industrials companies with revenue >= $20M,K-Means|Selection-aware Silhouette leader,10007,10017,358,358,1.0,0.5268117509340327,0.5825089283370892
industrials_revenue_20m,Industrials companies with revenue >= $20M,K-Means|Selection-aware Silhouette leader,10007,10018,357,357,1.0,1.0,1.0
industrials_revenue_20m,Industrials companies with revenue >= $20M,K-Means|Selection-aware Silhouette leader,10007,10019,361,361,1.0,0.5032265032130657,0.5510301114831901
industrials_revenue_20m,Industrials companies with revenue >= $20M,K-Means|Selection-aware Silhouette leader,10008,10009,365,365,1.0,0.9432004191757619,0.877015960040779
industrials_revenue_20m,Industrials companies with revenue >= $20M,K-Means|Selection-aware Silhouette leader,10008,10010,359,359,1.0,0.6820771597736714,0.6696619561677047
industrials_revenue_20m,Industrials companies with revenue >= $20M,K-Means|Selection-aware Silhouette leader,10008,10011,365,365,1.0,0.939806486031571,0.8622244092117406
industrials_revenue_20m,Industrials companies with revenue >= $20M,K-Means|Selection-aware Silhouette leader,10008,10012,365,365,1.0,0.9463641567640655,0.914589585710517
industrials_revenue_20m,Industrials companies with revenue >= $20M,K-Means|Selection-aware Silhouette leader,10008,10013,359,359,1.0,0.9972981511224487,0.9811799543504285
industrials_revenue_20m,Industrials companies with revenue >= $20M,K-Means|Selection-aware Silhouette leader,10008,10014,362,362,1.0,0.6167816780813514,0.6194633005321839
industrials_revenue_20m,Industrials companies with revenue >= $20M,K-Means|Selection-aware Silhouette leader,10008,10015,360,360,1.0,0.9578997239441509,0.9303504148689928
industrials_revenue_20m,Industrials companies with revenue >= $20M,K-Means|Selection-aware Silhouette leader,10008,10016,368,368,1.0,0.5095392752062372,0.5806664771651878
industrials_revenue_20m,Industrials companies with revenue >= $20M,K-Means|Selection-aware Silhouette leader,10008,10017,368,368,1.0,0.9251213529687958,0.8564371174611994
industrials_revenue_20m,Industrials companies with revenue >= $20M,K-Means|Selection-aware Silhouette leader,10008,10018,361,361,1.0,0.5202149222449742,0.5848069588963719
industrials_revenue_20m,Industrials companies with revenue >= $20M,K-Means|Selection-aware Silhouette leader,10008,10019,366,366,1.0,0.9228288187787981,0.8408563200424807
industrials_revenue_20m,Industrials companies with revenue >= $20M,K-Means|Selection-aware Silhouette leader,10009,10010,359,359,1.0,0.7041266015373893,0.6890275430263596
industrials_revenue_20m,Industrials companies with revenue >= $20M,K-Means|Selection-aware Silhouette leader,10009,10011,360,360,1.0,0.9762715952354848,0.9357018420498859
industrials_revenue_20m,Industrials companies with revenue >= $20M,K-Means|Selection-aware Silhouette leader,10009,10012,365,365,1.0,0.9521238109921945,0.8858444953741678
industrials_revenue_20m,Industrials companies with revenue >= $20M,K-Means|Selection-aware Silhouette leader,10009,10013,366,366,1.0,0.9421354704119717,0.8600190633915256
industrials_revenue_20m,Industrials companies with revenue >= $20M,K-Means|Selection-aware Silhouette leader,10009,10014,366,366,1.0,0.6328308438625749,0.5811885504969139
industrials_revenue_20m,Industrials companies with revenue >= $20M,K-Means|Selection-aware Silhouette leader,10009,10015,359,359,1.0,0.9637482793567789,0.9062926269338235
industrials_revenue_20m,Industrials companies with revenue >= $20M,K-Means|Selection-aware Silhouette leader,10009,10016,363,363,1.0,0.5024010814628646,0.5657694205124078
industrials_revenue_20m,Industrials companies with revenue >= $20M,K-Means|Selection-aware Silhouette leader,10009,10017,360,360,1.0,0.9468764852535,0.894782915284717
industrials_revenue_20m,Industrials companies with revenue >= $20M,K-Means|Selection-aware Silhouette leader,10009,10018,357,357,1.0,0.47830016561024236,0.5238746889850151
industrials_revenue_20m,Industrials companies with revenue >= $20M,K-Means|Selection-aware Silhouette leader,10009,10019,365,365,1.0,0.9768016681861332,0.9370104324152319
industrials_revenue_20m,Industrials companies with revenue >= $20M,K-Means|Selection-aware Silhouette leader,10010,10011,368,368,1.0,0.6548336947382575,0.5984890061435175
industrials_revenue_20m,Industrials companies with revenue >= $20M,K-Means|Selection-aware Silhouette leader,10010,10012,373,373,1.0,0.679956150727699,0.652963837489391
industrials_revenue_20m,Industrials companies with revenue >= $20M,K-Means|Selection-aware Silhouette leader,10010,10013,362,362,1.0,0.7393686809683281,0.7027114677311781
industrials_revenue_20m,Industrials companies with revenue >= $20M,K-Means|Selection-aware Silhouette leader,10010,10014,360,360,1.0,0.9365192857922948,0.8558994988139382
industrials_revenue_20m,Industrials companies with revenue >= $20M,K-Means|Selection-aware Silhouette leader,10010,10015,356,356,1.0,0.6768728569805833,0.6715205441675572
industrials_revenue_20m,Industrials companies with revenue >= $20M,K-Means|Selection-aware Silhouette leader,10010,10016,356,356,1.0,0.007557368077064024,0.00018333666403485657
industrials_revenue_20m,Industrials companies with revenue >= $20M,K-Means|Selection-aware Silhouette leader,10010,10017,357,357,1.0,0.6673396746848193,0.6062806022986733
industrials_revenue_20m,Industrials companies with revenue >= $20M,K-Means|Selection-aware Silhouette leader,10010,10018,359,359,1.0,-0.01830434605532726,0.0009246103552435644
industrials_revenue_20m,Industrials companies with revenue >= $20M,K-Means|Selection-aware Silhouette leader,10010,10019,365,365,1.0,0.6792369216597246,0.6339731633609863
industrials_revenue_20m,Industrials companies with revenue >= $20M,K-Means|Selection-aware Silhouette leader,10011,10012,369,369,1.0,0.9292877934973979,0.8374131955282952
industrials_revenue_20m,Industrials companies with revenue >= $20M,K-Means|Selection-aware Silhouette leader,10011,10013,357,357,1.0,0.9216125798604324,0.8362707503609661
industrials_revenue_20m,Industrials companies with revenue >= $20M,K-Means|Selection-aware Silhouette leader,10011,10014,361,361,1.0,0.6462149097506169,0.6365388690661152
industrials_revenue_20m,Industrials companies with revenue >= $20M,K-Means|Selection-aware Silhouette leader,10011,10015,358,358,1.0,0.9505873546831304,0.8795614162758407
industrials_revenue_20m,Industrials companies with revenue >= $20M,K-Means|Selection-aware Silhouette leader,10011,10016,360,360,1.0,0.5108147332642988,0.5958238820635718
industrials_revenue_20m,Industrials companies with revenue >= $20M,K-Means|Selection-aware Silhouette leader,10011,10017,359,359,1.0,0.9679206217407709,0.935555144911477
industrials_revenue_20m,Industrials companies with revenue >= $20M,K-Means|Selection-aware Silhouette leader,10011,10018,362,362,1.0,0.514789495551254,0.582911755224551
industrials_revenue_20m,Industrials companies with revenue >= $20M,K-Means|Selection-aware Silhouette leader,10011,10019,364,364,1.0,0.9895290138741379,0.9772865157316436
industrials_revenue_20m,Industrials companies with revenue >= $20M,K-Means|Selection-aware Silhouette leader,10012,10013,363,363,1.0,0.9542177716728082,0.9084120164038438
industrials_revenue_20m,Industrials companies with revenue >= $20M,K-Means|Selection-aware Silhouette leader,10012,10014,367,367,1.0,0.5802891903049103,0.5260834548901684
industrials_revenue_20m,Industrials companies with revenue >= $20M,K-Means|Selection-aware Silhouette leader,10012,10015,361,361,1.0,0.9785263658488444,0.9588388674056089
industrials_revenue_20m,Industrials companies with revenue >= $20M,K-Means|Selection-aware Silhouette leader,10012,10016,365,365,1.0,0.5549908833666908,0.6006487406330533
industrials_revenue_20m,Industrials companies with revenue >= $20M,K-Means|Selection-aware Silhouette leader,10012,10017,365,365,1.0,0.9334712604658094,0.8718711668813821
industrials_revenue_20m,Industrials companies with revenue >= $20M,K-Means|Selection-aware Silhouette leader,10012,10018,366,366,1.0,0.5535159331158316,0.6040999845146829
industrials_revenue_20m,Industrials companies with revenue >= $20M,K-Means|Selection-aware Silhouette leader,10012,10019,362,362,1.0,0.9519108842105991,0.8777880870877874
industrials_revenue_20m,Industrials companies with revenue >= $20M,K-Means|Selection-aware Silhouette leader,10013,10014,361,361,1.0,0.6615928063737248,0.6134547057231305
industrials_revenue_20m,Industrials companies with revenue >= $20M,K-Means|Selection-aware Silhouette leader,10013,10015,358,358,1.0,0.965659479778998,0.9262115507953658
industrials_revenue_20m,Industrials companies with revenue >= $20M,K-Means|Selection-aware Silhouette leader,10013,10016,354,354,1.0,0.47543190851513095,0.5801262621851075
industrials_revenue_20m,Industrials companies with revenue >= $20M,K-Means|Selection-aware Silhouette leader,10013,10017,363,363,1.0,0.9344740002649811,0.869595940632386
industrials_revenue_20m,Industrials companies with revenue >= $20M,K-Means|Selection-aware Silhouette leader,10013,10018,356,356,1.0,0.4562963151557942,0.5624271183023493
industrials_revenue_20m,Industrials companies with revenue >= $20M,K-Means|Selection-aware Silhouette leader,10013,10019,371,371,1.0,0.9181685708735025,0.8438669502536656
industrials_revenue_20m,Industrials companies with revenue >= $20M,K-Means|Selection-aware Silhouette leader,10014,10015,358,358,1.0,0.6172725622399435,0.5916185166272891
industrials_revenue_20m,Industrials companies with revenue >= $20M,K-Means|Selection-aware Silhouette leader,10014,10016,360,360,1.0,-0.028407361647991933,0.0023356155001974027
industrials_revenue_20m,Industrials companies with revenue >= $20M,K-Means|Selection-aware Silhouette leader,10014,10017,370,370,1.0,0.6256113532144565,0.5893754901166737
industrials_revenue_20m,Industrials companies with revenue >= $20M,K-Means|Selection-aware Silhouette leader,10014,10018,362,362,1.0,-0.02365150443839096,0.0015401784893165642
industrials_revenue_20m,Industrials companies with revenue >= $20M,K-Means|Selection-aware Silhouette leader,10014,10019,370,370,1.0,0.6355117667776429,0.6193148387438934
industrials_revenue_20m,Industrials companies with revenue >= $20M,K-Means|Selection-aware Silhouette leader,10015,10016,364,364,1.0,0.5269450608167778,0.5902583803518485
industrials_revenue_20m,Industrials companies with revenue >= $20M,K-Means|Selection-aware Silhouette leader,10015,10017,361,361,1.0,0.9442176866576999,0.8965242299068804
industrials_revenue_20m,Industrials companies with revenue >= $20M,K-Means|Selection-aware Silhouette leader,10015,10018,365,365,1.0,0.5393475775960609,0.5988455873484213
industrials_revenue_20m,Industrials companies with revenue >= $20M,K-Means|Selection-aware Silhouette leader,10015,10019,372,372,1.0,0.964984845858908,0.9088710150158196
industrials_revenue_20m,Industrials companies with revenue >= $20M,K-Means|Selection-aware Silhouette leader,10016,10017,365,365,1.0,0.5206903115433752,0.625229260980275
industrials_revenue_20m,Industrials companies with revenue >= $20M,K-Means|Selection-aware Silhouette leader,10016,10018,364,364,1.0,1.0,1.0
industrials_revenue_20m,Industrials companies with revenue >= $20M,K-Means|Selection-aware Silhouette leader,10016,10019,363,363,1.0,0.5116580332155198,0.5980125600122113
industrials_revenue_20m,Industrials companies with revenue >= $20M,K-Means|Selection-aware Silhouette leader,10017,10018,363,363,1.0,0.5203110713680565,0.6253443203268332
industrials_revenue_20m,Industrials companies with revenue >= $20M,K-Means|Selection-aware Silhouette leader,10017,10019,363,363,1.0,0.9581432383235194,0.919295560156521
industrials_revenue_20m,Industrials companies with revenue >= $20M,K-Means|Selection-aware Silhouette leader,10018,10019,355,355,1.0,0.5043225068019723,0.5619470604752456
industrials_revenue_20m,Industrials companies with revenue >= $20M,Agglomerative|Selection-aware Silhouette leader,10000,10001,364,364,1.0,0.5002977056926816,0.5638673770071362
industrials_revenue_20m,Industrials companies with revenue >= $20M,Agglomerative|Selection-aware Silhouette leader,10000,10002,369,369,1.0,0.7521014623108295,0.6606283588523723
industrials_revenue_20m,Industrials companies with revenue >= $20M,Agglomerative|Selection-aware Silhouette leader,10000,10003,360,360,1.0,0.8222566358973589,0.7908172483227497
industrials_revenue_20m,Industrials companies with revenue >= $20M,Agglomerative|Selection-aware Silhouette leader,10000,10004,362,362,1.0,0.4594071660540524,0.5513037332282789
industrials_revenue_20m,Industrials companies with revenue >= $20M,Agglomerative|Selection-aware Silhouette leader,10000,10005,360,360,1.0,0.46577677584857047,0.5146954992976014
industrials_revenue_20m,Industrials companies with revenue >= $20M,Agglomerative|Selection-aware Silhouette leader,10000,10006,361,361,1.0,0.9215326043253755,0.8606581331128491
industrials_revenue_20m,Industrials companies with revenue >= $20M,Agglomerative|Selection-aware Silhouette leader,10000,10007,369,369,1.0,0.5177634875424698,0.5920855046823359
industrials_revenue_20m,Industrials companies with revenue >= $20M,Agglomerative|Selection-aware Silhouette leader,10000,10008,361,361,1.0,0.9002287695114547,0.8221510470739847
industrials_revenue_20m,Industrials companies with revenue >= $20M,Agglomerative|Selection-aware Silhouette leader,10000,10009,357,357,1.0,0.7712907001194673,0.6958700609941467
industrials_revenue_20m,Industrials companies with revenue >= $20M,Agglomerative|Selection-aware Silhouette leader,10000,10010,365,365,1.0,0.7066422118410022,0.6265072297098572
industrials_revenue_20m,Industrials companies with revenue >= $20M,Agglomerative|Selection-aware Silhouette leader,10000,10011,356,356,1.0,0.47468775590270185,0.565877386396188
industrials_revenue_20m,Industrials companies with revenue >= $20M,Agglomerative|Selection-aware Silhouette leader,10000,10012,366,366,1.0,0.8996195682352836,0.8228992787901516
industrials_revenue_20m,Industrials companies with revenue >= $20M,Agglomerative|Selection-aware Silhouette leader,10000,10013,367,367,1.0,0.9557462843495282,0.9158438867733499
industrials_revenue_20m,Industrials companies with revenue >= $20M,Agglomerative|Selection-aware Silhouette leader,10000,10014,353,353,1.0,0.7091131168851684,0.6702610692840567
industrials_revenue_20m,Industrials companies with revenue >= $20M,Agglomerative|Selection-aware Silhouette leader,10000,10015,364,364,1.0,0.9886815119181691,0.97507339222576
industrials_revenue_20m,Industrials companies with revenue >= $20M,Agglomerative|Selection-aware Silhouette leader,10000,10016,359,359,1.0,0.4597454533047499,0.520610153756412
industrials_revenue_20m,Industrials companies with revenue >= $20M,Agglomerative|Selection-aware Silhouette leader,10000,10017,363,363,1.0,0.5072491589545937,0.5799245544116406
industrials_revenue_20m,Industrials companies with revenue >= $20M,Agglomerative|Selection-aware Silhouette leader,10000,10018,366,366,1.0,0.43200322534390284,0.4721667908365876
industrials_revenue_20m,Industrials companies with revenue >= $20M,Agglomerative|Selection-aware Silhouette leader,10000,10019,357,357,1.0,0.9082338566010708,0.8689900706691054
industrials_revenue_20m,Industrials companies with revenue >= $20M,Agglomerative|Selection-aware Silhouette leader,10001,10002,364,364,1.0,0.42969517890106956,0.47409586007093746
industrials_revenue_20m,Industrials companies with revenue >= $20M,Agglomerative|Selection-aware Silhouette leader,10001,10003,362,362,1.0,0.3798876943099288,0.49743144686317
industrials_revenue_20m,Industrials companies with revenue >= $20M,Agglomerative|Selection-aware Silhouette leader,10001,10004,358,358,1.0,0.9206960465666366,0.8453757169932535
industrials_revenue_20m,Industrials companies with revenue >= $20M,Agglomerative|Selection-aware Silhouette leader,10001,10005,363,363,1.0,0.980291740710751,0.9493891724458847
industrials_revenue_20m,Industrials companies with revenue >= $20M,Agglomerative|Selection-aware Silhouette leader,10001,10006,359,359,1.0,0.5461144910949939,0.5655028105448421
industrials_revenue_20m,Industrials companies with revenue >= $20M,Agglomerative|Selection-aware Silhouette leader,10001,10007,361,361,1.0,0.961047642166934,0.911856207507644
industrials_revenue_20m,Industrials companies with revenue >= $20M,Agglomerative|Selection-aware Silhouette leader,10001,10008,363,363,1.0,0.5512270127217622,0.6079290204508312
industrials_revenue_20m,Industrials companies with revenue >= $20M,Agglomerative|Selection-aware Silhouette leader,10001,10009,365,365,1.0,0.4699913392957065,0.5824629878476179
industrials_revenue_20m,Industrials companies with revenue >= $20M,Agglomerative|Selection-aware Silhouette leader,10001,10010,352,352,1.0,-0.03559952443422795,0.003809573210505822
industrials_revenue_20m,Industrials companies with revenue >= $20M,Agglomerative|Selection-aware Silhouette leader,10001,10011,360,360,1.0,0.941075487159427,0.8774374797995508
industrials_revenue_20m,Industrials companies with revenue >= $20M,Agglomerative|Selection-aware Silhouette leader,10001,10012,358,358,1.0,0.5174038125875559,0.5706537592615536
industrials_revenue_20m,Industrials companies with revenue >= $20M,Agglomerative|Selection-aware Silhouette leader,10001,10013,360,360,1.0,0.429894247517407,0.48442160980175664
industrials_revenue_20m,Industrials companies with revenue >= $20M,Agglomerative|Selection-aware Silhouette leader,10001,10014,359,359,1.0,-0.05004053494719167,0.00787918379673814
industrials_revenue_20m,Industrials companies with revenue >= $20M,Agglomerative|Selection-aware Silhouette leader,10001,10015,366,366,1.0,0.47845093338866584,0.5070838189771905
industrials_revenue_20m,Industrials companies with revenue >= $20M,Agglomerative|Selection-aware Silhouette leader,10001,10016,366,366,1.0,0.9799011652418612,0.9485392196318948
industrials_revenue_20m,Industrials companies with revenue >= $20M,Agglomerative|Selection-aware Silhouette leader,10001,10017,361,361,1.0,0.9171907228318998,0.8398678960416325
industrials_revenue_20m,Industrials companies with revenue >= $20M,Agglomerative|Selection-aware Silhouette leader,10001,10018,372,372,1.0,0.9605294838474009,0.9108178584898282
industrials_revenue_20m,Industrials companies with revenue >= $20M,Agglomerative|Selection-aware Silhouette leader,10001,10019,363,363,1.0,0.511583929040762,0.5315620074310181
industrials_revenue_20m,Industrials companies with revenue >= $20M,Agglomerative|Selection-aware Silhouette leader,10002,10003,363,363,1.0,0.9198275974590266,0.8385808625483512
industrials_revenue_20m,Industrials companies with revenue >= $20M,Agglomerative|Selection-aware Silhouette leader,10002,10004,356,356,1.0,0.4194799199405587,0.48336461647634793
industrials_revenue_20m,Industrials companies with revenue >= $20M,Agglomerative|Selection-aware Silhouette leader,10002,10005,362,362,1.0,0.4523220920876471,0.512439550602495
industrials_revenue_20m,Industrials companies with revenue >= $20M,Agglomerative|Selection-aware Silhouette leader,10002,10006,368,368,1.0,0.7286317052377493,0.6234212057011552
industrials_revenue_20m,Industrials companies with revenue >= $20M,Agglomerative|Selection-aware Silhouette leader,10002,10007,366,366,1.0,0.4599677114461317,0.535840061207626
industrials_revenue_20m,Industrials companies with revenue >= $20M,Agglomerative|Selection-aware Silhouette leader,10002,10008,357,357,1.0,0.7458199102566166,0.6754666834211082
industrials_revenue_20m,Industrials companies with revenue >= $20M,Agglomerative|Selection-aware Silhouette leader,10002,10009,367,367,1.0,0.8748971003009113,0.7610137567082349
industrials_revenue_20m,Industrials companies with revenue >= $20M,Agglomerative|Selection-aware Silhouette leader,10002,10010,362,362,1.0,0.5428594609790873,0.5077278612029973
industrials_revenue_20m,Industrials companies with revenue >= $20M,Agglomerative|Selection-aware Silhouette leader,10002,10011,359,359,1.0,0.37907357581711565,0.46605471600273546
industrials_revenue_20m,Industrials companies with revenue >= $20M,Agglomerative|Selection-aware Silhouette leader,10002,10012,361,361,1.0,0.7008572196535974,0.5970847156268114
industrials_revenue_20m,Industrials companies with revenue >= $20M,Agglomerative|Selection-aware Silhouette leader,10002,10013,355,355,1.0,0.7841085273300095,0.6748703778937581
industrials_revenue_20m,Industrials companies with revenue >= $20M,Agglomerative|Selection-aware Silhouette leader,10002,10014,352,352,1.0,0.5049160093758669,0.4426729423772919
industrials_revenue_20m,Industrials companies with revenue >= $20M,Agglomerative|Selection-aware Silhouette leader,10002,10015,367,367,1.0,0.7095076843058895,0.631256878318364
industrials_revenue_20m,Industrials companies with revenue >= $20M,Agglomerative|Selection-aware Silhouette leader,10002,10016,364,364,1.0,0.3998687324791196,0.47692307549023194
industrials_revenue_20m,Industrials companies with revenue >= $20M,Agglomerative|Selection-aware Silhouette leader,10002,10017,361,361,1.0,0.4119376417836492,0.4974341760983391
industrials_revenue_20m,Industrials companies with revenue >= $20M,Agglomerative|Selection-aware Silhouette leader,10002,10018,360,360,1.0,0.3768100814980235,0.4104564711699805
industrials_revenue_20m,Industrials companies with revenue >= $20M,Agglomerative|Selection-aware Silhouette leader,10002,10019,359,359,1.0,0.6875540346710023,0.6112039530289296
industrials_revenue_20m,Industrials companies with revenue >= $20M,Agglomerative|Selection-aware Silhouette leader,10003,10004,361,361,1.0,0.3791888696436533,0.538343997926774
industrials_revenue_20m,Industrials companies with revenue >= $20M,Agglomerative|Selection-aware Silhouette leader,10003,10005,360,360,1.0,0.39694005828192847,0.49483635952432425
industrials_revenue_20m,Industrials companies with revenue >= $20M,Agglomerative|Selection-aware Silhouette leader,10003,10006,362,362,1.0,0.760944633022116,0.6976446087853702
industrials_revenue_20m,Industrials companies with revenue >= $20M,Agglomerative|Selection-aware Silhouette leader,10003,10007,368,368,1.0,0.42963303060937574,0.574011579901644
industrials_revenue_20m,Industrials companies with revenue >= $20M,Agglomerative|Selection-aware Silhouette leader,10003,10008,363,363,1.0,0.7471159798584477,0.688857390640036
industrials_revenue_20m,Industrials companies with revenue >= $20M,Agglomerative|Selection-aware Silhouette leader,10003,10009,363,363,1.0,0.8813599958144384,0.8057804946291728
industrials_revenue_20m,Industrials companies with revenue >= $20M,Agglomerative|Selection-aware Silhouette leader,10003,10010,360,360,1.0,0.595206120151833,0.5037177238237429
industrials_revenue_20m,Industrials companies with revenue >= $20M,Agglomerative|Selection-aware Silhouette leader,10003,10011,366,366,1.0,0.39714302514963834,0.5549427437883051
industrials_revenue_20m,Industrials companies with revenue >= $20M,Agglomerative|Selection-aware Silhouette leader,10003,10012,363,363,1.0,0.7516382642487828,0.6891446769796534
industrials_revenue_20m,Industrials companies with revenue >= $20M,Agglomerative|Selection-aware Silhouette leader,10003,10013,358,358,1.0,0.8654724714632246,0.8191145276167058
industrials_revenue_20m,Industrials companies with revenue >= $20M,Agglomerative|Selection-aware Silhouette leader,10003,10014,362,362,1.0,0.6312221632197795,0.5629504249894469
industrials_revenue_20m,Industrials companies with revenue >= $20M,Agglomerative|Selection-aware Silhouette leader,10003,10015,362,362,1.0,0.7737294973710747,0.7354877591794728
industrials_revenue_20m,Industrials companies with revenue >= $20M,Agglomerative|Selection-aware Silhouette leader,10003,10016,358,358,1.0,0.342252823559196,0.4749685902729254
industrials_revenue_20m,Industrials companies with revenue >= $20M,Agglomerative|Selection-aware Silhouette leader,10003,10017,363,363,1.0,0.39087368019323887,0.546962321294498
industrials_revenue_20m,Industrials companies with revenue >= $20M,Agglomerative|Selection-aware Silhouette leader,10003,10018,359,359,1.0,0.3170947836085717,0.4110825911345141
industrials_revenue_20m,Industrials companies with revenue >= $20M,Agglomerative|Selection-aware Silhouette leader,10003,10019,359,359,1.0,0.7288951765745001,0.7067843026993887
industrials_revenue_20m,Industrials companies with revenue >= $20M,Agglomerative|Selection-aware Silhouette leader,10004,10005,360,360,1.0,0.8764469171209952,0.782570597837431
industrials_revenue_20m,Industrials companies with revenue >= $20M,Agglomerative|Selection-aware Silhouette leader,10004,10006,355,355,1.0,0.4782161487066525,0.48947523173420404
industrials_revenue_20m,Industrials companies with revenue >= $20M,Agglomerative|Selection-aware Silhouette leader,10004,10007,361,361,1.0,1.0,1.0
industrials_revenue_20m,Industrials companies with revenue >= $20M,Agglomerative|Selection-aware Silhouette leader,10004,10008,364,364,1.0,0.475083072830751,0.49040039799936763
industrials_revenue_20m,Industrials companies with revenue >= $20M,Agglomerative|Selection-aware Silhouette leader,10004,10009,354,354,1.0,0.3981776158306749,0.4894707506267415
industrials_revenue_20m,Industrials companies with revenue >= $20M,Agglomerative|Selection-aware Silhouette leader,10004,10010,369,369,1.0,-0.0018871331158472188,5.686403134886974e-06
industrials_revenue_20m,Industrials companies with revenue >= $20M,Agglomerative|Selection-aware Silhouette leader,10004,10011,366,366,1.0,1.0,1.0
industrials_revenue_20m,Industrials companies with revenue >= $20M,Agglomerative|Selection-aware Silhouette leader,10004,10012,364,364,1.0,0.4828210533985798,0.49937892929492506
industrials_revenue_20m,Industrials companies with revenue >= $20M,Agglomerative|Selection-aware Silhouette leader,10004,10013,366,366,1.0,0.4232039726240141,0.5147350592713447
industrials_revenue_20m,Industrials companies with revenue >= $20M,Agglomerative|Selection-aware Silhouette leader,10004,10014,364,364,1.0,-0.03892901191701972,0.004984471502458427
industrials_revenue_20m,Industrials companies with revenue >= $20M,Agglomerative|Selection-aware Silhouette leader,10004,10015,361,361,1.0,0.4842995660607628,0.5420188497849707
industrials_revenue_20m,Industrials companies with revenue >= $20M,Agglomerative|Selection-aware Silhouette leader,10004,10016,361,361,1.0,0.9171907228318998,0.8398678960416325
industrials_revenue_20m,Industrials companies with revenue >= $20M,Agglomerative|Selection-aware Silhouette leader,10004,10017,357,357,1.0,1.0,1.0
industrials_revenue_20m,Industrials companies with revenue >= $20M,Agglomerative|Selection-aware Silhouette leader,10004,10018,364,364,1.0,0.9370878590522536,0.8707170705425873
industrials_revenue_20m,Industrials companies with revenue >= $20M,Agglomerative|Selection-aware Silhouette leader,10004,10019,363,363,1.0,0.5348500917250759,0.5822575579837586
industrials_revenue_20m,Industrials companies with revenue >= $20M,Agglomerative|Selection-aware Silhouette leader,10005,10006,362,362,1.0,0.5321883716323144,0.539871462132897
industrials_revenue_20m,Industrials companies with revenue >= $20M,Agglomerative|Selection-aware Silhouette leader,10005,10007,363,363,1.0,0.9602672403062692,0.9103781430660279
industrials_revenue_20m,Industrials companies with revenue >= $20M,Agglomerative|Selection-aware Silhouette leader,10005,10008,360,360,1.0,0.5595288339727227,0.6009436606309536
industrials_revenue_20m,Industrials companies with revenue >= $20M,Agglomerative|Selection-aware Silhouette leader,10005,10009,366,366,1.0,0.45816133244464946,0.5336633182560667
industrials_revenue_20m,Industrials companies with revenue >= $20M,Agglomerative|Selection-aware Silhouette leader,10005,10010,358,358,1.0,-0.016233756173183077,0.0006692580199380261
industrials_revenue_20m,Industrials companies with revenue >= $20M,Agglomerative|Selection-aware Silhouette leader,10005,10011,360,360,1.0,0.9002227363295089,0.8153675926659301
industrials_revenue_20m,Industrials companies with revenue >= $20M,Agglomerative|Selection-aware Silhouette leader,10005,10012,360,360,1.0,0.5090084396170045,0.5340725344042594
industrials_revenue_20m,Industrials companies with revenue >= $20M,Agglomerative|Selection-aware Silhouette leader,10005,10013,363,363,1.0,0.4073646923578945,0.45120589658615384
industrials_revenue_20m,Industrials companies with revenue >= $20M,Agglomerative|Selection-aware Silhouette leader,10005,10014,360,360,1.0,-0.051310513536493366,0.008556823342965668
industrials_revenue_20m,Industrials companies with revenue >= $20M,Agglomerative|Selection-aware Silhouette leader,10005,10015,362,362,1.0,0.4757257910502934,0.5001000736765085
industrials_revenue_20m,Industrials companies with revenue >= $20M,Agglomerative|Selection-aware Silhouette leader,10005,10016,357,357,1.0,1.0,1.0
industrials_revenue_20m,Industrials companies with revenue >= $20M,Agglomerative|Selection-aware Silhouette leader,10005,10017,368,368,1.0,0.8826109462289765,0.791019758777382
industrials_revenue_20m,Industrials companies with revenue >= $20M,Agglomerative|Selection-aware Silhouette leader,10005,10018,361,361,1.0,0.9398228929227634,0.8753009501462178
industrials_revenue_20m,Industrials companies with revenue >= $20M,Agglomerative|Selection-aware Silhouette leader,10005,10019,368,368,1.0,0.4714294115303325,0.4791641522248347
industrials_revenue_20m,Industrials companies with revenue >= $20M,Agglomerative|Selection-aware Silhouette leader,10006,10007,364,364,1.0,0.5245039126097563,0.5378076445099236
industrials_revenue_20m,Industrials companies with revenue >= $20M,Agglomerative|Selection-aware Silhouette leader,10006,10008,361,361,1.0,0.9670015999769632,0.9272225814241473
industrials_revenue_20m,Industrials companies with revenue >= $20M,Agglomerative|Selection-aware Silhouette leader,10006,10009,368,368,1.0,0.7828858506416021,0.7137746557954023
industrials_revenue_20m,Industrials companies with revenue >= $20M,Agglomerative|Selection-aware Silhouette leader,10006,10010,367,367,1.0,0.6229469753238555,0.6052097956005373
industrials_revenue_20m,Industrials companies with revenue >= $20M,Agglomerative|Selection-aware Silhouette leader,10006,10011,366,366,1.0,0.4703632784240531,0.49106400156377283
industrials_revenue_20m,Industrials companies with revenue >= $20M,Agglomerative|Selection-aware Silhouette leader,10006,10012,363,363,1.0,0.9891912651972538,0.9762831058975487
industrials_revenue_20m,Industrials companies with revenue >= $20M,Agglomerative|Selection-aware Silhouette leader,10006,10013,365,365,1.0,0.8576511783601757,0.7981938444611766
industrials_revenue_20m,Industrials companies with revenue >= $20M,Agglomerative|Selection-aware Silhouette leader,10006,10014,366,366,1.0,0.5848186482178738,0.5606613161066449
industrials_revenue_20m,Industrials companies with revenue >= $20M,Agglomerative|Selection-aware Silhouette leader,10006,10015,365,365,1.0,0.884991161318127,0.8365403582517581
industrials_revenue_20m,Industrials companies with revenue >= $20M,Agglomerative|Selection-aware Silhouette leader,10006,10016,367,367,1.0,0.5440550780640284,0.5777717733719031
industrials_revenue_20m,Industrials companies with revenue >= $20M,Agglomerative|Selection-aware Silhouette leader,10006,10017,369,369,1.0,0.4864920496218328,0.4878287190597058
industrials_revenue_20m,Industrials companies with revenue >= $20M,Agglomerative|Selection-aware Silhouette leader,10006,10018,357,357,1.0,0.5080705742474697,0.533315812190354
industrials_revenue_20m,Industrials companies with revenue >= $20M,Agglomerative|Selection-aware Silhouette leader,10006,10019,364,364,1.0,0.8067312177930415,0.7335274164053659
industrials_revenue_20m,Industrials companies with revenue >= $20M,Agglomerative|Selection-aware Silhouette leader,10007,10008,361,361,1.0,0.5329576865133957,0.5522808134029661
industrials_revenue_20m,Industrials companies with revenue >= $20M,Agglomerative|Selection-aware Silhouette leader,10007,10009,358,358,1.0,0.45093295573782677,0.5463176977119715
industrials_revenue_20m,Industrials companies with revenue >= $20M,Agglomerative|Selection-aware Silhouette leader,10007,10010,362,362,1.0,-0.008490037911365595,0.00017511693099299066
industrials_revenue_20m,Industrials companies with revenue >= $20M,Agglomerative|Selection-aware Silhouette leader,10007,10011,358,358,1.0,1.0,1.0
industrials_revenue_20m,Industrials companies with revenue >= $20M,Agglomerative|Selection-aware Silhouette leader,10007,10012,366,366,1.0,0.540266995679721,0.5581071115268302
industrials_revenue_20m,Industrials companies with revenue >= $20M,Agglomerative|Selection-aware Silhouette leader,10007,10013,362,362,1.0,0.4979609300897928,0.5847982750529562
industrials_revenue_20m,Industrials companies with revenue >= $20M,Agglomerative|Selection-aware Silhouette leader,10007,10014,356,356,1.0,-0.03966666227865122,0.004981108855197882
industrials_revenue_20m,Industrials companies with revenue >= $20M,Agglomerative|Selection-aware Silhouette leader,10007,10015,361,361,1.0,0.5539874120841289,0.6041201712592572
industrials_revenue_20m,Industrials companies with revenue >= $20M,Agglomerative|Selection-aware Silhouette leader,10007,10016,356,356,1.0,0.978788694408018,0.9461882179758893
industrials_revenue_20m,Industrials companies with revenue >= $20M,Agglomerative|Selection-aware Silhouette leader,10007,10017,358,358,1.0,1.0,1.0
industrials_revenue_20m,Industrials companies with revenue >= $20M,Agglomerative|Selection-aware Silhouette leader,10007,10018,357,357,1.0,0.9591856721252631,0.8957129488018132
industrials_revenue_20m,Industrials companies with revenue >= $20M,Agglomerative|Selection-aware Silhouette leader,10007,10019,361,361,1.0,0.5792628142510335,0.6327052936891353
industrials_revenue_20m,Industrials companies with revenue >= $20M,Agglomerative|Selection-aware Silhouette leader,10008,10009,365,365,1.0,0.8114806804449034,0.7439315334167599
industrials_revenue_20m,Industrials companies with revenue >= $20M,Agglomerative|Selection-aware Silhouette leader,10008,10010,359,359,1.0,0.6655838828578963,0.6802081330117613
industrials_revenue_20m,Industrials companies with revenue >= $20M,Agglomerative|Selection-aware Silhouette leader,10008,10011,365,365,1.0,0.4965703602190674,0.5120620534436665
industrials_revenue_20m,Industrials companies with revenue >= $20M,Agglomerative|Selection-aware Silhouette leader,10008,10012,365,365,1.0,0.9785615832691809,0.9528462952360766
industrials_revenue_20m,Industrials companies with revenue >= $20M,Agglomerative|Selection-aware Silhouette leader,10008,10013,359,359,1.0,0.8547252236762689,0.7947996739255483
industrials_revenue_20m,Industrials companies with revenue >= $20M,Agglomerative|Selection-aware Silhouette leader,10008,10014,362,362,1.0,0.5483665576644096,0.5604541857605309
industrials_revenue_20m,Industrials companies with revenue >= $20M,Agglomerative|Selection-aware Silhouette leader,10008,10015,360,360,1.0,0.85139321961525,0.7822745092744678
industrials_revenue_20m,Industrials companies with revenue >= $20M,Agglomerative|Selection-aware Silhouette leader,10008,10016,368,368,1.0,0.5415273026771368,0.5960068097332736
industrials_revenue_20m,Industrials companies with revenue >= $20M,Agglomerative|Selection-aware Silhouette leader,10008,10017,368,368,1.0,0.47447772471918037,0.4852017989582142
industrials_revenue_20m,Industrials companies with revenue >= $20M,Agglomerative|Selection-aware Silhouette leader,10008,10018,361,361,1.0,0.5338540359120246,0.5905677512048941
industrials_revenue_20m,Industrials companies with revenue >= $20M,Agglomerative|Selection-aware Silhouette leader,10008,10019,366,366,1.0,0.8171637843191696,0.7450292662695881
industrials_revenue_20m,Industrials companies with revenue >= $20M,Agglomerative|Selection-aware Silhouette leader,10009,10010,359,359,1.0,0.5777576513491279,0.5022080847782018
industrials_revenue_20m,Industrials companies with revenue >= $20M,Agglomerative|Selection-aware Silhouette leader,10009,10011,360,360,1.0,0.3892649854179778,0.4876836646779168
industrials_revenue_20m,Industrials companies with revenue >= $20M,Agglomerative|Selection-aware Silhouette leader,10009,10012,365,365,1.0,0.7731873681042372,0.7061631049319909
industrials_revenue_20m,Industrials companies with revenue >= $20M,Agglomerative|Selection-aware Silhouette leader,10009,10013,366,366,1.0,0.7636970527301431,0.6740091935483495
industrials_revenue_20m,Industrials companies with revenue >= $20M,Agglomerative|Selection-aware Silhouette leader,10009,10014,366,366,1.0,0.5013434843812568,0.3967498748789133
industrials_revenue_20m,Industrials companies with revenue >= $20M,Agglomerative|Selection-aware Silhouette leader,10009,10015,359,359,1.0,0.7126714447522902,0.6466661886992472
industrials_revenue_20m,Industrials companies with revenue >= $20M,Agglomerative|Selection-aware Silhouette leader,10009,10016,363,363,1.0,0.42138944426726016,0.5479718162905267
industrials_revenue_20m,Industrials companies with revenue >= $20M,Agglomerative|Selection-aware Silhouette leader,10009,10017,360,360,1.0,0.37859835434796313,0.46166522092598633
industrials_revenue_20m,Industrials companies with revenue >= $20M,Agglomerative|Selection-aware Silhouette leader,10009,10018,357,357,1.0,0.4001696908200838,0.47099860805933097
industrials_revenue_20m,Industrials companies with revenue >= $20M,Agglomerative|Selection-aware Silhouette leader,10009,10019,365,365,1.0,0.7022028096743704,0.6506137140083138
industrials_revenue_20m,Industrials companies with revenue >= $20M,Agglomerative|Selection-aware Silhouette leader,10010,10011,368,368,1.0,-0.03494547340290632,0.0038347745437128083
industrials_revenue_20m,Industrials companies with revenue >= $20M,Agglomerative|Selection-aware Silhouette leader,10010,10012,373,373,1.0,0.6521711868732006,0.6263821912346634
industrials_revenue_20m,Industrials companies with revenue >= $20M,Agglomerative|Selection-aware Silhouette leader,10010,10013,362,362,1.0,0.7587227454124915,0.6821332612579842
industrials_revenue_20m,Industrials companies with revenue >= $20M,Agglomerative|Selection-aware Silhouette leader,10010,10014,360,360,1.0,0.9040709497252247,0.8234624672719878
industrials_revenue_20m,Industrials companies with revenue >= $20M,Agglomerative|Selection-aware Silhouette leader,10010,10015,356,356,1.0,0.6873918733773068,0.615760139338705
industrials_revenue_20m,Industrials companies with revenue >= $20M,Agglomerative|Selection-aware Silhouette leader,10010,10016,356,356,1.0,-0.010384865186472822,0.0002773115027908195
industrials_revenue_20m,Industrials companies with revenue >= $20M,Agglomerative|Selection-aware Silhouette leader,10010,10017,357,357,1.0,-0.020740355823041883,0.0012685195897193739
industrials_revenue_20m,Industrials companies with revenue >= $20M,Agglomerative|Selection-aware Silhouette leader,10010,10018,359,359,1.0,-0.034368241705412146,0.0037416871175929415
industrials_revenue_20m,Industrials companies with revenue >= $20M,Agglomerative|Selection-aware Silhouette leader,10010,10019,365,365,1.0,0.6474026175584093,0.5524363165435408
industrials_revenue_20m,Industrials companies with revenue >= $20M,Agglomerative|Selection-aware Silhouette leader,10011,10012,369,369,1.0,0.4726759987555536,0.49711650194011126
industrials_revenue_20m,Industrials companies with revenue >= $20M,Agglomerative|Selection-aware Silhouette leader,10011,10013,357,357,1.0,0.44870326342297295,0.5353705462815329
industrials_revenue_20m,Industrials companies with revenue >= $20M,Agglomerative|Selection-aware Silhouette leader,10011,10014,361,361,1.0,-0.06189023597542515,0.014580340751832909
industrials_revenue_20m,Industrials companies with revenue >= $20M,Agglomerative|Selection-aware Silhouette leader,10011,10015,358,358,1.0,0.5113195135243841,0.5641021365371338
industrials_revenue_20m,Industrials companies with revenue >= $20M,Agglomerative|Selection-aware Silhouette leader,10011,10016,360,360,1.0,0.9150974330908699,0.8366682366774001
industrials_revenue_20m,Industrials companies with revenue >= $20M,Agglomerative|Selection-aware Silhouette leader,10011,10017,359,359,1.0,1.0,1.0
industrials_revenue_20m,Industrials companies with revenue >= $20M,Agglomerative|Selection-aware Silhouette leader,10011,10018,362,362,1.0,0.8955701203351187,0.7776787863655399
industrials_revenue_20m,Industrials companies with revenue >= $20M,Agglomerative|Selection-aware Silhouette leader,10011,10019,364,364,1.0,0.549400380527952,0.5947137017923906
industrials_revenue_20m,Industrials companies with revenue >= $20M,Agglomerative|Selection-aware Silhouette leader,10012,10013,363,363,1.0,0.8746034746355946,0.8132999686930467
industrials_revenue_20m,Industrials companies with revenue >= $20M,Agglomerative|Selection-aware Silhouette leader,10012,10014,367,367,1.0,0.5760147063231912,0.5471767622238508
industrials_revenue_20m,Industrials companies with revenue >= $20M,Agglomerative|Selection-aware Silhouette leader,10012,10015,361,361,1.0,0.8746840106217421,0.8068947065467231
industrials_revenue_20m,Industrials companies with revenue >= $20M,Agglomerative|Selection-aware Silhouette leader,10012,10016,365,365,1.0,0.5324646350287304,0.5620496700775361
industrials_revenue_20m,Industrials companies with revenue >= $20M,Agglomerative|Selection-aware Silhouette leader,10012,10017,365,365,1.0,0.46937255604229083,0.48758189318210143
industrials_revenue_20m,Industrials companies with revenue >= $20M,Agglomerative|Selection-aware Silhouette leader,10012,10018,366,366,1.0,0.5129911127672954,0.5650415242848524
industrials_revenue_20m,Industrials companies with revenue >= $20M,Agglomerative|Selection-aware Silhouette leader,10012,10019,362,362,1.0,0.8578716113765094,0.7905007496300078
industrials_revenue_20m,Industrials companies with revenue >= $20M,Agglomerative|Selection-aware Silhouette leader,10013,10014,361,361,1.0,0.73486427131038,0.6903020290372082
industrials_revenue_20m,Industrials companies with revenue >= $20M,Agglomerative|Selection-aware Silhouette leader,10013,10015,358,358,1.0,0.9664631248562435,0.9403848982696045
industrials_revenue_20m,Industrials companies with revenue >= $20M,Agglomerative|Selection-aware Silhouette leader,10013,10016,354,354,1.0,0.3899017579680768,0.4517400306715006
industrials_revenue_20m,Industrials companies with revenue >= $20M,Agglomerative|Selection-aware Silhouette leader,10013,10017,363,363,1.0,0.45334059267308163,0.5338968069509125
industrials_revenue_20m,Industrials companies with revenue >= $20M,Agglomerative|Selection-aware Silhouette leader,10013,10018,356,356,1.0,0.3599937864313375,0.4134713743303603
industrials_revenue_20m,Industrials companies with revenue >= $20M,Agglomerative|Selection-aware Silhouette leader,10013,10019,371,371,1.0,0.8810938666246448,0.8415861379049538
industrials_revenue_20m,Industrials companies with revenue >= $20M,Agglomerative|Selection-aware Silhouette leader,10014,10015,358,358,1.0,0.6574412039138183,0.6061620464449108
industrials_revenue_20m,Industrials companies with revenue >= $20M,Agglomerative|Selection-aware Silhouette leader,10014,10016,360,360,1.0,-0.047410988957751546,0.007285471840930724
industrials_revenue_20m,Industrials companies with revenue >= $20M,Agglomerative|Selection-aware Silhouette leader,10014,10017,370,370,1.0,-0.05961280198775678,0.01328438276615771
industrials_revenue_20m,Industrials companies with revenue >= $20M,Agglomerative|Selection-aware Silhouette leader,10014,10018,362,362,1.0,-0.045954143648968944,0.006923382446434666
industrials_revenue_20m,Industrials companies with revenue >= $20M,Agglomerative|Selection-aware Silhouette leader,10014,10019,370,370,1.0,0.5851786009416488,0.5104872794305342
industrials_revenue_20m,Industrials companies with revenue >= $20M,Agglomerative|Selection-aware Silhouette leader,10015,10016,364,364,1.0,0.47365151716027315,0.5138914052826107
industrials_revenue_20m,Industrials companies with revenue >= $20M,Agglomerative|Selection-aware Silhouette leader,10015,10017,361,361,1.0,0.5063593028265968,0.5673986422990709
industrials_revenue_20m,Industrials companies with revenue >= $20M,Agglomerative|Selection-aware Silhouette leader,10015,10018,365,365,1.0,0.43146277900551416,0.4431101992934628
industrials_revenue_20m,Industrials companies with revenue >= $20M,Agglomerative|Selection-aware Silhouette leader,10015,10019,372,372,1.0,0.9345079544609669,0.8990787978450729
industrials_revenue_20m,Industrials companies with revenue >= $20M,Agglomerative|Selection-aware Silhouette leader,10016,10017,365,365,1.0,0.9131960244022924,0.8337523779342275
industrials_revenue_20m,Industrials companies with revenue >= $20M,Agglomerative|Selection-aware Silhouette leader,10016,10018,364,364,1.0,0.9584418921298035,0.9070056858951528
industrials_revenue_20m,Industrials companies with revenue >= $20M,Agglomerative|Selection-aware Silhouette leader,10016,10019,363,363,1.0,0.4801544418430487,0.4956706236522413
industrials_revenue_20m,Industrials companies with revenue >= $20M,Agglomerative|Selection-aware Silhouette leader,10017,10018,363,363,1.0,0.8735797400216095,0.7435245452086319
industrials_revenue_20m,Industrials companies with revenue >= $20M,Agglomerative|Selection-aware Silhouette leader,10017,10019,363,363,1.0,0.5127773487793138,0.567908349179833
industrials_revenue_20m,Industrials companies with revenue >= $20M,Agglomerative|Selection-aware Silhouette leader,10018,10019,355,355,1.0,0.4677176023591505,0.4515975105653637
industrials_revenue_20m,Industrials companies with revenue >= $20M,Gaussian Mixture|Selection-aware Silhouette leader,10000,10001,364,364,1.0,0.47309352143639977,0.3419437789030012
industrials_revenue_20m,Industrials companies with revenue >= $20M,Gaussian Mixture|Selection-aware Silhouette leader,10000,10002,369,369,1.0,0.5446146340972433,0.42117621586997267
industrials_revenue_20m,Industrials companies with revenue >= $20M,Gaussian Mixture|Selection-aware Silhouette leader,10000,10003,360,360,1.0,0.8340839379022369,0.7628672504960571
industrials_revenue_20m,Industrials companies with revenue >= $20M,Gaussian Mixture|Selection-aware Silhouette leader,10000,10004,362,362,1.0,0.7102249598327066,0.6262328979037837
industrials_revenue_20m,Industrials companies with revenue >= $20M,Gaussian Mixture|Selection-aware Silhouette leader,10000,10005,360,360,1.0,0.6575758726983837,0.5347993262587534
industrials_revenue_20m,Industrials companies with revenue >= $20M,Gaussian Mixture|Selection-aware Silhouette leader,10000,10006,361,361,1.0,0.40641009905931774,0.27811481317768505
industrials_revenue_20m,Industrials companies with revenue >= $20M,Gaussian Mixture|Selection-aware Silhouette leader,10000,10007,369,369,1.0,0.8597719635123112,0.7685151877627566
industrials_revenue_20m,Industrials companies with revenue >= $20M,Gaussian Mixture|Selection-aware Silhouette leader,10000,10008,361,361,1.0,0.44114921042988287,0.3162429258406428
industrials_revenue_20m,Industrials companies with revenue >= $20M,Gaussian Mixture|Selection-aware Silhouette leader,10000,10009,357,357,1.0,0.5977255980370559,0.5181251239889103
industrials_revenue_20m,Industrials companies with revenue >= $20M,Gaussian Mixture|Selection-aware Silhouette leader,10000,10010,365,365,1.0,0.6542278031303054,0.4998028147755631
industrials_revenue_20m,Industrials companies with revenue >= $20M,Gaussian Mixture|Selection-aware Silhouette leader,10000,10011,356,356,1.0,0.6203560684356134,0.49521298267553837
industrials_revenue_20m,Industrials companies with revenue >= $20M,Gaussian Mixture|Selection-aware Silhouette leader,10000,10012,366,366,1.0,0.4565261223474858,0.3140544402821517
industrials_revenue_20m,Industrials companies with revenue >= $20M,Gaussian Mixture|Selection-aware Silhouette leader,10000,10013,367,367,1.0,0.5661779386521936,0.49799897639729146
industrials_revenue_20m,Industrials companies with revenue >= $20M,Gaussian Mixture|Selection-aware Silhouette leader,10000,10014,353,353,1.0,0.9083210753500865,0.8285534652010142
industrials_revenue_20m,Industrials companies with revenue >= $20M,Gaussian Mixture|Selection-aware Silhouette leader,10000,10015,364,364,1.0,0.4862909909128993,0.3577251044256644
industrials_revenue_20m,Industrials companies with revenue >= $20M,Gaussian Mixture|Selection-aware Silhouette leader,10000,10016,359,359,1.0,0.5645140204638137,0.464081025368225
industrials_revenue_20m,Industrials companies with revenue >= $20M,Gaussian Mixture|Selection-aware Silhouette leader,10000,10017,363,363,1.0,0.6418348839806156,0.5212558814579271
industrials_revenue_20m,Industrials companies with revenue >= $20M,Gaussian Mixture|Selection-aware Silhouette leader,10000,10018,366,366,1.0,0.4787633862834991,0.3488149700939011
industrials_revenue_20m,Industrials companies with revenue >= $20M,Gaussian Mixture|Selection-aware Silhouette leader,10000,10019,357,357,1.0,0.641708584901074,0.5281004898180529
industrials_revenue_20m,Industrials companies with revenue >= $20M,Gaussian Mixture|Selection-aware Silhouette leader,10001,10002,364,364,1.0,0.5532902836601693,0.4331226820153396
industrials_revenue_20m,Industrials companies with revenue >= $20M,Gaussian Mixture|Selection-aware Silhouette leader,10001,10003,362,362,1.0,0.38804402668913235,0.28079036729630835
industrials_revenue_20m,Industrials companies with revenue >= $20M,Gaussian Mixture|Selection-aware Silhouette leader,10001,10004,358,358,1.0,0.7280567337037401,0.612520624273708
industrials_revenue_20m,Industrials companies with revenue >= $20M,Gaussian Mixture|Selection-aware Silhouette leader,10001,10005,363,363,1.0,0.6376677081700138,0.5037104301809997
industrials_revenue_20m,Industrials companies with revenue >= $20M,Gaussian Mixture|Selection-aware Silhouette leader,10001,10006,359,359,1.0,0.8371823732876416,0.7300055214357921
industrials_revenue_20m,Industrials companies with revenue >= $20M,Gaussian Mixture|Selection-aware Silhouette leader,10001,10007,361,361,1.0,0.4271445183480379,0.3021675027658616
industrials_revenue_20m,Industrials companies with revenue >= $20M,Gaussian Mixture|Selection-aware Silhouette leader,10001,10008,363,363,1.0,0.9232680481891419,0.8526872798325225
industrials_revenue_20m,Industrials companies with revenue >= $20M,Gaussian Mixture|Selection-aware Silhouette leader,10001,10009,365,365,1.0,0.6959602201989564,0.584579700430767
industrials_revenue_20m,Industrials companies with revenue >= $20M,Gaussian Mixture|Selection-aware Silhouette leader,10001,10010,352,352,1.0,0.3196372730011893,0.20588397176898235
industrials_revenue_20m,Industrials companies with revenue >= $20M,Gaussian Mixture|Selection-aware Silhouette leader,10001,10011,360,360,1.0,0.45226721911666534,0.3275171168928451
industrials_revenue_20m,Industrials companies with revenue >= $20M,Gaussian Mixture|Selection-aware Silhouette leader,10001,10012,358,358,1.0,0.8264287182012006,0.7626069917515992
industrials_revenue_20m,Industrials companies with revenue >= $20M,Gaussian Mixture|Selection-aware Silhouette leader,10001,10013,360,360,1.0,0.6111156192172831,0.5071916213838044
industrials_revenue_20m,Industrials companies with revenue >= $20M,Gaussian Mixture|Selection-aware Silhouette leader,10001,10014,359,359,1.0,0.4338787022698654,0.3048855237962158
industrials_revenue_20m,Industrials companies with revenue >= $20M,Gaussian Mixture|Selection-aware Silhouette leader,10001,10015,366,366,1.0,0.9240540628808138,0.8626511536614321
industrials_revenue_20m,Industrials companies with revenue >= $20M,Gaussian Mixture|Selection-aware Silhouette leader,10001,10016,366,366,1.0,0.5817334475451693,0.4590721358509202
industrials_revenue_20m,Industrials companies with revenue >= $20M,Gaussian Mixture|Selection-aware Silhouette leader,10001,10017,361,361,1.0,0.6452134760003707,0.5123036152907754
industrials_revenue_20m,Industrials companies with revenue >= $20M,Gaussian Mixture|Selection-aware Silhouette leader,10001,10018,372,372,1.0,0.9250921644425494,0.8555162513308907
industrials_revenue_20m,Industrials companies with revenue >= $20M,Gaussian Mixture|Selection-aware Silhouette leader,10001,10019,363,363,1.0,0.4887119992880025,0.36553298290654174
industrials_revenue_20m,Industrials companies with revenue >= $20M,Gaussian Mixture|Selection-aware Silhouette leader,10002,10003,363,363,1.0,0.5284006177045724,0.441734900103099
industrials_revenue_20m,Industrials companies with revenue >= $20M,Gaussian Mixture|Selection-aware Silhouette leader,10002,10004,356,356,1.0,0.7411861100786247,0.6427763120131376
industrials_revenue_20m,Industrials companies with revenue >= $20M,Gaussian Mixture|Selection-aware Silhouette leader,10002,10005,362,362,1.0,0.6613819969282192,0.5589041007172066
industrials_revenue_20m,Industrials companies with revenue >= $20M,Gaussian Mixture|Selection-aware Silhouette leader,10002,10006,368,368,1.0,0.5936411963390454,0.4852552350961111
industrials_revenue_20m,Industrials companies with revenue >= $20M,Gaussian Mixture|Selection-aware Silhouette leader,10002,10007,366,366,1.0,0.5996180597799787,0.47837442868820157
industrials_revenue_20m,Industrials companies with revenue >= $20M,Gaussian Mixture|Selection-aware Silhouette leader,10002,10008,357,357,1.0,0.5792562413043358,0.45684694591885994
industrials_revenue_20m,Industrials companies with revenue >= $20M,Gaussian Mixture|Selection-aware Silhouette leader,10002,10009,367,367,1.0,0.7655747590366755,0.7045121738621165
industrials_revenue_20m,Industrials companies with revenue >= $20M,Gaussian Mixture|Selection-aware Silhouette leader,10002,10010,362,362,1.0,0.591675631134706,0.52701755272712
industrials_revenue_20m,Industrials companies with revenue >= $20M,Gaussian Mixture|Selection-aware Silhouette leader,10002,10011,359,359,1.0,0.6667265710463824,0.5516185435430547
industrials_revenue_20m,Industrials companies with revenue >= $20M,Gaussian Mixture|Selection-aware Silhouette leader,10002,10012,361,361,1.0,0.5613065387455065,0.4667191822459391
industrials_revenue_20m,Industrials companies with revenue >= $20M,Gaussian Mixture|Selection-aware Silhouette leader,10002,10013,355,355,1.0,0.7636713054526608,0.6905279177991516
industrials_revenue_20m,Industrials companies with revenue >= $20M,Gaussian Mixture|Selection-aware Silhouette leader,10002,10014,352,352,1.0,0.5664307492804314,0.46008436164956296
industrials_revenue_20m,Industrials companies with revenue >= $20M,Gaussian Mixture|Selection-aware Silhouette leader,10002,10015,367,367,1.0,0.5060986350584247,0.40432305765118576
industrials_revenue_20m,Industrials companies with revenue >= $20M,Gaussian Mixture|Selection-aware Silhouette leader,10002,10016,364,364,1.0,0.7651146306934871,0.6727025659022071
industrials_revenue_20m,Industrials companies with revenue >= $20M,Gaussian Mixture|Selection-aware Silhouette leader,10002,10017,361,361,1.0,0.6942344630356838,0.5867068099032267
industrials_revenue_20m,Industrials companies with revenue >= $20M,Gaussian Mixture|Selection-aware Silhouette leader,10002,10018,360,360,1.0,0.5146944757935549,0.406376275796399
industrials_revenue_20m,Industrials companies with revenue >= $20M,Gaussian Mixture|Selection-aware Silhouette leader,10002,10019,359,359,1.0,0.6876189152527118,0.5834947354925534
industrials_revenue_20m,Industrials companies with revenue >= $20M,Gaussian Mixture|Selection-aware Silhouette leader,10003,10004,361,361,1.0,0.5989829222345844,0.5631344906888859
industrials_revenue_20m,Industrials companies with revenue >= $20M,Gaussian Mixture|Selection-aware Silhouette leader,10003,10005,360,360,1.0,0.6130382771121311,0.569341130067967
industrials_revenue_20m,Industrials companies with revenue >= $20M,Gaussian Mixture|Selection-aware Silhouette leader,10003,10006,362,362,1.0,0.3464462684743276,0.23909702958668227
industrials_revenue_20m,Industrials companies with revenue >= $20M,Gaussian Mixture|Selection-aware Silhouette leader,10003,10007,368,368,1.0,0.7671396460667435,0.6968366631348393
industrials_revenue_20m,Industrials companies with revenue >= $20M,Gaussian Mixture|Selection-aware Silhouette leader,10003,10008,363,363,1.0,0.34791584728599534,0.24362968094606824
industrials_revenue_20m,Industrials companies with revenue >= $20M,Gaussian Mixture|Selection-aware Silhouette leader,10003,10009,363,363,1.0,0.5356608126321953,0.520557342129465
industrials_revenue_20m,Industrials companies with revenue >= $20M,Gaussian Mixture|Selection-aware Silhouette leader,10003,10010,360,360,1.0,0.6255590958551089,0.4666109559557391
industrials_revenue_20m,Industrials companies with revenue >= $20M,Gaussian Mixture|Selection-aware Silhouette leader,10003,10011,366,366,1.0,0.6538779782710781,0.5822942417561386
industrials_revenue_20m,Industrials companies with revenue >= $20M,Gaussian Mixture|Selection-aware Silhouette leader,10003,10012,363,363,1.0,0.41978932349954484,0.28926078648960174
industrials_revenue_20m,Industrials companies with revenue >= $20M,Gaussian Mixture|Selection-aware Silhouette leader,10003,10013,358,358,1.0,0.5235589360481895,0.516140034885725
industrials_revenue_20m,Industrials companies with revenue >= $20M,Gaussian Mixture|Selection-aware Silhouette leader,10003,10014,362,362,1.0,0.8977937087131646,0.8329279121256458
industrials_revenue_20m,Industrials companies with revenue >= $20M,Gaussian Mixture|Selection-aware Silhouette leader,10003,10015,362,362,1.0,0.3638758436269098,0.2564987843838173
industrials_revenue_20m,Industrials companies with revenue >= $20M,Gaussian Mixture|Selection-aware Silhouette leader,10003,10016,358,358,1.0,0.5968163834358442,0.5630510213536617
industrials_revenue_20m,Industrials companies with revenue >= $20M,Gaussian Mixture|Selection-aware Silhouette leader,10003,10017,363,363,1.0,0.6425284319540308,0.5923660695641838
industrials_revenue_20m,Industrials companies with revenue >= $20M,Gaussian Mixture|Selection-aware Silhouette leader,10003,10018,359,359,1.0,0.381294092967185,0.2743516476733831
industrials_revenue_20m,Industrials companies with revenue >= $20M,Gaussian Mixture|Selection-aware Silhouette leader,10003,10019,359,359,1.0,0.6423598220056904,0.5984934593203676
industrials_revenue_20m,Industrials companies with revenue >= $20M,Gaussian Mixture|Selection-aware Silhouette leader,10004,10005,360,360,1.0,0.8695180986342819,0.7873249994987569
industrials_revenue_20m,Industrials companies with revenue >= $20M,Gaussian Mixture|Selection-aware Silhouette leader,10004,10006,355,355,1.0,0.6962676131058074,0.5724621751366643
industrials_revenue_20m,Industrials companies with revenue >= $20M,Gaussian Mixture|Selection-aware Silhouette leader,10004,10007,361,361,1.0,0.6821322926247234,0.5803369851611455
industrials_revenue_20m,Industrials companies with revenue >= $20M,Gaussian Mixture|Selection-aware Silhouette leader,10004,10008,364,364,1.0,0.731550410242539,0.6137084166836996
industrials_revenue_20m,Industrials companies with revenue >= $20M,Gaussian Mixture|Selection-aware Silhouette leader,10004,10009,354,354,1.0,0.8787860201088795,0.7970314948212536
industrials_revenue_20m,Industrials companies with revenue >= $20M,Gaussian Mixture|Selection-aware Silhouette leader,10004,10010,369,369,1.0,0.5044116822135833,0.40621073837213023
industrials_revenue_20m,Industrials companies with revenue >= $20M,Gaussian Mixture|Selection-aware Silhouette leader,10004,10011,366,366,1.0,0.7328248328481819,0.6222894286666028
industrials_revenue_20m,Industrials companies with revenue >= $20M,Gaussian Mixture|Selection-aware Silhouette leader,10004,10012,364,364,1.0,0.7026506876706311,0.603943076586592
industrials_revenue_20m,Industrials companies with revenue >= $20M,Gaussian Mixture|Selection-aware Silhouette leader,10004,10013,366,366,1.0,0.8420236205344059,0.7569327883200092
industrials_revenue_20m,Industrials companies with revenue >= $20M,Gaussian Mixture|Selection-aware Silhouette leader,10004,10014,364,364,1.0,0.646008112089843,0.5690347513986614
industrials_revenue_20m,Industrials companies with revenue >= $20M,Gaussian Mixture|Selection-aware Silhouette leader,10004,10015,361,361,1.0,0.6928184858740531,0.5809987582955427
industrials_revenue_20m,Industrials companies with revenue >= $20M,Gaussian Mixture|Selection-aware Silhouette leader,10004,10016,361,361,1.0,0.8499717333262583,0.7565662534767936
industrials_revenue_20m,Industrials companies with revenue >= $20M,Gaussian Mixture|Selection-aware Silhouette leader,10004,10017,357,357,1.0,0.9114068170122178,0.8591910198113197
industrials_revenue_20m,Industrials companies with revenue >= $20M,Gaussian Mixture|Selection-aware Silhouette leader,10004,10018,364,364,1.0,0.7229243531555728,0.6087624415243235
industrials_revenue_20m,Industrials companies with revenue >= $20M,Gaussian Mixture|Selection-aware Silhouette leader,10004,10019,363,363,1.0,0.7226262561042571,0.6104455375772443
industrials_revenue_20m,Industrials companies with revenue >= $20M,Gaussian Mixture|Selection-aware Silhouette leader,10005,10006,362,362,1.0,0.6727336458490577,0.5390885147997909
industrials_revenue_20m,Industrials companies with revenue >= $20M,Gaussian Mixture|Selection-aware Silhouette leader,10005,10007,363,363,1.0,0.599534898905752,0.4692840593889856
industrials_revenue_20m,Industrials companies with revenue >= $20M,Gaussian Mixture|Selection-aware Silhouette leader,10005,10008,360,360,1.0,0.5976559642411835,0.45874925596171806
industrials_revenue_20m,Industrials companies with revenue >= $20M,Gaussian Mixture|Selection-aware Silhouette leader,10005,10009,366,366,1.0,0.8311594051260137,0.7559031585467451
industrials_revenue_20m,Industrials companies with revenue >= $20M,Gaussian Mixture|Selection-aware Silhouette leader,10005,10010,358,358,1.0,0.3979120604182682,0.27363440127053873
industrials_revenue_20m,Industrials companies with revenue >= $20M,Gaussian Mixture|Selection-aware Silhouette leader,10005,10011,360,360,1.0,0.6525834951028562,0.5192817504672156
industrials_revenue_20m,Industrials companies with revenue >= $20M,Gaussian Mixture|Selection-aware Silhouette leader,10005,10012,360,360,1.0,0.7173102058134239,0.593425559347651
industrials_revenue_20m,Industrials companies with revenue >= $20M,Gaussian Mixture|Selection-aware Silhouette leader,10005,10013,363,363,1.0,0.7906823844497028,0.7363538430682773
industrials_revenue_20m,Industrials companies with revenue >= $20M,Gaussian Mixture|Selection-aware Silhouette leader,10005,10014,360,360,1.0,0.6123083823469484,0.50193934891572
industrials_revenue_20m,Industrials companies with revenue >= $20M,Gaussian Mixture|Selection-aware Silhouette leader,10005,10015,362,362,1.0,0.5926515901185292,0.45999089790786785
industrials_revenue_20m,Industrials companies with revenue >= $20M,Gaussian Mixture|Selection-aware Silhouette leader,10005,10016,357,357,1.0,0.8169168743718928,0.7573343324962603
industrials_revenue_20m,Industrials companies with revenue >= $20M,Gaussian Mixture|Selection-aware Silhouette leader,10005,10017,368,368,1.0,0.8824669931742773,0.7928764385284112
industrials_revenue_20m,Industrials companies with revenue >= $20M,Gaussian Mixture|Selection-aware Silhouette leader,10005,10018,361,361,1.0,0.609241593024103,0.4758937631103923
industrials_revenue_20m,Industrials companies with revenue >= $20M,Gaussian Mixture|Selection-aware Silhouette leader,10005,10019,368,368,1.0,0.6348185396544984,0.5059179248222804
industrials_revenue_20m,Industrials companies with revenue >= $20M,Gaussian Mixture|Selection-aware Silhouette leader,10006,10007,364,364,1.0,0.41417479131714346,0.2873482961720064
industrials_revenue_20m,Industrials companies with revenue >= $20M,Gaussian Mixture|Selection-aware Silhouette leader,10006,10008,361,361,1.0,0.8277303490196914,0.7196552455320979
industrials_revenue_20m,Industrials companies with revenue >= $20M,Gaussian Mixture|Selection-aware Silhouette leader,10006,10009,368,368,1.0,0.7442138666773511,0.6318791828997926
industrials_revenue_20m,Industrials companies with revenue >= $20M,Gaussian Mixture|Selection-aware Silhouette leader,10006,10010,367,367,1.0,0.26540404567446163,0.16139019038578195
industrials_revenue_20m,Industrials companies with revenue >= $20M,Gaussian Mixture|Selection-aware Silhouette leader,10006,10011,366,366,1.0,0.4752432421277743,0.35136240554531223
industrials_revenue_20m,Industrials companies with revenue >= $20M,Gaussian Mixture|Selection-aware Silhouette leader,10006,10012,363,363,1.0,0.8807049195109106,0.821379463019187
industrials_revenue_20m,Industrials companies with revenue >= $20M,Gaussian Mixture|Selection-aware Silhouette leader,10006,10013,365,365,1.0,0.6874760699690536,0.5848665531742258
industrials_revenue_20m,Industrials companies with revenue >= $20M,Gaussian Mixture|Selection-aware Silhouette leader,10006,10014,366,366,1.0,0.3826573643946384,0.2585946438535037
industrials_revenue_20m,Industrials companies with revenue >= $20M,Gaussian Mixture|Selection-aware Silhouette leader,10006,10015,365,365,1.0,0.7904472058432397,0.6785346035949199
industrials_revenue_20m,Industrials companies with revenue >= $20M,Gaussian Mixture|Selection-aware Silhouette leader,10006,10016,367,367,1.0,0.6432990430478827,0.5237097453258936
industrials_revenue_20m,Industrials companies with revenue >= $20M,Gaussian Mixture|Selection-aware Silhouette leader,10006,10017,369,369,1.0,0.6782971831084929,0.5465865185020093
industrials_revenue_20m,Industrials companies with revenue >= $20M,Gaussian Mixture|Selection-aware Silhouette leader,10006,10018,357,357,1.0,0.8473010286632386,0.7457192152436448
industrials_revenue_20m,Industrials companies with revenue >= $20M,Gaussian Mixture|Selection-aware Silhouette leader,10006,10019,364,364,1.0,0.4437844223816148,0.3248030440313833
industrials_revenue_20m,Industrials companies with revenue >= $20M,Gaussian Mixture|Selection-aware Silhouette leader,10007,10008,361,361,1.0,0.410911099221822,0.28426485368173404
industrials_revenue_20m,Industrials companies with revenue >= $20M,Gaussian Mixture|Selection-aware Silhouette leader,10007,10009,358,358,1.0,0.6343147695807634,0.5479768921638712
industrials_revenue_20m,Industrials companies with revenue >= $20M,Gaussian Mixture|Selection-aware Silhouette leader,10007,10010,362,362,1.0,0.7016333454511522,0.5675045772214675
industrials_revenue_20m,Industrials companies with revenue >= $20M,Gaussian Mixture|Selection-aware Silhouette leader,10007,10011,358,358,1.0,0.7059476111843593,0.5782505224512045
industrials_revenue_20m,Industrials companies with revenue >= $20M,Gaussian Mixture|Selection-aware Silhouette leader,10007,10012,366,366,1.0,0.43004264281825916,0.2945717938389731
industrials_revenue_20m,Industrials companies with revenue >= $20M,Gaussian Mixture|Selection-aware Silhouette leader,10007,10013,362,362,1.0,0.6301487583699538,0.5672179023002489
industrials_revenue_20m,Industrials companies with revenue >= $20M,Gaussian Mixture|Selection-aware Silhouette leader,10007,10014,356,356,1.0,0.8762302895605619,0.8108115561691135
industrials_revenue_20m,Industrials companies with revenue >= $20M,Gaussian Mixture|Selection-aware Silhouette leader,10007,10015,361,361,1.0,0.4219988878341831,0.29783024483878784
industrials_revenue_20m,Industrials companies with revenue >= $20M,Gaussian Mixture|Selection-aware Silhouette leader,10007,10016,356,356,1.0,0.6511439314684958,0.5502301600313049
industrials_revenue_20m,Industrials companies with revenue >= $20M,Gaussian Mixture|Selection-aware Silhouette leader,10007,10017,358,358,1.0,0.6299128694519482,0.49761887608570254
industrials_revenue_20m,Industrials companies with revenue >= $20M,Gaussian Mixture|Selection-aware Silhouette leader,10007,10018,357,357,1.0,0.4703338784357811,0.34057924345788243
industrials_revenue_20m,Industrials companies with revenue >= $20M,Gaussian Mixture|Selection-aware Silhouette leader,10007,10019,361,361,1.0,0.7297585926738376,0.6313015656057052
industrials_revenue_20m,Industrials companies with revenue >= $20M,Gaussian Mixture|Selection-aware Silhouette leader,10008,10009,365,365,1.0,0.6779761452772063,0.5632564880199612
industrials_revenue_20m,Industrials companies with revenue >= $20M,Gaussian Mixture|Selection-aware Silhouette leader,10008,10010,359,359,1.0,0.3003235657766458,0.18853816095233347
industrials_revenue_20m,Industrials companies with revenue >= $20M,Gaussian Mixture|Selection-aware Silhouette leader,10008,10011,365,365,1.0,0.46552298395876407,0.3391076446348963
industrials_revenue_20m,Industrials companies with revenue >= $20M,Gaussian Mixture|Selection-aware Silhouette leader,10008,10012,365,365,1.0,0.8195017520432918,0.7397825078371543
industrials_revenue_20m,Industrials companies with revenue >= $20M,Gaussian Mixture|Selection-aware Silhouette leader,10008,10013,359,359,1.0,0.5759991020748665,0.4725729359298534
industrials_revenue_20m,Industrials companies with revenue >= $20M,Gaussian Mixture|Selection-aware Silhouette leader,10008,10014,362,362,1.0,0.38264680640903054,0.26364818168974213
industrials_revenue_20m,Industrials companies with revenue >= $20M,Gaussian Mixture|Selection-aware Silhouette leader,10008,10015,360,360,1.0,0.9445144589049336,0.89114897783358
industrials_revenue_20m,Industrials companies with revenue >= $20M,Gaussian Mixture|Selection-aware Silhouette leader,10008,10016,368,368,1.0,0.5750579524333459,0.4492884293709099
industrials_revenue_20m,Industrials companies with revenue >= $20M,Gaussian Mixture|Selection-aware Silhouette leader,10008,10017,368,368,1.0,0.6074880945246871,0.47549227447497827
industrials_revenue_20m,Industrials companies with revenue >= $20M,Gaussian Mixture|Selection-aware Silhouette leader,10008,10018,361,361,1.0,0.9014195415459771,0.8198659212284519
industrials_revenue_20m,Industrials companies with revenue >= $20M,Gaussian Mixture|Selection-aware Silhouette leader,10008,10019,366,366,1.0,0.44599640860579365,0.3256304146794192
industrials_revenue_20m,Industrials companies with revenue >= $20M,Gaussian Mixture|Selection-aware Silhouette leader,10009,10010,359,359,1.0,0.4861491781789581,0.3991323374807544
industrials_revenue_20m,Industrials companies with revenue >= $20M,Gaussian Mixture|Selection-aware Silhouette leader,10009,10011,360,360,1.0,0.7298842805187872,0.650684118489382
industrials_revenue_20m,Industrials companies with revenue >= $20M,Gaussian Mixture|Selection-aware Silhouette leader,10009,10012,365,365,1.0,0.6955358370069062,0.6103592680513954
industrials_revenue_20m,Industrials companies with revenue >= $20M,Gaussian Mixture|Selection-aware Silhouette leader,10009,10013,366,366,1.0,0.9352404269596947,0.8776706371863198
industrials_revenue_20m,Industrials companies with revenue >= $20M,Gaussian Mixture|Selection-aware Silhouette leader,10009,10014,366,366,1.0,0.5876859482808456,0.5254051170436171
industrials_revenue_20m,Industrials companies with revenue >= $20M,Gaussian Mixture|Selection-aware Silhouette leader,10009,10015,359,359,1.0,0.6370692482695551,0.5310322056946432
industrials_revenue_20m,Industrials companies with revenue >= $20M,Gaussian Mixture|Selection-aware Silhouette leader,10009,10016,363,363,1.0,0.902739610747554,0.8266199572347669
industrials_revenue_20m,Industrials companies with revenue >= $20M,Gaussian Mixture|Selection-aware Silhouette leader,10009,10017,360,360,1.0,0.8285863397625948,0.769044693290662
industrials_revenue_20m,Industrials companies with revenue >= $20M,Gaussian Mixture|Selection-aware Silhouette leader,10009,10018,357,357,1.0,0.671817367372813,0.5700750664604456
industrials_revenue_20m,Industrials companies with revenue >= $20M,Gaussian Mixture|Selection-aware Silhouette leader,10009,10019,365,365,1.0,0.7058265423058,0.6108910762403582
industrials_revenue_20m,Industrials companies with revenue >= $20M,Gaussian Mixture|Selection-aware Silhouette leader,10010,10011,368,368,1.0,0.6071921389937968,0.48115338176614136
industrials_revenue_20m,Industrials companies with revenue >= $20M,Gaussian Mixture|Selection-aware Silhouette leader,10010,10012,373,373,1.0,0.32092589439854446,0.19790895319641472
industrials_revenue_20m,Industrials companies with revenue >= $20M,Gaussian Mixture|Selection-aware Silhouette leader,10010,10013,362,362,1.0,0.5088801588760271,0.43727228858428424
industrials_revenue_20m,Industrials companies with revenue >= $20M,Gaussian Mixture|Selection-aware Silhouette leader,10010,10014,360,360,1.0,0.6284966303351405,0.4683133140142955
industrials_revenue_20m,Industrials companies with revenue >= $20M,Gaussian Mixture|Selection-aware Silhouette leader,10010,10015,356,356,1.0,0.26895165070408367,0.17453661234035697
industrials_revenue_20m,Industrials companies with revenue >= $20M,Gaussian Mixture|Selection-aware Silhouette leader,10010,10016,356,356,1.0,0.5229463781862752,0.4259440495112089
industrials_revenue_20m,Industrials companies with revenue >= $20M,Gaussian Mixture|Selection-aware Silhouette leader,10010,10017,357,357,1.0,0.483014256286167,0.3546137345609327
industrials_revenue_20m,Industrials companies with revenue >= $20M,Gaussian Mixture|Selection-aware Silhouette leader,10010,10018,359,359,1.0,0.31749749638164326,0.21016177110862055
industrials_revenue_20m,Industrials companies with revenue >= $20M,Gaussian Mixture|Selection-aware Silhouette leader,10010,10019,365,365,1.0,0.6803697400857762,0.5820080623607755
industrials_revenue_20m,Industrials companies with revenue >= $20M,Gaussian Mixture|Selection-aware Silhouette leader,10011,10012,369,369,1.0,0.49924445386125776,0.36468688781845476
industrials_revenue_20m,Industrials companies with revenue >= $20M,Gaussian Mixture|Selection-aware Silhouette leader,10011,10013,357,357,1.0,0.7872665761242571,0.7325744265766042
industrials_revenue_20m,Industrials companies with revenue >= $20M,Gaussian Mixture|Selection-aware Silhouette leader,10011,10014,361,361,1.0,0.640367447011501,0.5203438688911233
industrials_revenue_20m,Industrials companies with revenue >= $20M,Gaussian Mixture|Selection-aware Silhouette leader,10011,10015,358,358,1.0,0.4211026813832383,0.3032702662126908
industrials_revenue_20m,Industrials companies with revenue >= $20M,Gaussian Mixture|Selection-aware Silhouette leader,10011,10016,360,360,1.0,0.8388666603023185,0.7796050229401577
industrials_revenue_20m,Industrials companies with revenue >= $20M,Gaussian Mixture|Selection-aware Silhouette leader,10011,10017,359,359,1.0,0.7764299614653467,0.6579870481397428
industrials_revenue_20m,Industrials companies with revenue >= $20M,Gaussian Mixture|Selection-aware Silhouette leader,10011,10018,362,362,1.0,0.4411947072660137,0.32147524494010477
industrials_revenue_20m,Industrials companies with revenue >= $20M,Gaussian Mixture|Selection-aware Silhouette leader,10011,10019,364,364,1.0,0.9451414384235871,0.892274632359998
industrials_revenue_20m,Industrials companies with revenue >= $20M,Gaussian Mixture|Selection-aware Silhouette leader,10012,10013,363,363,1.0,0.6668557402501076,0.5874734678541398
industrials_revenue_20m,Industrials companies with revenue >= $20M,Gaussian Mixture|Selection-aware Silhouette leader,10012,10014,367,367,1.0,0.38204621171700126,0.24935582113249743
industrials_revenue_20m,Industrials companies with revenue >= $20M,Gaussian Mixture|Selection-aware Silhouette leader,10012,10015,361,361,1.0,0.8082541240446476,0.7080878952745491
industrials_revenue_20m,Industrials companies with revenue >= $20M,Gaussian Mixture|Selection-aware Silhouette leader,10012,10016,365,365,1.0,0.6395991762820957,0.536555961491757
industrials_revenue_20m,Industrials companies with revenue >= $20M,Gaussian Mixture|Selection-aware Silhouette leader,10012,10017,365,365,1.0,0.702871561762025,0.574214671787756
industrials_revenue_20m,Industrials companies with revenue >= $20M,Gaussian Mixture|Selection-aware Silhouette leader,10012,10018,366,366,1.0,0.8508223098164207,0.7653952509884157
industrials_revenue_20m,Industrials companies with revenue >= $20M,Gaussian Mixture|Selection-aware Silhouette leader,10012,10019,362,362,1.0,0.47741804712504815,0.3508599283205903
industrials_revenue_20m,Industrials companies with revenue >= $20M,Gaussian Mixture|Selection-aware Silhouette leader,10013,10014,361,361,1.0,0.5674117668499848,0.5038567255273528
industrials_revenue_20m,Industrials companies with revenue >= $20M,Gaussian Mixture|Selection-aware Silhouette leader,10013,10015,358,358,1.0,0.5334362360112073,0.44413959401885766
industrials_revenue_20m,Industrials companies with revenue >= $20M,Gaussian Mixture|Selection-aware Silhouette leader,10013,10016,354,354,1.0,0.9774388641899948,0.9542355042187763
industrials_revenue_20m,Industrials companies with revenue >= $20M,Gaussian Mixture|Selection-aware Silhouette leader,10013,10017,363,363,1.0,0.8508481099639293,0.794630688220126
industrials_revenue_20m,Industrials companies with revenue >= $20M,Gaussian Mixture|Selection-aware Silhouette leader,10013,10018,356,356,1.0,0.6079315578672407,0.5124317112889314
industrials_revenue_20m,Industrials companies with revenue >= $20M,Gaussian Mixture|Selection-aware Silhouette leader,10013,10019,371,371,1.0,0.7855400923953091,0.7178810342660963
industrials_revenue_20m,Industrials companies with revenue >= $20M,Gaussian Mixture|Selection-aware Silhouette leader,10014,10015,358,358,1.0,0.41676269771571817,0.29521480151871676
industrials_revenue_20m,Industrials companies with revenue >= $20M,Gaussian Mixture|Selection-aware Silhouette leader,10014,10016,360,360,1.0,0.5564569820810458,0.47448114963502436
industrials_revenue_20m,Industrials companies with revenue >= $20M,Gaussian Mixture|Selection-aware Silhouette leader,10014,10017,370,370,1.0,0.604990545878589,0.48747689668589117
industrials_revenue_20m,Industrials companies with revenue >= $20M,Gaussian Mixture|Selection-aware Silhouette leader,10014,10018,362,362,1.0,0.4348906100950938,0.3096849043568273
industrials_revenue_20m,Industrials companies with revenue >= $20M,Gaussian Mixture|Selection-aware Silhouette leader,10014,10019,370,370,1.0,0.686056336029501,0.5829187794887543
industrials_revenue_20m,Industrials companies with revenue >= $20M,Gaussian Mixture|Selection-aware Silhouette leader,10015,10016,364,364,1.0,0.5147872441804169,0.4008026336889444
industrials_revenue_20m,Industrials companies with revenue >= $20M,Gaussian Mixture|Selection-aware Silhouette leader,10015,10017,361,361,1.0,0.5759248176962121,0.4461258721771824
industrials_revenue_20m,Industrials companies with revenue >= $20M,Gaussian Mixture|Selection-aware Silhouette leader,10015,10018,365,365,1.0,0.9028885456428534,0.8259719083120585
industrials_revenue_20m,Industrials companies with revenue >= $20M,Gaussian Mixture|Selection-aware Silhouette leader,10015,10019,372,372,1.0,0.4331429116505756,0.31949925740524804
industrials_revenue_20m,Industrials companies with revenue >= $20M,Gaussian Mixture|Selection-aware Silhouette leader,10016,10017,365,365,1.0,0.8510569141474416,0.7917372486758222
industrials_revenue_20m,Industrials companies with revenue >= $20M,Gaussian Mixture|Selection-aware Silhouette leader,10016,10018,364,364,1.0,0.5639413436240917,0.4477665519171526
industrials_revenue_20m,Industrials companies with revenue >= $20M,Gaussian Mixture|Selection-aware Silhouette leader,10016,10019,363,363,1.0,0.8103661744854119,0.7217925281321022
industrials_revenue_20m,Industrials companies with revenue >= $20M,Gaussian Mixture|Selection-aware Silhouette leader,10017,10018,363,363,1.0,0.6572415452496462,0.5291335451726031
industrials_revenue_20m,Industrials companies with revenue >= $20M,Gaussian Mixture|Selection-aware Silhouette leader,10017,10019,363,363,1.0,0.7317825566201722,0.6107875392617402
industrials_revenue_20m,Industrials companies with revenue >= $20M,Gaussian Mixture|Selection-aware Silhouette leader,10018,10019,355,355,1.0,0.480581140732878,0.3633466065877444
industrials_revenue_20m,Industrials companies with revenue >= $20M,HDBSCAN separation leader,10000,10001,364,302,0.8296703296703297,0.9213929557830091,0.8780893464183089
industrials_revenue_20m,Industrials companies with revenue >= $20M,HDBSCAN separation leader,10000,10002,369,307,0.8319783197831978,0.5488368960060248,0.5956130529076438
industrials_revenue_20m,Industrials companies with revenue >= $20M,HDBSCAN separation leader,10000,10003,360,296,0.8222222222222222,0.6731237798006382,0.6881372703328288
industrials_revenue_20m,Industrials companies with revenue >= $20M,HDBSCAN separation leader,10000,10004,362,294,0.8121546961325967,0.9378765051380612,0.9169266163735488
industrials_revenue_20m,Industrials companies with revenue >= $20M,HDBSCAN separation leader,10000,10005,360,300,0.8333333333333334,0.9335979007435581,0.8917381679941228
industrials_revenue_20m,Industrials companies with revenue >= $20M,HDBSCAN separation leader,10000,10006,361,291,0.8060941828254847,0.8184240267775174,0.7237643991987907
industrials_revenue_20m,Industrials companies with revenue >= $20M,HDBSCAN separation leader,10000,10007,369,304,0.8238482384823849,1.0,1.0000000000000002
industrials_revenue_20m,Industrials companies with revenue >= $20M,HDBSCAN separation leader,10000,10008,361,296,0.8199445983379502,0.5835711067727887,0.6157129107233158
industrials_revenue_20m,Industrials companies with revenue >= $20M,HDBSCAN separation leader,10000,10009,357,36,0.10084033613445378,0.0,0.0
industrials_revenue_20m,Industrials companies with revenue >= $20M,HDBSCAN separation leader,10000,10010,365,302,0.8273972602739726,0.5542204399484525,0.5937665243144247
industrials_revenue_20m,Industrials companies with revenue >= $20M,HDBSCAN separation leader,10000,10011,356,279,0.7837078651685393,0.9588177042526216,0.9254323237731915
industrials_revenue_20m,Industrials companies with revenue >= $20M,HDBSCAN separation leader,10000,10012,366,298,0.8142076502732241,0.9283200348327189,0.8616482949929536
industrials_revenue_20m,Industrials companies with revenue >= $20M,HDBSCAN separation leader,10000,10013,367,290,0.7901907356948229,0.789568495033159,0.7110613342319738
industrials_revenue_20m,Industrials companies with revenue >= $20M,HDBSCAN separation leader,10000,10014,353,278,0.7875354107648725,0.8470444308648061,0.7498186096897731
industrials_revenue_20m,Industrials companies with revenue >= $20M,HDBSCAN separation leader,10000,10015,364,298,0.8186813186813187,0.6732555048744081,0.688133990588197
industrials_revenue_20m,Industrials companies with revenue >= $20M,HDBSCAN separation leader,10000,10016,359,281,0.7827298050139275,0.919709477612096,0.8976727539410807
industrials_revenue_20m,Industrials companies with revenue >= $20M,HDBSCAN separation leader,10000,10017,363,294,0.8099173553719008,0.8476155401002248,0.7510874795907634
industrials_revenue_20m,Industrials companies with revenue >= $20M,HDBSCAN separation leader,10000,10018,366,302,0.825136612021858,0.5777306346493589,0.49814885708581386
industrials_revenue_20m,Industrials companies with revenue >= $20M,HDBSCAN separation leader,10000,10019,357,291,0.8151260504201681,0.6785208934205008,0.6907381717341905
industrials_revenue_20m,Industrials companies with revenue >= $20M,HDBSCAN separation leader,10001,10002,364,298,0.8186813186813187,0.7241949988361863,0.7241401837637724
industrials_revenue_20m,Industrials companies with revenue >= $20M,HDBSCAN separation leader,10001,10003,362,301,0.8314917127071824,0.6791022584068361,0.6907335543258393
industrials_revenue_20m,Industrials companies with revenue >= $20M,HDBSCAN separation leader,10001,10004,358,294,0.8212290502793296,1.0,1.0
industrials_revenue_20m,Industrials companies with revenue >= $20M,HDBSCAN separation leader,10001,10005,363,301,0.8292011019283747,0.942156269370957,0.9020939428077812
industrials_revenue_20m,Industrials companies with revenue >= $20M,HDBSCAN separation leader,10001,10006,359,299,0.8328690807799443,0.8981999003713658,0.8510105135611729
industrials_revenue_20m,Industrials companies with revenue >= $20M,HDBSCAN separation leader,10001,10007,361,304,0.8421052631578947,0.9715911965502019,0.9439965010589524
industrials_revenue_20m,Industrials companies with revenue >= $20M,HDBSCAN separation leader,10001,10008,363,307,0.8457300275482094,0.6420978149582423,0.6183490252417471
industrials_revenue_20m,Industrials companies with revenue >= $20M,HDBSCAN separation leader,10001,10009,365,45,0.1232876712328767,0.0,0.0
industrials_revenue_20m,Industrials companies with revenue >= $20M,HDBSCAN separation leader,10001,10010,352,300,0.8522727272727273,0.786218719294211,0.7763628040827468
industrials_revenue_20m,Industrials companies with revenue >= $20M,HDBSCAN separation leader,10001,10011,360,288,0.8,0.9636714519668569,0.9323234467362399
industrials_revenue_20m,Industrials companies with revenue >= $20M,HDBSCAN separation leader,10001,10012,358,286,0.7988826815642458,0.9420182453328074,0.8815371983232337
industrials_revenue_20m,Industrials companies with revenue >= $20M,HDBSCAN separation leader,10001,10013,360,286,0.7944444444444444,1.0,1.0
industrials_revenue_20m,Industrials companies with revenue >= $20M,HDBSCAN separation leader,10001,10014,359,284,0.7910863509749304,1.0,1.0
industrials_revenue_20m,Industrials companies with revenue >= $20M,HDBSCAN separation leader,10001,10015,366,304,0.8306010928961749,0.6183163628488981,0.5927836273156661
industrials_revenue_20m,Industrials companies with revenue >= $20M,HDBSCAN separation leader,10001,10016,366,291,0.7950819672131147,1.0,1.0
industrials_revenue_20m,Industrials companies with revenue >= $20M,HDBSCAN separation leader,10001,10017,361,294,0.814404432132964,1.0,1.0
industrials_revenue_20m,Industrials companies with revenue >= $20M,HDBSCAN separation leader,10001,10018,372,311,0.8360215053763441,0.770032860399527,0.7638365640875616
industrials_revenue_20m,Industrials companies with revenue >= $20M,HDBSCAN separation leader,10001,10019,363,298,0.8209366391184573,0.6507042638705781,0.6677965966576676
industrials_revenue_20m,Industrials companies with revenue >= $20M,HDBSCAN separation leader,10002,10003,363,299,0.8236914600550964,1.0,1.0
industrials_revenue_20m,Industrials companies with revenue >= $20M,HDBSCAN separation leader,10002,10004,356,288,0.8089887640449438,1.0,1.0
industrials_revenue_20m,Industrials companies with revenue >= $20M,HDBSCAN separation leader,10002,10005,362,300,0.8287292817679558,0.6711146476728995,0.6343520426658542
industrials_revenue_20m,Industrials companies with revenue >= $20M,HDBSCAN separation leader,10002,10006,368,296,0.8043478260869565,0.6937280598765077,0.6990112107518189
industrials_revenue_20m,Industrials companies with revenue >= $20M,HDBSCAN separation leader,10002,10007,366,305,0.8333333333333334,0.618952303360708,0.598209931121773
industrials_revenue_20m,Industrials companies with revenue >= $20M,HDBSCAN separation leader,10002,10008,357,293,0.8207282913165266,1.0,1.0
industrials_revenue_20m,Industrials companies with revenue >= $20M,HDBSCAN separation leader,10002,10009,367,44,0.11989100817438691,0.0,0.0
industrials_revenue_20m,Industrials companies with revenue >= $20M,HDBSCAN separation leader,10002,10010,362,303,0.8370165745856354,1.0,1.0
industrials_revenue_20m,Industrials companies with revenue >= $20M,HDBSCAN separation leader,10002,10011,359,281,0.7827298050139275,0.6521703403796838,0.6676708709484687
industrials_revenue_20m,Industrials companies with revenue >= $20M,HDBSCAN separation leader,10002,10012,361,286,0.7922437673130194,0.0,0.0
industrials_revenue_20m,Industrials companies with revenue >= $20M,HDBSCAN separation leader,10002,10013,355,281,0.7915492957746478,0.9357826679151012,0.8720527242336273
industrials_revenue_20m,Industrials companies with revenue >= $20M,HDBSCAN separation leader,10002,10014,352,275,0.78125,0.0,0.0
industrials_revenue_20m,Industrials companies with revenue >= $20M,HDBSCAN separation leader,10002,10015,367,300,0.8174386920980926,1.0,1.0
industrials_revenue_20m,Industrials companies with revenue >= $20M,HDBSCAN separation leader,10002,10016,364,286,0.7857142857142857,1.0,1.0
industrials_revenue_20m,Industrials companies with revenue >= $20M,HDBSCAN separation leader,10002,10017,361,286,0.7922437673130194,0.0,0.0
industrials_revenue_20m,Industrials companies with revenue >= $20M,HDBSCAN separation leader,10002,10018,360,295,0.8194444444444444,-0.020025667923299437,0.004250324717537645
industrials_revenue_20m,Industrials companies with revenue >= $20M,HDBSCAN separation leader,10002,10019,359,293,0.8161559888579387,1.0,1.0
industrials_revenue_20m,Industrials companies with revenue >= $20M,HDBSCAN separation leader,10003,10004,361,296,0.8199445983379502,1.0,1.0
industrials_revenue_20m,Industrials companies with revenue >= $20M,HDBSCAN separation leader,10003,10005,360,297,0.825,0.5753685643002948,0.6178849442040235
industrials_revenue_20m,Industrials companies with revenue >= $20M,HDBSCAN separation leader,10003,10006,362,299,0.8259668508287292,0.6179448599375473,0.5926385173358008
industrials_revenue_20m,Industrials companies with revenue >= $20M,HDBSCAN separation leader,10003,10007,368,310,0.842391304347826,0.5434463590047185,0.5973545167859496
industrials_revenue_20m,Industrials companies with revenue >= $20M,HDBSCAN separation leader,10003,10008,363,308,0.8484848484848485,0.8657348490582156,0.7733480307417414
industrials_revenue_20m,Industrials companies with revenue >= $20M,HDBSCAN separation leader,10003,10009,363,35,0.09641873278236915,0.0,0.0
industrials_revenue_20m,Industrials companies with revenue >= $20M,HDBSCAN separation leader,10003,10010,360,316,0.8777777777777778,0.9364075761997463,0.8738201373910125
industrials_revenue_20m,Industrials companies with revenue >= $20M,HDBSCAN separation leader,10003,10011,366,293,0.8005464480874317,0.618685014153079,0.6442913810011006
industrials_revenue_20m,Industrials companies with revenue >= $20M,HDBSCAN separation leader,10003,10012,363,291,0.8016528925619835,0.0,0.0
industrials_revenue_20m,Industrials companies with revenue >= $20M,HDBSCAN separation leader,10003,10013,358,281,0.7849162011173184,1.0,1.0
industrials_revenue_20m,Industrials companies with revenue >= $20M,HDBSCAN separation leader,10003,10014,362,282,0.7790055248618785,0.0,0.0
industrials_revenue_20m,Industrials companies with revenue >= $20M,HDBSCAN separation leader,10003,10015,362,308,0.850828729281768,0.9514862284504835,0.8967605321767268
industrials_revenue_20m,Industrials companies with revenue >= $20M,HDBSCAN separation leader,10003,10016,358,282,0.7877094972067039,1.0,1.0
industrials_revenue_20m,Industrials companies with revenue >= $20M,HDBSCAN separation leader,10003,10017,363,289,0.7961432506887053,0.0,0.0
industrials_revenue_20m,Industrials companies with revenue >= $20M,HDBSCAN separation leader,10003,10018,359,302,0.841225626740947,-0.025876194232768632,0.005893562492061843
industrials_revenue_20m,Industrials companies with revenue >= $20M,HDBSCAN separation leader,10003,10019,359,296,0.8245125348189415,1.0,1.0
industrials_revenue_20m,Industrials companies with revenue >= $20M,HDBSCAN separation leader,10004,10005,360,296,0.8222222222222222,1.0,1.0
industrials_revenue_20m,Industrials companies with revenue >= $20M,HDBSCAN separation leader,10004,10006,355,291,0.819718309859155,0.8276646580680392,0.7235772088053638
industrials_revenue_20m,Industrials companies with revenue >= $20M,HDBSCAN separation leader,10004,10007,361,296,0.8199445983379502,1.0,1.0
industrials_revenue_20m,Industrials companies with revenue >= $20M,HDBSCAN separation leader,10004,10008,364,305,0.8379120879120879,1.0,1.0
industrials_revenue_20m,Industrials companies with revenue >= $20M,HDBSCAN separation leader,10004,10009,354,36,0.1016949152542373,0.0,0.0
industrials_revenue_20m,Industrials companies with revenue >= $20M,HDBSCAN separation leader,10004,10010,369,317,0.8590785907859079,0.964634346311896,0.9189414379286279
industrials_revenue_20m,Industrials companies with revenue >= $20M,HDBSCAN separation leader,10004,10011,366,295,0.8060109289617486,0.9490314128455312,0.9292442560180063
industrials_revenue_20m,Industrials companies with revenue >= $20M,HDBSCAN separation leader,10004,10012,364,289,0.7939560439560439,0.0,0.0
industrials_revenue_20m,Industrials companies with revenue >= $20M,HDBSCAN separation leader,10004,10013,366,300,0.819672131147541,0.9129027896522313,0.8347540831748628
industrials_revenue_20m,Industrials companies with revenue >= $20M,HDBSCAN separation leader,10004,10014,364,278,0.7637362637362637,1.0,1.0
industrials_revenue_20m,Industrials companies with revenue >= $20M,HDBSCAN separation leader,10004,10015,361,295,0.817174515235457,1.0,1.0
industrials_revenue_20m,Industrials companies with revenue >= $20M,HDBSCAN separation leader,10004,10016,361,292,0.8088642659279779,1.0,1.0
industrials_revenue_20m,Industrials companies with revenue >= $20M,HDBSCAN separation leader,10004,10017,357,281,0.7871148459383753,1.0,1.0
industrials_revenue_20m,Industrials companies with revenue >= $20M,HDBSCAN separation leader,10004,10018,364,300,0.8241758241758241,0.0,0.0
industrials_revenue_20m,Industrials companies with revenue >= $20M,HDBSCAN separation leader,10004,10019,363,293,0.8071625344352618,1.0,1.0
industrials_revenue_20m,Industrials companies with revenue >= $20M,HDBSCAN separation leader,10005,10006,362,301,0.8314917127071824,0.9299021704016448,0.8865594548581579
industrials_revenue_20m,Industrials companies with revenue >= $20M,HDBSCAN separation leader,10005,10007,363,312,0.859504132231405,1.0,1.0
industrials_revenue_20m,Industrials companies with revenue >= $20M,HDBSCAN separation leader,10005,10008,360,304,0.8444444444444444,0.5948088942403527,0.6286455125752921
industrials_revenue_20m,Industrials companies with revenue >= $20M,HDBSCAN separation leader,10005,10009,366,40,0.1092896174863388,0.0,0.0
industrials_revenue_20m,Industrials companies with revenue >= $20M,HDBSCAN separation leader,10005,10010,358,305,0.8519553072625698,0.5435930061032306,0.5143037975638369
industrials_revenue_20m,Industrials companies with revenue >= $20M,HDBSCAN separation leader,10005,10011,360,294,0.8166666666666667,0.9637609699975537,0.932482204257693
industrials_revenue_20m,Industrials companies with revenue >= $20M,HDBSCAN separation leader,10005,10012,360,289,0.8027777777777778,0.9281569443453401,0.8611737331790159
industrials_revenue_20m,Industrials companies with revenue >= $20M,HDBSCAN separation leader,10005,10013,363,289,0.7961432506887053,0.8275594501085182,0.7233917590937323
industrials_revenue_20m,Industrials companies with revenue >= $20M,HDBSCAN separation leader,10005,10014,360,286,0.7944444444444444,1.0,1.0
industrials_revenue_20m,Industrials companies with revenue >= $20M,HDBSCAN separation leader,10005,10015,362,305,0.8425414364640884,0.5797806655514604,0.6228692585595286
industrials_revenue_20m,Industrials companies with revenue >= $20M,HDBSCAN separation leader,10005,10016,357,283,0.7927170868347339,1.0,1.0
industrials_revenue_20m,Industrials companies with revenue >= $20M,HDBSCAN separation leader,10005,10017,368,293,0.7961956521739131,1.0,1.0
industrials_revenue_20m,Industrials companies with revenue >= $20M,HDBSCAN separation leader,10005,10018,361,303,0.8393351800554016,0.6925071533256618,0.6534288086076034
industrials_revenue_20m,Industrials companies with revenue >= $20M,HDBSCAN separation leader,10005,10019,368,300,0.8152173913043478,0.6461926830537672,0.6121368365764678
industrials_revenue_20m,Industrials companies with revenue >= $20M,HDBSCAN separation leader,10006,10007,364,307,0.8434065934065934,0.9368828987590132,0.8952860003586027
industrials_revenue_20m,Industrials companies with revenue >= $20M,HDBSCAN separation leader,10006,10008,361,308,0.853185595567867,0.2978962816797188,0.2624952823240777
industrials_revenue_20m,Industrials companies with revenue >= $20M,HDBSCAN separation leader,10006,10009,368,41,0.11141304347826086,0.0,0.0
industrials_revenue_20m,Industrials companies with revenue >= $20M,HDBSCAN separation leader,10006,10010,367,312,0.8501362397820164,0.5852328427670507,0.4904339217527754
industrials_revenue_20m,Industrials companies with revenue >= $20M,HDBSCAN separation leader,10006,10011,366,298,0.8142076502732241,0.8299677603570426,0.7471232597690917
industrials_revenue_20m,Industrials companies with revenue >= $20M,HDBSCAN separation leader,10006,10012,363,288,0.7933884297520661,0.935920405596005,0.8724309647853278
industrials_revenue_20m,Industrials companies with revenue >= $20M,HDBSCAN separation leader,10006,10013,365,292,0.8,0.8988482884416551,0.8152421156602538
industrials_revenue_20m,Industrials companies with revenue >= $20M,HDBSCAN separation leader,10006,10014,366,287,0.7841530054644809,1.0,1.0
industrials_revenue_20m,Industrials companies with revenue >= $20M,HDBSCAN separation leader,10006,10015,365,300,0.821917808219178,0.5662418228216662,0.4979379495516542
industrials_revenue_20m,Industrials companies with revenue >= $20M,HDBSCAN separation leader,10006,10016,367,293,0.7983651226158038,0.7326648694746519,0.6185789948623548
industrials_revenue_20m,Industrials companies with revenue >= $20M,HDBSCAN separation leader,10006,10017,369,297,0.8048780487804879,1.0,1.0
industrials_revenue_20m,Industrials companies with revenue >= $20M,HDBSCAN separation leader,10006,10018,357,297,0.8319327731092437,0.702570380346445,0.7100794212800999
industrials_revenue_20m,Industrials companies with revenue >= $20M,HDBSCAN separation leader,10006,10019,364,293,0.804945054945055,0.5834008928962245,0.6157600712451373
industrials_revenue_20m,Industrials companies with revenue >= $20M,HDBSCAN separation leader,10007,10008,361,308,0.853185595567867,0.5800400465817166,0.6228076882912718
industrials_revenue_20m,Industrials companies with revenue >= $20M,HDBSCAN separation leader,10007,10009,358,42,0.11731843575418995,0.0,0.0
industrials_revenue_20m,Industrials companies with revenue >= $20M,HDBSCAN separation leader,10007,10010,362,313,0.8646408839779005,0.5606290006381232,0.5426393216025739
industrials_revenue_20m,Industrials companies with revenue >= $20M,HDBSCAN separation leader,10007,10011,358,293,0.8184357541899442,1.0,1.0
industrials_revenue_20m,Industrials companies with revenue >= $20M,HDBSCAN separation leader,10007,10012,366,294,0.8032786885245902,1.0,1.0
industrials_revenue_20m,Industrials companies with revenue >= $20M,HDBSCAN separation leader,10007,10013,362,298,0.8232044198895028,0.8549835214795627,0.7561864179587068
industrials_revenue_20m,Industrials companies with revenue >= $20M,HDBSCAN separation leader,10007,10014,356,283,0.7949438202247191,1.0,1.0
industrials_revenue_20m,Industrials companies with revenue >= $20M,HDBSCAN separation leader,10007,10015,361,305,0.8448753462603878,0.5648749453975993,0.6151392729054601
industrials_revenue_20m,Industrials companies with revenue >= $20M,HDBSCAN separation leader,10007,10016,356,291,0.8174157303370787,1.0,1.0
industrials_revenue_20m,Industrials companies with revenue >= $20M,HDBSCAN separation leader,10007,10017,358,291,0.8128491620111732,1.0,1.0
industrials_revenue_20m,Industrials companies with revenue >= $20M,HDBSCAN separation leader,10007,10018,357,301,0.8431372549019608,0.713212199952068,0.7205348357182793
industrials_revenue_20m,Industrials companies with revenue >= $20M,HDBSCAN separation leader,10007,10019,361,294,0.814404432132964,0.6175604292768408,0.5924903397508687
industrials_revenue_20m,Industrials companies with revenue >= $20M,HDBSCAN separation leader,10008,10009,365,45,0.1232876712328767,0.0,0.0
industrials_revenue_20m,Industrials companies with revenue >= $20M,HDBSCAN separation leader,10008,10010,359,316,0.8802228412256268,1.0,1.0
industrials_revenue_20m,Industrials companies with revenue >= $20M,HDBSCAN separation leader,10008,10011,365,298,0.8164383561643835,0.6189862806025893,0.6442397715614244
industrials_revenue_20m,Industrials companies with revenue >= $20M,HDBSCAN separation leader,10008,10012,365,293,0.8027397260273973,0.0,0.0
industrials_revenue_20m,Industrials companies with revenue >= $20M,HDBSCAN separation leader,10008,10013,359,288,0.8022284122562674,0.935920405596005,0.8724309647853278
industrials_revenue_20m,Industrials companies with revenue >= $20M,HDBSCAN separation leader,10008,10014,362,285,0.787292817679558,0.0,0.0
industrials_revenue_20m,Industrials companies with revenue >= $20M,HDBSCAN separation leader,10008,10015,360,305,0.8472222222222222,1.0,1.0
industrials_revenue_20m,Industrials companies with revenue >= $20M,HDBSCAN separation leader,10008,10016,368,300,0.8152173913043478,1.0,1.0
industrials_revenue_20m,Industrials companies with revenue >= $20M,HDBSCAN separation leader,10008,10017,368,298,0.8097826086956522,0.0,0.0
industrials_revenue_20m,Industrials companies with revenue >= $20M,HDBSCAN separation leader,10008,10018,361,306,0.8476454293628809,-0.02825279872252709,0.006644318816663025
industrials_revenue_20m,Industrials companies with revenue >= $20M,HDBSCAN separation leader,10008,10019,366,303,0.8278688524590164,1.0,1.0
industrials_revenue_20m,Industrials companies with revenue >= $20M,HDBSCAN separation leader,10009,10010,359,35,0.09749303621169916,0.0,0.0
industrials_revenue_20m,Industrials companies with revenue >= $20M,HDBSCAN separation leader,10009,10011,360,36,0.1,0.0,0.0
industrials_revenue_20m,Industrials companies with revenue >= $20M,HDBSCAN separation leader,10009,10012,365,34,0.09315068493150686,0.0,0.0
industrials_revenue_20m,Industrials companies with revenue >= $20M,HDBSCAN separation leader,10009,10013,366,41,0.11202185792349727,0.0,0.0
industrials_revenue_20m,Industrials companies with revenue >= $20M,HDBSCAN separation leader,10009,10014,366,40,0.1092896174863388,0.0,0.0
industrials_revenue_20m,Industrials companies with revenue >= $20M,HDBSCAN separation leader,10009,10015,359,38,0.10584958217270195,0.0,0.0
industrials_revenue_20m,Industrials companies with revenue >= $20M,HDBSCAN separation leader,10009,10016,363,40,0.11019283746556474,0.0,0.0
industrials_revenue_20m,Industrials companies with revenue >= $20M,HDBSCAN separation leader,10009,10017,360,40,0.1111111111111111,0.0,0.0
industrials_revenue_20m,Industrials companies with revenue >= $20M,HDBSCAN separation leader,10009,10018,357,39,0.1092436974789916,0.0,0.0
industrials_revenue_20m,Industrials companies with revenue >= $20M,HDBSCAN separation leader,10009,10019,365,39,0.10684931506849316,0.0,0.0
industrials_revenue_20m,Industrials companies with revenue >= $20M,HDBSCAN separation leader,10010,10011,368,302,0.8206521739130435,0.7230502003504925,0.7266825344247545
industrials_revenue_20m,Industrials companies with revenue >= $20M,HDBSCAN separation leader,10010,10012,373,303,0.8123324396782842,0.0,0.0
industrials_revenue_20m,Industrials companies with revenue >= $20M,HDBSCAN separation leader,10010,10013,362,299,0.8259668508287292,1.0,1.0
industrials_revenue_20m,Industrials companies with revenue >= $20M,HDBSCAN separation leader,10010,10014,360,286,0.7944444444444444,0.0,0.0
industrials_revenue_20m,Industrials companies with revenue >= $20M,HDBSCAN separation leader,10010,10015,356,306,0.8595505617977528,1.0,1.0
industrials_revenue_20m,Industrials companies with revenue >= $20M,HDBSCAN separation leader,10010,10016,356,294,0.8258426966292135,0.9512303595611782,0.8960984934288135
industrials_revenue_20m,Industrials companies with revenue >= $20M,HDBSCAN separation leader,10010,10017,357,293,0.8207282913165266,0.0,0.0
industrials_revenue_20m,Industrials companies with revenue >= $20M,HDBSCAN separation leader,10010,10018,359,308,0.8579387186629527,-0.021733438232676063,0.005022275779956662
industrials_revenue_20m,Industrials companies with revenue >= $20M,HDBSCAN separation leader,10010,10019,365,306,0.8383561643835616,1.0,1.0
industrials_revenue_20m,Industrials companies with revenue >= $20M,HDBSCAN separation leader,10011,10012,369,288,0.7804878048780488,1.0,1.0
industrials_revenue_20m,Industrials companies with revenue >= $20M,HDBSCAN separation leader,10011,10013,357,279,0.7815126050420168,0.8665794778068703,0.7855506178446788
industrials_revenue_20m,Industrials companies with revenue >= $20M,HDBSCAN separation leader,10011,10014,361,278,0.7700831024930748,0.927942615536748,0.8605640142545508
industrials_revenue_20m,Industrials companies with revenue >= $20M,HDBSCAN separation leader,10011,10015,358,286,0.7988826815642458,0.6451854970431963,0.6682960515163091
industrials_revenue_20m,Industrials companies with revenue >= $20M,HDBSCAN separation leader,10011,10016,360,284,0.7888888888888889,1.0,1.0
industrials_revenue_20m,Industrials companies with revenue >= $20M,HDBSCAN separation leader,10011,10017,359,281,0.7827298050139275,0.9357826679151012,0.8720527242336273
industrials_revenue_20m,Industrials companies with revenue >= $20M,HDBSCAN separation leader,10011,10018,362,291,0.8038674033149171,0.6161430262946679,0.5854746502075041
industrials_revenue_20m,Industrials companies with revenue >= $20M,HDBSCAN separation leader,10011,10019,364,289,0.7939560439560439,0.5831683857456,0.6158242666930402
industrials_revenue_20m,Industrials companies with revenue >= $20M,HDBSCAN separation leader,10012,10013,363,281,0.7741046831955923,-0.0035714285714285713,0.0005381446205246455
industrials_revenue_20m,Industrials companies with revenue >= $20M,HDBSCAN separation leader,10012,10014,367,290,0.7901907356948229,0.9470586629408018,0.8894095841518777
industrials_revenue_20m,Industrials companies with revenue >= $20M,HDBSCAN separation leader,10012,10015,361,284,0.7867036011080333,0.0,0.0
industrials_revenue_20m,Industrials companies with revenue >= $20M,HDBSCAN separation leader,10012,10016,365,282,0.7726027397260274,1.0,1.0
industrials_revenue_20m,Industrials companies with revenue >= $20M,HDBSCAN separation leader,10012,10017,365,294,0.8054794520547945,0.94713550453663,0.8896104390831506
industrials_revenue_20m,Industrials companies with revenue >= $20M,HDBSCAN separation leader,10012,10018,366,294,0.8032786885245902,0.9421718886793312,0.8819498949439482
industrials_revenue_20m,Industrials companies with revenue >= $20M,HDBSCAN separation leader,10012,10019,362,291,0.8038674033149171,0.0,0.0
industrials_revenue_20m,Industrials companies with revenue >= $20M,HDBSCAN separation leader,10013,10014,361,275,0.7617728531855956,1.0,1.0
industrials_revenue_20m,Industrials companies with revenue >= $20M,HDBSCAN separation leader,10013,10015,358,284,0.7932960893854749,0.9469390905663173,0.8891004991186588
industrials_revenue_20m,Industrials companies with revenue >= $20M,HDBSCAN separation leader,10013,10016,354,279,0.788135593220339,0.8893893498259327,0.8023519516888918
industrials_revenue_20m,Industrials companies with revenue >= $20M,HDBSCAN separation leader,10013,10017,363,280,0.7713498622589532,1.0,1.0
industrials_revenue_20m,Industrials companies with revenue >= $20M,HDBSCAN separation leader,10013,10018,356,287,0.8061797752808989,0.0,0.0
industrials_revenue_20m,Industrials companies with revenue >= $20M,HDBSCAN separation leader,10013,10019,371,291,0.784366576819407,0.9359773077277933,0.8725890045573748
industrials_revenue_20m,Industrials companies with revenue >= $20M,HDBSCAN separation leader,10014,10015,358,271,0.7569832402234636,0.0,0.0
industrials_revenue_20m,Industrials companies with revenue >= $20M,HDBSCAN separation leader,10014,10016,360,272,0.7555555555555555,1.0,1.0
industrials_revenue_20m,Industrials companies with revenue >= $20M,HDBSCAN separation leader,10014,10017,370,290,0.7837837837837838,1.0,1.0
industrials_revenue_20m,Industrials companies with revenue >= $20M,HDBSCAN separation leader,10014,10018,362,285,0.787292817679558,1.0,1.0
industrials_revenue_20m,Industrials companies with revenue >= $20M,HDBSCAN separation leader,10014,10019,370,288,0.7783783783783784,0.0,0.0
industrials_revenue_20m,Industrials companies with revenue >= $20M,HDBSCAN separation leader,10015,10016,364,288,0.7912087912087912,1.0,1.0
industrials_revenue_20m,Industrials companies with revenue >= $20M,HDBSCAN separation leader,10015,10017,361,288,0.7977839335180056,0.0,0.0
industrials_revenue_20m,Industrials companies with revenue >= $20M,HDBSCAN separation leader,10015,10018,365,303,0.8301369863013699,-0.027248566867099453,0.0063116159467795615
industrials_revenue_20m,Industrials companies with revenue >= $20M,HDBSCAN separation leader,10015,10019,372,305,0.8198924731182796,1.0,1.0
industrials_revenue_20m,Industrials companies with revenue >= $20M,HDBSCAN separation leader,10016,10017,365,282,0.7726027397260274,1.0,1.0
industrials_revenue_20m,Industrials companies with revenue >= $20M,HDBSCAN separation leader,10016,10018,364,290,0.7967032967032966,0.0,0.0
industrials_revenue_20m,Industrials companies with revenue >= $20M,HDBSCAN separation leader,10016,10019,363,282,0.7768595041322314,1.0,1.0
industrials_revenue_20m,Industrials companies with revenue >= $20M,HDBSCAN separation leader,10017,10018,363,293,0.8071625344352618,1.0,1.0
industrials_revenue_20m,Industrials companies with revenue >= $20M,HDBSCAN separation leader,10017,10019,363,291,0.8016528925619835,0.0,0.0
industrials_revenue_20m,Industrials companies with revenue >= $20M,HDBSCAN separation leader,10018,10019,355,292,0.8225352112676056,-0.021734810534709135,0.004724629603510721
industrials_revenue_20m,Industrials companies with revenue >= $20M,HDBSCAN coverage leader,10000,10001,364,320,0.8791208791208791,0.8391910192037015,0.7920153949977317
industrials_revenue_20m,Industrials companies with revenue >= $20M,HDBSCAN coverage leader,10000,10002,369,319,0.8644986449864499,0.9616003263880787,0.9188684434823271
industrials_revenue_20m,Industrials companies with revenue >= $20M,HDBSCAN coverage leader,10000,10003,360,312,0.8666666666666667,0.548857849504312,0.6036035753883711
industrials_revenue_20m,Industrials companies with revenue >= $20M,HDBSCAN coverage leader,10000,10004,362,317,0.8756906077348067,0.9550578010656046,0.9074305792857382
industrials_revenue_20m,Industrials companies with revenue >= $20M,HDBSCAN coverage leader,10000,10005,360,315,0.875,0.5620591791967683,0.5275883128184687
industrials_revenue_20m,Industrials companies with revenue >= $20M,HDBSCAN coverage leader,10000,10006,361,304,0.8421052631578947,0.7952130303234808,0.7030015864227984
industrials_revenue_20m,Industrials companies with revenue >= $20M,HDBSCAN coverage leader,10000,10007,369,334,0.9051490514905149,0.5524720964121145,0.5067794911375094
industrials_revenue_20m,Industrials companies with revenue >= $20M,HDBSCAN coverage leader,10000,10008,361,314,0.8698060941828255,0.5490510129101815,0.6035466761987291
industrials_revenue_20m,Industrials companies with revenue >= $20M,HDBSCAN coverage leader,10000,10009,357,36,0.10084033613445378,0.0,0.0
industrials_revenue_20m,Industrials companies with revenue >= $20M,HDBSCAN coverage leader,10000,10010,365,325,0.8904109589041096,0.6483606958239668,0.6800664747399147
industrials_revenue_20m,Industrials companies with revenue >= $20M,HDBSCAN coverage leader,10000,10011,356,289,0.8117977528089888,0.9702886516645273,0.9425530494640455
industrials_revenue_20m,Industrials companies with revenue >= $20M,HDBSCAN coverage leader,10000,10012,366,310,0.8469945355191257,0.9028358304697341,0.8512773687374269
industrials_revenue_20m,Industrials companies with revenue >= $20M,HDBSCAN coverage leader,10000,10013,367,309,0.8419618528610354,0.9245117846684614,0.8611445779896313
industrials_revenue_20m,Industrials companies with revenue >= $20M,HDBSCAN coverage leader,10000,10014,353,293,0.830028328611898,0.9481733615645893,0.9098661804062989
industrials_revenue_20m,Industrials companies with revenue >= $20M,HDBSCAN coverage leader,10000,10015,364,314,0.8626373626373627,0.5688936267704774,0.6195121993503806
industrials_revenue_20m,Industrials companies with revenue >= $20M,HDBSCAN coverage leader,10000,10016,359,300,0.8356545961002786,0.9442285979630142,0.8895843471273194
industrials_revenue_20m,Industrials companies with revenue >= $20M,HDBSCAN coverage leader,10000,10017,363,320,0.8815426997245179,0.5874432591830864,0.6337690488042016
industrials_revenue_20m,Industrials companies with revenue >= $20M,HDBSCAN coverage leader,10000,10018,366,322,0.8797814207650273,0.9357276227151706,0.8780293761146227
industrials_revenue_20m,Industrials companies with revenue >= $20M,HDBSCAN coverage leader,10000,10019,357,315,0.8823529411764706,0.6294726012566602,0.6699417717908114
industrials_revenue_20m,Industrials companies with revenue >= $20M,HDBSCAN coverage leader,10001,10002,364,308,0.8461538461538461,0.8331408459671028,0.7876536779053734
industrials_revenue_20m,Industrials companies with revenue >= $20M,HDBSCAN coverage leader,10001,10003,362,307,0.8480662983425414,0.6466260280212167,0.6120801482226461
industrials_revenue_20m,Industrials companies with revenue >= $20M,HDBSCAN coverage leader,10001,10004,358,309,0.8631284916201117,0.9757144023363528,0.9511253658598006
industrials_revenue_20m,Industrials companies with revenue >= $20M,HDBSCAN coverage leader,10001,10005,363,313,0.8622589531680441,0.4605830758019819,0.43487502754283863
industrials_revenue_20m,Industrials companies with revenue >= $20M,HDBSCAN coverage leader,10001,10006,359,302,0.841225626740947,0.8471560076168663,0.7968567146105536
industrials_revenue_20m,Industrials companies with revenue >= $20M,HDBSCAN coverage leader,10001,10007,361,326,0.9030470914127424,0.472689495390518,0.44848555419227293
industrials_revenue_20m,Industrials companies with revenue >= $20M,HDBSCAN coverage leader,10001,10008,363,316,0.8705234159779615,0.7058828714240504,0.7156469389230866
industrials_revenue_20m,Industrials companies with revenue >= $20M,HDBSCAN coverage leader,10001,10009,365,45,0.1232876712328767,0.0,0.0
industrials_revenue_20m,Industrials companies with revenue >= $20M,HDBSCAN coverage leader,10001,10010,352,310,0.8806818181818182,0.8341714023475539,0.8181281014958655
industrials_revenue_20m,Industrials companies with revenue >= $20M,HDBSCAN coverage leader,10001,10011,360,292,0.8111111111111111,0.9674673673079088,0.938395944367169
industrials_revenue_20m,Industrials companies with revenue >= $20M,HDBSCAN coverage leader,10001,10012,358,298,0.8324022346368715,1.0,1.0
industrials_revenue_20m,Industrials companies with revenue >= $20M,HDBSCAN coverage leader,10001,10013,360,299,0.8305555555555556,0.8742795407389556,0.8242357048772667
industrials_revenue_20m,Industrials companies with revenue >= $20M,HDBSCAN coverage leader,10001,10014,359,291,0.8105849582172702,1.0,1.0
industrials_revenue_20m,Industrials companies with revenue >= $20M,HDBSCAN coverage leader,10001,10015,366,312,0.8524590163934426,0.6954635250649139,0.7054743954256611
industrials_revenue_20m,Industrials companies with revenue >= $20M,HDBSCAN coverage leader,10001,10016,366,304,0.8306010928961749,1.0,1.0
industrials_revenue_20m,Industrials companies with revenue >= $20M,HDBSCAN coverage leader,10001,10017,361,317,0.8781163434903048,0.6383750997963301,0.6228941837575531
industrials_revenue_20m,Industrials companies with revenue >= $20M,HDBSCAN coverage leader,10001,10018,372,320,0.8602150537634409,0.9019518761212669,0.8528298474476969
industrials_revenue_20m,Industrials companies with revenue >= $20M,HDBSCAN coverage leader,10001,10019,363,319,0.8787878787878788,0.7466044807872814,0.7490197013694948
industrials_revenue_20m,Industrials companies with revenue >= $20M,HDBSCAN coverage leader,10002,10003,363,299,0.8236914600550964,0.5792461437171399,0.622995899748586
industrials_revenue_20m,Industrials companies with revenue >= $20M,HDBSCAN coverage leader,10002,10004,356,301,0.8455056179775281,0.9737583797732032,0.9477610609642272
industrials_revenue_20m,Industrials companies with revenue >= $20M,HDBSCAN coverage leader,10002,10005,362,308,0.850828729281768,0.5780452215899057,0.5527898572824073
industrials_revenue_20m,Industrials companies with revenue >= $20M,HDBSCAN coverage leader,10002,10006,368,305,0.8288043478260869,0.8464117408262485,0.7659987072137268
industrials_revenue_20m,Industrials companies with revenue >= $20M,HDBSCAN coverage leader,10002,10007,366,319,0.8715846994535519,0.5020716866697036,0.47549403451818356
industrials_revenue_20m,Industrials companies with revenue >= $20M,HDBSCAN coverage leader,10002,10008,357,301,0.8431372549019608,0.6008373802160325,0.6401272998162499
industrials_revenue_20m,Industrials companies with revenue >= $20M,HDBSCAN coverage leader,10002,10009,367,44,0.11989100817438691,0.0,0.0
industrials_revenue_20m,Industrials companies with revenue >= $20M,HDBSCAN coverage leader,10002,10010,362,311,0.8591160220994475,0.6310631042351131,0.6284305596660674
industrials_revenue_20m,Industrials companies with revenue >= $20M,HDBSCAN coverage leader,10002,10011,359,289,0.8050139275766016,1.0,1.0
industrials_revenue_20m,Industrials companies with revenue >= $20M,HDBSCAN coverage leader,10002,10012,361,296,0.8199445983379502,0.932995608653719,0.8883470540006881
industrials_revenue_20m,Industrials companies with revenue >= $20M,HDBSCAN coverage leader,10002,10013,355,292,0.8225352112676056,0.917990592491702,0.851743476380409
industrials_revenue_20m,Industrials companies with revenue >= $20M,HDBSCAN coverage leader,10002,10014,352,286,0.8125,0.9713110303346474,0.9435436954265948
industrials_revenue_20m,Industrials companies with revenue >= $20M,HDBSCAN coverage leader,10002,10015,367,305,0.8310626702997275,0.5825300157856963,0.6271956723114294
industrials_revenue_20m,Industrials companies with revenue >= $20M,HDBSCAN coverage leader,10002,10016,364,300,0.8241758241758241,1.0,1.0
industrials_revenue_20m,Industrials companies with revenue >= $20M,HDBSCAN coverage leader,10002,10017,361,303,0.8393351800554016,0.6165951251404622,0.6126277057742875
industrials_revenue_20m,Industrials companies with revenue >= $20M,HDBSCAN coverage leader,10002,10018,360,304,0.8444444444444444,0.9501872236261754,0.8993722074193873
industrials_revenue_20m,Industrials companies with revenue >= $20M,HDBSCAN coverage leader,10002,10019,359,306,0.8523676880222841,0.6585265558373301,0.6900543193918885
industrials_revenue_20m,Industrials companies with revenue >= $20M,HDBSCAN coverage leader,10003,10004,361,306,0.8476454293628809,0.6443522605267807,0.6683758784727185
industrials_revenue_20m,Industrials companies with revenue >= $20M,HDBSCAN coverage leader,10003,10005,360,303,0.8416666666666667,-0.032768981398101214,0.008115077554241333
industrials_revenue_20m,Industrials companies with revenue >= $20M,HDBSCAN coverage leader,10003,10006,362,299,0.8259668508287292,0.6179448599375473,0.5926385173358008
industrials_revenue_20m,Industrials companies with revenue >= $20M,HDBSCAN coverage leader,10003,10007,368,328,0.8913043478260869,-0.035090937860466395,0.00900040736853435
industrials_revenue_20m,Industrials companies with revenue >= $20M,HDBSCAN coverage leader,10003,10008,363,308,0.8484848484848485,0.8657348490582156,0.7733480307417414
industrials_revenue_20m,Industrials companies with revenue >= $20M,HDBSCAN coverage leader,10003,10009,363,35,0.09641873278236915,0.0,0.0
industrials_revenue_20m,Industrials companies with revenue >= $20M,HDBSCAN coverage leader,10003,10010,360,316,0.8777777777777778,0.9364075761997463,0.8738201373910125
industrials_revenue_20m,Industrials companies with revenue >= $20M,HDBSCAN coverage leader,10003,10011,366,293,0.8005464480874317,0.618685014153079,0.6442913810011006
industrials_revenue_20m,Industrials companies with revenue >= $20M,HDBSCAN coverage leader,10003,10012,363,302,0.8319559228650137,0.6192200112855274,0.6441996558407769
industrials_revenue_20m,Industrials companies with revenue >= $20M,HDBSCAN coverage leader,10003,10013,358,291,0.8128491620111732,0.6202957446817803,0.6500973358863336
industrials_revenue_20m,Industrials companies with revenue >= $20M,HDBSCAN coverage leader,10003,10014,362,294,0.8121546961325967,0.6204716679450465,0.6521791566151524
industrials_revenue_20m,Industrials companies with revenue >= $20M,HDBSCAN coverage leader,10003,10015,362,308,0.850828729281768,0.9514862284504835,0.8967605321767268
industrials_revenue_20m,Industrials companies with revenue >= $20M,HDBSCAN coverage leader,10003,10016,358,287,0.8016759776536313,0.7482641737663049,0.7445580654107684
industrials_revenue_20m,Industrials companies with revenue >= $20M,HDBSCAN coverage leader,10003,10017,363,311,0.8567493112947658,1.0,1.0
industrials_revenue_20m,Industrials companies with revenue >= $20M,HDBSCAN coverage leader,10003,10018,359,300,0.8356545961002786,0.5994986894401425,0.6370055337602635
industrials_revenue_20m,Industrials companies with revenue >= $20M,HDBSCAN coverage leader,10003,10019,359,309,0.8607242339832869,0.9515035625231215,0.8968061093967978
industrials_revenue_20m,Industrials companies with revenue >= $20M,HDBSCAN coverage leader,10004,10005,360,310,0.8611111111111112,0.5982717188814923,0.6331075969851587
industrials_revenue_20m,Industrials companies with revenue >= $20M,HDBSCAN coverage leader,10004,10006,355,300,0.8450704225352113,0.9075050832413911,0.8595898169561534
industrials_revenue_20m,Industrials companies with revenue >= $20M,HDBSCAN coverage leader,10004,10007,361,321,0.889196675900277,0.6038197827990706,0.644778586258826
industrials_revenue_20m,Industrials companies with revenue >= $20M,HDBSCAN coverage leader,10004,10008,364,316,0.8681318681318682,0.661155950517547,0.6832286682042613
industrials_revenue_20m,Industrials companies with revenue >= $20M,HDBSCAN coverage leader,10004,10009,354,36,0.1016949152542373,0.0,0.0
industrials_revenue_20m,Industrials companies with revenue >= $20M,HDBSCAN coverage leader,10004,10010,369,326,0.8834688346883469,0.7354637555015838,0.7011246563739032
industrials_revenue_20m,Industrials companies with revenue >= $20M,HDBSCAN coverage leader,10004,10011,366,303,0.8278688524590164,0.9690893848149287,0.9405903323294043
industrials_revenue_20m,Industrials companies with revenue >= $20M,HDBSCAN coverage leader,10004,10012,364,309,0.8489010989010989,1.0,0.9999999999999998
industrials_revenue_20m,Industrials companies with revenue >= $20M,HDBSCAN coverage leader,10004,10013,366,307,0.8387978142076503,0.9416599556700359,0.898265623878941
industrials_revenue_20m,Industrials companies with revenue >= $20M,HDBSCAN coverage leader,10004,10014,364,296,0.8131868131868132,1.0,1.0000000000000002
industrials_revenue_20m,Industrials companies with revenue >= $20M,HDBSCAN coverage leader,10004,10015,361,306,0.8476454293628809,0.6420806157585578,0.6685963638473967
industrials_revenue_20m,Industrials companies with revenue >= $20M,HDBSCAN coverage leader,10004,10016,361,300,0.8310249307479224,1.0,1.0
industrials_revenue_20m,Industrials companies with revenue >= $20M,HDBSCAN coverage leader,10004,10017,357,307,0.8599439775910365,0.6215367701386484,0.6520222283323786
industrials_revenue_20m,Industrials companies with revenue >= $20M,HDBSCAN coverage leader,10004,10018,364,315,0.8653846153846154,1.0,1.0
industrials_revenue_20m,Industrials companies with revenue >= $20M,HDBSCAN coverage leader,10004,10019,363,312,0.859504132231405,0.7123212021890901,0.7230248132156178
industrials_revenue_20m,Industrials companies with revenue >= $20M,HDBSCAN coverage leader,10005,10006,362,304,0.8397790055248618,0.6487575713409282,0.6679681499624397
industrials_revenue_20m,Industrials companies with revenue >= $20M,HDBSCAN coverage leader,10005,10007,363,325,0.8953168044077136,0.9606553429631864,0.912138195482141
industrials_revenue_20m,Industrials companies with revenue >= $20M,HDBSCAN coverage leader,10005,10008,360,310,0.8611111111111112,-0.03126183316627687,0.007546833328960883
industrials_revenue_20m,Industrials companies with revenue >= $20M,HDBSCAN coverage leader,10005,10009,366,40,0.1092896174863388,0.0,0.0
industrials_revenue_20m,Industrials companies with revenue >= $20M,HDBSCAN coverage leader,10005,10010,358,313,0.8743016759776536,-0.0347543356182376,0.008769744151351637
industrials_revenue_20m,Industrials companies with revenue >= $20M,HDBSCAN coverage leader,10005,10011,360,295,0.8194444444444444,0.5609221020656451,0.5477193761835487
industrials_revenue_20m,Industrials companies with revenue >= $20M,HDBSCAN coverage leader,10005,10012,360,302,0.8388888888888889,0.6463468093281423,0.6681878671494602
industrials_revenue_20m,Industrials companies with revenue >= $20M,HDBSCAN coverage leader,10005,10013,363,305,0.8402203856749312,0.6203017612592377,0.6553544628293484
industrials_revenue_20m,Industrials companies with revenue >= $20M,HDBSCAN coverage leader,10005,10014,360,294,0.8166666666666667,0.6729902244207306,0.6881406515791899
industrials_revenue_20m,Industrials companies with revenue >= $20M,HDBSCAN coverage leader,10005,10015,362,309,0.8535911602209945,-0.035182911069040125,0.008915046823467528
industrials_revenue_20m,Industrials companies with revenue >= $20M,HDBSCAN coverage leader,10005,10016,357,291,0.8151260504201681,0.6503132053358044,0.6678304185567911
industrials_revenue_20m,Industrials companies with revenue >= $20M,HDBSCAN coverage leader,10005,10017,368,318,0.8641304347826086,-0.039120448982214256,0.010208815379134728
industrials_revenue_20m,Industrials companies with revenue >= $20M,HDBSCAN coverage leader,10005,10018,361,313,0.8670360110803325,0.6918015272585165,0.7081931236509457
industrials_revenue_20m,Industrials companies with revenue >= $20M,HDBSCAN coverage leader,10005,10019,368,318,0.8641304347826086,-0.0428315938440915,0.011648511234256146
industrials_revenue_20m,Industrials companies with revenue >= $20M,HDBSCAN coverage leader,10006,10007,364,311,0.8543956043956044,0.6740695869562705,0.6881149646361574
industrials_revenue_20m,Industrials companies with revenue >= $20M,HDBSCAN coverage leader,10006,10008,361,308,0.853185595567867,0.2978962816797188,0.2624952823240777
industrials_revenue_20m,Industrials companies with revenue >= $20M,HDBSCAN coverage leader,10006,10009,368,41,0.11141304347826086,0.0,0.0
industrials_revenue_20m,Industrials companies with revenue >= $20M,HDBSCAN coverage leader,10006,10010,367,312,0.8501362397820164,0.5852328427670507,0.4904339217527754
industrials_revenue_20m,Industrials companies with revenue >= $20M,HDBSCAN coverage leader,10006,10011,366,298,0.8142076502732241,0.8299677603570426,0.7471232597690917
industrials_revenue_20m,Industrials companies with revenue >= $20M,HDBSCAN coverage leader,10006,10012,363,301,0.8292011019283747,1.0,1.0
industrials_revenue_20m,Industrials companies with revenue >= $20M,HDBSCAN coverage leader,10006,10013,365,299,0.8191780821917808,0.9361795881835041,0.8919056115576462
industrials_revenue_20m,Industrials companies with revenue >= $20M,HDBSCAN coverage leader,10006,10014,366,298,0.8142076502732241,0.9077384096299601,0.8614394641267489
industrials_revenue_20m,Industrials companies with revenue >= $20M,HDBSCAN coverage leader,10006,10015,365,300,0.821917808219178,0.5662418228216662,0.4979379495516542
industrials_revenue_20m,Industrials companies with revenue >= $20M,HDBSCAN coverage leader,10006,10016,367,300,0.8174386920980926,0.8524149769549875,0.8004926179538394
industrials_revenue_20m,Industrials companies with revenue >= $20M,HDBSCAN coverage leader,10006,10017,369,311,0.8428184281842819,0.5210173950075697,0.4792182775959252
industrials_revenue_20m,Industrials companies with revenue >= $20M,HDBSCAN coverage leader,10006,10018,357,300,0.8403361344537815,0.9421275929671531,0.902057527076149
industrials_revenue_20m,Industrials companies with revenue >= $20M,HDBSCAN coverage leader,10006,10019,364,301,0.8269230769230769,0.5684256245420152,0.5158147507677936
industrials_revenue_20m,Industrials companies with revenue >= $20M,HDBSCAN coverage leader,10007,10008,361,327,0.9058171745152355,-0.040623802326780645,0.010787586292820162
industrials_revenue_20m,Industrials companies with revenue >= $20M,HDBSCAN coverage leader,10007,10009,358,42,0.11731843575418995,0.0,0.0
industrials_revenue_20m,Industrials companies with revenue >= $20M,HDBSCAN coverage leader,10007,10010,362,335,0.925414364640884,-0.04269537009717645,0.011711884220184328
industrials_revenue_20m,Industrials companies with revenue >= $20M,HDBSCAN coverage leader,10007,10011,358,297,0.8296089385474861,0.5226882243044123,0.4999826892800397
industrials_revenue_20m,Industrials companies with revenue >= $20M,HDBSCAN coverage leader,10007,10012,366,312,0.8524590163934426,0.7236327903561398,0.7267457654280631
industrials_revenue_20m,Industrials companies with revenue >= $20M,HDBSCAN coverage leader,10007,10013,362,314,0.8674033149171271,0.5633367686993546,0.5696642880605134
industrials_revenue_20m,Industrials companies with revenue >= $20M,HDBSCAN coverage leader,10007,10014,356,299,0.8398876404494382,0.5532171804867566,0.5112515372420955
industrials_revenue_20m,Industrials companies with revenue >= $20M,HDBSCAN coverage leader,10007,10015,361,317,0.8781163434903048,-0.040124256872009406,0.010645588628697928
industrials_revenue_20m,Industrials companies with revenue >= $20M,HDBSCAN coverage leader,10007,10016,356,301,0.8455056179775281,0.5706296693291136,0.6115445622639555
industrials_revenue_20m,Industrials companies with revenue >= $20M,HDBSCAN coverage leader,10007,10017,358,324,0.9050279329608939,-0.040977453208606116,0.010916979499064035
industrials_revenue_20m,Industrials companies with revenue >= $20M,HDBSCAN coverage leader,10007,10018,357,319,0.8935574229691877,0.6658014378456285,0.6506072163016801
industrials_revenue_20m,Industrials companies with revenue >= $20M,HDBSCAN coverage leader,10007,10019,361,324,0.8975069252077562,-0.04585512983646732,0.012870999021830056
industrials_revenue_20m,Industrials companies with revenue >= $20M,HDBSCAN coverage leader,10008,10009,365,45,0.1232876712328767,0.0,0.0
industrials_revenue_20m,Industrials companies with revenue >= $20M,HDBSCAN coverage leader,10008,10010,359,316,0.8802228412256268,1.0,1.0
industrials_revenue_20m,Industrials companies with revenue >= $20M,HDBSCAN coverage leader,10008,10011,365,298,0.8164383561643835,0.6189862806025893,0.6442397715614244
industrials_revenue_20m,Industrials companies with revenue >= $20M,HDBSCAN coverage leader,10008,10012,365,303,0.8301369863013699,0.45659184466179176,0.5131049015436572
industrials_revenue_20m,Industrials companies with revenue >= $20M,HDBSCAN coverage leader,10008,10013,359,296,0.8245125348189415,0.6177473690877275,0.5922003647702332
industrials_revenue_20m,Industrials companies with revenue >= $20M,HDBSCAN coverage leader,10008,10014,362,295,0.8149171270718232,0.5941720110072075,0.6287868958343493
industrials_revenue_20m,Industrials companies with revenue >= $20M,HDBSCAN coverage leader,10008,10015,360,305,0.8472222222222222,1.0,1.0
industrials_revenue_20m,Industrials companies with revenue >= $20M,HDBSCAN coverage leader,10008,10016,368,308,0.8369565217391305,0.729833567465892,0.7338557633637045
industrials_revenue_20m,Industrials companies with revenue >= $20M,HDBSCAN coverage leader,10008,10017,368,319,0.8668478260869565,1.0,1.0
industrials_revenue_20m,Industrials companies with revenue >= $20M,HDBSCAN coverage leader,10008,10018,361,312,0.8642659279778393,0.5561379451691044,0.603209808949294
industrials_revenue_20m,Industrials companies with revenue >= $20M,HDBSCAN coverage leader,10008,10019,366,318,0.8688524590163934,1.0,1.0
industrials_revenue_20m,Industrials companies with revenue >= $20M,HDBSCAN coverage leader,10009,10010,359,35,0.09749303621169916,0.0,0.0
industrials_revenue_20m,Industrials companies with revenue >= $20M,HDBSCAN coverage leader,10009,10011,360,36,0.1,0.0,0.0
industrials_revenue_20m,Industrials companies with revenue >= $20M,HDBSCAN coverage leader,10009,10012,365,34,0.09315068493150686,0.0,0.0
industrials_revenue_20m,Industrials companies with revenue >= $20M,HDBSCAN coverage leader,10009,10013,366,41,0.11202185792349727,0.0,0.0
industrials_revenue_20m,Industrials companies with revenue >= $20M,HDBSCAN coverage leader,10009,10014,366,40,0.1092896174863388,0.0,0.0
industrials_revenue_20m,Industrials companies with revenue >= $20M,HDBSCAN coverage leader,10009,10015,359,38,0.10584958217270195,0.0,0.0
industrials_revenue_20m,Industrials companies with revenue >= $20M,HDBSCAN coverage leader,10009,10016,363,40,0.11019283746556474,0.0,0.0
industrials_revenue_20m,Industrials companies with revenue >= $20M,HDBSCAN coverage leader,10009,10017,360,40,0.1111111111111111,0.0,0.0
industrials_revenue_20m,Industrials companies with revenue >= $20M,HDBSCAN coverage leader,10009,10018,357,39,0.1092436974789916,0.0,0.0
industrials_revenue_20m,Industrials companies with revenue >= $20M,HDBSCAN coverage leader,10009,10019,365,39,0.10684931506849316,0.0,0.0
industrials_revenue_20m,Industrials companies with revenue >= $20M,HDBSCAN coverage leader,10010,10011,368,302,0.8206521739130435,0.7230502003504925,0.7266825344247545
industrials_revenue_20m,Industrials companies with revenue >= $20M,HDBSCAN coverage leader,10010,10012,373,316,0.8471849865951743,0.7131372612238187,0.7161738034745073
industrials_revenue_20m,Industrials companies with revenue >= $20M,HDBSCAN coverage leader,10010,10013,362,307,0.8480662983425414,0.7566524014863312,0.7561839741138665
industrials_revenue_20m,Industrials companies with revenue >= $20M,HDBSCAN coverage leader,10010,10014,360,297,0.825,0.6483272101970804,0.6680066000456331
industrials_revenue_20m,Industrials companies with revenue >= $20M,HDBSCAN coverage leader,10010,10015,356,306,0.8595505617977528,1.0,1.0
industrials_revenue_20m,Industrials companies with revenue >= $20M,HDBSCAN coverage leader,10010,10016,356,298,0.8370786516853933,0.7986037253788913,0.7371384218609667
industrials_revenue_20m,Industrials companies with revenue >= $20M,HDBSCAN coverage leader,10010,10017,357,314,0.8795518207282913,0.9474887065762952,0.8905574295874199
industrials_revenue_20m,Industrials companies with revenue >= $20M,HDBSCAN coverage leader,10010,10018,359,311,0.8662952646239555,0.635655321960594,0.5951695848163293
industrials_revenue_20m,Industrials companies with revenue >= $20M,HDBSCAN coverage leader,10010,10019,365,324,0.8876712328767123,1.0,1.0
industrials_revenue_20m,Industrials companies with revenue >= $20M,HDBSCAN coverage leader,10011,10012,369,299,0.8102981029810298,0.925330130315942,0.8783761389953305
industrials_revenue_20m,Industrials companies with revenue >= $20M,HDBSCAN coverage leader,10011,10013,357,285,0.7983193277310925,0.9204926669324454,0.8542440409451032
industrials_revenue_20m,Industrials companies with revenue >= $20M,HDBSCAN coverage leader,10011,10014,361,288,0.7977839335180056,0.9654010369176339,0.9338023758723056
industrials_revenue_20m,Industrials companies with revenue >= $20M,HDBSCAN coverage leader,10011,10015,358,286,0.7988826815642458,0.6451854970431963,0.6682960515163091
industrials_revenue_20m,Industrials companies with revenue >= $20M,HDBSCAN coverage leader,10011,10016,360,289,0.8027777777777778,1.0,1.0
industrials_revenue_20m,Industrials companies with revenue >= $20M,HDBSCAN coverage leader,10011,10017,359,294,0.8189415041782729,0.6434211974241746,0.6684649777835899
industrials_revenue_20m,Industrials companies with revenue >= $20M,HDBSCAN coverage leader,10011,10018,362,293,0.8093922651933702,0.9673754109888612,0.9377585852531521
industrials_revenue_20m,Industrials companies with revenue >= $20M,HDBSCAN coverage leader,10011,10019,364,296,0.8131868131868132,0.6874314617196817,0.7017798307746826
industrials_revenue_20m,Industrials companies with revenue >= $20M,HDBSCAN coverage leader,10012,10013,363,301,0.8292011019283747,0.967377805337264,0.9372104230998948
industrials_revenue_20m,Industrials companies with revenue >= $20M,HDBSCAN coverage leader,10012,10014,367,297,0.8092643051771117,0.9670508577533913,0.9352216485300278
industrials_revenue_20m,Industrials companies with revenue >= $20M,HDBSCAN coverage leader,10012,10015,361,297,0.8227146814404432,0.6189268502692609,0.6442499610077276
industrials_revenue_20m,Industrials companies with revenue >= $20M,HDBSCAN coverage leader,10012,10016,365,298,0.8164383561643835,1.0,1.0
industrials_revenue_20m,Industrials companies with revenue >= $20M,HDBSCAN coverage leader,10012,10017,365,306,0.8383561643835616,0.5396734798338272,0.5860915729215369
industrials_revenue_20m,Industrials companies with revenue >= $20M,HDBSCAN coverage leader,10012,10018,366,306,0.8360655737704918,1.0,1.0
industrials_revenue_20m,Industrials companies with revenue >= $20M,HDBSCAN coverage leader,10012,10019,362,304,0.8397790055248618,0.6206982766336643,0.6473851841073843
industrials_revenue_20m,Industrials companies with revenue >= $20M,HDBSCAN coverage leader,10013,10014,361,291,0.8060941828254847,1.0,1.0
industrials_revenue_20m,Industrials companies with revenue >= $20M,HDBSCAN coverage leader,10013,10015,358,294,0.8212290502793296,0.6179440067258993,0.6020977001151447
industrials_revenue_20m,Industrials companies with revenue >= $20M,HDBSCAN coverage leader,10013,10016,354,284,0.8022598870056498,0.92453596762294,0.8752413901039601
industrials_revenue_20m,Industrials companies with revenue >= $20M,HDBSCAN coverage leader,10013,10017,363,301,0.8292011019283747,0.5460014388001192,0.5437659791675581
industrials_revenue_20m,Industrials companies with revenue >= $20M,HDBSCAN coverage leader,10013,10018,356,301,0.8455056179775281,0.9268449049970089,0.8828998486293037
industrials_revenue_20m,Industrials companies with revenue >= $20M,HDBSCAN coverage leader,10013,10019,371,305,0.8221024258760108,0.6577739257757487,0.6364095336988033
industrials_revenue_20m,Industrials companies with revenue >= $20M,HDBSCAN coverage leader,10014,10015,358,283,0.7905027932960894,0.6863797689385447,0.701774835741261
industrials_revenue_20m,Industrials companies with revenue >= $20M,HDBSCAN coverage leader,10014,10016,360,288,0.8,1.0,1.0
industrials_revenue_20m,Industrials companies with revenue >= $20M,HDBSCAN coverage leader,10014,10017,370,298,0.8054054054054054,0.5481486534654304,0.5958388041668888
industrials_revenue_20m,Industrials companies with revenue >= $20M,HDBSCAN coverage leader,10014,10018,362,292,0.8066298342541437,1.0,1.0
industrials_revenue_20m,Industrials companies with revenue >= $20M,HDBSCAN coverage leader,10014,10019,370,300,0.8108108108108109,0.6639293589430936,0.6845554989084662
industrials_revenue_20m,Industrials companies with revenue >= $20M,HDBSCAN coverage leader,10015,10016,364,294,0.8076923076923077,0.7342482177905081,0.7344257880795536
industrials_revenue_20m,Industrials companies with revenue >= $20M,HDBSCAN coverage leader,10015,10017,361,309,0.8559556786703602,1.0,1.0
industrials_revenue_20m,Industrials companies with revenue >= $20M,HDBSCAN coverage leader,10015,10018,365,308,0.8438356164383561,0.5611046300341954,0.6096875666958493
industrials_revenue_20m,Industrials companies with revenue >= $20M,HDBSCAN coverage leader,10015,10019,372,321,0.8629032258064516,1.0,1.0
industrials_revenue_20m,Industrials companies with revenue >= $20M,HDBSCAN coverage leader,10016,10017,365,301,0.8246575342465754,0.6205026448936748,0.6474165202438195
industrials_revenue_20m,Industrials companies with revenue >= $20M,HDBSCAN coverage leader,10016,10018,364,302,0.8296703296703297,1.0,1.0
industrials_revenue_20m,Industrials companies with revenue >= $20M,HDBSCAN coverage leader,10016,10019,363,295,0.8126721763085399,0.7399942147023006,0.7410099499913123
industrials_revenue_20m,Industrials companies with revenue >= $20M,HDBSCAN coverage leader,10017,10018,363,316,0.8705234159779615,0.5855932692984867,0.6306580635536962
industrials_revenue_20m,Industrials companies with revenue >= $20M,HDBSCAN coverage leader,10017,10019,363,318,0.8760330578512396,0.9605399709761999,0.911849980409618
industrials_revenue_20m,Industrials companies with revenue >= $20M,HDBSCAN coverage leader,10018,10019,355,306,0.8619718309859155,0.5997620856635344,0.6019886553056696
industrials_revenue_20m,Industrials companies with revenue >= $20M,HDBSCAN balanced frontier leader,10000,10001,364,320,0.8791208791208791,0.8391910192037015,0.7920153949977317
industrials_revenue_20m,Industrials companies with revenue >= $20M,HDBSCAN balanced frontier leader,10000,10002,369,319,0.8644986449864499,0.9616003263880787,0.9188684434823271
industrials_revenue_20m,Industrials companies with revenue >= $20M,HDBSCAN balanced frontier leader,10000,10003,360,312,0.8666666666666667,0.548857849504312,0.6036035753883711
industrials_revenue_20m,Industrials companies with revenue >= $20M,HDBSCAN balanced frontier leader,10000,10004,362,317,0.8756906077348067,0.9550578010656046,0.9074305792857382
industrials_revenue_20m,Industrials companies with revenue >= $20M,HDBSCAN balanced frontier leader,10000,10005,360,310,0.8611111111111112,0.9292758007266112,0.8683838003350246
industrials_revenue_20m,Industrials companies with revenue >= $20M,HDBSCAN balanced frontier leader,10000,10006,361,304,0.8421052631578947,0.7952130303234808,0.7030015864227984
industrials_revenue_20m,Industrials companies with revenue >= $20M,HDBSCAN balanced frontier leader,10000,10007,369,320,0.8672086720867209,0.978565856821273,0.9556322720910093
industrials_revenue_20m,Industrials companies with revenue >= $20M,HDBSCAN balanced frontier leader,10000,10008,361,314,0.8698060941828255,0.5490510129101815,0.6035466761987291
industrials_revenue_20m,Industrials companies with revenue >= $20M,HDBSCAN balanced frontier leader,10000,10009,357,36,0.10084033613445378,0.0,0.0
industrials_revenue_20m,Industrials companies with revenue >= $20M,HDBSCAN balanced frontier leader,10000,10010,365,325,0.8904109589041096,0.6483606958239668,0.6800664747399147
industrials_revenue_20m,Industrials companies with revenue >= $20M,HDBSCAN balanced frontier leader,10000,10011,356,289,0.8117977528089888,0.9702886516645273,0.9425530494640455
industrials_revenue_20m,Industrials companies with revenue >= $20M,HDBSCAN balanced frontier leader,10000,10012,366,310,0.8469945355191257,0.9028358304697341,0.8512773687374269
industrials_revenue_20m,Industrials companies with revenue >= $20M,HDBSCAN balanced frontier leader,10000,10013,367,309,0.8419618528610354,0.9245117846684614,0.8611445779896313
industrials_revenue_20m,Industrials companies with revenue >= $20M,HDBSCAN balanced frontier leader,10000,10014,353,293,0.830028328611898,0.9481733615645893,0.9098661804062989
industrials_revenue_20m,Industrials companies with revenue >= $20M,HDBSCAN balanced frontier leader,10000,10015,364,314,0.8626373626373627,0.5688936267704774,0.6195121993503806
industrials_revenue_20m,Industrials companies with revenue >= $20M,HDBSCAN balanced frontier leader,10000,10016,359,300,0.8356545961002786,0.9442285979630142,0.8895843471273194
industrials_revenue_20m,Industrials companies with revenue >= $20M,HDBSCAN balanced frontier leader,10000,10017,363,318,0.8760330578512396,0.9299931924093678,0.8871235166858903
industrials_revenue_20m,Industrials companies with revenue >= $20M,HDBSCAN balanced frontier leader,10000,10018,366,322,0.8797814207650273,0.9357276227151706,0.8780293761146227
industrials_revenue_20m,Industrials companies with revenue >= $20M,HDBSCAN balanced frontier leader,10000,10019,357,315,0.8823529411764706,0.6294726012566602,0.6699417717908114
industrials_revenue_20m,Industrials companies with revenue >= $20M,HDBSCAN balanced frontier leader,10001,10002,364,308,0.8461538461538461,0.8331408459671028,0.7876536779053734
industrials_revenue_20m,Industrials companies with revenue >= $20M,HDBSCAN balanced frontier leader,10001,10003,362,307,0.8480662983425414,0.6466260280212167,0.6120801482226461
industrials_revenue_20m,Industrials companies with revenue >= $20M,HDBSCAN balanced frontier leader,10001,10004,358,309,0.8631284916201117,0.9757144023363528,0.9511253658598006
industrials_revenue_20m,Industrials companies with revenue >= $20M,HDBSCAN balanced frontier leader,10001,10005,363,305,0.8402203856749312,0.8981810530324507,0.8507242811219616
industrials_revenue_20m,Industrials companies with revenue >= $20M,HDBSCAN balanced frontier leader,10001,10006,359,302,0.841225626740947,0.8471560076168663,0.7968567146105536
industrials_revenue_20m,Industrials companies with revenue >= $20M,HDBSCAN balanced frontier leader,10001,10007,361,310,0.8587257617728532,0.9017712775114445,0.8540576868156164
industrials_revenue_20m,Industrials companies with revenue >= $20M,HDBSCAN balanced frontier leader,10001,10008,363,316,0.8705234159779615,0.7058828714240504,0.7156469389230866
industrials_revenue_20m,Industrials companies with revenue >= $20M,HDBSCAN balanced frontier leader,10001,10009,365,45,0.1232876712328767,0.0,0.0
industrials_revenue_20m,Industrials companies with revenue >= $20M,HDBSCAN balanced frontier leader,10001,10010,352,310,0.8806818181818182,0.8341714023475539,0.8181281014958655
industrials_revenue_20m,Industrials companies with revenue >= $20M,HDBSCAN balanced frontier leader,10001,10011,360,292,0.8111111111111111,0.9674673673079088,0.938395944367169
industrials_revenue_20m,Industrials companies with revenue >= $20M,HDBSCAN balanced frontier leader,10001,10012,358,298,0.8324022346368715,1.0,1.0
industrials_revenue_20m,Industrials companies with revenue >= $20M,HDBSCAN balanced frontier leader,10001,10013,360,299,0.8305555555555556,0.8742795407389556,0.8242357048772667
industrials_revenue_20m,Industrials companies with revenue >= $20M,HDBSCAN balanced frontier leader,10001,10014,359,291,0.8105849582172702,1.0,1.0
industrials_revenue_20m,Industrials companies with revenue >= $20M,HDBSCAN balanced frontier leader,10001,10015,366,312,0.8524590163934426,0.6954635250649139,0.7054743954256611
industrials_revenue_20m,Industrials companies with revenue >= $20M,HDBSCAN balanced frontier leader,10001,10016,366,304,0.8306010928961749,1.0,1.0
industrials_revenue_20m,Industrials companies with revenue >= $20M,HDBSCAN balanced frontier leader,10001,10017,361,313,0.8670360110803325,1.0,1.0
industrials_revenue_20m,Industrials companies with revenue >= $20M,HDBSCAN balanced frontier leader,10001,10018,372,320,0.8602150537634409,0.9019518761212669,0.8528298474476969
industrials_revenue_20m,Industrials companies with revenue >= $20M,HDBSCAN balanced frontier leader,10001,10019,363,319,0.8787878787878788,0.7466044807872814,0.7490197013694948
industrials_revenue_20m,Industrials companies with revenue >= $20M,HDBSCAN balanced frontier leader,10002,10003,363,299,0.8236914600550964,0.5792461437171399,0.622995899748586
industrials_revenue_20m,Industrials companies with revenue >= $20M,HDBSCAN balanced frontier leader,10002,10004,356,301,0.8455056179775281,0.9737583797732032,0.9477610609642272
industrials_revenue_20m,Industrials companies with revenue >= $20M,HDBSCAN balanced frontier leader,10002,10005,362,305,0.8425414364640884,0.9465223276962885,0.8934343844710626
industrials_revenue_20m,Industrials companies with revenue >= $20M,HDBSCAN balanced frontier leader,10002,10006,368,305,0.8288043478260869,0.8464117408262485,0.7659987072137268
industrials_revenue_20m,Industrials companies with revenue >= $20M,HDBSCAN balanced frontier leader,10002,10007,366,312,0.8524590163934426,0.9763393179540193,0.9515617152798819
industrials_revenue_20m,Industrials companies with revenue >= $20M,HDBSCAN balanced frontier leader,10002,10008,357,301,0.8431372549019608,0.6008373802160325,0.6401272998162499
industrials_revenue_20m,Industrials companies with revenue >= $20M,HDBSCAN balanced frontier leader,10002,10009,367,44,0.11989100817438691,0.0,0.0
industrials_revenue_20m,Industrials companies with revenue >= $20M,HDBSCAN balanced frontier leader,10002,10010,362,311,0.8591160220994475,0.6310631042351131,0.6284305596660674
industrials_revenue_20m,Industrials companies with revenue >= $20M,HDBSCAN balanced frontier leader,10002,10011,359,289,0.8050139275766016,1.0,1.0
industrials_revenue_20m,Industrials companies with revenue >= $20M,HDBSCAN balanced frontier leader,10002,10012,361,296,0.8199445983379502,0.932995608653719,0.8883470540006881
industrials_revenue_20m,Industrials companies with revenue >= $20M,HDBSCAN balanced frontier leader,10002,10013,355,292,0.8225352112676056,0.917990592491702,0.851743476380409
industrials_revenue_20m,Industrials companies with revenue >= $20M,HDBSCAN balanced frontier leader,10002,10014,352,286,0.8125,0.9713110303346474,0.9435436954265948
industrials_revenue_20m,Industrials companies with revenue >= $20M,HDBSCAN balanced frontier leader,10002,10015,367,305,0.8310626702997275,0.5825300157856963,0.6271956723114294
industrials_revenue_20m,Industrials companies with revenue >= $20M,HDBSCAN balanced frontier leader,10002,10016,364,300,0.8241758241758241,1.0,1.0
industrials_revenue_20m,Industrials companies with revenue >= $20M,HDBSCAN balanced frontier leader,10002,10017,361,301,0.8337950138504155,0.9241710534793315,0.8613035252017754
industrials_revenue_20m,Industrials companies with revenue >= $20M,HDBSCAN balanced frontier leader,10002,10018,360,304,0.8444444444444444,0.9501872236261754,0.8993722074193873
industrials_revenue_20m,Industrials companies with revenue >= $20M,HDBSCAN balanced frontier leader,10002,10019,359,306,0.8523676880222841,0.6585265558373301,0.6900543193918885
industrials_revenue_20m,Industrials companies with revenue >= $20M,HDBSCAN balanced frontier leader,10003,10004,361,306,0.8476454293628809,0.6443522605267807,0.6683758784727185
industrials_revenue_20m,Industrials companies with revenue >= $20M,HDBSCAN balanced frontier leader,10003,10005,360,297,0.825,0.5753685643002948,0.6178849442040235
industrials_revenue_20m,Industrials companies with revenue >= $20M,HDBSCAN balanced frontier leader,10003,10006,362,299,0.8259668508287292,0.6179448599375473,0.5926385173358008
industrials_revenue_20m,Industrials companies with revenue >= $20M,HDBSCAN balanced frontier leader,10003,10007,368,310,0.842391304347826,0.5434463590047185,0.5973545167859496
industrials_revenue_20m,Industrials companies with revenue >= $20M,HDBSCAN balanced frontier leader,10003,10008,363,308,0.8484848484848485,0.8657348490582156,0.7733480307417414
industrials_revenue_20m,Industrials companies with revenue >= $20M,HDBSCAN balanced frontier leader,10003,10009,363,35,0.09641873278236915,0.0,0.0
industrials_revenue_20m,Industrials companies with revenue >= $20M,HDBSCAN balanced frontier leader,10003,10010,360,316,0.8777777777777778,0.9364075761997463,0.8738201373910125
industrials_revenue_20m,Industrials companies with revenue >= $20M,HDBSCAN balanced frontier leader,10003,10011,366,293,0.8005464480874317,0.618685014153079,0.6442913810011006
industrials_revenue_20m,Industrials companies with revenue >= $20M,HDBSCAN balanced frontier leader,10003,10012,363,302,0.8319559228650137,0.6192200112855274,0.6441996558407769
industrials_revenue_20m,Industrials companies with revenue >= $20M,HDBSCAN balanced frontier leader,10003,10013,358,291,0.8128491620111732,0.6202957446817803,0.6500973358863336
industrials_revenue_20m,Industrials companies with revenue >= $20M,HDBSCAN balanced frontier leader,10003,10014,362,294,0.8121546961325967,0.6204716679450465,0.6521791566151524
industrials_revenue_20m,Industrials companies with revenue >= $20M,HDBSCAN balanced frontier leader,10003,10015,362,308,0.850828729281768,0.9514862284504835,0.8967605321767268
industrials_revenue_20m,Industrials companies with revenue >= $20M,HDBSCAN balanced frontier leader,10003,10016,358,287,0.8016759776536313,0.7482641737663049,0.7445580654107684
industrials_revenue_20m,Industrials companies with revenue >= $20M,HDBSCAN balanced frontier leader,10003,10017,363,306,0.8429752066115702,0.6466178224569773,0.6681628743169024
industrials_revenue_20m,Industrials companies with revenue >= $20M,HDBSCAN balanced frontier leader,10003,10018,359,300,0.8356545961002786,0.5994986894401425,0.6370055337602635
industrials_revenue_20m,Industrials companies with revenue >= $20M,HDBSCAN balanced frontier leader,10003,10019,359,309,0.8607242339832869,0.9515035625231215,0.8968061093967978
industrials_revenue_20m,Industrials companies with revenue >= $20M,HDBSCAN balanced frontier leader,10004,10005,360,305,0.8472222222222222,1.0,1.0
industrials_revenue_20m,Industrials companies with revenue >= $20M,HDBSCAN balanced frontier leader,10004,10006,355,300,0.8450704225352113,0.9075050832413911,0.8595898169561534
industrials_revenue_20m,Industrials companies with revenue >= $20M,HDBSCAN balanced frontier leader,10004,10007,361,309,0.8559556786703602,1.0,1.0
industrials_revenue_20m,Industrials companies with revenue >= $20M,HDBSCAN balanced frontier leader,10004,10008,364,316,0.8681318681318682,0.661155950517547,0.6832286682042613
industrials_revenue_20m,Industrials companies with revenue >= $20M,HDBSCAN balanced frontier leader,10004,10009,354,36,0.1016949152542373,0.0,0.0
industrials_revenue_20m,Industrials companies with revenue >= $20M,HDBSCAN balanced frontier leader,10004,10010,369,326,0.8834688346883469,0.7354637555015838,0.7011246563739032
industrials_revenue_20m,Industrials companies with revenue >= $20M,HDBSCAN balanced frontier leader,10004,10011,366,303,0.8278688524590164,0.9690893848149287,0.9405903323294043
industrials_revenue_20m,Industrials companies with revenue >= $20M,HDBSCAN balanced frontier leader,10004,10012,364,309,0.8489010989010989,1.0,0.9999999999999998
industrials_revenue_20m,Industrials companies with revenue >= $20M,HDBSCAN balanced frontier leader,10004,10013,366,307,0.8387978142076503,0.9416599556700359,0.898265623878941
industrials_revenue_20m,Industrials companies with revenue >= $20M,HDBSCAN balanced frontier leader,10004,10014,364,296,0.8131868131868132,1.0,1.0000000000000002
industrials_revenue_20m,Industrials companies with revenue >= $20M,HDBSCAN balanced frontier leader,10004,10015,361,306,0.8476454293628809,0.6420806157585578,0.6685963638473967
industrials_revenue_20m,Industrials companies with revenue >= $20M,HDBSCAN balanced frontier leader,10004,10016,361,300,0.8310249307479224,1.0,1.0
industrials_revenue_20m,Industrials companies with revenue >= $20M,HDBSCAN balanced frontier leader,10004,10017,357,306,0.8571428571428571,1.0,1.0
industrials_revenue_20m,Industrials companies with revenue >= $20M,HDBSCAN balanced frontier leader,10004,10018,364,315,0.8653846153846154,1.0,1.0
industrials_revenue_20m,Industrials companies with revenue >= $20M,HDBSCAN balanced frontier leader,10004,10019,363,312,0.859504132231405,0.7123212021890901,0.7230248132156178
industrials_revenue_20m,Industrials companies with revenue >= $20M,HDBSCAN balanced frontier leader,10005,10006,362,301,0.8314917127071824,0.9299021704016448,0.8865594548581579
industrials_revenue_20m,Industrials companies with revenue >= $20M,HDBSCAN balanced frontier leader,10005,10007,363,312,0.859504132231405,1.0,1.0
industrials_revenue_20m,Industrials companies with revenue >= $20M,HDBSCAN balanced frontier leader,10005,10008,360,304,0.8444444444444444,0.5948088942403527,0.6286455125752921
industrials_revenue_20m,Industrials companies with revenue >= $20M,HDBSCAN balanced frontier leader,10005,10009,366,40,0.1092896174863388,0.0,0.0
industrials_revenue_20m,Industrials companies with revenue >= $20M,HDBSCAN balanced frontier leader,10005,10010,358,305,0.8519553072625698,0.5435930061032306,0.5143037975638369
industrials_revenue_20m,Industrials companies with revenue >= $20M,HDBSCAN balanced frontier leader,10005,10011,360,294,0.8166666666666667,0.9637609699975537,0.932482204257693
industrials_revenue_20m,Industrials companies with revenue >= $20M,HDBSCAN balanced frontier leader,10005,10012,360,298,0.8277777777777777,1.0,1.0
industrials_revenue_20m,Industrials companies with revenue >= $20M,HDBSCAN balanced frontier leader,10005,10013,363,301,0.8292011019283747,0.9189772160385118,0.8748539644277885
industrials_revenue_20m,Industrials companies with revenue >= $20M,HDBSCAN balanced frontier leader,10005,10014,360,294,0.8166666666666667,1.0,1.0
industrials_revenue_20m,Industrials companies with revenue >= $20M,HDBSCAN balanced frontier leader,10005,10015,362,305,0.8425414364640884,0.5797806655514604,0.6228692585595286
industrials_revenue_20m,Industrials companies with revenue >= $20M,HDBSCAN balanced frontier leader,10005,10016,357,290,0.8123249299719888,1.0,1.0
industrials_revenue_20m,Industrials companies with revenue >= $20M,HDBSCAN balanced frontier leader,10005,10017,368,310,0.842391304347826,1.0,1.0
industrials_revenue_20m,Industrials companies with revenue >= $20M,HDBSCAN balanced frontier leader,10005,10018,361,308,0.853185595567867,1.0,1.0
industrials_revenue_20m,Industrials companies with revenue >= $20M,HDBSCAN balanced frontier leader,10005,10019,368,312,0.8478260869565217,0.6176351256512455,0.6132012031714362
industrials_revenue_20m,Industrials companies with revenue >= $20M,HDBSCAN balanced frontier leader,10006,10007,364,307,0.8434065934065934,0.9368828987590132,0.8952860003586027
industrials_revenue_20m,Industrials companies with revenue >= $20M,HDBSCAN balanced frontier leader,10006,10008,361,308,0.853185595567867,0.2978962816797188,0.2624952823240777
industrials_revenue_20m,Industrials companies with revenue >= $20M,HDBSCAN balanced frontier leader,10006,10009,368,41,0.11141304347826086,0.0,0.0
industrials_revenue_20m,Industrials companies with revenue >= $20M,HDBSCAN balanced frontier leader,10006,10010,367,312,0.8501362397820164,0.5852328427670507,0.4904339217527754
industrials_revenue_20m,Industrials companies with revenue >= $20M,HDBSCAN balanced frontier leader,10006,10011,366,298,0.8142076502732241,0.8299677603570426,0.7471232597690917
industrials_revenue_20m,Industrials companies with revenue >= $20M,HDBSCAN balanced frontier leader,10006,10012,363,301,0.8292011019283747,1.0,1.0
industrials_revenue_20m,Industrials companies with revenue >= $20M,HDBSCAN balanced frontier leader,10006,10013,365,299,0.8191780821917808,0.9361795881835041,0.8919056115576462
industrials_revenue_20m,Industrials companies with revenue >= $20M,HDBSCAN balanced frontier leader,10006,10014,366,298,0.8142076502732241,0.9077384096299601,0.8614394641267489
industrials_revenue_20m,Industrials companies with revenue >= $20M,HDBSCAN balanced frontier leader,10006,10015,365,300,0.821917808219178,0.5662418228216662,0.4979379495516542
industrials_revenue_20m,Industrials companies with revenue >= $20M,HDBSCAN balanced frontier leader,10006,10016,367,300,0.8174386920980926,0.8524149769549875,0.8004926179538394
industrials_revenue_20m,Industrials companies with revenue >= $20M,HDBSCAN balanced frontier leader,10006,10017,369,311,0.8428184281842819,0.9121528328510755,0.8656778219373898
industrials_revenue_20m,Industrials companies with revenue >= $20M,HDBSCAN balanced frontier leader,10006,10018,357,300,0.8403361344537815,0.9421275929671531,0.902057527076149
industrials_revenue_20m,Industrials companies with revenue >= $20M,HDBSCAN balanced frontier leader,10006,10019,364,301,0.8269230769230769,0.5684256245420152,0.5158147507677936
industrials_revenue_20m,Industrials companies with revenue >= $20M,HDBSCAN balanced frontier leader,10007,10008,361,308,0.853185595567867,0.5800400465817166,0.6228076882912718
industrials_revenue_20m,Industrials companies with revenue >= $20M,HDBSCAN balanced frontier leader,10007,10009,358,42,0.11731843575418995,0.0,0.0
industrials_revenue_20m,Industrials companies with revenue >= $20M,HDBSCAN balanced frontier leader,10007,10010,362,313,0.8646408839779005,0.5606290006381232,0.5426393216025739
industrials_revenue_20m,Industrials companies with revenue >= $20M,HDBSCAN balanced frontier leader,10007,10011,358,293,0.8184357541899442,1.0,1.0
industrials_revenue_20m,Industrials companies with revenue >= $20M,HDBSCAN balanced frontier leader,10007,10012,366,305,0.8333333333333334,1.0,1.0
industrials_revenue_20m,Industrials companies with revenue >= $20M,HDBSCAN balanced frontier leader,10007,10013,362,309,0.8535911602209945,0.9219142258264098,0.8766837819656497
industrials_revenue_20m,Industrials companies with revenue >= $20M,HDBSCAN balanced frontier leader,10007,10014,356,294,0.8258426966292135,1.0,1.0
industrials_revenue_20m,Industrials companies with revenue >= $20M,HDBSCAN balanced frontier leader,10007,10015,361,305,0.8448753462603878,0.5648749453975993,0.6151392729054601
industrials_revenue_20m,Industrials companies with revenue >= $20M,HDBSCAN balanced frontier leader,10007,10016,356,299,0.8398876404494382,1.0,1.0
industrials_revenue_20m,Industrials companies with revenue >= $20M,HDBSCAN balanced frontier leader,10007,10017,358,308,0.8603351955307262,1.0,1.0
industrials_revenue_20m,Industrials companies with revenue >= $20M,HDBSCAN balanced frontier leader,10007,10018,357,309,0.865546218487395,1.0,1.0
industrials_revenue_20m,Industrials companies with revenue >= $20M,HDBSCAN balanced frontier leader,10007,10019,361,307,0.850415512465374,0.6305836396559579,0.6283448103761394
industrials_revenue_20m,Industrials companies with revenue >= $20M,HDBSCAN balanced frontier leader,10008,10009,365,45,0.1232876712328767,0.0,0.0
industrials_revenue_20m,Industrials companies with revenue >= $20M,HDBSCAN balanced frontier leader,10008,10010,359,316,0.8802228412256268,1.0,1.0
industrials_revenue_20m,Industrials companies with revenue >= $20M,HDBSCAN balanced frontier leader,10008,10011,365,298,0.8164383561643835,0.6189862806025893,0.6442397715614244
industrials_revenue_20m,Industrials companies with revenue >= $20M,HDBSCAN balanced frontier leader,10008,10012,365,303,0.8301369863013699,0.45659184466179176,0.5131049015436572
industrials_revenue_20m,Industrials companies with revenue >= $20M,HDBSCAN balanced frontier leader,10008,10013,359,296,0.8245125348189415,0.6177473690877275,0.5922003647702332
industrials_revenue_20m,Industrials companies with revenue >= $20M,HDBSCAN balanced frontier leader,10008,10014,362,295,0.8149171270718232,0.5941720110072075,0.6287868958343493
industrials_revenue_20m,Industrials companies with revenue >= $20M,HDBSCAN balanced frontier leader,10008,10015,360,305,0.8472222222222222,1.0,1.0
industrials_revenue_20m,Industrials companies with revenue >= $20M,HDBSCAN balanced frontier leader,10008,10016,368,308,0.8369565217391305,0.729833567465892,0.7338557633637045
industrials_revenue_20m,Industrials companies with revenue >= $20M,HDBSCAN balanced frontier leader,10008,10017,368,315,0.8559782608695652,0.5986328788185084,0.6330328913281887
industrials_revenue_20m,Industrials companies with revenue >= $20M,HDBSCAN balanced frontier leader,10008,10018,361,312,0.8642659279778393,0.5561379451691044,0.603209808949294
industrials_revenue_20m,Industrials companies with revenue >= $20M,HDBSCAN balanced frontier leader,10008,10019,366,318,0.8688524590163934,1.0,1.0
industrials_revenue_20m,Industrials companies with revenue >= $20M,HDBSCAN balanced frontier leader,10009,10010,359,35,0.09749303621169916,0.0,0.0
industrials_revenue_20m,Industrials companies with revenue >= $20M,HDBSCAN balanced frontier leader,10009,10011,360,36,0.1,0.0,0.0
industrials_revenue_20m,Industrials companies with revenue >= $20M,HDBSCAN balanced frontier leader,10009,10012,365,34,0.09315068493150686,0.0,0.0
industrials_revenue_20m,Industrials companies with revenue >= $20M,HDBSCAN balanced frontier leader,10009,10013,366,41,0.11202185792349727,0.0,0.0
industrials_revenue_20m,Industrials companies with revenue >= $20M,HDBSCAN balanced frontier leader,10009,10014,366,40,0.1092896174863388,0.0,0.0
industrials_revenue_20m,Industrials companies with revenue >= $20M,HDBSCAN balanced frontier leader,10009,10015,359,38,0.10584958217270195,0.0,0.0
industrials_revenue_20m,Industrials companies with revenue >= $20M,HDBSCAN balanced frontier leader,10009,10016,363,40,0.11019283746556474,0.0,0.0
industrials_revenue_20m,Industrials companies with revenue >= $20M,HDBSCAN balanced frontier leader,10009,10017,360,40,0.1111111111111111,0.0,0.0
industrials_revenue_20m,Industrials companies with revenue >= $20M,HDBSCAN balanced frontier leader,10009,10018,357,39,0.1092436974789916,0.0,0.0
industrials_revenue_20m,Industrials companies with revenue >= $20M,HDBSCAN balanced frontier leader,10009,10019,365,39,0.10684931506849316,0.0,0.0
industrials_revenue_20m,Industrials companies with revenue >= $20M,HDBSCAN balanced frontier leader,10010,10011,368,302,0.8206521739130435,0.7230502003504925,0.7266825344247545
industrials_revenue_20m,Industrials companies with revenue >= $20M,HDBSCAN balanced frontier leader,10010,10012,373,316,0.8471849865951743,0.7131372612238187,0.7161738034745073
industrials_revenue_20m,Industrials companies with revenue >= $20M,HDBSCAN balanced frontier leader,10010,10013,362,307,0.8480662983425414,0.7566524014863312,0.7561839741138665
industrials_revenue_20m,Industrials companies with revenue >= $20M,HDBSCAN balanced frontier leader,10010,10014,360,297,0.825,0.6483272101970804,0.6680066000456331
industrials_revenue_20m,Industrials companies with revenue >= $20M,HDBSCAN balanced frontier leader,10010,10015,356,306,0.8595505617977528,1.0,1.0
industrials_revenue_20m,Industrials companies with revenue >= $20M,HDBSCAN balanced frontier leader,10010,10016,356,298,0.8370786516853933,0.7986037253788913,0.7371384218609667
industrials_revenue_20m,Industrials companies with revenue >= $20M,HDBSCAN balanced frontier leader,10010,10017,357,310,0.8683473389355743,0.7214376335593038,0.6744921203345808
industrials_revenue_20m,Industrials companies with revenue >= $20M,HDBSCAN balanced frontier leader,10010,10018,359,311,0.8662952646239555,0.635655321960594,0.5951695848163293
industrials_revenue_20m,Industrials companies with revenue >= $20M,HDBSCAN balanced frontier leader,10010,10019,365,324,0.8876712328767123,1.0,1.0
industrials_revenue_20m,Industrials companies with revenue >= $20M,HDBSCAN balanced frontier leader,10011,10012,369,299,0.8102981029810298,0.925330130315942,0.8783761389953305
industrials_revenue_20m,Industrials companies with revenue >= $20M,HDBSCAN balanced frontier leader,10011,10013,357,285,0.7983193277310925,0.9204926669324454,0.8542440409451032
industrials_revenue_20m,Industrials companies with revenue >= $20M,HDBSCAN balanced frontier leader,10011,10014,361,288,0.7977839335180056,0.9654010369176339,0.9338023758723056
industrials_revenue_20m,Industrials companies with revenue >= $20M,HDBSCAN balanced frontier leader,10011,10015,358,286,0.7988826815642458,0.6451854970431963,0.6682960515163091
industrials_revenue_20m,Industrials companies with revenue >= $20M,HDBSCAN balanced frontier leader,10011,10016,360,289,0.8027777777777778,1.0,1.0
industrials_revenue_20m,Industrials companies with revenue >= $20M,HDBSCAN balanced frontier leader,10011,10017,359,294,0.8189415041782729,0.9394851576333058,0.8990966695824202
industrials_revenue_20m,Industrials companies with revenue >= $20M,HDBSCAN balanced frontier leader,10011,10018,362,293,0.8093922651933702,0.9673754109888612,0.9377585852531521
industrials_revenue_20m,Industrials companies with revenue >= $20M,HDBSCAN balanced frontier leader,10011,10019,364,296,0.8131868131868132,0.6874314617196817,0.7017798307746826
industrials_revenue_20m,Industrials companies with revenue >= $20M,HDBSCAN balanced frontier leader,10012,10013,363,301,0.8292011019283747,0.967377805337264,0.9372104230998948
industrials_revenue_20m,Industrials companies with revenue >= $20M,HDBSCAN balanced frontier leader,10012,10014,367,297,0.8092643051771117,0.9670508577533913,0.9352216485300278
industrials_revenue_20m,Industrials companies with revenue >= $20M,HDBSCAN balanced frontier leader,10012,10015,361,297,0.8227146814404432,0.6189268502692609,0.6442499610077276
industrials_revenue_20m,Industrials companies with revenue >= $20M,HDBSCAN balanced frontier leader,10012,10016,365,298,0.8164383561643835,1.0,1.0
industrials_revenue_20m,Industrials companies with revenue >= $20M,HDBSCAN balanced frontier leader,10012,10017,365,306,0.8383561643835616,1.0,1.0000000000000002
industrials_revenue_20m,Industrials companies with revenue >= $20M,HDBSCAN balanced frontier leader,10012,10018,366,306,0.8360655737704918,1.0,1.0
industrials_revenue_20m,Industrials companies with revenue >= $20M,HDBSCAN balanced frontier leader,10012,10019,362,304,0.8397790055248618,0.6206982766336643,0.6473851841073843
industrials_revenue_20m,Industrials companies with revenue >= $20M,HDBSCAN balanced frontier leader,10013,10014,361,291,0.8060941828254847,1.0,1.0
industrials_revenue_20m,Industrials companies with revenue >= $20M,HDBSCAN balanced frontier leader,10013,10015,358,294,0.8212290502793296,0.6179440067258993,0.6020977001151447
industrials_revenue_20m,Industrials companies with revenue >= $20M,HDBSCAN balanced frontier leader,10013,10016,354,284,0.8022598870056498,0.92453596762294,0.8752413901039601
industrials_revenue_20m,Industrials companies with revenue >= $20M,HDBSCAN balanced frontier leader,10013,10017,363,299,0.8236914600550964,0.9674637653587225,0.937910798344267
industrials_revenue_20m,Industrials companies with revenue >= $20M,HDBSCAN balanced frontier leader,10013,10018,356,301,0.8455056179775281,0.9268449049970089,0.8828998486293037
industrials_revenue_20m,Industrials companies with revenue >= $20M,HDBSCAN balanced frontier leader,10013,10019,371,305,0.8221024258760108,0.6577739257757487,0.6364095336988033
industrials_revenue_20m,Industrials companies with revenue >= $20M,HDBSCAN balanced frontier leader,10014,10015,358,283,0.7905027932960894,0.6863797689385447,0.701774835741261
industrials_revenue_20m,Industrials companies with revenue >= $20M,HDBSCAN balanced frontier leader,10014,10016,360,288,0.8,1.0,1.0
industrials_revenue_20m,Industrials companies with revenue >= $20M,HDBSCAN balanced frontier leader,10014,10017,370,298,0.8054054054054054,0.9701058953381605,0.9409001646269034
industrials_revenue_20m,Industrials companies with revenue >= $20M,HDBSCAN balanced frontier leader,10014,10018,362,292,0.8066298342541437,1.0,1.0
industrials_revenue_20m,Industrials companies with revenue >= $20M,HDBSCAN balanced frontier leader,10014,10019,370,300,0.8108108108108109,0.6639293589430936,0.6845554989084662
industrials_revenue_20m,Industrials companies with revenue >= $20M,HDBSCAN balanced frontier leader,10015,10016,364,294,0.8076923076923077,0.7342482177905081,0.7344257880795536
industrials_revenue_20m,Industrials companies with revenue >= $20M,HDBSCAN balanced frontier leader,10015,10017,361,307,0.850415512465374,0.6444265031279532,0.6683688214754578
industrials_revenue_20m,Industrials companies with revenue >= $20M,HDBSCAN balanced frontier leader,10015,10018,365,308,0.8438356164383561,0.5611046300341954,0.6096875666958493
industrials_revenue_20m,Industrials companies with revenue >= $20M,HDBSCAN balanced frontier leader,10015,10019,372,321,0.8629032258064516,1.0,1.0
industrials_revenue_20m,Industrials companies with revenue >= $20M,HDBSCAN balanced frontier leader,10016,10017,365,301,0.8246575342465754,1.0,1.0
industrials_revenue_20m,Industrials companies with revenue >= $20M,HDBSCAN balanced frontier leader,10016,10018,364,302,0.8296703296703297,1.0,1.0
industrials_revenue_20m,Industrials companies with revenue >= $20M,HDBSCAN balanced frontier leader,10016,10019,363,295,0.8126721763085399,0.7399942147023006,0.7410099499913123
industrials_revenue_20m,Industrials companies with revenue >= $20M,HDBSCAN balanced frontier leader,10017,10018,363,312,0.859504132231405,1.0,1.0
industrials_revenue_20m,Industrials companies with revenue >= $20M,HDBSCAN balanced frontier leader,10017,10019,363,315,0.8677685950413223,0.6897618109500848,0.6643721462745259
industrials_revenue_20m,Industrials companies with revenue >= $20M,HDBSCAN balanced frontier leader,10018,10019,355,306,0.8619718309859155,0.5997620856635344,0.6019886553056696
consumer_cyclical_revenue_20m,Consumer Cyclical companies with revenue >= $20M,K-Means|Selection-aware Silhouette leader,10000,10001,302,302,1.0,0.6571502500252313,0.5704552163155822
consumer_cyclical_revenue_20m,Consumer Cyclical companies with revenue >= $20M,K-Means|Selection-aware Silhouette leader,10000,10002,295,295,1.0,0.7358214199477879,0.6389991130977044
consumer_cyclical_revenue_20m,Consumer Cyclical companies with revenue >= $20M,K-Means|Selection-aware Silhouette leader,10000,10003,302,302,1.0,0.7697340886757786,0.6726383087359233
consumer_cyclical_revenue_20m,Consumer Cyclical companies with revenue >= $20M,K-Means|Selection-aware Silhouette leader,10000,10004,298,298,1.0,0.5254742516561748,0.4461045846743932
consumer_cyclical_revenue_20m,Consumer Cyclical companies with revenue >= $20M,K-Means|Selection-aware Silhouette leader,10000,10005,300,300,1.0,0.57812269787136,0.47164644768964714
consumer_cyclical_revenue_20m,Consumer Cyclical companies with revenue >= $20M,K-Means|Selection-aware Silhouette leader,10000,10006,296,296,1.0,0.6640397386770025,0.5714514834521925
consumer_cyclical_revenue_20m,Consumer Cyclical companies with revenue >= $20M,K-Means|Selection-aware Silhouette leader,10000,10007,299,299,1.0,0.6748050471241769,0.5791292980054493
consumer_cyclical_revenue_20m,Consumer Cyclical companies with revenue >= $20M,K-Means|Selection-aware Silhouette leader,10000,10008,294,294,1.0,0.7221917073026689,0.6264715744138694
consumer_cyclical_revenue_20m,Consumer Cyclical companies with revenue >= $20M,K-Means|Selection-aware Silhouette leader,10000,10009,308,308,1.0,0.6613486839919862,0.5971028454821831
consumer_cyclical_revenue_20m,Consumer Cyclical companies with revenue >= $20M,K-Means|Selection-aware Silhouette leader,10000,10010,298,298,1.0,0.7548262491940448,0.6585629219322537
consumer_cyclical_revenue_20m,Consumer Cyclical companies with revenue >= $20M,K-Means|Selection-aware Silhouette leader,10000,10011,298,298,1.0,0.6774448309635218,0.5826875892086822
consumer_cyclical_revenue_20m,Consumer Cyclical companies with revenue >= $20M,K-Means|Selection-aware Silhouette leader,10000,10012,302,302,1.0,0.6638069068247315,0.56918911187343
consumer_cyclical_revenue_20m,Consumer Cyclical companies with revenue >= $20M,K-Means|Selection-aware Silhouette leader,10000,10013,303,303,1.0,0.5383838446593707,0.36244386716099436
consumer_cyclical_revenue_20m,Consumer Cyclical companies with revenue >= $20M,K-Means|Selection-aware Silhouette leader,10000,10014,301,301,1.0,0.6895466959599688,0.6068680776427615
consumer_cyclical_revenue_20m,Consumer Cyclical companies with revenue >= $20M,K-Means|Selection-aware Silhouette leader,10000,10015,301,301,1.0,0.5477655747654685,0.4679759059013013
consumer_cyclical_revenue_20m,Consumer Cyclical companies with revenue >= $20M,K-Means|Selection-aware Silhouette leader,10000,10016,301,301,1.0,0.6997786268023967,0.605136167412856
consumer_cyclical_revenue_20m,Consumer Cyclical companies with revenue >= $20M,K-Means|Selection-aware Silhouette leader,10000,10017,302,302,1.0,0.7204568953748088,0.6217545503691816
consumer_cyclical_revenue_20m,Consumer Cyclical companies with revenue >= $20M,K-Means|Selection-aware Silhouette leader,10000,10018,296,296,1.0,0.6947941457664473,0.6004084992973399
consumer_cyclical_revenue_20m,Consumer Cyclical companies with revenue >= $20M,K-Means|Selection-aware Silhouette leader,10000,10019,297,297,1.0,0.7024107671239422,0.6120458787188781
consumer_cyclical_revenue_20m,Consumer Cyclical companies with revenue >= $20M,K-Means|Selection-aware Silhouette leader,10001,10002,299,299,1.0,1.0,1.0
consumer_cyclical_revenue_20m,Consumer Cyclical companies with revenue >= $20M,K-Means|Selection-aware Silhouette leader,10001,10003,306,306,1.0,0.9654130126354938,0.921849860227228
consumer_cyclical_revenue_20m,Consumer Cyclical companies with revenue >= $20M,K-Means|Selection-aware Silhouette leader,10001,10004,299,299,1.0,0.691114167026224,0.6474345256515454
consumer_cyclical_revenue_20m,Consumer Cyclical companies with revenue >= $20M,K-Means|Selection-aware Silhouette leader,10001,10005,303,303,1.0,0.675096137336649,0.6291317073478094
consumer_cyclical_revenue_20m,Consumer Cyclical companies with revenue >= $20M,K-Means|Selection-aware Silhouette leader,10001,10006,300,300,1.0,0.963233953074208,0.9173893862556995
consumer_cyclical_revenue_20m,Consumer Cyclical companies with revenue >= $20M,K-Means|Selection-aware Silhouette leader,10001,10007,302,302,1.0,0.9643199765598787,0.9085398225142638
consumer_cyclical_revenue_20m,Consumer Cyclical companies with revenue >= $20M,K-Means|Selection-aware Silhouette leader,10001,10008,297,297,1.0,1.0,1.0
consumer_cyclical_revenue_20m,Consumer Cyclical companies with revenue >= $20M,K-Means|Selection-aware Silhouette leader,10001,10009,303,303,1.0,0.47084840781025955,0.4209408081196195
consumer_cyclical_revenue_20m,Consumer Cyclical companies with revenue >= $20M,K-Means|Selection-aware Silhouette leader,10001,10010,297,297,1.0,0.9137851402233192,0.8401693039088094
consumer_cyclical_revenue_20m,Consumer Cyclical companies with revenue >= $20M,K-Means|Selection-aware Silhouette leader,10001,10011,300,300,1.0,0.9626959361393324,0.9046281251008221
consumer_cyclical_revenue_20m,Consumer Cyclical companies with revenue >= $20M,K-Means|Selection-aware Silhouette leader,10001,10012,301,301,1.0,0.963791307837893,0.9185361207510798
consumer_cyclical_revenue_20m,Consumer Cyclical companies with revenue >= $20M,K-Means|Selection-aware Silhouette leader,10001,10013,295,295,1.0,0.5976061172347571,0.5147075683522828
consumer_cyclical_revenue_20m,Consumer Cyclical companies with revenue >= $20M,K-Means|Selection-aware Silhouette leader,10001,10014,298,298,1.0,0.40163709280675813,0.3361607770732116
consumer_cyclical_revenue_20m,Consumer Cyclical companies with revenue >= $20M,K-Means|Selection-aware Silhouette leader,10001,10015,299,299,1.0,0.6604096806725511,0.5877480252786192
consumer_cyclical_revenue_20m,Consumer Cyclical companies with revenue >= $20M,K-Means|Selection-aware Silhouette leader,10001,10016,302,302,1.0,0.9308768121306201,0.8435858031498843
consumer_cyclical_revenue_20m,Consumer Cyclical companies with revenue >= $20M,K-Means|Selection-aware Silhouette leader,10001,10017,300,300,1.0,0.9823860142577118,0.9549833512019145
consumer_cyclical_revenue_20m,Consumer Cyclical companies with revenue >= $20M,K-Means|Selection-aware Silhouette leader,10001,10018,306,306,1.0,0.9486052389122878,0.8929099397618427
consumer_cyclical_revenue_20m,Consumer Cyclical companies with revenue >= $20M,K-Means|Selection-aware Silhouette leader,10001,10019,298,298,1.0,0.58472545094962,0.5085789061422411
consumer_cyclical_revenue_20m,Consumer Cyclical companies with revenue >= $20M,K-Means|Selection-aware Silhouette leader,10002,10003,299,299,1.0,0.9654583066344008,0.922280584345575
consumer_cyclical_revenue_20m,Consumer Cyclical companies with revenue >= $20M,K-Means|Selection-aware Silhouette leader,10002,10004,297,297,1.0,0.6235032577085007,0.6039455253466095
consumer_cyclical_revenue_20m,Consumer Cyclical companies with revenue >= $20M,K-Means|Selection-aware Silhouette leader,10002,10005,304,304,1.0,0.6534271899928685,0.6195573513328123
consumer_cyclical_revenue_20m,Consumer Cyclical companies with revenue >= $20M,K-Means|Selection-aware Silhouette leader,10002,10006,302,302,1.0,0.9819819569820264,0.9539170042375988
consumer_cyclical_revenue_20m,Consumer Cyclical companies with revenue >= $20M,K-Means|Selection-aware Silhouette leader,10002,10007,296,296,1.0,0.9815783831593895,0.9530526726852785
consumer_cyclical_revenue_20m,Consumer Cyclical companies with revenue >= $20M,K-Means|Selection-aware Silhouette leader,10002,10008,297,297,1.0,1.0,1.0
consumer_cyclical_revenue_20m,Consumer Cyclical companies with revenue >= $20M,K-Means|Selection-aware Silhouette leader,10002,10009,307,307,1.0,0.4950919501158143,0.44179971225535936
consumer_cyclical_revenue_20m,Consumer Cyclical companies with revenue >= $20M,K-Means|Selection-aware Silhouette leader,10002,10010,300,300,1.0,0.9141748911326422,0.8405586368346848
consumer_cyclical_revenue_20m,Consumer Cyclical companies with revenue >= $20M,K-Means|Selection-aware Silhouette leader,10002,10011,300,300,1.0,0.9819303013354134,0.9538339847187931
consumer_cyclical_revenue_20m,Consumer Cyclical companies with revenue >= $20M,K-Means|Selection-aware Silhouette leader,10002,10012,302,302,1.0,0.9814725562590597,0.952664674799822
consumer_cyclical_revenue_20m,Consumer Cyclical companies with revenue >= $20M,K-Means|Selection-aware Silhouette leader,10002,10013,304,304,1.0,0.5842160419045646,0.5040236424125916
consumer_cyclical_revenue_20m,Consumer Cyclical companies with revenue >= $20M,K-Means|Selection-aware Silhouette leader,10002,10014,301,301,1.0,0.4197857200490522,0.3671943423528117
consumer_cyclical_revenue_20m,Consumer Cyclical companies with revenue >= $20M,K-Means|Selection-aware Silhouette leader,10002,10015,299,299,1.0,0.619980386924476,0.603868680246911
consumer_cyclical_revenue_20m,Consumer Cyclical companies with revenue >= $20M,K-Means|Selection-aware Silhouette leader,10002,10016,299,299,1.0,0.9654583066344008,0.922280584345575
consumer_cyclical_revenue_20m,Consumer Cyclical companies with revenue >= $20M,K-Means|Selection-aware Silhouette leader,10002,10017,297,297,1.0,0.9816048999038346,0.9530952798417952
consumer_cyclical_revenue_20m,Consumer Cyclical companies with revenue >= $20M,K-Means|Selection-aware Silhouette leader,10002,10018,300,300,1.0,0.9827958069275551,0.9560419150490812
consumer_cyclical_revenue_20m,Consumer Cyclical companies with revenue >= $20M,K-Means|Selection-aware Silhouette leader,10002,10019,299,299,1.0,0.5860836610380359,0.5243917774261824
consumer_cyclical_revenue_20m,Consumer Cyclical companies with revenue >= $20M,K-Means|Selection-aware Silhouette leader,10003,10004,293,293,1.0,0.6645795127926529,0.6539430194734908
consumer_cyclical_revenue_20m,Consumer Cyclical companies with revenue >= $20M,K-Means|Selection-aware Silhouette leader,10003,10005,308,308,1.0,0.6583952122686819,0.6380881092317622
consumer_cyclical_revenue_20m,Consumer Cyclical companies with revenue >= $20M,K-Means|Selection-aware Silhouette leader,10003,10006,298,298,1.0,0.929627456312347,0.8628862570113501
consumer_cyclical_revenue_20m,Consumer Cyclical companies with revenue >= $20M,K-Means|Selection-aware Silhouette leader,10003,10007,309,309,1.0,0.931573128298712,0.8484886165305424
consumer_cyclical_revenue_20m,Consumer Cyclical companies with revenue >= $20M,K-Means|Selection-aware Silhouette leader,10003,10008,298,298,1.0,0.9823324554944468,0.9548991333936939
consumer_cyclical_revenue_20m,Consumer Cyclical companies with revenue >= $20M,K-Means|Selection-aware Silhouette leader,10003,10009,304,304,1.0,0.516268651856426,0.4792722675174174
consumer_cyclical_revenue_20m,Consumer Cyclical companies with revenue >= $20M,K-Means|Selection-aware Silhouette leader,10003,10010,304,304,1.0,0.9490514451457971,0.8939471366067174
consumer_cyclical_revenue_20m,Consumer Cyclical companies with revenue >= $20M,K-Means|Selection-aware Silhouette leader,10003,10011,302,302,1.0,0.9300238862417736,0.8457511253672895
consumer_cyclical_revenue_20m,Consumer Cyclical companies with revenue >= $20M,K-Means|Selection-aware Silhouette leader,10003,10012,297,297,1.0,0.9266751813608337,0.8575737304064215
consumer_cyclical_revenue_20m,Consumer Cyclical companies with revenue >= $20M,K-Means|Selection-aware Silhouette leader,10003,10013,297,297,1.0,0.53710385825694,0.4423270380091848
consumer_cyclical_revenue_20m,Consumer Cyclical companies with revenue >= $20M,K-Means|Selection-aware Silhouette leader,10003,10014,297,297,1.0,0.45721396170103984,0.40200577618598776
consumer_cyclical_revenue_20m,Consumer Cyclical companies with revenue >= $20M,K-Means|Selection-aware Silhouette leader,10003,10015,295,295,1.0,0.635740263227618,0.6008130120951902
consumer_cyclical_revenue_20m,Consumer Cyclical companies with revenue >= $20M,K-Means|Selection-aware Silhouette leader,10003,10016,301,301,1.0,0.9152590863838388,0.8171586752224181
consumer_cyclical_revenue_20m,Consumer Cyclical companies with revenue >= $20M,K-Means|Selection-aware Silhouette leader,10003,10017,307,307,1.0,0.9480482636508314,0.8917319353904583
consumer_cyclical_revenue_20m,Consumer Cyclical companies with revenue >= $20M,K-Means|Selection-aware Silhouette leader,10003,10018,303,303,1.0,0.9318075781872672,0.8665712061334162
consumer_cyclical_revenue_20m,Consumer Cyclical companies with revenue >= $20M,K-Means|Selection-aware Silhouette leader,10003,10019,297,297,1.0,0.6104157983243328,0.5537879108252725
consumer_cyclical_revenue_20m,Consumer Cyclical companies with revenue >= $20M,K-Means|Selection-aware Silhouette leader,10004,10005,302,302,1.0,0.9421338437987459,0.9131996091734774
consumer_cyclical_revenue_20m,Consumer Cyclical companies with revenue >= $20M,K-Means|Selection-aware Silhouette leader,10004,10006,300,300,1.0,0.5973571941605587,0.576618584965648
consumer_cyclical_revenue_20m,Consumer Cyclical companies with revenue >= $20M,K-Means|Selection-aware Silhouette leader,10004,10007,306,306,1.0,0.6629378834576818,0.6028579389034904
consumer_cyclical_revenue_20m,Consumer Cyclical companies with revenue >= $20M,K-Means|Selection-aware Silhouette leader,10004,10008,304,304,1.0,0.6467647310218484,0.6176176467412363
consumer_cyclical_revenue_20m,Consumer Cyclical companies with revenue >= $20M,K-Means|Selection-aware Silhouette leader,10004,10009,297,297,1.0,0.8100749971213997,0.7739908562675818
consumer_cyclical_revenue_20m,Consumer Cyclical companies with revenue >= $20M,K-Means|Selection-aware Silhouette leader,10004,10010,302,302,1.0,0.6698515013108035,0.6375706665538052
consumer_cyclical_revenue_20m,Consumer Cyclical companies with revenue >= $20M,K-Means|Selection-aware Silhouette leader,10004,10011,301,301,1.0,0.6463426102001634,0.6132729497641304
consumer_cyclical_revenue_20m,Consumer Cyclical companies with revenue >= $20M,K-Means|Selection-aware Silhouette leader,10004,10012,301,301,1.0,0.6044259545380763,0.627735011716493
consumer_cyclical_revenue_20m,Consumer Cyclical companies with revenue >= $20M,K-Means|Selection-aware Silhouette leader,10004,10013,305,305,1.0,0.8388715478294773,0.6844264374795095
consumer_cyclical_revenue_20m,Consumer Cyclical companies with revenue >= $20M,K-Means|Selection-aware Silhouette leader,10004,10014,305,305,1.0,0.6147864818651694,0.5897052644709818
consumer_cyclical_revenue_20m,Consumer Cyclical companies with revenue >= $20M,K-Means|Selection-aware Silhouette leader,10004,10015,301,301,1.0,0.9630158265852475,0.9285270579268018
consumer_cyclical_revenue_20m,Consumer Cyclical companies with revenue >= $20M,K-Means|Selection-aware Silhouette leader,10004,10016,303,303,1.0,0.6389767493807955,0.5685951649982426
consumer_cyclical_revenue_20m,Consumer Cyclical companies with revenue >= $20M,K-Means|Selection-aware Silhouette leader,10004,10017,300,300,1.0,0.6270087424359253,0.6387727385243501
consumer_cyclical_revenue_20m,Consumer Cyclical companies with revenue >= $20M,K-Means|Selection-aware Silhouette leader,10004,10018,295,295,1.0,0.6362843940655141,0.5909425220318738
consumer_cyclical_revenue_20m,Consumer Cyclical companies with revenue >= $20M,K-Means|Selection-aware Silhouette leader,10004,10019,297,297,1.0,0.8095131321264983,0.7470425612716531
consumer_cyclical_revenue_20m,Consumer Cyclical companies with revenue >= $20M,K-Means|Selection-aware Silhouette leader,10005,10006,294,294,1.0,0.6188366995843144,0.5871647870890961
consumer_cyclical_revenue_20m,Consumer Cyclical companies with revenue >= $20M,K-Means|Selection-aware Silhouette leader,10005,10007,296,296,1.0,0.6485760247408257,0.5788627532304653
consumer_cyclical_revenue_20m,Consumer Cyclical companies with revenue >= $20M,K-Means|Selection-aware Silhouette leader,10005,10008,305,305,1.0,0.6388222202636644,0.6080364049239965
consumer_cyclical_revenue_20m,Consumer Cyclical companies with revenue >= $20M,K-Means|Selection-aware Silhouette leader,10005,10009,301,301,1.0,0.7902383726850981,0.7338056431994654
consumer_cyclical_revenue_20m,Consumer Cyclical companies with revenue >= $20M,K-Means|Selection-aware Silhouette leader,10005,10010,299,299,1.0,0.695238152210997,0.6223432124413323
consumer_cyclical_revenue_20m,Consumer Cyclical companies with revenue >= $20M,K-Means|Selection-aware Silhouette leader,10005,10011,298,298,1.0,0.6883345271876913,0.6267461922735091
consumer_cyclical_revenue_20m,Consumer Cyclical companies with revenue >= $20M,K-Means|Selection-aware Silhouette leader,10005,10012,301,301,1.0,0.6196250842857338,0.6181681951232164
consumer_cyclical_revenue_20m,Consumer Cyclical companies with revenue >= $20M,K-Means|Selection-aware Silhouette leader,10005,10013,305,305,1.0,0.8411080533188371,0.7001586857421185
consumer_cyclical_revenue_20m,Consumer Cyclical companies with revenue >= $20M,K-Means|Selection-aware Silhouette leader,10005,10014,302,302,1.0,0.7192210558055799,0.7079178528669383
consumer_cyclical_revenue_20m,Consumer Cyclical companies with revenue >= $20M,K-Means|Selection-aware Silhouette leader,10005,10015,299,299,1.0,0.9398039975541191,0.8886522357285753
consumer_cyclical_revenue_20m,Consumer Cyclical companies with revenue >= $20M,K-Means|Selection-aware Silhouette leader,10005,10016,301,301,1.0,0.6579085991653949,0.579439505062548
consumer_cyclical_revenue_20m,Consumer Cyclical companies with revenue >= $20M,K-Means|Selection-aware Silhouette leader,10005,10017,300,300,1.0,0.6310338016334635,0.6427156511523279
consumer_cyclical_revenue_20m,Consumer Cyclical companies with revenue >= $20M,K-Means|Selection-aware Silhouette leader,10005,10018,302,302,1.0,0.6600879430384005,0.5960710541434453
consumer_cyclical_revenue_20m,Consumer Cyclical companies with revenue >= $20M,K-Means|Selection-aware Silhouette leader,10005,10019,303,303,1.0,0.8835767305610895,0.8545892109566299
consumer_cyclical_revenue_20m,Consumer Cyclical companies with revenue >= $20M,K-Means|Selection-aware Silhouette leader,10006,10007,300,300,1.0,0.9637402883974395,0.9184669981530504
consumer_cyclical_revenue_20m,Consumer Cyclical companies with revenue >= $20M,K-Means|Selection-aware Silhouette leader,10006,10008,301,301,1.0,0.9627484468206232,0.9163322768242074
consumer_cyclical_revenue_20m,Consumer Cyclical companies with revenue >= $20M,K-Means|Selection-aware Silhouette leader,10006,10009,303,303,1.0,0.42754547814984195,0.37609501130521034
consumer_cyclical_revenue_20m,Consumer Cyclical companies with revenue >= $20M,K-Means|Selection-aware Silhouette leader,10006,10010,303,303,1.0,0.8972129604409365,0.8165907282685928
consumer_cyclical_revenue_20m,Consumer Cyclical companies with revenue >= $20M,K-Means|Selection-aware Silhouette leader,10006,10011,307,307,1.0,0.9640890306969966,0.9189424146703727
consumer_cyclical_revenue_20m,Consumer Cyclical companies with revenue >= $20M,K-Means|Selection-aware Silhouette leader,10006,10012,304,304,1.0,1.0,1.0
consumer_cyclical_revenue_20m,Consumer Cyclical companies with revenue >= $20M,K-Means|Selection-aware Silhouette leader,10006,10013,301,301,1.0,0.5267617755746022,0.46000942710713577
consumer_cyclical_revenue_20m,Consumer Cyclical companies with revenue >= $20M,K-Means|Selection-aware Silhouette leader,10006,10014,304,304,1.0,0.37520780480426097,0.33052563945248586
consumer_cyclical_revenue_20m,Consumer Cyclical companies with revenue >= $20M,K-Means|Selection-aware Silhouette leader,10006,10015,300,300,1.0,0.5960708235827651,0.5875040557678565
consumer_cyclical_revenue_20m,Consumer Cyclical companies with revenue >= $20M,K-Means|Selection-aware Silhouette leader,10006,10016,304,304,1.0,0.9471609166108502,0.8901453570166472
consumer_cyclical_revenue_20m,Consumer Cyclical companies with revenue >= $20M,K-Means|Selection-aware Silhouette leader,10006,10017,307,307,1.0,0.9813175029434326,0.9521985508757881
consumer_cyclical_revenue_20m,Consumer Cyclical companies with revenue >= $20M,K-Means|Selection-aware Silhouette leader,10006,10018,300,300,1.0,1.0,1.0
consumer_cyclical_revenue_20m,Consumer Cyclical companies with revenue >= $20M,K-Means|Selection-aware Silhouette leader,10006,10019,303,303,1.0,0.5143475090567873,0.46174157838294994
consumer_cyclical_revenue_20m,Consumer Cyclical companies with revenue >= $20M,K-Means|Selection-aware Silhouette leader,10007,10008,298,298,1.0,0.9625947575214907,0.9044608539494992
consumer_cyclical_revenue_20m,Consumer Cyclical companies with revenue >= $20M,K-Means|Selection-aware Silhouette leader,10007,10009,298,298,1.0,0.44129934266539034,0.3784292246220127
consumer_cyclical_revenue_20m,Consumer Cyclical companies with revenue >= $20M,K-Means|Selection-aware Silhouette leader,10007,10010,299,299,1.0,0.9140460305674872,0.8404296440390024
consumer_cyclical_revenue_20m,Consumer Cyclical companies with revenue >= $20M,K-Means|Selection-aware Silhouette leader,10007,10011,303,303,1.0,1.0,1.0
consumer_cyclical_revenue_20m,Consumer Cyclical companies with revenue >= $20M,K-Means|Selection-aware Silhouette leader,10007,10012,300,300,1.0,0.962131620336436,0.9150856993566375
consumer_cyclical_revenue_20m,Consumer Cyclical companies with revenue >= $20M,K-Means|Selection-aware Silhouette leader,10007,10013,302,302,1.0,0.5718154130765293,0.49066870833189036
consumer_cyclical_revenue_20m,Consumer Cyclical companies with revenue >= $20M,K-Means|Selection-aware Silhouette leader,10007,10014,300,300,1.0,0.42902203709286724,0.35108402992767496
consumer_cyclical_revenue_20m,Consumer Cyclical companies with revenue >= $20M,K-Means|Selection-aware Silhouette leader,10007,10015,295,295,1.0,0.6486004681965469,0.579142520391003
consumer_cyclical_revenue_20m,Consumer Cyclical companies with revenue >= $20M,K-Means|Selection-aware Silhouette leader,10007,10016,303,303,1.0,0.9822422384939101,0.9545450076763318
consumer_cyclical_revenue_20m,Consumer Cyclical companies with revenue >= $20M,K-Means|Selection-aware Silhouette leader,10007,10017,297,297,1.0,0.9435902518152212,0.8675198165892145
consumer_cyclical_revenue_20m,Consumer Cyclical companies with revenue >= $20M,K-Means|Selection-aware Silhouette leader,10007,10018,299,299,1.0,0.9827686046655334,0.9559998093401764
consumer_cyclical_revenue_20m,Consumer Cyclical companies with revenue >= $20M,K-Means|Selection-aware Silhouette leader,10007,10019,298,298,1.0,0.5542189534903509,0.4566738111327512
consumer_cyclical_revenue_20m,Consumer Cyclical companies with revenue >= $20M,K-Means|Selection-aware Silhouette leader,10008,10009,295,295,1.0,0.48039294027823953,0.4389854728849092
consumer_cyclical_revenue_20m,Consumer Cyclical companies with revenue >= $20M,K-Means|Selection-aware Silhouette leader,10008,10010,298,298,1.0,0.9287284709741169,0.8612250262048649
consumer_cyclical_revenue_20m,Consumer Cyclical companies with revenue >= $20M,K-Means|Selection-aware Silhouette leader,10008,10011,301,301,1.0,0.9632820400398843,0.9060148520269676
consumer_cyclical_revenue_20m,Consumer Cyclical companies with revenue >= $20M,K-Means|Selection-aware Silhouette leader,10008,10012,300,300,1.0,0.9608937245027102,0.9125602132310036
consumer_cyclical_revenue_20m,Consumer Cyclical companies with revenue >= $20M,K-Means|Selection-aware Silhouette leader,10008,10013,305,305,1.0,0.5599513931495187,0.4838900426285114
consumer_cyclical_revenue_20m,Consumer Cyclical companies with revenue >= $20M,K-Means|Selection-aware Silhouette leader,10008,10014,297,297,1.0,0.39499041334065205,0.35097586749041065
consumer_cyclical_revenue_20m,Consumer Cyclical companies with revenue >= $20M,K-Means|Selection-aware Silhouette leader,10008,10015,305,305,1.0,0.5949832810435931,0.5613282452595457
consumer_cyclical_revenue_20m,Consumer Cyclical companies with revenue >= $20M,K-Means|Selection-aware Silhouette leader,10008,10016,300,300,1.0,0.9298167898691554,0.8414251989556717
consumer_cyclical_revenue_20m,Consumer Cyclical companies with revenue >= $20M,K-Means|Selection-aware Silhouette leader,10008,10017,304,304,1.0,0.9815223805306549,0.952746599452482
consumer_cyclical_revenue_20m,Consumer Cyclical companies with revenue >= $20M,K-Means|Selection-aware Silhouette leader,10008,10018,295,295,1.0,0.9464635469476107,0.8893148425241508
consumer_cyclical_revenue_20m,Consumer Cyclical companies with revenue >= $20M,K-Means|Selection-aware Silhouette leader,10008,10019,301,301,1.0,0.5549262266549752,0.4980297309130723
consumer_cyclical_revenue_20m,Consumer Cyclical companies with revenue >= $20M,K-Means|Selection-aware Silhouette leader,10009,10010,298,298,1.0,0.5529582531272821,0.49186444668333673
consumer_cyclical_revenue_20m,Consumer Cyclical companies with revenue >= $20M,K-Means|Selection-aware Silhouette leader,10009,10011,295,295,1.0,0.4353552567823993,0.38943571126680504
consumer_cyclical_revenue_20m,Consumer Cyclical companies with revenue >= $20M,K-Means|Selection-aware Silhouette leader,10009,10012,301,301,1.0,0.448187604778038,0.4184800085790082
consumer_cyclical_revenue_20m,Consumer Cyclical companies with revenue >= $20M,K-Means|Selection-aware Silhouette leader,10009,10013,304,304,1.0,0.7953725167416762,0.6401542631818564
consumer_cyclical_revenue_20m,Consumer Cyclical companies with revenue >= $20M,K-Means|Selection-aware Silhouette leader,10009,10014,299,299,1.0,0.79846238577129,0.7214022840794452
consumer_cyclical_revenue_20m,Consumer Cyclical companies with revenue >= $20M,K-Means|Selection-aware Silhouette leader,10009,10015,298,298,1.0,0.797744143869903,0.747223467902241
consumer_cyclical_revenue_20m,Consumer Cyclical companies with revenue >= $20M,K-Means|Selection-aware Silhouette leader,10009,10016,291,291,1.0,0.46108186166207976,0.40070025011584964
consumer_cyclical_revenue_20m,Consumer Cyclical companies with revenue >= $20M,K-Means|Selection-aware Silhouette leader,10009,10017,297,297,1.0,0.4575933760152026,0.4330057607500845
consumer_cyclical_revenue_20m,Consumer Cyclical companies with revenue >= $20M,K-Means|Selection-aware Silhouette leader,10009,10018,299,299,1.0,0.47573216824133296,0.41543008989445473
consumer_cyclical_revenue_20m,Consumer Cyclical companies with revenue >= $20M,K-Means|Selection-aware Silhouette leader,10009,10019,303,303,1.0,0.9316882039225874,0.8909496966195334
consumer_cyclical_revenue_20m,Consumer Cyclical companies with revenue >= $20M,K-Means|Selection-aware Silhouette leader,10010,10011,307,307,1.0,0.9313909789251542,0.8654706946797482
consumer_cyclical_revenue_20m,Consumer Cyclical companies with revenue >= $20M,K-Means|Selection-aware Silhouette leader,10010,10012,303,303,1.0,0.9059375666408667,0.8263142088727649
consumer_cyclical_revenue_20m,Consumer Cyclical companies with revenue >= $20M,K-Means|Selection-aware Silhouette leader,10010,10013,304,304,1.0,0.5980560727237232,0.4890373214556076
consumer_cyclical_revenue_20m,Consumer Cyclical companies with revenue >= $20M,K-Means|Selection-aware Silhouette leader,10010,10014,299,299,1.0,0.4575237211001237,0.37906467425696055
consumer_cyclical_revenue_20m,Consumer Cyclical companies with revenue >= $20M,K-Means|Selection-aware Silhouette leader,10010,10015,303,303,1.0,0.6874923483118975,0.646888553833046
consumer_cyclical_revenue_20m,Consumer Cyclical companies with revenue >= $20M,K-Means|Selection-aware Silhouette leader,10010,10016,299,299,1.0,0.9313934102830144,0.8661257515195694
consumer_cyclical_revenue_20m,Consumer Cyclical companies with revenue >= $20M,K-Means|Selection-aware Silhouette leader,10010,10017,295,295,1.0,0.9629752696255487,0.9170381730289856
consumer_cyclical_revenue_20m,Consumer Cyclical companies with revenue >= $20M,K-Means|Selection-aware Silhouette leader,10010,10018,302,302,1.0,0.9163515243363273,0.8442774130560116
consumer_cyclical_revenue_20m,Consumer Cyclical companies with revenue >= $20M,K-Means|Selection-aware Silhouette leader,10010,10019,298,298,1.0,0.6614420083888689,0.5776145301790825
consumer_cyclical_revenue_20m,Consumer Cyclical companies with revenue >= $20M,K-Means|Selection-aware Silhouette leader,10011,10012,305,305,1.0,0.9617718280938077,0.9141921149082979
consumer_cyclical_revenue_20m,Consumer Cyclical companies with revenue >= $20M,K-Means|Selection-aware Silhouette leader,10011,10013,297,297,1.0,0.6027525764713085,0.5157759726440893
consumer_cyclical_revenue_20m,Consumer Cyclical companies with revenue >= $20M,K-Means|Selection-aware Silhouette leader,10011,10014,298,298,1.0,0.3895613804340262,0.325656442645832
consumer_cyclical_revenue_20m,Consumer Cyclical companies with revenue >= $20M,K-Means|Selection-aware Silhouette leader,10011,10015,301,301,1.0,0.6683606266862011,0.6271920621365611
consumer_cyclical_revenue_20m,Consumer Cyclical companies with revenue >= $20M,K-Means|Selection-aware Silhouette leader,10011,10016,301,301,1.0,0.9824124686287522,0.955025078661236
consumer_cyclical_revenue_20m,Consumer Cyclical companies with revenue >= $20M,K-Means|Selection-aware Silhouette leader,10011,10017,296,296,1.0,0.9407447101448447,0.8614467946156686
consumer_cyclical_revenue_20m,Consumer Cyclical companies with revenue >= $20M,K-Means|Selection-aware Silhouette leader,10011,10018,302,302,1.0,0.9819819569820264,0.9539170042375988
consumer_cyclical_revenue_20m,Consumer Cyclical companies with revenue >= $20M,K-Means|Selection-aware Silhouette leader,10011,10019,300,300,1.0,0.5343537868451137,0.45016120402935234
consumer_cyclical_revenue_20m,Consumer Cyclical companies with revenue >= $20M,K-Means|Selection-aware Silhouette leader,10012,10013,305,305,1.0,0.52868072251468,0.4531544723283357
consumer_cyclical_revenue_20m,Consumer Cyclical companies with revenue >= $20M,K-Means|Selection-aware Silhouette leader,10012,10014,298,298,1.0,0.3603002585925468,0.35608008583945966
consumer_cyclical_revenue_20m,Consumer Cyclical companies with revenue >= $20M,K-Means|Selection-aware Silhouette leader,10012,10015,306,306,1.0,0.6092209102236991,0.6445852580976639
consumer_cyclical_revenue_20m,Consumer Cyclical companies with revenue >= $20M,K-Means|Selection-aware Silhouette leader,10012,10016,302,302,1.0,0.9447943340434632,0.885660679034182
consumer_cyclical_revenue_20m,Consumer Cyclical companies with revenue >= $20M,K-Means|Selection-aware Silhouette leader,10012,10017,301,301,1.0,0.980567035566741,0.9505200106793286
consumer_cyclical_revenue_20m,Consumer Cyclical companies with revenue >= $20M,K-Means|Selection-aware Silhouette leader,10012,10018,300,300,1.0,1.0,1.0
consumer_cyclical_revenue_20m,Consumer Cyclical companies with revenue >= $20M,K-Means|Selection-aware Silhouette leader,10012,10019,300,300,1.0,0.5270623180850671,0.48436760477670415
consumer_cyclical_revenue_20m,Consumer Cyclical companies with revenue >= $20M,K-Means|Selection-aware Silhouette leader,10013,10014,302,302,1.0,0.6471783413284196,0.4924731801431551
consumer_cyclical_revenue_20m,Consumer Cyclical companies with revenue >= $20M,K-Means|Selection-aware Silhouette leader,10013,10015,303,303,1.0,0.8346074764131723,0.683119792504109
consumer_cyclical_revenue_20m,Consumer Cyclical companies with revenue >= $20M,K-Means|Selection-aware Silhouette leader,10013,10016,299,299,1.0,0.5830124825423593,0.5094609620072956
consumer_cyclical_revenue_20m,Consumer Cyclical companies with revenue >= $20M,K-Means|Selection-aware Silhouette leader,10013,10017,306,306,1.0,0.5538298412743278,0.48051868740213133
consumer_cyclical_revenue_20m,Consumer Cyclical companies with revenue >= $20M,K-Means|Selection-aware Silhouette leader,10013,10018,296,296,1.0,0.5650052548936553,0.48934967178839145
consumer_cyclical_revenue_20m,Consumer Cyclical companies with revenue >= $20M,K-Means|Selection-aware Silhouette leader,10013,10019,297,297,1.0,0.8004509316797894,0.627520713599553
consumer_cyclical_revenue_20m,Consumer Cyclical companies with revenue >= $20M,K-Means|Selection-aware Silhouette leader,10014,10015,294,294,1.0,0.654846268749009,0.6224301861872584
consumer_cyclical_revenue_20m,Consumer Cyclical companies with revenue >= $20M,K-Means|Selection-aware Silhouette leader,10014,10016,304,304,1.0,0.4226650101735636,0.3424757211501081
consumer_cyclical_revenue_20m,Consumer Cyclical companies with revenue >= $20M,K-Means|Selection-aware Silhouette leader,10014,10017,303,303,1.0,0.3923637901771406,0.33841743057003326
consumer_cyclical_revenue_20m,Consumer Cyclical companies with revenue >= $20M,K-Means|Selection-aware Silhouette leader,10014,10018,296,296,1.0,0.4386298800578708,0.36910373569591093
consumer_cyclical_revenue_20m,Consumer Cyclical companies with revenue >= $20M,K-Means|Selection-aware Silhouette leader,10014,10019,310,310,1.0,0.8591206620708868,0.8283634283849726
consumer_cyclical_revenue_20m,Consumer Cyclical companies with revenue >= $20M,K-Means|Selection-aware Silhouette leader,10015,10016,300,300,1.0,0.6830672668531245,0.6084716704513323
consumer_cyclical_revenue_20m,Consumer Cyclical companies with revenue >= $20M,K-Means|Selection-aware Silhouette leader,10015,10017,304,304,1.0,0.6054733307431661,0.6004274638034549
consumer_cyclical_revenue_20m,Consumer Cyclical companies with revenue >= $20M,K-Means|Selection-aware Silhouette leader,10015,10018,299,299,1.0,0.645470905769749,0.606547809084887
consumer_cyclical_revenue_20m,Consumer Cyclical companies with revenue >= $20M,K-Means|Selection-aware Silhouette leader,10015,10019,300,300,1.0,0.8348101814143328,0.7793489684285013
consumer_cyclical_revenue_20m,Consumer Cyclical companies with revenue >= $20M,K-Means|Selection-aware Silhouette leader,10016,10017,302,302,1.0,0.9111069970707945,0.8084274729869799
consumer_cyclical_revenue_20m,Consumer Cyclical companies with revenue >= $20M,K-Means|Selection-aware Silhouette leader,10016,10018,298,298,1.0,0.9823324554944468,0.9548991333936939
consumer_cyclical_revenue_20m,Consumer Cyclical companies with revenue >= $20M,K-Means|Selection-aware Silhouette leader,10016,10019,295,295,1.0,0.5642748856382988,0.46133017699464585
consumer_cyclical_revenue_20m,Consumer Cyclical companies with revenue >= $20M,K-Means|Selection-aware Silhouette leader,10017,10018,306,306,1.0,0.9645226579719,0.9199087279287586
consumer_cyclical_revenue_20m,Consumer Cyclical companies with revenue >= $20M,K-Means|Selection-aware Silhouette leader,10017,10019,302,302,1.0,0.5481504752720833,0.5253341083434071
consumer_cyclical_revenue_20m,Consumer Cyclical companies with revenue >= $20M,K-Means|Selection-aware Silhouette leader,10018,10019,301,301,1.0,0.5870802474192476,0.506399735091816
consumer_cyclical_revenue_20m,Consumer Cyclical companies with revenue >= $20M,Agglomerative|Selection-aware Silhouette leader,10000,10001,302,302,1.0,0.9811956366644816,0.9519955895280038
consumer_cyclical_revenue_20m,Consumer Cyclical companies with revenue >= $20M,Agglomerative|Selection-aware Silhouette leader,10000,10002,295,295,1.0,0.9425774036969624,0.8818188538554034
consumer_cyclical_revenue_20m,Consumer Cyclical companies with revenue >= $20M,Agglomerative|Selection-aware Silhouette leader,10000,10003,302,302,1.0,0.7518974254594956,0.6086103490336825
consumer_cyclical_revenue_20m,Consumer Cyclical companies with revenue >= $20M,Agglomerative|Selection-aware Silhouette leader,10000,10004,298,298,1.0,0.8775743735711821,0.7489133053555773
consumer_cyclical_revenue_20m,Consumer Cyclical companies with revenue >= $20M,Agglomerative|Selection-aware Silhouette leader,10000,10005,300,300,1.0,0.584027177920955,0.5354202148918265
consumer_cyclical_revenue_20m,Consumer Cyclical companies with revenue >= $20M,Agglomerative|Selection-aware Silhouette leader,10000,10006,296,296,1.0,0.6056154887603007,0.5697668958420126
consumer_cyclical_revenue_20m,Consumer Cyclical companies with revenue >= $20M,Agglomerative|Selection-aware Silhouette leader,10000,10007,299,299,1.0,0.454252769175193,0.4200899790930626
consumer_cyclical_revenue_20m,Consumer Cyclical companies with revenue >= $20M,Agglomerative|Selection-aware Silhouette leader,10000,10008,294,294,1.0,0.6414216794536146,0.5300429826520641
consumer_cyclical_revenue_20m,Consumer Cyclical companies with revenue >= $20M,Agglomerative|Selection-aware Silhouette leader,10000,10009,308,308,1.0,0.5686557967669336,0.4033575181316879
consumer_cyclical_revenue_20m,Consumer Cyclical companies with revenue >= $20M,Agglomerative|Selection-aware Silhouette leader,10000,10010,298,298,1.0,0.26467794568049496,0.2963066056628714
consumer_cyclical_revenue_20m,Consumer Cyclical companies with revenue >= $20M,Agglomerative|Selection-aware Silhouette leader,10000,10011,298,298,1.0,0.7632533117806716,0.6195434313189601
consumer_cyclical_revenue_20m,Consumer Cyclical companies with revenue >= $20M,Agglomerative|Selection-aware Silhouette leader,10000,10012,302,302,1.0,0.5656504054951333,0.46117265608094965
consumer_cyclical_revenue_20m,Consumer Cyclical companies with revenue >= $20M,Agglomerative|Selection-aware Silhouette leader,10000,10013,303,303,1.0,0.4656284881059211,0.4011393260527929
consumer_cyclical_revenue_20m,Consumer Cyclical companies with revenue >= $20M,Agglomerative|Selection-aware Silhouette leader,10000,10014,301,301,1.0,0.34512942668902463,0.29358354935636644
consumer_cyclical_revenue_20m,Consumer Cyclical companies with revenue >= $20M,Agglomerative|Selection-aware Silhouette leader,10000,10015,301,301,1.0,0.9602617630903623,0.8988491468949915
consumer_cyclical_revenue_20m,Consumer Cyclical companies with revenue >= $20M,Agglomerative|Selection-aware Silhouette leader,10000,10016,301,301,1.0,0.6741667936707797,0.5300524433742982
consumer_cyclical_revenue_20m,Consumer Cyclical companies with revenue >= $20M,Agglomerative|Selection-aware Silhouette leader,10000,10017,302,302,1.0,0.4056800943451859,0.40052872667436584
consumer_cyclical_revenue_20m,Consumer Cyclical companies with revenue >= $20M,Agglomerative|Selection-aware Silhouette leader,10000,10018,296,296,1.0,0.48294185901814773,0.4062930562319268
consumer_cyclical_revenue_20m,Consumer Cyclical companies with revenue >= $20M,Agglomerative|Selection-aware Silhouette leader,10000,10019,297,297,1.0,0.6511847856684727,0.6382611174415085
consumer_cyclical_revenue_20m,Consumer Cyclical companies with revenue >= $20M,Agglomerative|Selection-aware Silhouette leader,10001,10002,299,299,1.0,0.9620817680743692,0.9150165196053367
consumer_cyclical_revenue_20m,Consumer Cyclical companies with revenue >= $20M,Agglomerative|Selection-aware Silhouette leader,10001,10003,306,306,1.0,0.8008205865828274,0.6932450643733281
consumer_cyclical_revenue_20m,Consumer Cyclical companies with revenue >= $20M,Agglomerative|Selection-aware Silhouette leader,10001,10004,299,299,1.0,0.8663885021890441,0.7379446415438035
consumer_cyclical_revenue_20m,Consumer Cyclical companies with revenue >= $20M,Agglomerative|Selection-aware Silhouette leader,10001,10005,303,303,1.0,0.6312108264739065,0.5770158540986333
consumer_cyclical_revenue_20m,Consumer Cyclical companies with revenue >= $20M,Agglomerative|Selection-aware Silhouette leader,10001,10006,300,300,1.0,0.6463398980586812,0.6088065816809861
consumer_cyclical_revenue_20m,Consumer Cyclical companies with revenue >= $20M,Agglomerative|Selection-aware Silhouette leader,10001,10007,302,302,1.0,0.44475198023096146,0.39809940397510657
consumer_cyclical_revenue_20m,Consumer Cyclical companies with revenue >= $20M,Agglomerative|Selection-aware Silhouette leader,10001,10008,297,297,1.0,0.716082529780608,0.6020347582111448
consumer_cyclical_revenue_20m,Consumer Cyclical companies with revenue >= $20M,Agglomerative|Selection-aware Silhouette leader,10001,10009,303,303,1.0,0.6769785427075974,0.5269450966121655
consumer_cyclical_revenue_20m,Consumer Cyclical companies with revenue >= $20M,Agglomerative|Selection-aware Silhouette leader,10001,10010,297,297,1.0,0.28477936951293875,0.29158559881674034
consumer_cyclical_revenue_20m,Consumer Cyclical companies with revenue >= $20M,Agglomerative|Selection-aware Silhouette leader,10001,10011,300,300,1.0,0.8318486007233584,0.7284455713838301
consumer_cyclical_revenue_20m,Consumer Cyclical companies with revenue >= $20M,Agglomerative|Selection-aware Silhouette leader,10001,10012,301,301,1.0,0.6208853174710318,0.5124035449608563
consumer_cyclical_revenue_20m,Consumer Cyclical companies with revenue >= $20M,Agglomerative|Selection-aware Silhouette leader,10001,10013,295,295,1.0,0.4449615566669699,0.36759724703008423
consumer_cyclical_revenue_20m,Consumer Cyclical companies with revenue >= $20M,Agglomerative|Selection-aware Silhouette leader,10001,10014,298,298,1.0,0.33073241342642123,0.2777603498796413
consumer_cyclical_revenue_20m,Consumer Cyclical companies with revenue >= $20M,Agglomerative|Selection-aware Silhouette leader,10001,10015,299,299,1.0,0.924674219406996,0.8349411626552932
consumer_cyclical_revenue_20m,Consumer Cyclical companies with revenue >= $20M,Agglomerative|Selection-aware Silhouette leader,10001,10016,302,302,1.0,0.7243964618880268,0.6128652954382657
consumer_cyclical_revenue_20m,Consumer Cyclical companies with revenue >= $20M,Agglomerative|Selection-aware Silhouette leader,10001,10017,300,300,1.0,0.42398976165107527,0.39185762804544017
consumer_cyclical_revenue_20m,Consumer Cyclical companies with revenue >= $20M,Agglomerative|Selection-aware Silhouette leader,10001,10018,306,306,1.0,0.46255872012198707,0.38118286111257715
consumer_cyclical_revenue_20m,Consumer Cyclical companies with revenue >= $20M,Agglomerative|Selection-aware Silhouette leader,10001,10019,298,298,1.0,0.650554875172238,0.5952672523410776
consumer_cyclical_revenue_20m,Consumer Cyclical companies with revenue >= $20M,Agglomerative|Selection-aware Silhouette leader,10002,10003,299,299,1.0,0.8065695100452921,0.701186849340192
consumer_cyclical_revenue_20m,Consumer Cyclical companies with revenue >= $20M,Agglomerative|Selection-aware Silhouette leader,10002,10004,297,297,1.0,0.9207018832402868,0.8472128791692588
consumer_cyclical_revenue_20m,Consumer Cyclical companies with revenue >= $20M,Agglomerative|Selection-aware Silhouette leader,10002,10005,304,304,1.0,0.6290909884218653,0.6393505813583776
consumer_cyclical_revenue_20m,Consumer Cyclical companies with revenue >= $20M,Agglomerative|Selection-aware Silhouette leader,10002,10006,302,302,1.0,0.6392176586860162,0.6583245100023272
consumer_cyclical_revenue_20m,Consumer Cyclical companies with revenue >= $20M,Agglomerative|Selection-aware Silhouette leader,10002,10007,296,296,1.0,0.4734636360640313,0.45064304876060085
consumer_cyclical_revenue_20m,Consumer Cyclical companies with revenue >= $20M,Agglomerative|Selection-aware Silhouette leader,10002,10008,297,297,1.0,0.6734305963514946,0.56247938073379
consumer_cyclical_revenue_20m,Consumer Cyclical companies with revenue >= $20M,Agglomerative|Selection-aware Silhouette leader,10002,10009,307,307,1.0,0.5807293734605271,0.41555239031993524
consumer_cyclical_revenue_20m,Consumer Cyclical companies with revenue >= $20M,Agglomerative|Selection-aware Silhouette leader,10002,10010,300,300,1.0,0.3212219162392407,0.3440779359912758
consumer_cyclical_revenue_20m,Consumer Cyclical companies with revenue >= $20M,Agglomerative|Selection-aware Silhouette leader,10002,10011,300,300,1.0,0.7566918019021677,0.6453432373227913
consumer_cyclical_revenue_20m,Consumer Cyclical companies with revenue >= $20M,Agglomerative|Selection-aware Silhouette leader,10002,10012,302,302,1.0,0.6295458685124073,0.5208872345125163
consumer_cyclical_revenue_20m,Consumer Cyclical companies with revenue >= $20M,Agglomerative|Selection-aware Silhouette leader,10002,10013,304,304,1.0,0.45829563541016394,0.38328273467627255
consumer_cyclical_revenue_20m,Consumer Cyclical companies with revenue >= $20M,Agglomerative|Selection-aware Silhouette leader,10002,10014,301,301,1.0,0.3724094710977638,0.32056963923095355
consumer_cyclical_revenue_20m,Consumer Cyclical companies with revenue >= $20M,Agglomerative|Selection-aware Silhouette leader,10002,10015,299,299,1.0,0.8513911718470227,0.7121222044051243
consumer_cyclical_revenue_20m,Consumer Cyclical companies with revenue >= $20M,Agglomerative|Selection-aware Silhouette leader,10002,10016,299,299,1.0,0.744689764988422,0.633939247742802
consumer_cyclical_revenue_20m,Consumer Cyclical companies with revenue >= $20M,Agglomerative|Selection-aware Silhouette leader,10002,10017,297,297,1.0,0.39823968395545867,0.37150875101746483
consumer_cyclical_revenue_20m,Consumer Cyclical companies with revenue >= $20M,Agglomerative|Selection-aware Silhouette leader,10002,10018,300,300,1.0,0.41761491634895853,0.3249020587710815
consumer_cyclical_revenue_20m,Consumer Cyclical companies with revenue >= $20M,Agglomerative|Selection-aware Silhouette leader,10002,10019,299,299,1.0,0.6558010158369555,0.6720446370681958
consumer_cyclical_revenue_20m,Consumer Cyclical companies with revenue >= $20M,Agglomerative|Selection-aware Silhouette leader,10003,10004,293,293,1.0,0.754541972049717,0.5960021575107523
consumer_cyclical_revenue_20m,Consumer Cyclical companies with revenue >= $20M,Agglomerative|Selection-aware Silhouette leader,10003,10005,308,308,1.0,0.4891155140735563,0.4605995500958614
consumer_cyclical_revenue_20m,Consumer Cyclical companies with revenue >= $20M,Agglomerative|Selection-aware Silhouette leader,10003,10006,298,298,1.0,0.45305154182803437,0.42435545831875704
consumer_cyclical_revenue_20m,Consumer Cyclical companies with revenue >= $20M,Agglomerative|Selection-aware Silhouette leader,10003,10007,309,309,1.0,0.3184743571606293,0.30972732698757516
consumer_cyclical_revenue_20m,Consumer Cyclical companies with revenue >= $20M,Agglomerative|Selection-aware Silhouette leader,10003,10008,298,298,1.0,0.8567048215641863,0.7573024648193568
consumer_cyclical_revenue_20m,Consumer Cyclical companies with revenue >= $20M,Agglomerative|Selection-aware Silhouette leader,10003,10009,304,304,1.0,0.6946413579291487,0.5057438137679877
consumer_cyclical_revenue_20m,Consumer Cyclical companies with revenue >= $20M,Agglomerative|Selection-aware Silhouette leader,10003,10010,304,304,1.0,0.19943314084539282,0.23644299152788026
consumer_cyclical_revenue_20m,Consumer Cyclical companies with revenue >= $20M,Agglomerative|Selection-aware Silhouette leader,10003,10011,302,302,1.0,0.9088491999147902,0.8052326411558093
consumer_cyclical_revenue_20m,Consumer Cyclical companies with revenue >= $20M,Agglomerative|Selection-aware Silhouette leader,10003,10012,297,297,1.0,0.7930801206223245,0.6808323445914382
consumer_cyclical_revenue_20m,Consumer Cyclical companies with revenue >= $20M,Agglomerative|Selection-aware Silhouette leader,10003,10013,297,297,1.0,0.3453262146404022,0.3140405630605344
consumer_cyclical_revenue_20m,Consumer Cyclical companies with revenue >= $20M,Agglomerative|Selection-aware Silhouette leader,10003,10014,297,297,1.0,0.2475498409776451,0.21256131748461035
consumer_cyclical_revenue_20m,Consumer Cyclical companies with revenue >= $20M,Agglomerative|Selection-aware Silhouette leader,10003,10015,295,295,1.0,0.7504746060065965,0.6386011115251053
consumer_cyclical_revenue_20m,Consumer Cyclical companies with revenue >= $20M,Agglomerative|Selection-aware Silhouette leader,10003,10016,301,301,1.0,0.9109264403468701,0.8312768240572337
consumer_cyclical_revenue_20m,Consumer Cyclical companies with revenue >= $20M,Agglomerative|Selection-aware Silhouette leader,10003,10017,307,307,1.0,0.30055231281673,0.3133278988354372
consumer_cyclical_revenue_20m,Consumer Cyclical companies with revenue >= $20M,Agglomerative|Selection-aware Silhouette leader,10003,10018,303,303,1.0,0.3635148203506245,0.30259729928565465
consumer_cyclical_revenue_20m,Consumer Cyclical companies with revenue >= $20M,Agglomerative|Selection-aware Silhouette leader,10003,10019,297,297,1.0,0.45827689152969786,0.4065020050426635
consumer_cyclical_revenue_20m,Consumer Cyclical companies with revenue >= $20M,Agglomerative|Selection-aware Silhouette leader,10004,10005,302,302,1.0,0.6118432138566747,0.590355270190112
consumer_cyclical_revenue_20m,Consumer Cyclical companies with revenue >= $20M,Agglomerative|Selection-aware Silhouette leader,10004,10006,300,300,1.0,0.6355029035697656,0.6149728005032922
consumer_cyclical_revenue_20m,Consumer Cyclical companies with revenue >= $20M,Agglomerative|Selection-aware Silhouette leader,10004,10007,306,306,1.0,0.3903021226473548,0.3705282035707527
consumer_cyclical_revenue_20m,Consumer Cyclical companies with revenue >= $20M,Agglomerative|Selection-aware Silhouette leader,10004,10008,304,304,1.0,0.7030065830831038,0.553238237695457
consumer_cyclical_revenue_20m,Consumer Cyclical companies with revenue >= $20M,Agglomerative|Selection-aware Silhouette leader,10004,10009,297,297,1.0,0.6458118692869124,0.47288596494945057
consumer_cyclical_revenue_20m,Consumer Cyclical companies with revenue >= $20M,Agglomerative|Selection-aware Silhouette leader,10004,10010,302,302,1.0,0.2563876059764666,0.2937886787850105
consumer_cyclical_revenue_20m,Consumer Cyclical companies with revenue >= $20M,Agglomerative|Selection-aware Silhouette leader,10004,10011,301,301,1.0,0.786923110456008,0.6462970941865035
consumer_cyclical_revenue_20m,Consumer Cyclical companies with revenue >= $20M,Agglomerative|Selection-aware Silhouette leader,10004,10012,301,301,1.0,0.6407748360682061,0.5273945164797557
consumer_cyclical_revenue_20m,Consumer Cyclical companies with revenue >= $20M,Agglomerative|Selection-aware Silhouette leader,10004,10013,305,305,1.0,0.3533418439845488,0.26869784984534273
consumer_cyclical_revenue_20m,Consumer Cyclical companies with revenue >= $20M,Agglomerative|Selection-aware Silhouette leader,10004,10014,305,305,1.0,0.2799524023995387,0.25812646728220173
consumer_cyclical_revenue_20m,Consumer Cyclical companies with revenue >= $20M,Agglomerative|Selection-aware Silhouette leader,10004,10015,301,301,1.0,0.8205727170580447,0.6666580269920823
consumer_cyclical_revenue_20m,Consumer Cyclical companies with revenue >= $20M,Agglomerative|Selection-aware Silhouette leader,10004,10016,303,303,1.0,0.6759300203485682,0.5095861992248523
consumer_cyclical_revenue_20m,Consumer Cyclical companies with revenue >= $20M,Agglomerative|Selection-aware Silhouette leader,10004,10017,300,300,1.0,0.3146861309935754,0.29001484928195265
consumer_cyclical_revenue_20m,Consumer Cyclical companies with revenue >= $20M,Agglomerative|Selection-aware Silhouette leader,10004,10018,295,295,1.0,0.3679056118208953,0.2797624302000722
consumer_cyclical_revenue_20m,Consumer Cyclical companies with revenue >= $20M,Agglomerative|Selection-aware Silhouette leader,10004,10019,297,297,1.0,0.675222578092043,0.6618704788695682
consumer_cyclical_revenue_20m,Consumer Cyclical companies with revenue >= $20M,Agglomerative|Selection-aware Silhouette leader,10005,10006,294,294,1.0,0.9878347998343817,0.9747491279102897
consumer_cyclical_revenue_20m,Consumer Cyclical companies with revenue >= $20M,Agglomerative|Selection-aware Silhouette leader,10005,10007,296,296,1.0,0.6638955214789732,0.5841156433540261
consumer_cyclical_revenue_20m,Consumer Cyclical companies with revenue >= $20M,Agglomerative|Selection-aware Silhouette leader,10005,10008,305,305,1.0,0.3680654375165286,0.3225943405816864
consumer_cyclical_revenue_20m,Consumer Cyclical companies with revenue >= $20M,Agglomerative|Selection-aware Silhouette leader,10005,10009,301,301,1.0,0.3999564940807632,0.3083302826875063
consumer_cyclical_revenue_20m,Consumer Cyclical companies with revenue >= $20M,Agglomerative|Selection-aware Silhouette leader,10005,10010,299,299,1.0,0.48425558906243155,0.4947012270028399
consumer_cyclical_revenue_20m,Consumer Cyclical companies with revenue >= $20M,Agglomerative|Selection-aware Silhouette leader,10005,10011,298,298,1.0,0.5101993117386804,0.44724712701264135
consumer_cyclical_revenue_20m,Consumer Cyclical companies with revenue >= $20M,Agglomerative|Selection-aware Silhouette leader,10005,10012,301,301,1.0,0.33913325874307393,0.3047621594610908
consumer_cyclical_revenue_20m,Consumer Cyclical companies with revenue >= $20M,Agglomerative|Selection-aware Silhouette leader,10005,10013,305,305,1.0,0.6484638924401642,0.586705686001008
consumer_cyclical_revenue_20m,Consumer Cyclical companies with revenue >= $20M,Agglomerative|Selection-aware Silhouette leader,10005,10014,302,302,1.0,0.6227790713717425,0.6419527939621583
consumer_cyclical_revenue_20m,Consumer Cyclical companies with revenue >= $20M,Agglomerative|Selection-aware Silhouette leader,10005,10015,299,299,1.0,0.629695108685402,0.5222318936081479
consumer_cyclical_revenue_20m,Consumer Cyclical companies with revenue >= $20M,Agglomerative|Selection-aware Silhouette leader,10005,10016,301,301,1.0,0.43212176349116954,0.3819434639224355
consumer_cyclical_revenue_20m,Consumer Cyclical companies with revenue >= $20M,Agglomerative|Selection-aware Silhouette leader,10005,10017,300,300,1.0,0.6313582314976524,0.5589683753131748
consumer_cyclical_revenue_20m,Consumer Cyclical companies with revenue >= $20M,Agglomerative|Selection-aware Silhouette leader,10005,10018,302,302,1.0,0.6362736721456308,0.5618500050112083
consumer_cyclical_revenue_20m,Consumer Cyclical companies with revenue >= $20M,Agglomerative|Selection-aware Silhouette leader,10005,10019,303,303,1.0,0.9231463195873075,0.8349115945679969
consumer_cyclical_revenue_20m,Consumer Cyclical companies with revenue >= $20M,Agglomerative|Selection-aware Silhouette leader,10006,10007,300,300,1.0,0.6662335206630734,0.6093237453391596
consumer_cyclical_revenue_20m,Consumer Cyclical companies with revenue >= $20M,Agglomerative|Selection-aware Silhouette leader,10006,10008,301,301,1.0,0.3933042947656308,0.338375472506685
consumer_cyclical_revenue_20m,Consumer Cyclical companies with revenue >= $20M,Agglomerative|Selection-aware Silhouette leader,10006,10009,303,303,1.0,0.453625043415783,0.3524102707404573
consumer_cyclical_revenue_20m,Consumer Cyclical companies with revenue >= $20M,Agglomerative|Selection-aware Silhouette leader,10006,10010,303,303,1.0,0.5042741461466828,0.5201079072239809
consumer_cyclical_revenue_20m,Consumer Cyclical companies with revenue >= $20M,Agglomerative|Selection-aware Silhouette leader,10006,10011,307,307,1.0,0.5265257522728057,0.46832037209301597
consumer_cyclical_revenue_20m,Consumer Cyclical companies with revenue >= $20M,Agglomerative|Selection-aware Silhouette leader,10006,10012,304,304,1.0,0.3942460605821342,0.3511904052477326
consumer_cyclical_revenue_20m,Consumer Cyclical companies with revenue >= $20M,Agglomerative|Selection-aware Silhouette leader,10006,10013,301,301,1.0,0.6778822067543453,0.6155786776454989
consumer_cyclical_revenue_20m,Consumer Cyclical companies with revenue >= $20M,Agglomerative|Selection-aware Silhouette leader,10006,10014,304,304,1.0,0.6045765388475275,0.6226475881771327
consumer_cyclical_revenue_20m,Consumer Cyclical companies with revenue >= $20M,Agglomerative|Selection-aware Silhouette leader,10006,10015,300,300,1.0,0.6470484041369035,0.5545915060828162
consumer_cyclical_revenue_20m,Consumer Cyclical companies with revenue >= $20M,Agglomerative|Selection-aware Silhouette leader,10006,10016,304,304,1.0,0.4605900831367934,0.40649612891892384
consumer_cyclical_revenue_20m,Consumer Cyclical companies with revenue >= $20M,Agglomerative|Selection-aware Silhouette leader,10006,10017,307,307,1.0,0.6213497091823961,0.5644696174830082
consumer_cyclical_revenue_20m,Consumer Cyclical companies with revenue >= $20M,Agglomerative|Selection-aware Silhouette leader,10006,10018,300,300,1.0,0.649005208771237,0.608765479146134
consumer_cyclical_revenue_20m,Consumer Cyclical companies with revenue >= $20M,Agglomerative|Selection-aware Silhouette leader,10006,10019,303,303,1.0,0.9594316285203939,0.8984282842630458
consumer_cyclical_revenue_20m,Consumer Cyclical companies with revenue >= $20M,Agglomerative|Selection-aware Silhouette leader,10007,10008,298,298,1.0,0.2713229178891348,0.2656548021710142
consumer_cyclical_revenue_20m,Consumer Cyclical companies with revenue >= $20M,Agglomerative|Selection-aware Silhouette leader,10007,10009,298,298,1.0,0.27443212350549473,0.21806605855320735
consumer_cyclical_revenue_20m,Consumer Cyclical companies with revenue >= $20M,Agglomerative|Selection-aware Silhouette leader,10007,10010,299,299,1.0,0.7215691149884752,0.6849134260505385
consumer_cyclical_revenue_20m,Consumer Cyclical companies with revenue >= $20M,Agglomerative|Selection-aware Silhouette leader,10007,10011,303,303,1.0,0.3058023737828797,0.2971674168743746
consumer_cyclical_revenue_20m,Consumer Cyclical companies with revenue >= $20M,Agglomerative|Selection-aware Silhouette leader,10007,10012,300,300,1.0,0.24028926812836038,0.23752655017528784
consumer_cyclical_revenue_20m,Consumer Cyclical companies with revenue >= $20M,Agglomerative|Selection-aware Silhouette leader,10007,10013,302,302,1.0,0.8609747734956865,0.7578721654744385
consumer_cyclical_revenue_20m,Consumer Cyclical companies with revenue >= $20M,Agglomerative|Selection-aware Silhouette leader,10007,10014,300,300,1.0,0.8018274663933151,0.6780277687884675
consumer_cyclical_revenue_20m,Consumer Cyclical companies with revenue >= $20M,Agglomerative|Selection-aware Silhouette leader,10007,10015,295,295,1.0,0.419930452962836,0.34254741541227973
consumer_cyclical_revenue_20m,Consumer Cyclical companies with revenue >= $20M,Agglomerative|Selection-aware Silhouette leader,10007,10016,303,303,1.0,0.2795591286638718,0.28050142227390007
consumer_cyclical_revenue_20m,Consumer Cyclical companies with revenue >= $20M,Agglomerative|Selection-aware Silhouette leader,10007,10017,297,297,1.0,0.8701111717039497,0.7987039933628323
consumer_cyclical_revenue_20m,Consumer Cyclical companies with revenue >= $20M,Agglomerative|Selection-aware Silhouette leader,10007,10018,299,299,1.0,0.8832330194574145,0.7748294480351121
consumer_cyclical_revenue_20m,Consumer Cyclical companies with revenue >= $20M,Agglomerative|Selection-aware Silhouette leader,10007,10019,298,298,1.0,0.6811758226081501,0.6244928750750273
consumer_cyclical_revenue_20m,Consumer Cyclical companies with revenue >= $20M,Agglomerative|Selection-aware Silhouette leader,10008,10009,295,295,1.0,0.8681318360934969,0.7396280990358743
consumer_cyclical_revenue_20m,Consumer Cyclical companies with revenue >= $20M,Agglomerative|Selection-aware Silhouette leader,10008,10010,298,298,1.0,0.15480763667255298,0.19103277563953003
consumer_cyclical_revenue_20m,Consumer Cyclical companies with revenue >= $20M,Agglomerative|Selection-aware Silhouette leader,10008,10011,301,301,1.0,0.8753470265133976,0.781053166289509
consumer_cyclical_revenue_20m,Consumer Cyclical companies with revenue >= $20M,Agglomerative|Selection-aware Silhouette leader,10008,10012,300,300,1.0,0.9700876849298156,0.928773964138929
consumer_cyclical_revenue_20m,Consumer Cyclical companies with revenue >= $20M,Agglomerative|Selection-aware Silhouette leader,10008,10013,305,305,1.0,0.23967995765369476,0.20200812717452424
consumer_cyclical_revenue_20m,Consumer Cyclical companies with revenue >= $20M,Agglomerative|Selection-aware Silhouette leader,10008,10014,297,297,1.0,0.1750725046430198,0.14631839744653344
consumer_cyclical_revenue_20m,Consumer Cyclical companies with revenue >= $20M,Agglomerative|Selection-aware Silhouette leader,10008,10015,305,305,1.0,0.6284615269781398,0.5178464426063533
consumer_cyclical_revenue_20m,Consumer Cyclical companies with revenue >= $20M,Agglomerative|Selection-aware Silhouette leader,10008,10016,300,300,1.0,0.8983506011394348,0.8124323320425306
consumer_cyclical_revenue_20m,Consumer Cyclical companies with revenue >= $20M,Agglomerative|Selection-aware Silhouette leader,10008,10017,304,304,1.0,0.22429088730980726,0.23889532905960786
consumer_cyclical_revenue_20m,Consumer Cyclical companies with revenue >= $20M,Agglomerative|Selection-aware Silhouette leader,10008,10018,295,295,1.0,0.2506201305715285,0.21416405032606503
consumer_cyclical_revenue_20m,Consumer Cyclical companies with revenue >= $20M,Agglomerative|Selection-aware Silhouette leader,10008,10019,301,301,1.0,0.3586588236582643,0.3206990677397912
consumer_cyclical_revenue_20m,Consumer Cyclical companies with revenue >= $20M,Agglomerative|Selection-aware Silhouette leader,10009,10010,298,298,1.0,0.16881381522017272,0.15609951417747653
consumer_cyclical_revenue_20m,Consumer Cyclical companies with revenue >= $20M,Agglomerative|Selection-aware Silhouette leader,10009,10011,295,295,1.0,0.8262962497616898,0.6720561815405666
consumer_cyclical_revenue_20m,Consumer Cyclical companies with revenue >= $20M,Agglomerative|Selection-aware Silhouette leader,10009,10012,301,301,1.0,0.898819786012048,0.8130932983963163
consumer_cyclical_revenue_20m,Consumer Cyclical companies with revenue >= $20M,Agglomerative|Selection-aware Silhouette leader,10009,10013,304,304,1.0,0.2488786787309698,0.1932286690844456
consumer_cyclical_revenue_20m,Consumer Cyclical companies with revenue >= $20M,Agglomerative|Selection-aware Silhouette leader,10009,10014,299,299,1.0,0.14479761901107788,0.12447516709667321
consumer_cyclical_revenue_20m,Consumer Cyclical companies with revenue >= $20M,Agglomerative|Selection-aware Silhouette leader,10009,10015,298,298,1.0,0.6471122021442254,0.5325521707585664
consumer_cyclical_revenue_20m,Consumer Cyclical companies with revenue >= $20M,Agglomerative|Selection-aware Silhouette leader,10009,10016,291,291,1.0,0.7025696052337818,0.5035747852015995
consumer_cyclical_revenue_20m,Consumer Cyclical companies with revenue >= $20M,Agglomerative|Selection-aware Silhouette leader,10009,10017,297,297,1.0,0.1899996703698849,0.17535285407949672
consumer_cyclical_revenue_20m,Consumer Cyclical companies with revenue >= $20M,Agglomerative|Selection-aware Silhouette leader,10009,10018,299,299,1.0,0.2655161081260746,0.2065259197297827
consumer_cyclical_revenue_20m,Consumer Cyclical companies with revenue >= $20M,Agglomerative|Selection-aware Silhouette leader,10009,10019,303,303,1.0,0.3918360524292533,0.30746311400422605
consumer_cyclical_revenue_20m,Consumer Cyclical companies with revenue >= $20M,Agglomerative|Selection-aware Silhouette leader,10010,10011,307,307,1.0,0.2045796433136254,0.23453023406509088
consumer_cyclical_revenue_20m,Consumer Cyclical companies with revenue >= $20M,Agglomerative|Selection-aware Silhouette leader,10010,10012,303,303,1.0,0.11996746299978576,0.15546323332124473
consumer_cyclical_revenue_20m,Consumer Cyclical companies with revenue >= $20M,Agglomerative|Selection-aware Silhouette leader,10010,10013,304,304,1.0,0.5868764156330173,0.5077362823667892
consumer_cyclical_revenue_20m,Consumer Cyclical companies with revenue >= $20M,Agglomerative|Selection-aware Silhouette leader,10010,10014,299,299,1.0,0.8280363925115068,0.7321489783647513
consumer_cyclical_revenue_20m,Consumer Cyclical companies with revenue >= $20M,Agglomerative|Selection-aware Silhouette leader,10010,10015,303,303,1.0,0.26706027538905314,0.2579083101943521
consumer_cyclical_revenue_20m,Consumer Cyclical companies with revenue >= $20M,Agglomerative|Selection-aware Silhouette leader,10010,10016,299,299,1.0,0.17516817018299222,0.21485381196188602
consumer_cyclical_revenue_20m,Consumer Cyclical companies with revenue >= $20M,Agglomerative|Selection-aware Silhouette leader,10010,10017,295,295,1.0,0.7547110592436571,0.7002605321496724
consumer_cyclical_revenue_20m,Consumer Cyclical companies with revenue >= $20M,Agglomerative|Selection-aware Silhouette leader,10010,10018,302,302,1.0,0.7428221463675103,0.6831505885242621
consumer_cyclical_revenue_20m,Consumer Cyclical companies with revenue >= $20M,Agglomerative|Selection-aware Silhouette leader,10010,10019,298,298,1.0,0.5109889869488988,0.5440776591685621
consumer_cyclical_revenue_20m,Consumer Cyclical companies with revenue >= $20M,Agglomerative|Selection-aware Silhouette leader,10011,10012,305,305,1.0,0.8492283405698068,0.7473141466406173
consumer_cyclical_revenue_20m,Consumer Cyclical companies with revenue >= $20M,Agglomerative|Selection-aware Silhouette leader,10011,10013,297,297,1.0,0.32310158011764456,0.269421126211821
consumer_cyclical_revenue_20m,Consumer Cyclical companies with revenue >= $20M,Agglomerative|Selection-aware Silhouette leader,10011,10014,298,298,1.0,0.2190159476427134,0.18518111237209936
consumer_cyclical_revenue_20m,Consumer Cyclical companies with revenue >= $20M,Agglomerative|Selection-aware Silhouette leader,10011,10015,301,301,1.0,0.7958465666786356,0.6874680919947049
consumer_cyclical_revenue_20m,Consumer Cyclical companies with revenue >= $20M,Agglomerative|Selection-aware Silhouette leader,10011,10016,301,301,1.0,0.9540746963972015,0.8995024027633406
consumer_cyclical_revenue_20m,Consumer Cyclical companies with revenue >= $20M,Agglomerative|Selection-aware Silhouette leader,10011,10017,296,296,1.0,0.27622787517218705,0.28360637465017424
consumer_cyclical_revenue_20m,Consumer Cyclical companies with revenue >= $20M,Agglomerative|Selection-aware Silhouette leader,10011,10018,302,302,1.0,0.32190257584921117,0.2768142692151765
consumer_cyclical_revenue_20m,Consumer Cyclical companies with revenue >= $20M,Agglomerative|Selection-aware Silhouette leader,10011,10019,300,300,1.0,0.47490150822470356,0.42109784709500103
consumer_cyclical_revenue_20m,Consumer Cyclical companies with revenue >= $20M,Agglomerative|Selection-aware Silhouette leader,10012,10013,305,305,1.0,0.20624074211491092,0.1842250710801885
consumer_cyclical_revenue_20m,Consumer Cyclical companies with revenue >= $20M,Agglomerative|Selection-aware Silhouette leader,10012,10014,298,298,1.0,0.13904846218628505,0.1312597779205841
consumer_cyclical_revenue_20m,Consumer Cyclical companies with revenue >= $20M,Agglomerative|Selection-aware Silhouette leader,10012,10015,306,306,1.0,0.5932336356950233,0.48528554805170065
consumer_cyclical_revenue_20m,Consumer Cyclical companies with revenue >= $20M,Agglomerative|Selection-aware Silhouette leader,10012,10016,302,302,1.0,0.8675721026820066,0.770521514034033
consumer_cyclical_revenue_20m,Consumer Cyclical companies with revenue >= $20M,Agglomerative|Selection-aware Silhouette leader,10012,10017,301,301,1.0,0.18574381416105235,0.20028690118299114
consumer_cyclical_revenue_20m,Consumer Cyclical companies with revenue >= $20M,Agglomerative|Selection-aware Silhouette leader,10012,10018,300,300,1.0,0.2513808114673011,0.23049455690982842
consumer_cyclical_revenue_20m,Consumer Cyclical companies with revenue >= $20M,Agglomerative|Selection-aware Silhouette leader,10012,10019,300,300,1.0,0.3501339965148103,0.32600180038456855
consumer_cyclical_revenue_20m,Consumer Cyclical companies with revenue >= $20M,Agglomerative|Selection-aware Silhouette leader,10013,10014,302,302,1.0,0.7395358906273659,0.6299515984872118
consumer_cyclical_revenue_20m,Consumer Cyclical companies with revenue >= $20M,Agglomerative|Selection-aware Silhouette leader,10013,10015,303,303,1.0,0.4188162278527314,0.33060490570074635
consumer_cyclical_revenue_20m,Consumer Cyclical companies with revenue >= $20M,Agglomerative|Selection-aware Silhouette leader,10013,10016,299,299,1.0,0.2579354706488517,0.23029401211560363
consumer_cyclical_revenue_20m,Consumer Cyclical companies with revenue >= $20M,Agglomerative|Selection-aware Silhouette leader,10013,10017,306,306,1.0,0.8171237223079295,0.7334621252683912
consumer_cyclical_revenue_20m,Consumer Cyclical companies with revenue >= $20M,Agglomerative|Selection-aware Silhouette leader,10013,10018,296,296,1.0,0.796978116752835,0.6863767410996552
consumer_cyclical_revenue_20m,Consumer Cyclical companies with revenue >= $20M,Agglomerative|Selection-aware Silhouette leader,10013,10019,297,297,1.0,0.6714719674371853,0.5857362282376826
consumer_cyclical_revenue_20m,Consumer Cyclical companies with revenue >= $20M,Agglomerative|Selection-aware Silhouette leader,10014,10015,294,294,1.0,0.3389091794723865,0.2624248333620272
consumer_cyclical_revenue_20m,Consumer Cyclical companies with revenue >= $20M,Agglomerative|Selection-aware Silhouette leader,10014,10016,304,304,1.0,0.19831364013984545,0.16660827543413426
consumer_cyclical_revenue_20m,Consumer Cyclical companies with revenue >= $20M,Agglomerative|Selection-aware Silhouette leader,10014,10017,303,303,1.0,0.8106908290783612,0.6894859733756545
consumer_cyclical_revenue_20m,Consumer Cyclical companies with revenue >= $20M,Agglomerative|Selection-aware Silhouette leader,10014,10018,296,296,1.0,0.8094875103834402,0.7233436045929162
consumer_cyclical_revenue_20m,Consumer Cyclical companies with revenue >= $20M,Agglomerative|Selection-aware Silhouette leader,10014,10019,310,310,1.0,0.6081449331971884,0.5878273372515057
consumer_cyclical_revenue_20m,Consumer Cyclical companies with revenue >= $20M,Agglomerative|Selection-aware Silhouette leader,10015,10016,300,300,1.0,0.7080965597877027,0.5972904985360515
consumer_cyclical_revenue_20m,Consumer Cyclical companies with revenue >= $20M,Agglomerative|Selection-aware Silhouette leader,10015,10017,304,304,1.0,0.3854096226958953,0.33108444122732705
consumer_cyclical_revenue_20m,Consumer Cyclical companies with revenue >= $20M,Agglomerative|Selection-aware Silhouette leader,10015,10018,299,299,1.0,0.42490473013499047,0.34456760598574326
consumer_cyclical_revenue_20m,Consumer Cyclical companies with revenue >= $20M,Agglomerative|Selection-aware Silhouette leader,10015,10019,300,300,1.0,0.6353900706388951,0.5322405101700458
consumer_cyclical_revenue_20m,Consumer Cyclical companies with revenue >= $20M,Agglomerative|Selection-aware Silhouette leader,10016,10017,302,302,1.0,0.24486012024059287,0.2631942971802006
consumer_cyclical_revenue_20m,Consumer Cyclical companies with revenue >= $20M,Agglomerative|Selection-aware Silhouette leader,10016,10018,298,298,1.0,0.27948503244714257,0.23949498884268508
consumer_cyclical_revenue_20m,Consumer Cyclical companies with revenue >= $20M,Agglomerative|Selection-aware Silhouette leader,10016,10019,295,295,1.0,0.394644361187537,0.337714220996976
consumer_cyclical_revenue_20m,Consumer Cyclical companies with revenue >= $20M,Agglomerative|Selection-aware Silhouette leader,10017,10018,306,306,1.0,0.9458773363129115,0.8793171507538686
consumer_cyclical_revenue_20m,Consumer Cyclical companies with revenue >= $20M,Agglomerative|Selection-aware Silhouette leader,10017,10019,302,302,1.0,0.6558846530332607,0.6107088027974519
consumer_cyclical_revenue_20m,Consumer Cyclical companies with revenue >= $20M,Agglomerative|Selection-aware Silhouette leader,10018,10019,301,301,1.0,0.710347056122804,0.6571935404627932
consumer_cyclical_revenue_20m,Consumer Cyclical companies with revenue >= $20M,Gaussian Mixture|Selection-aware Silhouette leader,10000,10001,302,302,1.0,0.5195839164050848,0.5329098708417745
consumer_cyclical_revenue_20m,Consumer Cyclical companies with revenue >= $20M,Gaussian Mixture|Selection-aware Silhouette leader,10000,10002,295,295,1.0,0.3102217773810791,0.32020626980122335
consumer_cyclical_revenue_20m,Consumer Cyclical companies with revenue >= $20M,Gaussian Mixture|Selection-aware Silhouette leader,10000,10003,302,302,1.0,0.292834832628161,0.3802253295448701
consumer_cyclical_revenue_20m,Consumer Cyclical companies with revenue >= $20M,Gaussian Mixture|Selection-aware Silhouette leader,10000,10004,298,298,1.0,0.5238105221268234,0.5377169305297395
consumer_cyclical_revenue_20m,Consumer Cyclical companies with revenue >= $20M,Gaussian Mixture|Selection-aware Silhouette leader,10000,10005,300,300,1.0,0.26079154184846226,0.27247597401549484
consumer_cyclical_revenue_20m,Consumer Cyclical companies with revenue >= $20M,Gaussian Mixture|Selection-aware Silhouette leader,10000,10006,296,296,1.0,0.4455045558563908,0.4859202766280369
consumer_cyclical_revenue_20m,Consumer Cyclical companies with revenue >= $20M,Gaussian Mixture|Selection-aware Silhouette leader,10000,10007,299,299,1.0,0.4684497445508271,0.4972086203858851
consumer_cyclical_revenue_20m,Consumer Cyclical companies with revenue >= $20M,Gaussian Mixture|Selection-aware Silhouette leader,10000,10008,294,294,1.0,0.35620744077384836,0.3168203849360137
consumer_cyclical_revenue_20m,Consumer Cyclical companies with revenue >= $20M,Gaussian Mixture|Selection-aware Silhouette leader,10000,10009,308,308,1.0,0.2953582898609623,0.25772066531421256
consumer_cyclical_revenue_20m,Consumer Cyclical companies with revenue >= $20M,Gaussian Mixture|Selection-aware Silhouette leader,10000,10010,298,298,1.0,0.4669873639582232,0.4746642410866047
consumer_cyclical_revenue_20m,Consumer Cyclical companies with revenue >= $20M,Gaussian Mixture|Selection-aware Silhouette leader,10000,10011,298,298,1.0,0.3154375873864766,0.3081506570229201
consumer_cyclical_revenue_20m,Consumer Cyclical companies with revenue >= $20M,Gaussian Mixture|Selection-aware Silhouette leader,10000,10012,302,302,1.0,0.36118936119365896,0.3188859804573388
consumer_cyclical_revenue_20m,Consumer Cyclical companies with revenue >= $20M,Gaussian Mixture|Selection-aware Silhouette leader,10000,10013,303,303,1.0,0.2943012975555374,0.2699767783335334
consumer_cyclical_revenue_20m,Consumer Cyclical companies with revenue >= $20M,Gaussian Mixture|Selection-aware Silhouette leader,10000,10014,301,301,1.0,0.2168784779190716,0.16855600917822108
consumer_cyclical_revenue_20m,Consumer Cyclical companies with revenue >= $20M,Gaussian Mixture|Selection-aware Silhouette leader,10000,10015,301,301,1.0,0.3240436602878208,0.3819187072487481
consumer_cyclical_revenue_20m,Consumer Cyclical companies with revenue >= $20M,Gaussian Mixture|Selection-aware Silhouette leader,10000,10016,301,301,1.0,0.5299418442210325,0.49609990719243335
consumer_cyclical_revenue_20m,Consumer Cyclical companies with revenue >= $20M,Gaussian Mixture|Selection-aware Silhouette leader,10000,10017,302,302,1.0,0.3287407207717226,0.31495183395234905
consumer_cyclical_revenue_20m,Consumer Cyclical companies with revenue >= $20M,Gaussian Mixture|Selection-aware Silhouette leader,10000,10018,296,296,1.0,0.5017192980269674,0.5217597702446107
consumer_cyclical_revenue_20m,Consumer Cyclical companies with revenue >= $20M,Gaussian Mixture|Selection-aware Silhouette leader,10000,10019,297,297,1.0,0.4292863540733643,0.39476712733367914
consumer_cyclical_revenue_20m,Consumer Cyclical companies with revenue >= $20M,Gaussian Mixture|Selection-aware Silhouette leader,10001,10002,299,299,1.0,0.493839010400909,0.3748333498413484
consumer_cyclical_revenue_20m,Consumer Cyclical companies with revenue >= $20M,Gaussian Mixture|Selection-aware Silhouette leader,10001,10003,306,306,1.0,0.662762875075661,0.6169881789512288
consumer_cyclical_revenue_20m,Consumer Cyclical companies with revenue >= $20M,Gaussian Mixture|Selection-aware Silhouette leader,10001,10004,299,299,1.0,0.8571791624616316,0.7630116279037082
consumer_cyclical_revenue_20m,Consumer Cyclical companies with revenue >= $20M,Gaussian Mixture|Selection-aware Silhouette leader,10001,10005,303,303,1.0,0.3947891823293564,0.27134112505482505
consumer_cyclical_revenue_20m,Consumer Cyclical companies with revenue >= $20M,Gaussian Mixture|Selection-aware Silhouette leader,10001,10006,300,300,1.0,0.8953001125354703,0.8264809807407958
consumer_cyclical_revenue_20m,Consumer Cyclical companies with revenue >= $20M,Gaussian Mixture|Selection-aware Silhouette leader,10001,10007,302,302,1.0,0.857972292531991,0.7814295776476278
consumer_cyclical_revenue_20m,Consumer Cyclical companies with revenue >= $20M,Gaussian Mixture|Selection-aware Silhouette leader,10001,10008,297,297,1.0,0.4097770254010141,0.3033318749461737
consumer_cyclical_revenue_20m,Consumer Cyclical companies with revenue >= $20M,Gaussian Mixture|Selection-aware Silhouette leader,10001,10009,303,303,1.0,0.38344340631819623,0.2762345233867932
consumer_cyclical_revenue_20m,Consumer Cyclical companies with revenue >= $20M,Gaussian Mixture|Selection-aware Silhouette leader,10001,10010,297,297,1.0,0.8939328243324869,0.8153934722557933
consumer_cyclical_revenue_20m,Consumer Cyclical companies with revenue >= $20M,Gaussian Mixture|Selection-aware Silhouette leader,10001,10011,300,300,1.0,0.4488730020962363,0.33333807332468407
consumer_cyclical_revenue_20m,Consumer Cyclical companies with revenue >= $20M,Gaussian Mixture|Selection-aware Silhouette leader,10001,10012,301,301,1.0,0.44214907764945777,0.3307923672576437
consumer_cyclical_revenue_20m,Consumer Cyclical companies with revenue >= $20M,Gaussian Mixture|Selection-aware Silhouette leader,10001,10013,295,295,1.0,0.41310249103740704,0.2977543793945667
consumer_cyclical_revenue_20m,Consumer Cyclical companies with revenue >= $20M,Gaussian Mixture|Selection-aware Silhouette leader,10001,10014,298,298,1.0,0.24913579514456294,0.17765003859186207
consumer_cyclical_revenue_20m,Consumer Cyclical companies with revenue >= $20M,Gaussian Mixture|Selection-aware Silhouette leader,10001,10015,299,299,1.0,0.7248794146523271,0.5931943022649842
consumer_cyclical_revenue_20m,Consumer Cyclical companies with revenue >= $20M,Gaussian Mixture|Selection-aware Silhouette leader,10001,10016,302,302,1.0,0.4712323855009119,0.44078938729384787
consumer_cyclical_revenue_20m,Consumer Cyclical companies with revenue >= $20M,Gaussian Mixture|Selection-aware Silhouette leader,10001,10017,300,300,1.0,0.43733657215921234,0.3098642637140703
consumer_cyclical_revenue_20m,Consumer Cyclical companies with revenue >= $20M,Gaussian Mixture|Selection-aware Silhouette leader,10001,10018,306,306,1.0,0.9607804440049182,0.916780727845065
consumer_cyclical_revenue_20m,Consumer Cyclical companies with revenue >= $20M,Gaussian Mixture|Selection-aware Silhouette leader,10001,10019,298,298,1.0,0.5119843547237403,0.39150803477693347
consumer_cyclical_revenue_20m,Consumer Cyclical companies with revenue >= $20M,Gaussian Mixture|Selection-aware Silhouette leader,10002,10003,299,299,1.0,0.3180131974479712,0.2168351274382289
consumer_cyclical_revenue_20m,Consumer Cyclical companies with revenue >= $20M,Gaussian Mixture|Selection-aware Silhouette leader,10002,10004,297,297,1.0,0.463391172546813,0.3527976400708908
consumer_cyclical_revenue_20m,Consumer Cyclical companies with revenue >= $20M,Gaussian Mixture|Selection-aware Silhouette leader,10002,10005,304,304,1.0,0.7897418409566856,0.7064392035628855
consumer_cyclical_revenue_20m,Consumer Cyclical companies with revenue >= $20M,Gaussian Mixture|Selection-aware Silhouette leader,10002,10006,302,302,1.0,0.49903072360333783,0.3828913651591742
consumer_cyclical_revenue_20m,Consumer Cyclical companies with revenue >= $20M,Gaussian Mixture|Selection-aware Silhouette leader,10002,10007,296,296,1.0,0.46855681447732145,0.3441014258349969
consumer_cyclical_revenue_20m,Consumer Cyclical companies with revenue >= $20M,Gaussian Mixture|Selection-aware Silhouette leader,10002,10008,297,297,1.0,0.8441044669537955,0.7889033874356329
consumer_cyclical_revenue_20m,Consumer Cyclical companies with revenue >= $20M,Gaussian Mixture|Selection-aware Silhouette leader,10002,10009,307,307,1.0,0.7766698665330147,0.6875534713119328
consumer_cyclical_revenue_20m,Consumer Cyclical companies with revenue >= $20M,Gaussian Mixture|Selection-aware Silhouette leader,10002,10010,300,300,1.0,0.49357879390069626,0.37009055951804937
consumer_cyclical_revenue_20m,Consumer Cyclical companies with revenue >= $20M,Gaussian Mixture|Selection-aware Silhouette leader,10002,10011,300,300,1.0,0.8828061159417323,0.8129303563997015
consumer_cyclical_revenue_20m,Consumer Cyclical companies with revenue >= $20M,Gaussian Mixture|Selection-aware Silhouette leader,10002,10012,302,302,1.0,0.858559298566455,0.7851370490642496
consumer_cyclical_revenue_20m,Consumer Cyclical companies with revenue >= $20M,Gaussian Mixture|Selection-aware Silhouette leader,10002,10013,304,304,1.0,0.8106316646204357,0.7337452735551345
consumer_cyclical_revenue_20m,Consumer Cyclical companies with revenue >= $20M,Gaussian Mixture|Selection-aware Silhouette leader,10002,10014,301,301,1.0,0.6182378251894975,0.5745639893130711
consumer_cyclical_revenue_20m,Consumer Cyclical companies with revenue >= $20M,Gaussian Mixture|Selection-aware Silhouette leader,10002,10015,299,299,1.0,0.3775739332159806,0.25938906401043565
consumer_cyclical_revenue_20m,Consumer Cyclical companies with revenue >= $20M,Gaussian Mixture|Selection-aware Silhouette leader,10002,10016,299,299,1.0,0.36880769569763466,0.3619814420667042
consumer_cyclical_revenue_20m,Consumer Cyclical companies with revenue >= $20M,Gaussian Mixture|Selection-aware Silhouette leader,10002,10017,297,297,1.0,0.657455997621503,0.5576387787090812
consumer_cyclical_revenue_20m,Consumer Cyclical companies with revenue >= $20M,Gaussian Mixture|Selection-aware Silhouette leader,10002,10018,300,300,1.0,0.5241874842627464,0.4037208587012255
consumer_cyclical_revenue_20m,Consumer Cyclical companies with revenue >= $20M,Gaussian Mixture|Selection-aware Silhouette leader,10002,10019,299,299,1.0,0.8824383103255429,0.8046401849732706
consumer_cyclical_revenue_20m,Consumer Cyclical companies with revenue >= $20M,Gaussian Mixture|Selection-aware Silhouette leader,10003,10004,293,293,1.0,0.5139104025145415,0.4400695069058283
consumer_cyclical_revenue_20m,Consumer Cyclical companies with revenue >= $20M,Gaussian Mixture|Selection-aware Silhouette leader,10003,10005,308,308,1.0,0.29094772506129135,0.18048952438620033
consumer_cyclical_revenue_20m,Consumer Cyclical companies with revenue >= $20M,Gaussian Mixture|Selection-aware Silhouette leader,10003,10006,298,298,1.0,0.6118064187540736,0.514303627602277
consumer_cyclical_revenue_20m,Consumer Cyclical companies with revenue >= $20M,Gaussian Mixture|Selection-aware Silhouette leader,10003,10007,309,309,1.0,0.5585022874370436,0.44232186231729254
consumer_cyclical_revenue_20m,Consumer Cyclical companies with revenue >= $20M,Gaussian Mixture|Selection-aware Silhouette leader,10003,10008,298,298,1.0,0.22564385878183713,0.15251684748180966
consumer_cyclical_revenue_20m,Consumer Cyclical companies with revenue >= $20M,Gaussian Mixture|Selection-aware Silhouette leader,10003,10009,304,304,1.0,0.2079051975629973,0.12852814345396135
consumer_cyclical_revenue_20m,Consumer Cyclical companies with revenue >= $20M,Gaussian Mixture|Selection-aware Silhouette leader,10003,10010,304,304,1.0,0.6268162251387419,0.5380925699121146
consumer_cyclical_revenue_20m,Consumer Cyclical companies with revenue >= $20M,Gaussian Mixture|Selection-aware Silhouette leader,10003,10011,302,302,1.0,0.24922228420733517,0.16341988515658337
consumer_cyclical_revenue_20m,Consumer Cyclical companies with revenue >= $20M,Gaussian Mixture|Selection-aware Silhouette leader,10003,10012,297,297,1.0,0.27583845519753064,0.18740045884886983
consumer_cyclical_revenue_20m,Consumer Cyclical companies with revenue >= $20M,Gaussian Mixture|Selection-aware Silhouette leader,10003,10013,297,297,1.0,0.23171392872586047,0.1469563980014512
consumer_cyclical_revenue_20m,Consumer Cyclical companies with revenue >= $20M,Gaussian Mixture|Selection-aware Silhouette leader,10003,10014,297,297,1.0,0.15383658760085253,0.10586537603301914
consumer_cyclical_revenue_20m,Consumer Cyclical companies with revenue >= $20M,Gaussian Mixture|Selection-aware Silhouette leader,10003,10015,295,295,1.0,0.5674157750692318,0.46801275827686906
consumer_cyclical_revenue_20m,Consumer Cyclical companies with revenue >= $20M,Gaussian Mixture|Selection-aware Silhouette leader,10003,10016,301,301,1.0,0.3541186114835533,0.33574618975752396
consumer_cyclical_revenue_20m,Consumer Cyclical companies with revenue >= $20M,Gaussian Mixture|Selection-aware Silhouette leader,10003,10017,307,307,1.0,0.3136854006123414,0.23285096476148429
consumer_cyclical_revenue_20m,Consumer Cyclical companies with revenue >= $20M,Gaussian Mixture|Selection-aware Silhouette leader,10003,10018,303,303,1.0,0.6163343356821216,0.5324277934512077
consumer_cyclical_revenue_20m,Consumer Cyclical companies with revenue >= $20M,Gaussian Mixture|Selection-aware Silhouette leader,10003,10019,297,297,1.0,0.3216154342592689,0.22158551705535534
consumer_cyclical_revenue_20m,Consumer Cyclical companies with revenue >= $20M,Gaussian Mixture|Selection-aware Silhouette leader,10004,10005,302,302,1.0,0.36927843321710746,0.27385330201226477
consumer_cyclical_revenue_20m,Consumer Cyclical companies with revenue >= $20M,Gaussian Mixture|Selection-aware Silhouette leader,10004,10006,300,300,1.0,0.8703556957672354,0.8155703426199841
consumer_cyclical_revenue_20m,Consumer Cyclical companies with revenue >= $20M,Gaussian Mixture|Selection-aware Silhouette leader,10004,10007,306,306,1.0,0.8354529474674832,0.7408498553963236
consumer_cyclical_revenue_20m,Consumer Cyclical companies with revenue >= $20M,Gaussian Mixture|Selection-aware Silhouette leader,10004,10008,304,304,1.0,0.38735544460005306,0.28719577034098087
consumer_cyclical_revenue_20m,Consumer Cyclical companies with revenue >= $20M,Gaussian Mixture|Selection-aware Silhouette leader,10004,10009,297,297,1.0,0.3503397405013872,0.2505289131775953
consumer_cyclical_revenue_20m,Consumer Cyclical companies with revenue >= $20M,Gaussian Mixture|Selection-aware Silhouette leader,10004,10010,302,302,1.0,0.8834197058337048,0.8127316003536333
consumer_cyclical_revenue_20m,Consumer Cyclical companies with revenue >= $20M,Gaussian Mixture|Selection-aware Silhouette leader,10004,10011,301,301,1.0,0.4244478125245773,0.3148711448822582
consumer_cyclical_revenue_20m,Consumer Cyclical companies with revenue >= $20M,Gaussian Mixture|Selection-aware Silhouette leader,10004,10012,301,301,1.0,0.3898930121851206,0.28442196684157556
consumer_cyclical_revenue_20m,Consumer Cyclical companies with revenue >= $20M,Gaussian Mixture|Selection-aware Silhouette leader,10004,10013,305,305,1.0,0.40425024742703586,0.29550154894289427
consumer_cyclical_revenue_20m,Consumer Cyclical companies with revenue >= $20M,Gaussian Mixture|Selection-aware Silhouette leader,10004,10014,305,305,1.0,0.22920076221147773,0.16915232161443106
consumer_cyclical_revenue_20m,Consumer Cyclical companies with revenue >= $20M,Gaussian Mixture|Selection-aware Silhouette leader,10004,10015,301,301,1.0,0.7346700309282815,0.6291753652582387
consumer_cyclical_revenue_20m,Consumer Cyclical companies with revenue >= $20M,Gaussian Mixture|Selection-aware Silhouette leader,10004,10016,303,303,1.0,0.4312375293918685,0.3934708151286596
consumer_cyclical_revenue_20m,Consumer Cyclical companies with revenue >= $20M,Gaussian Mixture|Selection-aware Silhouette leader,10004,10017,300,300,1.0,0.36763582512968346,0.25400624501813196
consumer_cyclical_revenue_20m,Consumer Cyclical companies with revenue >= $20M,Gaussian Mixture|Selection-aware Silhouette leader,10004,10018,295,295,1.0,0.9197893033843866,0.8585429022968191
consumer_cyclical_revenue_20m,Consumer Cyclical companies with revenue >= $20M,Gaussian Mixture|Selection-aware Silhouette leader,10004,10019,297,297,1.0,0.4914061203032483,0.37284205479068167
consumer_cyclical_revenue_20m,Consumer Cyclical companies with revenue >= $20M,Gaussian Mixture|Selection-aware Silhouette leader,10005,10006,294,294,1.0,0.362611328796779,0.26344731737085597
consumer_cyclical_revenue_20m,Consumer Cyclical companies with revenue >= $20M,Gaussian Mixture|Selection-aware Silhouette leader,10005,10007,296,296,1.0,0.38883041030640386,0.27510855780998905
consumer_cyclical_revenue_20m,Consumer Cyclical companies with revenue >= $20M,Gaussian Mixture|Selection-aware Silhouette leader,10005,10008,305,305,1.0,0.7818414801751274,0.7206512576239433
consumer_cyclical_revenue_20m,Consumer Cyclical companies with revenue >= $20M,Gaussian Mixture|Selection-aware Silhouette leader,10005,10009,301,301,1.0,0.7816507842731423,0.6884735970643079
consumer_cyclical_revenue_20m,Consumer Cyclical companies with revenue >= $20M,Gaussian Mixture|Selection-aware Silhouette leader,10005,10010,299,299,1.0,0.3851404527314027,0.2595981457115652
consumer_cyclical_revenue_20m,Consumer Cyclical companies with revenue >= $20M,Gaussian Mixture|Selection-aware Silhouette leader,10005,10011,298,298,1.0,0.8410721091610787,0.7921962229160813
consumer_cyclical_revenue_20m,Consumer Cyclical companies with revenue >= $20M,Gaussian Mixture|Selection-aware Silhouette leader,10005,10012,301,301,1.0,0.8086669935451614,0.7397839862966822
consumer_cyclical_revenue_20m,Consumer Cyclical companies with revenue >= $20M,Gaussian Mixture|Selection-aware Silhouette leader,10005,10013,305,305,1.0,0.7854501992279975,0.7210407479908824
consumer_cyclical_revenue_20m,Consumer Cyclical companies with revenue >= $20M,Gaussian Mixture|Selection-aware Silhouette leader,10005,10014,302,302,1.0,0.5523545142433582,0.499517748202855
consumer_cyclical_revenue_20m,Consumer Cyclical companies with revenue >= $20M,Gaussian Mixture|Selection-aware Silhouette leader,10005,10015,299,299,1.0,0.4621475933215965,0.45286381478765525
consumer_cyclical_revenue_20m,Consumer Cyclical companies with revenue >= $20M,Gaussian Mixture|Selection-aware Silhouette leader,10005,10016,301,301,1.0,0.359360336078818,0.35948092299725154
consumer_cyclical_revenue_20m,Consumer Cyclical companies with revenue >= $20M,Gaussian Mixture|Selection-aware Silhouette leader,10005,10017,300,300,1.0,0.7545189018467992,0.6499080782871752
consumer_cyclical_revenue_20m,Consumer Cyclical companies with revenue >= $20M,Gaussian Mixture|Selection-aware Silhouette leader,10005,10018,302,302,1.0,0.40112109375597704,0.2824592343587243
consumer_cyclical_revenue_20m,Consumer Cyclical companies with revenue >= $20M,Gaussian Mixture|Selection-aware Silhouette leader,10005,10019,303,303,1.0,0.7559436910610974,0.6607528452799225
consumer_cyclical_revenue_20m,Consumer Cyclical companies with revenue >= $20M,Gaussian Mixture|Selection-aware Silhouette leader,10006,10007,300,300,1.0,0.920619665912333,0.8509392134751271
consumer_cyclical_revenue_20m,Consumer Cyclical companies with revenue >= $20M,Gaussian Mixture|Selection-aware Silhouette leader,10006,10008,301,301,1.0,0.36678546649560284,0.2769283189884874
consumer_cyclical_revenue_20m,Consumer Cyclical companies with revenue >= $20M,Gaussian Mixture|Selection-aware Silhouette leader,10006,10009,303,303,1.0,0.3678958414408447,0.2707401785224923
consumer_cyclical_revenue_20m,Consumer Cyclical companies with revenue >= $20M,Gaussian Mixture|Selection-aware Silhouette leader,10006,10010,303,303,1.0,0.8584684556080919,0.7616561445541261
consumer_cyclical_revenue_20m,Consumer Cyclical companies with revenue >= $20M,Gaussian Mixture|Selection-aware Silhouette leader,10006,10011,307,307,1.0,0.39973498359714116,0.2998036795653938
consumer_cyclical_revenue_20m,Consumer Cyclical companies with revenue >= $20M,Gaussian Mixture|Selection-aware Silhouette leader,10006,10012,304,304,1.0,0.3872103203126494,0.29326651737150033
consumer_cyclical_revenue_20m,Consumer Cyclical companies with revenue >= $20M,Gaussian Mixture|Selection-aware Silhouette leader,10006,10013,301,301,1.0,0.3822521741470926,0.2847664067594076
consumer_cyclical_revenue_20m,Consumer Cyclical companies with revenue >= $20M,Gaussian Mixture|Selection-aware Silhouette leader,10006,10014,304,304,1.0,0.24057062414274052,0.1848885489930615
consumer_cyclical_revenue_20m,Consumer Cyclical companies with revenue >= $20M,Gaussian Mixture|Selection-aware Silhouette leader,10006,10015,300,300,1.0,0.7440186052848211,0.6200508431785412
consumer_cyclical_revenue_20m,Consumer Cyclical companies with revenue >= $20M,Gaussian Mixture|Selection-aware Silhouette leader,10006,10016,304,304,1.0,0.45696182202006336,0.41982212336629965
consumer_cyclical_revenue_20m,Consumer Cyclical companies with revenue >= $20M,Gaussian Mixture|Selection-aware Silhouette leader,10006,10017,307,307,1.0,0.4109803679311566,0.2855966173458075
consumer_cyclical_revenue_20m,Consumer Cyclical companies with revenue >= $20M,Gaussian Mixture|Selection-aware Silhouette leader,10006,10018,300,300,1.0,0.8826487448238189,0.8116701560312418
consumer_cyclical_revenue_20m,Consumer Cyclical companies with revenue >= $20M,Gaussian Mixture|Selection-aware Silhouette leader,10006,10019,303,303,1.0,0.5007216528273453,0.38992462316915494
consumer_cyclical_revenue_20m,Consumer Cyclical companies with revenue >= $20M,Gaussian Mixture|Selection-aware Silhouette leader,10007,10008,298,298,1.0,0.36804014131895224,0.26742661836979265
consumer_cyclical_revenue_20m,Consumer Cyclical companies with revenue >= $20M,Gaussian Mixture|Selection-aware Silhouette leader,10007,10009,298,298,1.0,0.3651940538111262,0.2570171464004268
consumer_cyclical_revenue_20m,Consumer Cyclical companies with revenue >= $20M,Gaussian Mixture|Selection-aware Silhouette leader,10007,10010,299,299,1.0,0.8559315016042254,0.7571394642331944
consumer_cyclical_revenue_20m,Consumer Cyclical companies with revenue >= $20M,Gaussian Mixture|Selection-aware Silhouette leader,10007,10011,303,303,1.0,0.3912189549759088,0.2807772940967941
consumer_cyclical_revenue_20m,Consumer Cyclical companies with revenue >= $20M,Gaussian Mixture|Selection-aware Silhouette leader,10007,10012,300,300,1.0,0.38636307121174257,0.28123861672748734
consumer_cyclical_revenue_20m,Consumer Cyclical companies with revenue >= $20M,Gaussian Mixture|Selection-aware Silhouette leader,10007,10013,302,302,1.0,0.3390243990541307,0.23320998045761124
consumer_cyclical_revenue_20m,Consumer Cyclical companies with revenue >= $20M,Gaussian Mixture|Selection-aware Silhouette leader,10007,10014,300,300,1.0,0.2253266717621784,0.16294584244620755
consumer_cyclical_revenue_20m,Consumer Cyclical companies with revenue >= $20M,Gaussian Mixture|Selection-aware Silhouette leader,10007,10015,295,295,1.0,0.7858612295328363,0.6497895473606379
consumer_cyclical_revenue_20m,Consumer Cyclical companies with revenue >= $20M,Gaussian Mixture|Selection-aware Silhouette leader,10007,10016,303,303,1.0,0.3971935662149295,0.34599288848443416
consumer_cyclical_revenue_20m,Consumer Cyclical companies with revenue >= $20M,Gaussian Mixture|Selection-aware Silhouette leader,10007,10017,297,297,1.0,0.4015939209210559,0.2595381724347873
consumer_cyclical_revenue_20m,Consumer Cyclical companies with revenue >= $20M,Gaussian Mixture|Selection-aware Silhouette leader,10007,10018,299,299,1.0,0.8693090433332797,0.7804891478740152
consumer_cyclical_revenue_20m,Consumer Cyclical companies with revenue >= $20M,Gaussian Mixture|Selection-aware Silhouette leader,10007,10019,298,298,1.0,0.47168119937682,0.34965855226737835
consumer_cyclical_revenue_20m,Consumer Cyclical companies with revenue >= $20M,Gaussian Mixture|Selection-aware Silhouette leader,10008,10009,295,295,1.0,0.8810595528616602,0.7997037069234295
consumer_cyclical_revenue_20m,Consumer Cyclical companies with revenue >= $20M,Gaussian Mixture|Selection-aware Silhouette leader,10008,10010,298,298,1.0,0.3362055316888442,0.23992568126441655
consumer_cyclical_revenue_20m,Consumer Cyclical companies with revenue >= $20M,Gaussian Mixture|Selection-aware Silhouette leader,10008,10011,301,301,1.0,0.9214045124705843,0.8612414184314712
consumer_cyclical_revenue_20m,Consumer Cyclical companies with revenue >= $20M,Gaussian Mixture|Selection-aware Silhouette leader,10008,10012,300,300,1.0,0.9211980426654938,0.8615104384007594
consumer_cyclical_revenue_20m,Consumer Cyclical companies with revenue >= $20M,Gaussian Mixture|Selection-aware Silhouette leader,10008,10013,305,305,1.0,0.9479386738921775,0.8983595882266151
consumer_cyclical_revenue_20m,Consumer Cyclical companies with revenue >= $20M,Gaussian Mixture|Selection-aware Silhouette leader,10008,10014,297,297,1.0,0.736157293925042,0.652196561553324
consumer_cyclical_revenue_20m,Consumer Cyclical companies with revenue >= $20M,Gaussian Mixture|Selection-aware Silhouette leader,10008,10015,305,305,1.0,0.30582646679714975,0.24017956817497796
consumer_cyclical_revenue_20m,Consumer Cyclical companies with revenue >= $20M,Gaussian Mixture|Selection-aware Silhouette leader,10008,10016,300,300,1.0,0.3371822682770827,0.32312109855287224
consumer_cyclical_revenue_20m,Consumer Cyclical companies with revenue >= $20M,Gaussian Mixture|Selection-aware Silhouette leader,10008,10017,304,304,1.0,0.710941037313731,0.5991860231320401
consumer_cyclical_revenue_20m,Consumer Cyclical companies with revenue >= $20M,Gaussian Mixture|Selection-aware Silhouette leader,10008,10018,295,295,1.0,0.39856910261393474,0.2970544206087752
consumer_cyclical_revenue_20m,Consumer Cyclical companies with revenue >= $20M,Gaussian Mixture|Selection-aware Silhouette leader,10008,10019,301,301,1.0,0.8461635101027294,0.7595546948891596
consumer_cyclical_revenue_20m,Consumer Cyclical companies with revenue >= $20M,Gaussian Mixture|Selection-aware Silhouette leader,10009,10010,298,298,1.0,0.34150470581669845,0.23930911001478053
consumer_cyclical_revenue_20m,Consumer Cyclical companies with revenue >= $20M,Gaussian Mixture|Selection-aware Silhouette leader,10009,10011,295,295,1.0,0.8301810353355725,0.737550755617552
consumer_cyclical_revenue_20m,Consumer Cyclical companies with revenue >= $20M,Gaussian Mixture|Selection-aware Silhouette leader,10009,10012,301,301,1.0,0.858116871092211,0.7697946147800409
consumer_cyclical_revenue_20m,Consumer Cyclical companies with revenue >= $20M,Gaussian Mixture|Selection-aware Silhouette leader,10009,10013,304,304,1.0,0.896556204712813,0.8164816672160853
consumer_cyclical_revenue_20m,Consumer Cyclical companies with revenue >= $20M,Gaussian Mixture|Selection-aware Silhouette leader,10009,10014,299,299,1.0,0.7606223935813797,0.6904615565705596
consumer_cyclical_revenue_20m,Consumer Cyclical companies with revenue >= $20M,Gaussian Mixture|Selection-aware Silhouette leader,10009,10015,298,298,1.0,0.3179152677337378,0.23568231970891704
consumer_cyclical_revenue_20m,Consumer Cyclical companies with revenue >= $20M,Gaussian Mixture|Selection-aware Silhouette leader,10009,10016,291,291,1.0,0.30207115718917893,0.31697085027742916
consumer_cyclical_revenue_20m,Consumer Cyclical companies with revenue >= $20M,Gaussian Mixture|Selection-aware Silhouette leader,10009,10017,297,297,1.0,0.646932677140712,0.49850299164986545
consumer_cyclical_revenue_20m,Consumer Cyclical companies with revenue >= $20M,Gaussian Mixture|Selection-aware Silhouette leader,10009,10018,299,299,1.0,0.3528196340143648,0.2517942164565876
consumer_cyclical_revenue_20m,Consumer Cyclical companies with revenue >= $20M,Gaussian Mixture|Selection-aware Silhouette leader,10009,10019,303,303,1.0,0.8468997905083588,0.758183618866473
consumer_cyclical_revenue_20m,Consumer Cyclical companies with revenue >= $20M,Gaussian Mixture|Selection-aware Silhouette leader,10010,10011,307,307,1.0,0.4481055305713965,0.3259579775532792
consumer_cyclical_revenue_20m,Consumer Cyclical companies with revenue >= $20M,Gaussian Mixture|Selection-aware Silhouette leader,10010,10012,303,303,1.0,0.3981114513358158,0.2822769445010921
consumer_cyclical_revenue_20m,Consumer Cyclical companies with revenue >= $20M,Gaussian Mixture|Selection-aware Silhouette leader,10010,10013,304,304,1.0,0.3751311692779509,0.26428860451969244
consumer_cyclical_revenue_20m,Consumer Cyclical companies with revenue >= $20M,Gaussian Mixture|Selection-aware Silhouette leader,10010,10014,299,299,1.0,0.21178886530265698,0.15340065703656947
consumer_cyclical_revenue_20m,Consumer Cyclical companies with revenue >= $20M,Gaussian Mixture|Selection-aware Silhouette leader,10010,10015,303,303,1.0,0.7108452333344416,0.5720675779498923
consumer_cyclical_revenue_20m,Consumer Cyclical companies with revenue >= $20M,Gaussian Mixture|Selection-aware Silhouette leader,10010,10016,299,299,1.0,0.39985691441360843,0.3438879308964521
consumer_cyclical_revenue_20m,Consumer Cyclical companies with revenue >= $20M,Gaussian Mixture|Selection-aware Silhouette leader,10010,10017,295,295,1.0,0.4191837174100496,0.2926602877156896
consumer_cyclical_revenue_20m,Consumer Cyclical companies with revenue >= $20M,Gaussian Mixture|Selection-aware Silhouette leader,10010,10018,302,302,1.0,0.9212711781091266,0.8526645993751127
consumer_cyclical_revenue_20m,Consumer Cyclical companies with revenue >= $20M,Gaussian Mixture|Selection-aware Silhouette leader,10010,10019,298,298,1.0,0.5091018733238875,0.37982613359975254
consumer_cyclical_revenue_20m,Consumer Cyclical companies with revenue >= $20M,Gaussian Mixture|Selection-aware Silhouette leader,10011,10012,305,305,1.0,0.9607785246258307,0.9272168473629059
consumer_cyclical_revenue_20m,Consumer Cyclical companies with revenue >= $20M,Gaussian Mixture|Selection-aware Silhouette leader,10011,10013,297,297,1.0,0.9070333138970573,0.8400409257664384
consumer_cyclical_revenue_20m,Consumer Cyclical companies with revenue >= $20M,Gaussian Mixture|Selection-aware Silhouette leader,10011,10014,298,298,1.0,0.6469898603257856,0.5645953919439177
consumer_cyclical_revenue_20m,Consumer Cyclical companies with revenue >= $20M,Gaussian Mixture|Selection-aware Silhouette leader,10011,10015,301,301,1.0,0.33723618040482695,0.24128433293397133
consumer_cyclical_revenue_20m,Consumer Cyclical companies with revenue >= $20M,Gaussian Mixture|Selection-aware Silhouette leader,10011,10016,301,301,1.0,0.3279800073414663,0.32434391912035604
consumer_cyclical_revenue_20m,Consumer Cyclical companies with revenue >= $20M,Gaussian Mixture|Selection-aware Silhouette leader,10011,10017,296,296,1.0,0.6626128862185349,0.5510985842579996
consumer_cyclical_revenue_20m,Consumer Cyclical companies with revenue >= $20M,Gaussian Mixture|Selection-aware Silhouette leader,10011,10018,302,302,1.0,0.4521518035211664,0.33724552486958326
consumer_cyclical_revenue_20m,Consumer Cyclical companies with revenue >= $20M,Gaussian Mixture|Selection-aware Silhouette leader,10011,10019,300,300,1.0,0.8828439261008652,0.8007332617403842
consumer_cyclical_revenue_20m,Consumer Cyclical companies with revenue >= $20M,Gaussian Mixture|Selection-aware Silhouette leader,10012,10013,305,305,1.0,0.909578949402982,0.8444910668907228
consumer_cyclical_revenue_20m,Consumer Cyclical companies with revenue >= $20M,Gaussian Mixture|Selection-aware Silhouette leader,10012,10014,298,298,1.0,0.6912494074084894,0.6110680885148174
consumer_cyclical_revenue_20m,Consumer Cyclical companies with revenue >= $20M,Gaussian Mixture|Selection-aware Silhouette leader,10012,10015,306,306,1.0,0.3513786568605382,0.26507603534342683
consumer_cyclical_revenue_20m,Consumer Cyclical companies with revenue >= $20M,Gaussian Mixture|Selection-aware Silhouette leader,10012,10016,302,302,1.0,0.3053686003862996,0.29505174458389144
consumer_cyclical_revenue_20m,Consumer Cyclical companies with revenue >= $20M,Gaussian Mixture|Selection-aware Silhouette leader,10012,10017,301,301,1.0,0.6748822242432876,0.5591918323628471
consumer_cyclical_revenue_20m,Consumer Cyclical companies with revenue >= $20M,Gaussian Mixture|Selection-aware Silhouette leader,10012,10018,300,300,1.0,0.44917705420639736,0.33607947803423915
consumer_cyclical_revenue_20m,Consumer Cyclical companies with revenue >= $20M,Gaussian Mixture|Selection-aware Silhouette leader,10012,10019,300,300,1.0,0.8954849411999546,0.8207758866715795
consumer_cyclical_revenue_20m,Consumer Cyclical companies with revenue >= $20M,Gaussian Mixture|Selection-aware Silhouette leader,10013,10014,302,302,1.0,0.7173732791255629,0.643612541654328
consumer_cyclical_revenue_20m,Consumer Cyclical companies with revenue >= $20M,Gaussian Mixture|Selection-aware Silhouette leader,10013,10015,303,303,1.0,0.30994486652198566,0.2314590828039869
consumer_cyclical_revenue_20m,Consumer Cyclical companies with revenue >= $20M,Gaussian Mixture|Selection-aware Silhouette leader,10013,10016,299,299,1.0,0.27490767828523216,0.2767627689000405
consumer_cyclical_revenue_20m,Consumer Cyclical companies with revenue >= $20M,Gaussian Mixture|Selection-aware Silhouette leader,10013,10017,306,306,1.0,0.6774338120028245,0.5483558081881283
consumer_cyclical_revenue_20m,Consumer Cyclical companies with revenue >= $20M,Gaussian Mixture|Selection-aware Silhouette leader,10013,10018,296,296,1.0,0.3981835730089143,0.2896934794633594
consumer_cyclical_revenue_20m,Consumer Cyclical companies with revenue >= $20M,Gaussian Mixture|Selection-aware Silhouette leader,10013,10019,297,297,1.0,0.8813736933348567,0.8093546343895787
consumer_cyclical_revenue_20m,Consumer Cyclical companies with revenue >= $20M,Gaussian Mixture|Selection-aware Silhouette leader,10014,10015,294,294,1.0,0.16779622227923882,0.16345631357180415
consumer_cyclical_revenue_20m,Consumer Cyclical companies with revenue >= $20M,Gaussian Mixture|Selection-aware Silhouette leader,10014,10016,304,304,1.0,0.219740943679346,0.2584796545503805
consumer_cyclical_revenue_20m,Consumer Cyclical companies with revenue >= $20M,Gaussian Mixture|Selection-aware Silhouette leader,10014,10017,303,303,1.0,0.5127230053220497,0.4111029253177379
consumer_cyclical_revenue_20m,Consumer Cyclical companies with revenue >= $20M,Gaussian Mixture|Selection-aware Silhouette leader,10014,10018,296,296,1.0,0.2809531093534756,0.20478926694166577
consumer_cyclical_revenue_20m,Consumer Cyclical companies with revenue >= $20M,Gaussian Mixture|Selection-aware Silhouette leader,10014,10019,310,310,1.0,0.6805258684107106,0.6021038575716006
consumer_cyclical_revenue_20m,Consumer Cyclical companies with revenue >= $20M,Gaussian Mixture|Selection-aware Silhouette leader,10015,10016,300,300,1.0,0.4375550108121435,0.36192705821978705
consumer_cyclical_revenue_20m,Consumer Cyclical companies with revenue >= $20M,Gaussian Mixture|Selection-aware Silhouette leader,10015,10017,304,304,1.0,0.48166860493028235,0.3906033761016698
consumer_cyclical_revenue_20m,Consumer Cyclical companies with revenue >= $20M,Gaussian Mixture|Selection-aware Silhouette leader,10015,10018,299,299,1.0,0.7666251652200303,0.6557089543430509
consumer_cyclical_revenue_20m,Consumer Cyclical companies with revenue >= $20M,Gaussian Mixture|Selection-aware Silhouette leader,10015,10019,300,300,1.0,0.3966123340164547,0.2843051315764373
consumer_cyclical_revenue_20m,Consumer Cyclical companies with revenue >= $20M,Gaussian Mixture|Selection-aware Silhouette leader,10016,10017,302,302,1.0,0.42323222309676156,0.396769767027756
consumer_cyclical_revenue_20m,Consumer Cyclical companies with revenue >= $20M,Gaussian Mixture|Selection-aware Silhouette leader,10016,10018,298,298,1.0,0.4632292446336586,0.4360259520561841
consumer_cyclical_revenue_20m,Consumer Cyclical companies with revenue >= $20M,Gaussian Mixture|Selection-aware Silhouette leader,10016,10019,295,295,1.0,0.40433942026713615,0.393683416783844
consumer_cyclical_revenue_20m,Consumer Cyclical companies with revenue >= $20M,Gaussian Mixture|Selection-aware Silhouette leader,10017,10018,306,306,1.0,0.42768690414348787,0.29737803373051075
consumer_cyclical_revenue_20m,Consumer Cyclical companies with revenue >= $20M,Gaussian Mixture|Selection-aware Silhouette leader,10017,10019,302,302,1.0,0.7201442556582255,0.6089198309099387
consumer_cyclical_revenue_20m,Consumer Cyclical companies with revenue >= $20M,Gaussian Mixture|Selection-aware Silhouette leader,10018,10019,301,301,1.0,0.5348064338577779,0.40950514679734984
consumer_cyclical_revenue_20m,Consumer Cyclical companies with revenue >= $20M,HDBSCAN separation leader,10000,10001,302,233,0.7715231788079471,0.9268435393184756,0.857651974293801
consumer_cyclical_revenue_20m,Consumer Cyclical companies with revenue >= $20M,HDBSCAN separation leader,10000,10002,295,230,0.7796610169491526,0.0,0.0
consumer_cyclical_revenue_20m,Consumer Cyclical companies with revenue >= $20M,HDBSCAN separation leader,10000,10003,302,232,0.7682119205298014,0.9406847808050802,0.87822470628099
consumer_cyclical_revenue_20m,Consumer Cyclical companies with revenue >= $20M,HDBSCAN separation leader,10000,10004,298,236,0.7919463087248322,0.9346901953742873,0.8692432007766933
consumer_cyclical_revenue_20m,Consumer Cyclical companies with revenue >= $20M,HDBSCAN separation leader,10000,10005,300,234,0.78,0.9407458932882533,0.8783672884417338
consumer_cyclical_revenue_20m,Consumer Cyclical companies with revenue >= $20M,HDBSCAN separation leader,10000,10006,296,231,0.7804054054054054,1.0,1.0
consumer_cyclical_revenue_20m,Consumer Cyclical companies with revenue >= $20M,HDBSCAN separation leader,10000,10007,299,238,0.7959866220735786,1.0,1.0
consumer_cyclical_revenue_20m,Consumer Cyclical companies with revenue >= $20M,HDBSCAN separation leader,10000,10008,294,234,0.7959183673469388,1.0,1.0
consumer_cyclical_revenue_20m,Consumer Cyclical companies with revenue >= $20M,HDBSCAN separation leader,10000,10009,308,244,0.7922077922077922,1.0,1.0
consumer_cyclical_revenue_20m,Consumer Cyclical companies with revenue >= $20M,HDBSCAN separation leader,10000,10010,298,232,0.7785234899328859,1.0,1.0
consumer_cyclical_revenue_20m,Consumer Cyclical companies with revenue >= $20M,HDBSCAN separation leader,10000,10011,298,235,0.7885906040268457,1.0,1.0
consumer_cyclical_revenue_20m,Consumer Cyclical companies with revenue >= $20M,HDBSCAN separation leader,10000,10012,302,232,0.7682119205298014,0.9345713070555446,0.8689554224057447
consumer_cyclical_revenue_20m,Consumer Cyclical companies with revenue >= $20M,HDBSCAN separation leader,10000,10013,303,239,0.7887788778877888,0.9347765939465019,0.8694543511082248
consumer_cyclical_revenue_20m,Consumer Cyclical companies with revenue >= $20M,HDBSCAN separation leader,10000,10014,301,243,0.8073089700996677,1.0,1.0
consumer_cyclical_revenue_20m,Consumer Cyclical companies with revenue >= $20M,HDBSCAN separation leader,10000,10015,301,236,0.7840531561461794,1.0,1.0
consumer_cyclical_revenue_20m,Consumer Cyclical companies with revenue >= $20M,HDBSCAN separation leader,10000,10016,301,236,0.7840531561461794,1.0,1.0
consumer_cyclical_revenue_20m,Consumer Cyclical companies with revenue >= $20M,HDBSCAN separation leader,10000,10017,302,231,0.7649006622516556,1.0,1.0
consumer_cyclical_revenue_20m,Consumer Cyclical companies with revenue >= $20M,HDBSCAN separation leader,10000,10018,296,233,0.7871621621621622,0.0,0.0
consumer_cyclical_revenue_20m,Consumer Cyclical companies with revenue >= $20M,HDBSCAN separation leader,10000,10019,297,236,0.7946127946127947,1.0,1.0
consumer_cyclical_revenue_20m,Consumer Cyclical companies with revenue >= $20M,HDBSCAN separation leader,10001,10002,299,241,0.8060200668896321,0.7306687343121683,0.7339549399617942
consumer_cyclical_revenue_20m,Consumer Cyclical companies with revenue >= $20M,HDBSCAN separation leader,10001,10003,306,241,0.7875816993464052,0.9974422692869263,0.9668418461060833
consumer_cyclical_revenue_20m,Consumer Cyclical companies with revenue >= $20M,HDBSCAN separation leader,10001,10004,299,239,0.7993311036789298,0.9627562532700719,0.9308176817726342
consumer_cyclical_revenue_20m,Consumer Cyclical companies with revenue >= $20M,HDBSCAN separation leader,10001,10005,303,238,0.7854785478547854,0.9627332814866076,0.9307823067421485
consumer_cyclical_revenue_20m,Consumer Cyclical companies with revenue >= $20M,HDBSCAN separation leader,10001,10006,300,230,0.7666666666666667,0.9291329454292515,0.9072825557523944
consumer_cyclical_revenue_20m,Consumer Cyclical companies with revenue >= $20M,HDBSCAN separation leader,10001,10007,302,243,0.804635761589404,0.927605504269662,0.864288214511143
consumer_cyclical_revenue_20m,Consumer Cyclical companies with revenue >= $20M,HDBSCAN separation leader,10001,10008,297,241,0.8114478114478114,0.9644742716681605,0.9323186693796792
consumer_cyclical_revenue_20m,Consumer Cyclical companies with revenue >= $20M,HDBSCAN separation leader,10001,10009,303,247,0.8151815181518152,0.8017076480807889,0.7328006579476929
consumer_cyclical_revenue_20m,Consumer Cyclical companies with revenue >= $20M,HDBSCAN separation leader,10001,10010,297,228,0.7676767676767676,0.9405591147060078,0.8779339564111946
consumer_cyclical_revenue_20m,Consumer Cyclical companies with revenue >= $20M,HDBSCAN separation leader,10001,10011,300,232,0.7733333333333333,0.929170381729178,0.9073301402759664
consumer_cyclical_revenue_20m,Consumer Cyclical companies with revenue >= $20M,HDBSCAN separation leader,10001,10012,301,233,0.7740863787375415,1.0,1.0
consumer_cyclical_revenue_20m,Consumer Cyclical companies with revenue >= $20M,HDBSCAN separation leader,10001,10013,295,238,0.8067796610169492,0.858110440048982,0.8385648788708233
consumer_cyclical_revenue_20m,Consumer Cyclical companies with revenue >= $20M,HDBSCAN separation leader,10001,10014,298,240,0.8053691275167785,0.7616329297834384,0.6919500264323193
consumer_cyclical_revenue_20m,Consumer Cyclical companies with revenue >= $20M,HDBSCAN separation leader,10001,10015,299,238,0.7959866220735786,0.7860838971252603,0.7763258453127589
consumer_cyclical_revenue_20m,Consumer Cyclical companies with revenue >= $20M,HDBSCAN separation leader,10001,10016,302,231,0.7649006622516556,0.9166253542598584,0.8431474712012922
consumer_cyclical_revenue_20m,Consumer Cyclical companies with revenue >= $20M,HDBSCAN separation leader,10001,10017,300,229,0.7633333333333333,1.0,1.0
consumer_cyclical_revenue_20m,Consumer Cyclical companies with revenue >= $20M,HDBSCAN separation leader,10001,10018,306,246,0.803921568627451,0.6387822588831803,0.5763133069830837
consumer_cyclical_revenue_20m,Consumer Cyclical companies with revenue >= $20M,HDBSCAN separation leader,10001,10019,298,238,0.7986577181208053,0.6746038025608738,0.6908011898180627
consumer_cyclical_revenue_20m,Consumer Cyclical companies with revenue >= $20M,HDBSCAN separation leader,10002,10003,299,242,0.8093645484949833,0.530860057919734,0.5591600539948819
consumer_cyclical_revenue_20m,Consumer Cyclical companies with revenue >= $20M,HDBSCAN separation leader,10002,10004,297,242,0.8148148148148148,0.6687233289391831,0.6882759150557343
consumer_cyclical_revenue_20m,Consumer Cyclical companies with revenue >= $20M,HDBSCAN separation leader,10002,10005,304,244,0.8026315789473685,0.7309141291432106,0.733984006404318
consumer_cyclical_revenue_20m,Consumer Cyclical companies with revenue >= $20M,HDBSCAN separation leader,10002,10006,302,247,0.8178807947019867,0.0,0.0
consumer_cyclical_revenue_20m,Consumer Cyclical companies with revenue >= $20M,HDBSCAN separation leader,10002,10007,296,249,0.8412162162162162,0.5675301644439571,0.5662436345263876
consumer_cyclical_revenue_20m,Consumer Cyclical companies with revenue >= $20M,HDBSCAN separation leader,10002,10008,297,252,0.8484848484848485,0.5945505150348559,0.6379615932250803
consumer_cyclical_revenue_20m,Consumer Cyclical companies with revenue >= $20M,HDBSCAN separation leader,10002,10009,307,250,0.8143322475570033,-0.015785925024845784,0.003291325748325189
consumer_cyclical_revenue_20m,Consumer Cyclical companies with revenue >= $20M,HDBSCAN separation leader,10002,10010,300,236,0.7866666666666666,0.0,0.0
consumer_cyclical_revenue_20m,Consumer Cyclical companies with revenue >= $20M,HDBSCAN separation leader,10002,10011,300,250,0.8333333333333334,0.0,0.0
consumer_cyclical_revenue_20m,Consumer Cyclical companies with revenue >= $20M,HDBSCAN separation leader,10002,10012,302,234,0.7748344370860927,0.0,0.0
consumer_cyclical_revenue_20m,Consumer Cyclical companies with revenue >= $20M,HDBSCAN separation leader,10002,10013,304,247,0.8125,-0.013094460183433123,0.0031035452477644753
consumer_cyclical_revenue_20m,Consumer Cyclical companies with revenue >= $20M,HDBSCAN separation leader,10002,10014,301,251,0.8338870431893688,-0.02337460834995654,0.005985591560159775
consumer_cyclical_revenue_20m,Consumer Cyclical companies with revenue >= $20M,HDBSCAN separation leader,10002,10015,299,245,0.8193979933110368,-0.017433173970399975,0.0038971634444314313
consumer_cyclical_revenue_20m,Consumer Cyclical companies with revenue >= $20M,HDBSCAN separation leader,10002,10016,299,238,0.7959866220735786,0.0,0.0
consumer_cyclical_revenue_20m,Consumer Cyclical companies with revenue >= $20M,HDBSCAN separation leader,10002,10017,297,233,0.7845117845117845,0.0,0.0
consumer_cyclical_revenue_20m,Consumer Cyclical companies with revenue >= $20M,HDBSCAN separation leader,10002,10018,300,253,0.8433333333333334,0.9462246445196111,0.8873339903627108
consumer_cyclical_revenue_20m,Consumer Cyclical companies with revenue >= $20M,HDBSCAN separation leader,10002,10019,299,257,0.8595317725752508,-0.03585281328960946,0.009243696823887258
consumer_cyclical_revenue_20m,Consumer Cyclical companies with revenue >= $20M,HDBSCAN separation leader,10003,10004,293,231,0.78839590443686,0.9962747268443348,0.9602477741006883
consumer_cyclical_revenue_20m,Consumer Cyclical companies with revenue >= $20M,HDBSCAN separation leader,10003,10005,308,243,0.788961038961039,1.0,1.0
consumer_cyclical_revenue_20m,Consumer Cyclical companies with revenue >= $20M,HDBSCAN separation leader,10003,10006,298,232,0.7785234899328859,0.989000305117035,0.9134679931803142
consumer_cyclical_revenue_20m,Consumer Cyclical companies with revenue >= $20M,HDBSCAN separation leader,10003,10007,309,253,0.8187702265372169,0.9696876391099111,0.9069723932973942
consumer_cyclical_revenue_20m,Consumer Cyclical companies with revenue >= $20M,HDBSCAN separation leader,10003,10008,298,248,0.8322147651006712,0.9715631332753761,0.910126464155154
consumer_cyclical_revenue_20m,Consumer Cyclical companies with revenue >= $20M,HDBSCAN separation leader,10003,10009,304,241,0.7927631578947368,0.8001018507579917,0.7105980252332907
consumer_cyclical_revenue_20m,Consumer Cyclical companies with revenue >= $20M,HDBSCAN separation leader,10003,10010,304,238,0.7828947368421053,0.9531338859265139,0.8414821010957823
consumer_cyclical_revenue_20m,Consumer Cyclical companies with revenue >= $20M,HDBSCAN separation leader,10003,10011,302,240,0.7947019867549668,0.9906643246100268,0.9154550130934368
consumer_cyclical_revenue_20m,Consumer Cyclical companies with revenue >= $20M,HDBSCAN separation leader,10003,10012,297,228,0.7676767676767676,0.9928207702180857,0.925524959626008
consumer_cyclical_revenue_20m,Consumer Cyclical companies with revenue >= $20M,HDBSCAN separation leader,10003,10013,297,236,0.7946127946127947,0.9172588962596108,0.8351577238382463
consumer_cyclical_revenue_20m,Consumer Cyclical companies with revenue >= $20M,HDBSCAN separation leader,10003,10014,297,245,0.8249158249158249,0.8303579036143209,0.7303091717550321
consumer_cyclical_revenue_20m,Consumer Cyclical companies with revenue >= $20M,HDBSCAN separation leader,10003,10015,295,227,0.7694915254237288,0.8956330107487777,0.819227158658606
consumer_cyclical_revenue_20m,Consumer Cyclical companies with revenue >= $20M,HDBSCAN separation leader,10003,10016,301,234,0.7774086378737541,0.9498360107883693,0.8384648474199797
consumer_cyclical_revenue_20m,Consumer Cyclical companies with revenue >= $20M,HDBSCAN separation leader,10003,10017,307,235,0.7654723127035831,0.9925927442569185,0.9193128192898431
consumer_cyclical_revenue_20m,Consumer Cyclical companies with revenue >= $20M,HDBSCAN separation leader,10003,10018,303,244,0.8052805280528053,0.5845590469839833,0.5451441256084544
consumer_cyclical_revenue_20m,Consumer Cyclical companies with revenue >= $20M,HDBSCAN separation leader,10003,10019,297,245,0.8249158249158249,0.7655060957431786,0.7208889393034608
consumer_cyclical_revenue_20m,Consumer Cyclical companies with revenue >= $20M,HDBSCAN separation leader,10004,10005,302,241,0.7980132450331126,1.0,1.0
consumer_cyclical_revenue_20m,Consumer Cyclical companies with revenue >= $20M,HDBSCAN separation leader,10004,10006,300,234,0.78,1.0,1.0
consumer_cyclical_revenue_20m,Consumer Cyclical companies with revenue >= $20M,HDBSCAN separation leader,10004,10007,306,251,0.8202614379084967,0.9664847463717098,0.9357640973828736
consumer_cyclical_revenue_20m,Consumer Cyclical companies with revenue >= $20M,HDBSCAN separation leader,10004,10008,304,250,0.8223684210526315,0.968046033423233,0.9384566906222294
consumer_cyclical_revenue_20m,Consumer Cyclical companies with revenue >= $20M,HDBSCAN separation leader,10004,10009,297,241,0.8114478114478114,0.7834760789269899,0.7139825462255625
consumer_cyclical_revenue_20m,Consumer Cyclical companies with revenue >= $20M,HDBSCAN separation leader,10004,10010,302,233,0.7715231788079471,0.9456551741160625,0.886012336420445
consumer_cyclical_revenue_20m,Consumer Cyclical companies with revenue >= $20M,HDBSCAN separation leader,10004,10011,301,237,0.7873754152823921,1.0,1.0
consumer_cyclical_revenue_20m,Consumer Cyclical companies with revenue >= $20M,HDBSCAN separation leader,10004,10012,301,232,0.770764119601329,1.0,1.0
consumer_cyclical_revenue_20m,Consumer Cyclical companies with revenue >= $20M,HDBSCAN separation leader,10004,10013,305,245,0.8032786885245902,0.9013381401754144,0.8787982705468634
consumer_cyclical_revenue_20m,Consumer Cyclical companies with revenue >= $20M,HDBSCAN separation leader,10004,10014,305,251,0.8229508196721311,0.816819826760771,0.7487142273409906
consumer_cyclical_revenue_20m,Consumer Cyclical companies with revenue >= $20M,HDBSCAN separation leader,10004,10015,301,237,0.7873754152823921,0.8496991713500333,0.8296594298108767
consumer_cyclical_revenue_20m,Consumer Cyclical companies with revenue >= $20M,HDBSCAN separation leader,10004,10016,303,238,0.7854785478547854,0.934748050974515,0.8693844040941707
consumer_cyclical_revenue_20m,Consumer Cyclical companies with revenue >= $20M,HDBSCAN separation leader,10004,10017,300,228,0.76,1.0,1.0
consumer_cyclical_revenue_20m,Consumer Cyclical companies with revenue >= $20M,HDBSCAN separation leader,10004,10018,295,237,0.8033898305084746,0.6714607323441197,0.63046244694176
consumer_cyclical_revenue_20m,Consumer Cyclical companies with revenue >= $20M,HDBSCAN separation leader,10004,10019,297,244,0.8215488215488216,0.6442505464171414,0.6683829897573375
consumer_cyclical_revenue_20m,Consumer Cyclical companies with revenue >= $20M,HDBSCAN separation leader,10005,10006,294,226,0.7687074829931972,1.0,1.0
consumer_cyclical_revenue_20m,Consumer Cyclical companies with revenue >= $20M,HDBSCAN separation leader,10005,10007,296,242,0.8175675675675675,0.9648095410960782,0.9341194105309549
consumer_cyclical_revenue_20m,Consumer Cyclical companies with revenue >= $20M,HDBSCAN separation leader,10005,10008,305,250,0.819672131147541,0.9666054639147494,0.9365154506422866
consumer_cyclical_revenue_20m,Consumer Cyclical companies with revenue >= $20M,HDBSCAN separation leader,10005,10009,301,241,0.8006644518272426,0.8285802775394032,0.7519918265652827
consumer_cyclical_revenue_20m,Consumer Cyclical companies with revenue >= $20M,HDBSCAN separation leader,10005,10010,299,229,0.7658862876254181,0.9165662462127864,0.8429944628000711
consumer_cyclical_revenue_20m,Consumer Cyclical companies with revenue >= $20M,HDBSCAN separation leader,10005,10011,298,234,0.785234899328859,1.0,1.0
consumer_cyclical_revenue_20m,Consumer Cyclical companies with revenue >= $20M,HDBSCAN separation leader,10005,10012,301,228,0.7574750830564784,1.0,1.0
consumer_cyclical_revenue_20m,Consumer Cyclical companies with revenue >= $20M,HDBSCAN separation leader,10005,10013,305,238,0.780327868852459,0.89212105966919,0.8697481333750445
consumer_cyclical_revenue_20m,Consumer Cyclical companies with revenue >= $20M,HDBSCAN separation leader,10005,10014,302,242,0.8013245033112583,0.7345346922292844,0.6652699010098277
consumer_cyclical_revenue_20m,Consumer Cyclical companies with revenue >= $20M,HDBSCAN separation leader,10005,10015,299,235,0.7859531772575251,0.8496340075459993,0.8296140599313249
consumer_cyclical_revenue_20m,Consumer Cyclical companies with revenue >= $20M,HDBSCAN separation leader,10005,10016,301,230,0.7641196013289037,0.9165959348976098,0.8430712075291319
consumer_cyclical_revenue_20m,Consumer Cyclical companies with revenue >= $20M,HDBSCAN separation leader,10005,10017,300,228,0.76,1.0,1.0
consumer_cyclical_revenue_20m,Consumer Cyclical companies with revenue >= $20M,HDBSCAN separation leader,10005,10018,302,246,0.8145695364238411,0.7431080168838409,0.682476553417837
consumer_cyclical_revenue_20m,Consumer Cyclical companies with revenue >= $20M,HDBSCAN separation leader,10005,10019,303,248,0.8184818481848185,0.6446202425288037,0.6683479702457311
consumer_cyclical_revenue_20m,Consumer Cyclical companies with revenue >= $20M,HDBSCAN separation leader,10006,10007,300,243,0.81,1.0,1.0
consumer_cyclical_revenue_20m,Consumer Cyclical companies with revenue >= $20M,HDBSCAN separation leader,10006,10008,301,245,0.813953488372093,1.0,1.0
consumer_cyclical_revenue_20m,Consumer Cyclical companies with revenue >= $20M,HDBSCAN separation leader,10006,10009,303,238,0.7854785478547854,1.0,1.0
consumer_cyclical_revenue_20m,Consumer Cyclical companies with revenue >= $20M,HDBSCAN separation leader,10006,10010,303,241,0.7953795379537953,1.0,1.0
consumer_cyclical_revenue_20m,Consumer Cyclical companies with revenue >= $20M,HDBSCAN separation leader,10006,10011,307,257,0.8371335504885994,1.0,1.0
consumer_cyclical_revenue_20m,Consumer Cyclical companies with revenue >= $20M,HDBSCAN separation leader,10006,10012,304,232,0.7631578947368421,1.0,1.0
consumer_cyclical_revenue_20m,Consumer Cyclical companies with revenue >= $20M,HDBSCAN separation leader,10006,10013,301,242,0.8039867109634552,1.0,1.0
consumer_cyclical_revenue_20m,Consumer Cyclical companies with revenue >= $20M,HDBSCAN separation leader,10006,10014,304,248,0.8157894736842105,1.0,1.0
consumer_cyclical_revenue_20m,Consumer Cyclical companies with revenue >= $20M,HDBSCAN separation leader,10006,10015,300,242,0.8066666666666666,1.0,1.0
consumer_cyclical_revenue_20m,Consumer Cyclical companies with revenue >= $20M,HDBSCAN separation leader,10006,10016,304,244,0.8026315789473685,1.0,1.0
consumer_cyclical_revenue_20m,Consumer Cyclical companies with revenue >= $20M,HDBSCAN separation leader,10006,10017,307,242,0.7882736156351792,1.0,1.0
consumer_cyclical_revenue_20m,Consumer Cyclical companies with revenue >= $20M,HDBSCAN separation leader,10006,10018,300,244,0.8133333333333334,0.0,0.0
consumer_cyclical_revenue_20m,Consumer Cyclical companies with revenue >= $20M,HDBSCAN separation leader,10006,10019,303,251,0.8283828382838284,1.0,1.0
consumer_cyclical_revenue_20m,Consumer Cyclical companies with revenue >= $20M,HDBSCAN separation leader,10007,10008,298,255,0.8557046979865772,1.0,1.0
consumer_cyclical_revenue_20m,Consumer Cyclical companies with revenue >= $20M,HDBSCAN separation leader,10007,10009,298,244,0.8187919463087249,0.858403888173695,0.8387289338567041
consumer_cyclical_revenue_20m,Consumer Cyclical companies with revenue >= $20M,HDBSCAN separation leader,10007,10010,299,237,0.7926421404682275,1.0,1.0
consumer_cyclical_revenue_20m,Consumer Cyclical companies with revenue >= $20M,HDBSCAN separation leader,10007,10011,303,249,0.8217821782178217,1.0,1.0
consumer_cyclical_revenue_20m,Consumer Cyclical companies with revenue >= $20M,HDBSCAN separation leader,10007,10012,300,236,0.7866666666666666,0.9457472054801022,0.8862212683983383
consumer_cyclical_revenue_20m,Consumer Cyclical companies with revenue >= $20M,HDBSCAN separation leader,10007,10013,302,250,0.8278145695364238,0.8753073012598566,0.8056752593722419
consumer_cyclical_revenue_20m,Consumer Cyclical companies with revenue >= $20M,HDBSCAN separation leader,10007,10014,300,252,0.84,0.8321125157815293,0.8161851742932277
consumer_cyclical_revenue_20m,Consumer Cyclical companies with revenue >= $20M,HDBSCAN separation leader,10007,10015,295,241,0.8169491525423729,0.8460433340493373,0.8274310716603679
consumer_cyclical_revenue_20m,Consumer Cyclical companies with revenue >= $20M,HDBSCAN separation leader,10007,10016,303,241,0.7953795379537953,1.0,1.0
consumer_cyclical_revenue_20m,Consumer Cyclical companies with revenue >= $20M,HDBSCAN separation leader,10007,10017,297,234,0.7878787878787878,1.0,1.0
consumer_cyclical_revenue_20m,Consumer Cyclical companies with revenue >= $20M,HDBSCAN separation leader,10007,10018,299,246,0.822742474916388,0.7310743016046916,0.7340032114076109
consumer_cyclical_revenue_20m,Consumer Cyclical companies with revenue >= $20M,HDBSCAN separation leader,10007,10019,298,254,0.8523489932885906,0.683634788259504,0.7017790563951914
consumer_cyclical_revenue_20m,Consumer Cyclical companies with revenue >= $20M,HDBSCAN separation leader,10008,10009,295,239,0.8101694915254237,0.8581604126678425,0.8385926156803608
consumer_cyclical_revenue_20m,Consumer Cyclical companies with revenue >= $20M,HDBSCAN separation leader,10008,10010,298,242,0.8120805369127517,1.0,1.0
consumer_cyclical_revenue_20m,Consumer Cyclical companies with revenue >= $20M,HDBSCAN separation leader,10008,10011,301,250,0.8305647840531561,1.0,1.0
consumer_cyclical_revenue_20m,Consumer Cyclical companies with revenue >= $20M,HDBSCAN separation leader,10008,10012,300,238,0.7933333333333333,0.9561964146102506,0.9033903225191943
consumer_cyclical_revenue_20m,Consumer Cyclical companies with revenue >= $20M,HDBSCAN separation leader,10008,10013,305,252,0.8262295081967214,0.918455046329353,0.8519531591357733
consumer_cyclical_revenue_20m,Consumer Cyclical companies with revenue >= $20M,HDBSCAN separation leader,10008,10014,297,248,0.835016835016835,0.8672331072339368,0.8484602689775684
consumer_cyclical_revenue_20m,Consumer Cyclical companies with revenue >= $20M,HDBSCAN separation leader,10008,10015,305,250,0.819672131147541,0.9089827646149099,0.8864450291941556
consumer_cyclical_revenue_20m,Consumer Cyclical companies with revenue >= $20M,HDBSCAN separation leader,10008,10016,300,244,0.8133333333333334,1.0,1.0
consumer_cyclical_revenue_20m,Consumer Cyclical companies with revenue >= $20M,HDBSCAN separation leader,10008,10017,304,243,0.7993421052631579,1.0,1.0
consumer_cyclical_revenue_20m,Consumer Cyclical companies with revenue >= $20M,HDBSCAN separation leader,10008,10018,295,249,0.8440677966101695,0.6134097742478085,0.5905610350191526
consumer_cyclical_revenue_20m,Consumer Cyclical companies with revenue >= $20M,HDBSCAN separation leader,10008,10019,301,257,0.8538205980066446,0.7408896429841384,0.7483145501471685
consumer_cyclical_revenue_20m,Consumer Cyclical companies with revenue >= $20M,HDBSCAN separation leader,10009,10010,298,236,0.7919463087248322,1.0,1.0
consumer_cyclical_revenue_20m,Consumer Cyclical companies with revenue >= $20M,HDBSCAN separation leader,10009,10011,295,235,0.7966101694915254,1.0,1.0
consumer_cyclical_revenue_20m,Consumer Cyclical companies with revenue >= $20M,HDBSCAN separation leader,10009,10012,301,242,0.8039867109634552,0.9459239279705715,0.8866273742527372
consumer_cyclical_revenue_20m,Consumer Cyclical companies with revenue >= $20M,HDBSCAN separation leader,10009,10013,304,249,0.819078947368421,0.9461185836327055,0.8870824586071804
consumer_cyclical_revenue_20m,Consumer Cyclical companies with revenue >= $20M,HDBSCAN separation leader,10009,10014,299,249,0.8327759197324415,1.0,1.0
consumer_cyclical_revenue_20m,Consumer Cyclical companies with revenue >= $20M,HDBSCAN separation leader,10009,10015,298,240,0.8053691275167785,1.0,1.0
consumer_cyclical_revenue_20m,Consumer Cyclical companies with revenue >= $20M,HDBSCAN separation leader,10009,10016,291,234,0.8041237113402062,1.0,1.0
consumer_cyclical_revenue_20m,Consumer Cyclical companies with revenue >= $20M,HDBSCAN separation leader,10009,10017,297,236,0.7946127946127947,1.0,1.0
consumer_cyclical_revenue_20m,Consumer Cyclical companies with revenue >= $20M,HDBSCAN separation leader,10009,10018,299,239,0.7993311036789298,-0.01552473343981095,0.0031602791013440002
consumer_cyclical_revenue_20m,Consumer Cyclical companies with revenue >= $20M,HDBSCAN separation leader,10009,10019,303,241,0.7953795379537953,1.0,1.0
consumer_cyclical_revenue_20m,Consumer Cyclical companies with revenue >= $20M,HDBSCAN separation leader,10010,10011,307,247,0.8045602605863192,1.0,1.0
consumer_cyclical_revenue_20m,Consumer Cyclical companies with revenue >= $20M,HDBSCAN separation leader,10010,10012,303,237,0.7821782178217822,0.9457773265850725,0.8862900254818801
consumer_cyclical_revenue_20m,Consumer Cyclical companies with revenue >= $20M,HDBSCAN separation leader,10010,10013,304,244,0.8026315789473685,0.9534749061903609,0.8988976150360961
consumer_cyclical_revenue_20m,Consumer Cyclical companies with revenue >= $20M,HDBSCAN separation leader,10010,10014,299,244,0.8160535117056856,1.0,1.0
consumer_cyclical_revenue_20m,Consumer Cyclical companies with revenue >= $20M,HDBSCAN separation leader,10010,10015,303,236,0.7788778877887789,1.0,1.0
consumer_cyclical_revenue_20m,Consumer Cyclical companies with revenue >= $20M,HDBSCAN separation leader,10010,10016,299,235,0.7859531772575251,1.0,1.0
consumer_cyclical_revenue_20m,Consumer Cyclical companies with revenue >= $20M,HDBSCAN separation leader,10010,10017,295,230,0.7796610169491526,1.0,1.0
consumer_cyclical_revenue_20m,Consumer Cyclical companies with revenue >= $20M,HDBSCAN separation leader,10010,10018,302,238,0.7880794701986755,0.0,0.0
consumer_cyclical_revenue_20m,Consumer Cyclical companies with revenue >= $20M,HDBSCAN separation leader,10010,10019,298,239,0.802013422818792,1.0,1.0
consumer_cyclical_revenue_20m,Consumer Cyclical companies with revenue >= $20M,HDBSCAN separation leader,10011,10012,305,238,0.780327868852459,1.0,1.0
consumer_cyclical_revenue_20m,Consumer Cyclical companies with revenue >= $20M,HDBSCAN separation leader,10011,10013,297,244,0.8215488215488216,1.0,1.0
consumer_cyclical_revenue_20m,Consumer Cyclical companies with revenue >= $20M,HDBSCAN separation leader,10011,10014,298,248,0.8322147651006712,1.0,1.0
consumer_cyclical_revenue_20m,Consumer Cyclical companies with revenue >= $20M,HDBSCAN separation leader,10011,10015,301,246,0.8172757475083057,1.0,1.0
consumer_cyclical_revenue_20m,Consumer Cyclical companies with revenue >= $20M,HDBSCAN separation leader,10011,10016,301,244,0.8106312292358804,1.0,1.0
consumer_cyclical_revenue_20m,Consumer Cyclical companies with revenue >= $20M,HDBSCAN separation leader,10011,10017,296,236,0.7972972972972973,1.0,1.0
consumer_cyclical_revenue_20m,Consumer Cyclical companies with revenue >= $20M,HDBSCAN separation leader,10011,10018,302,249,0.8245033112582781,0.0,0.0
consumer_cyclical_revenue_20m,Consumer Cyclical companies with revenue >= $20M,HDBSCAN separation leader,10011,10019,300,253,0.8433333333333334,1.0,1.0
consumer_cyclical_revenue_20m,Consumer Cyclical companies with revenue >= $20M,HDBSCAN separation leader,10012,10013,305,246,0.8065573770491803,1.0,1.0
consumer_cyclical_revenue_20m,Consumer Cyclical companies with revenue >= $20M,HDBSCAN separation leader,10012,10014,298,238,0.7986577181208053,0.9498813334304198,0.8928912364855471
consumer_cyclical_revenue_20m,Consumer Cyclical companies with revenue >= $20M,HDBSCAN separation leader,10012,10015,306,243,0.7941176470588235,1.0,1.0
consumer_cyclical_revenue_20m,Consumer Cyclical companies with revenue >= $20M,HDBSCAN separation leader,10012,10016,302,236,0.7814569536423841,0.9457472054801022,0.8862212683983383
consumer_cyclical_revenue_20m,Consumer Cyclical companies with revenue >= $20M,HDBSCAN separation leader,10012,10017,301,231,0.7674418604651163,1.0,1.0
consumer_cyclical_revenue_20m,Consumer Cyclical companies with revenue >= $20M,HDBSCAN separation leader,10012,10018,300,232,0.7733333333333333,0.0,0.0
consumer_cyclical_revenue_20m,Consumer Cyclical companies with revenue >= $20M,HDBSCAN separation leader,10012,10019,300,237,0.79,1.0,1.0
consumer_cyclical_revenue_20m,Consumer Cyclical companies with revenue >= $20M,HDBSCAN separation leader,10013,10014,302,246,0.8145695364238411,0.9535325803069602,0.8990248827928086
consumer_cyclical_revenue_20m,Consumer Cyclical companies with revenue >= $20M,HDBSCAN separation leader,10013,10015,303,249,0.8217821782178217,1.0,1.0
consumer_cyclical_revenue_20m,Consumer Cyclical companies with revenue >= $20M,HDBSCAN separation leader,10013,10016,299,239,0.7993311036789298,0.9533261312581037,0.8985723474142342
consumer_cyclical_revenue_20m,Consumer Cyclical companies with revenue >= $20M,HDBSCAN separation leader,10013,10017,306,244,0.7973856209150327,1.0,1.0
consumer_cyclical_revenue_20m,Consumer Cyclical companies with revenue >= $20M,HDBSCAN separation leader,10013,10018,296,241,0.8141891891891891,-0.012988043304476136,0.0029048139740935758
consumer_cyclical_revenue_20m,Consumer Cyclical companies with revenue >= $20M,HDBSCAN separation leader,10013,10019,297,246,0.8282828282828283,1.0,1.0
consumer_cyclical_revenue_20m,Consumer Cyclical companies with revenue >= $20M,HDBSCAN separation leader,10014,10015,294,242,0.8231292517006803,1.0,1.0
consumer_cyclical_revenue_20m,Consumer Cyclical companies with revenue >= $20M,HDBSCAN separation leader,10014,10016,304,249,0.819078947368421,1.0,1.0
consumer_cyclical_revenue_20m,Consumer Cyclical companies with revenue >= $20M,HDBSCAN separation leader,10014,10017,303,243,0.801980198019802,1.0,1.0
consumer_cyclical_revenue_20m,Consumer Cyclical companies with revenue >= $20M,HDBSCAN separation leader,10014,10018,296,246,0.831081081081081,-0.020319798628397088,0.004456088295911929
consumer_cyclical_revenue_20m,Consumer Cyclical companies with revenue >= $20M,HDBSCAN separation leader,10014,10019,310,261,0.8419354838709677,1.0,1.0
consumer_cyclical_revenue_20m,Consumer Cyclical companies with revenue >= $20M,HDBSCAN separation leader,10015,10016,300,240,0.8,1.0,1.0
consumer_cyclical_revenue_20m,Consumer Cyclical companies with revenue >= $20M,HDBSCAN separation leader,10015,10017,304,241,0.7927631578947368,1.0,1.0
consumer_cyclical_revenue_20m,Consumer Cyclical companies with revenue >= $20M,HDBSCAN separation leader,10015,10018,299,247,0.8260869565217391,-0.016711764445734485,0.0036116187045835578
consumer_cyclical_revenue_20m,Consumer Cyclical companies with revenue >= $20M,HDBSCAN separation leader,10015,10019,300,247,0.8233333333333334,1.0,1.0
consumer_cyclical_revenue_20m,Consumer Cyclical companies with revenue >= $20M,HDBSCAN separation leader,10016,10017,302,236,0.7814569536423841,1.0,1.0
consumer_cyclical_revenue_20m,Consumer Cyclical companies with revenue >= $20M,HDBSCAN separation leader,10016,10018,298,234,0.785234899328859,0.0,0.0
consumer_cyclical_revenue_20m,Consumer Cyclical companies with revenue >= $20M,HDBSCAN separation leader,10016,10019,295,240,0.8135593220338984,1.0,1.0
consumer_cyclical_revenue_20m,Consumer Cyclical companies with revenue >= $20M,HDBSCAN separation leader,10017,10018,306,241,0.7875816993464052,0.0,0.0
consumer_cyclical_revenue_20m,Consumer Cyclical companies with revenue >= $20M,HDBSCAN separation leader,10017,10019,302,244,0.8079470198675497,1.0,1.0
consumer_cyclical_revenue_20m,Consumer Cyclical companies with revenue >= $20M,HDBSCAN separation leader,10018,10019,301,256,0.8504983388704319,-0.02671487971499553,0.006131576385283462
consumer_cyclical_revenue_20m,Consumer Cyclical companies with revenue >= $20M,HDBSCAN coverage leader,10000,10001,302,241,0.7980132450331126,1.0,1.0
consumer_cyclical_revenue_20m,Consumer Cyclical companies with revenue >= $20M,HDBSCAN coverage leader,10000,10002,295,230,0.7796610169491526,0.0,0.0
consumer_cyclical_revenue_20m,Consumer Cyclical companies with revenue >= $20M,HDBSCAN coverage leader,10000,10003,302,232,0.7682119205298014,0.9406847808050802,0.87822470628099
consumer_cyclical_revenue_20m,Consumer Cyclical companies with revenue >= $20M,HDBSCAN coverage leader,10000,10004,298,236,0.7919463087248322,0.9346901953742873,0.8692432007766933
consumer_cyclical_revenue_20m,Consumer Cyclical companies with revenue >= $20M,HDBSCAN coverage leader,10000,10005,300,234,0.78,0.9407458932882533,0.8783672884417338
consumer_cyclical_revenue_20m,Consumer Cyclical companies with revenue >= $20M,HDBSCAN coverage leader,10000,10006,296,231,0.7804054054054054,1.0,1.0
consumer_cyclical_revenue_20m,Consumer Cyclical companies with revenue >= $20M,HDBSCAN coverage leader,10000,10007,299,238,0.7959866220735786,1.0,1.0
consumer_cyclical_revenue_20m,Consumer Cyclical companies with revenue >= $20M,HDBSCAN coverage leader,10000,10008,294,234,0.7959183673469388,1.0,1.0
consumer_cyclical_revenue_20m,Consumer Cyclical companies with revenue >= $20M,HDBSCAN coverage leader,10000,10009,308,253,0.8214285714285714,0.9462246445196111,0.8873339903627108
consumer_cyclical_revenue_20m,Consumer Cyclical companies with revenue >= $20M,HDBSCAN coverage leader,10000,10010,298,232,0.7785234899328859,1.0,1.0
consumer_cyclical_revenue_20m,Consumer Cyclical companies with revenue >= $20M,HDBSCAN coverage leader,10000,10011,298,235,0.7885906040268457,1.0,1.0
consumer_cyclical_revenue_20m,Consumer Cyclical companies with revenue >= $20M,HDBSCAN coverage leader,10000,10012,302,240,0.7947019867549668,1.0,1.0
consumer_cyclical_revenue_20m,Consumer Cyclical companies with revenue >= $20M,HDBSCAN coverage leader,10000,10013,303,245,0.8085808580858086,0.9410630210207988,0.8791202104695608
consumer_cyclical_revenue_20m,Consumer Cyclical companies with revenue >= $20M,HDBSCAN coverage leader,10000,10014,301,243,0.8073089700996677,1.0,1.0
consumer_cyclical_revenue_20m,Consumer Cyclical companies with revenue >= $20M,HDBSCAN coverage leader,10000,10015,301,240,0.7973421926910299,1.0,1.0
consumer_cyclical_revenue_20m,Consumer Cyclical companies with revenue >= $20M,HDBSCAN coverage leader,10000,10016,301,236,0.7840531561461794,1.0,1.0
consumer_cyclical_revenue_20m,Consumer Cyclical companies with revenue >= $20M,HDBSCAN coverage leader,10000,10017,302,237,0.7847682119205298,1.0,1.0
consumer_cyclical_revenue_20m,Consumer Cyclical companies with revenue >= $20M,HDBSCAN coverage leader,10000,10018,296,233,0.7871621621621622,0.0,0.0
consumer_cyclical_revenue_20m,Consumer Cyclical companies with revenue >= $20M,HDBSCAN coverage leader,10000,10019,297,236,0.7946127946127947,1.0,1.0
consumer_cyclical_revenue_20m,Consumer Cyclical companies with revenue >= $20M,HDBSCAN coverage leader,10001,10002,299,250,0.8361204013377926,0.6991959335655122,0.7099269603612993
consumer_cyclical_revenue_20m,Consumer Cyclical companies with revenue >= $20M,HDBSCAN coverage leader,10001,10003,306,249,0.8137254901960784,0.968715003990958,0.9100666963591134
consumer_cyclical_revenue_20m,Consumer Cyclical companies with revenue >= $20M,HDBSCAN coverage leader,10001,10004,299,245,0.8193979933110368,0.962728054707338,0.9300467132760531
consumer_cyclical_revenue_20m,Consumer Cyclical companies with revenue >= $20M,HDBSCAN coverage leader,10001,10005,303,248,0.8184818481848185,0.9629539133647868,0.9311265509604053
consumer_cyclical_revenue_20m,Consumer Cyclical companies with revenue >= $20M,HDBSCAN coverage leader,10001,10006,300,252,0.84,1.0,1.0
consumer_cyclical_revenue_20m,Consumer Cyclical companies with revenue >= $20M,HDBSCAN coverage leader,10001,10007,302,253,0.8377483443708609,1.0,1.0
consumer_cyclical_revenue_20m,Consumer Cyclical companies with revenue >= $20M,HDBSCAN coverage leader,10001,10008,297,253,0.8518518518518519,1.0,1.0
consumer_cyclical_revenue_20m,Consumer Cyclical companies with revenue >= $20M,HDBSCAN coverage leader,10001,10009,303,257,0.8481848184818482,0.7496446553899284,0.7021880377940378
consumer_cyclical_revenue_20m,Consumer Cyclical companies with revenue >= $20M,HDBSCAN coverage leader,10001,10010,297,243,0.8181818181818182,1.0,1.0
consumer_cyclical_revenue_20m,Consumer Cyclical companies with revenue >= $20M,HDBSCAN coverage leader,10001,10011,300,251,0.8366666666666667,1.0,1.0
consumer_cyclical_revenue_20m,Consumer Cyclical companies with revenue >= $20M,HDBSCAN coverage leader,10001,10012,301,254,0.8438538205980066,1.0,1.0000000000000002
consumer_cyclical_revenue_20m,Consumer Cyclical companies with revenue >= $20M,HDBSCAN coverage leader,10001,10013,295,251,0.8508474576271187,0.7635968943688103,0.7094781978688465
consumer_cyclical_revenue_20m,Consumer Cyclical companies with revenue >= $20M,HDBSCAN coverage leader,10001,10014,298,246,0.825503355704698,0.892387234819093,0.8699622280478403
consumer_cyclical_revenue_20m,Consumer Cyclical companies with revenue >= $20M,HDBSCAN coverage leader,10001,10015,299,251,0.8394648829431438,0.7516352212637569,0.7530449031322658
consumer_cyclical_revenue_20m,Consumer Cyclical companies with revenue >= $20M,HDBSCAN coverage leader,10001,10016,302,250,0.8278145695364238,1.0,1.0
consumer_cyclical_revenue_20m,Consumer Cyclical companies with revenue >= $20M,HDBSCAN coverage leader,10001,10017,300,249,0.83,1.0,1.0
consumer_cyclical_revenue_20m,Consumer Cyclical companies with revenue >= $20M,HDBSCAN coverage leader,10001,10018,306,254,0.8300653594771242,0.6422984903877905,0.6099744646455955
consumer_cyclical_revenue_20m,Consumer Cyclical companies with revenue >= $20M,HDBSCAN coverage leader,10001,10019,298,250,0.8389261744966443,0.7660529799574108,0.7629595720891994
consumer_cyclical_revenue_20m,Consumer Cyclical companies with revenue >= $20M,HDBSCAN coverage leader,10002,10003,299,242,0.8093645484949833,0.530860057919734,0.5591600539948819
consumer_cyclical_revenue_20m,Consumer Cyclical companies with revenue >= $20M,HDBSCAN coverage leader,10002,10004,297,242,0.8148148148148148,0.6687233289391831,0.6882759150557343
consumer_cyclical_revenue_20m,Consumer Cyclical companies with revenue >= $20M,HDBSCAN coverage leader,10002,10005,304,244,0.8026315789473685,0.7309141291432106,0.733984006404318
consumer_cyclical_revenue_20m,Consumer Cyclical companies with revenue >= $20M,HDBSCAN coverage leader,10002,10006,302,257,0.8509933774834437,0.5747988906506026,0.6240398995540549
consumer_cyclical_revenue_20m,Consumer Cyclical companies with revenue >= $20M,HDBSCAN coverage leader,10002,10007,296,249,0.8412162162162162,0.5675301644439571,0.5662436345263876
consumer_cyclical_revenue_20m,Consumer Cyclical companies with revenue >= $20M,HDBSCAN coverage leader,10002,10008,297,252,0.8484848484848485,0.5945505150348559,0.6379615932250803
consumer_cyclical_revenue_20m,Consumer Cyclical companies with revenue >= $20M,HDBSCAN coverage leader,10002,10009,307,265,0.8631921824104235,-0.03212855421506032,0.008099165627498458
consumer_cyclical_revenue_20m,Consumer Cyclical companies with revenue >= $20M,HDBSCAN coverage leader,10002,10010,300,244,0.8133333333333334,0.508826853434042,0.5158911357187949
consumer_cyclical_revenue_20m,Consumer Cyclical companies with revenue >= $20M,HDBSCAN coverage leader,10002,10011,300,258,0.86,0.5042059893566532,0.5693308468259819
consumer_cyclical_revenue_20m,Consumer Cyclical companies with revenue >= $20M,HDBSCAN coverage leader,10002,10012,302,257,0.8509933774834437,0.5508378116090035,0.6047731660367114
consumer_cyclical_revenue_20m,Consumer Cyclical companies with revenue >= $20M,HDBSCAN coverage leader,10002,10013,304,268,0.881578947368421,-0.03447402692141173,0.009390835363838761
consumer_cyclical_revenue_20m,Consumer Cyclical companies with revenue >= $20M,HDBSCAN coverage leader,10002,10014,301,251,0.8338870431893688,-0.02337460834995654,0.005985591560159775
consumer_cyclical_revenue_20m,Consumer Cyclical companies with revenue >= $20M,HDBSCAN coverage leader,10002,10015,299,258,0.862876254180602,-0.03760099121451121,0.010072160925139923
consumer_cyclical_revenue_20m,Consumer Cyclical companies with revenue >= $20M,HDBSCAN coverage leader,10002,10016,299,247,0.8260869565217391,0.6161911701608398,0.6507239699290217
consumer_cyclical_revenue_20m,Consumer Cyclical companies with revenue >= $20M,HDBSCAN coverage leader,10002,10017,297,255,0.8585858585858586,0.5173466738867083,0.5398151147234004
consumer_cyclical_revenue_20m,Consumer Cyclical companies with revenue >= $20M,HDBSCAN coverage leader,10002,10018,300,253,0.8433333333333334,0.9462246445196111,0.8873339903627108
consumer_cyclical_revenue_20m,Consumer Cyclical companies with revenue >= $20M,HDBSCAN coverage leader,10002,10019,299,257,0.8595317725752508,-0.03585281328960946,0.009243696823887258
consumer_cyclical_revenue_20m,Consumer Cyclical companies with revenue >= $20M,HDBSCAN coverage leader,10003,10004,293,231,0.78839590443686,0.9962747268443348,0.9602477741006883
consumer_cyclical_revenue_20m,Consumer Cyclical companies with revenue >= $20M,HDBSCAN coverage leader,10003,10005,308,243,0.788961038961039,1.0,1.0
consumer_cyclical_revenue_20m,Consumer Cyclical companies with revenue >= $20M,HDBSCAN coverage leader,10003,10006,298,242,0.8120805369127517,0.9926646235500128,0.9467791986386578
consumer_cyclical_revenue_20m,Consumer Cyclical companies with revenue >= $20M,HDBSCAN coverage leader,10003,10007,309,253,0.8187702265372169,0.9696876391099111,0.9069723932973942
consumer_cyclical_revenue_20m,Consumer Cyclical companies with revenue >= $20M,HDBSCAN coverage leader,10003,10008,298,248,0.8322147651006712,0.9715631332753761,0.910126464155154
consumer_cyclical_revenue_20m,Consumer Cyclical companies with revenue >= $20M,HDBSCAN coverage leader,10003,10009,304,258,0.8486842105263158,0.8220098425040187,0.7621094217891378
consumer_cyclical_revenue_20m,Consumer Cyclical companies with revenue >= $20M,HDBSCAN coverage leader,10003,10010,304,247,0.8125,0.968792620516644,0.9018702562797591
consumer_cyclical_revenue_20m,Consumer Cyclical companies with revenue >= $20M,HDBSCAN coverage leader,10003,10011,302,249,0.8245033112582781,0.99386062775388,0.9481855867758736
consumer_cyclical_revenue_20m,Consumer Cyclical companies with revenue >= $20M,HDBSCAN coverage leader,10003,10012,297,246,0.8282828282828283,0.9678823152462064,0.8970788930356755
consumer_cyclical_revenue_20m,Consumer Cyclical companies with revenue >= $20M,HDBSCAN coverage leader,10003,10013,297,248,0.835016835016835,0.831763988277819,0.766252359463458
consumer_cyclical_revenue_20m,Consumer Cyclical companies with revenue >= $20M,HDBSCAN coverage leader,10003,10014,297,245,0.8249158249158249,0.8303579036143209,0.7303091717550321
consumer_cyclical_revenue_20m,Consumer Cyclical companies with revenue >= $20M,HDBSCAN coverage leader,10003,10015,295,239,0.8101694915254237,0.8188405039965425,0.7571283387941706
consumer_cyclical_revenue_20m,Consumer Cyclical companies with revenue >= $20M,HDBSCAN coverage leader,10003,10016,301,242,0.8039867109634552,0.9669889810249414,0.9004391180096923
consumer_cyclical_revenue_20m,Consumer Cyclical companies with revenue >= $20M,HDBSCAN coverage leader,10003,10017,307,253,0.8241042345276873,0.992287693841913,0.9450211125039835
consumer_cyclical_revenue_20m,Consumer Cyclical companies with revenue >= $20M,HDBSCAN coverage leader,10003,10018,303,244,0.8052805280528053,0.5845590469839833,0.5451441256084544
consumer_cyclical_revenue_20m,Consumer Cyclical companies with revenue >= $20M,HDBSCAN coverage leader,10003,10019,297,245,0.8249158249158249,0.7655060957431786,0.7208889393034608
consumer_cyclical_revenue_20m,Consumer Cyclical companies with revenue >= $20M,HDBSCAN coverage leader,10004,10005,302,241,0.7980132450331126,1.0,1.0
consumer_cyclical_revenue_20m,Consumer Cyclical companies with revenue >= $20M,HDBSCAN coverage leader,10004,10006,300,243,0.81,1.0,1.0
consumer_cyclical_revenue_20m,Consumer Cyclical companies with revenue >= $20M,HDBSCAN coverage leader,10004,10007,306,251,0.8202614379084967,0.9664847463717098,0.9357640973828736
consumer_cyclical_revenue_20m,Consumer Cyclical companies with revenue >= $20M,HDBSCAN coverage leader,10004,10008,304,250,0.8223684210526315,0.968046033423233,0.9384566906222294
consumer_cyclical_revenue_20m,Consumer Cyclical companies with revenue >= $20M,HDBSCAN coverage leader,10004,10009,297,250,0.8417508417508418,0.8102319613659866,0.7987503838411432
consumer_cyclical_revenue_20m,Consumer Cyclical companies with revenue >= $20M,HDBSCAN coverage leader,10004,10010,302,240,0.7947019867549668,0.9660687628319549,0.9344657530675653
consumer_cyclical_revenue_20m,Consumer Cyclical companies with revenue >= $20M,HDBSCAN coverage leader,10004,10011,301,246,0.8172757475083057,1.0,1.0
consumer_cyclical_revenue_20m,Consumer Cyclical companies with revenue >= $20M,HDBSCAN coverage leader,10004,10012,301,249,0.8272425249169435,0.9677253679736476,0.9367721480145874
consumer_cyclical_revenue_20m,Consumer Cyclical companies with revenue >= $20M,HDBSCAN coverage leader,10004,10013,305,253,0.8295081967213115,0.7980058271407072,0.7880070353142239
consumer_cyclical_revenue_20m,Consumer Cyclical companies with revenue >= $20M,HDBSCAN coverage leader,10004,10014,305,251,0.8229508196721311,0.816819826760771,0.7487142273409906
consumer_cyclical_revenue_20m,Consumer Cyclical companies with revenue >= $20M,HDBSCAN coverage leader,10004,10015,301,248,0.8239202657807309,0.7363298129847734,0.7405312935252852
consumer_cyclical_revenue_20m,Consumer Cyclical companies with revenue >= $20M,HDBSCAN coverage leader,10004,10016,303,245,0.8085808580858086,0.962728054707338,0.9300467132760531
consumer_cyclical_revenue_20m,Consumer Cyclical companies with revenue >= $20M,HDBSCAN coverage leader,10004,10017,300,243,0.81,1.0,1.0
consumer_cyclical_revenue_20m,Consumer Cyclical companies with revenue >= $20M,HDBSCAN coverage leader,10004,10018,295,237,0.8033898305084746,0.6714607323441197,0.63046244694176
consumer_cyclical_revenue_20m,Consumer Cyclical companies with revenue >= $20M,HDBSCAN coverage leader,10004,10019,297,244,0.8215488215488216,0.6442505464171414,0.6683829897573375
consumer_cyclical_revenue_20m,Consumer Cyclical companies with revenue >= $20M,HDBSCAN coverage leader,10005,10006,294,236,0.8027210884353742,1.0,1.0
consumer_cyclical_revenue_20m,Consumer Cyclical companies with revenue >= $20M,HDBSCAN coverage leader,10005,10007,296,242,0.8175675675675675,0.9648095410960782,0.9341194105309549
consumer_cyclical_revenue_20m,Consumer Cyclical companies with revenue >= $20M,HDBSCAN coverage leader,10005,10008,305,250,0.819672131147541,0.9666054639147494,0.9365154506422866
consumer_cyclical_revenue_20m,Consumer Cyclical companies with revenue >= $20M,HDBSCAN coverage leader,10005,10009,301,252,0.8372093023255814,0.7834942485042472,0.7755766492706366
consumer_cyclical_revenue_20m,Consumer Cyclical companies with revenue >= $20M,HDBSCAN coverage leader,10005,10010,299,236,0.7892976588628763,0.9579982645894088,0.9240442116358282
consumer_cyclical_revenue_20m,Consumer Cyclical companies with revenue >= $20M,HDBSCAN coverage leader,10005,10011,298,243,0.8154362416107382,1.0,1.0
consumer_cyclical_revenue_20m,Consumer Cyclical companies with revenue >= $20M,HDBSCAN coverage leader,10005,10012,301,248,0.8239202657807309,0.9647957835805097,0.9335074537488386
consumer_cyclical_revenue_20m,Consumer Cyclical companies with revenue >= $20M,HDBSCAN coverage leader,10005,10013,305,248,0.8131147540983606,0.7499003218983216,0.7495254114424271
consumer_cyclical_revenue_20m,Consumer Cyclical companies with revenue >= $20M,HDBSCAN coverage leader,10005,10014,302,242,0.8013245033112583,0.7345346922292844,0.6652699010098277
consumer_cyclical_revenue_20m,Consumer Cyclical companies with revenue >= $20M,HDBSCAN coverage leader,10005,10015,299,243,0.8127090301003345,0.6750480712542278,0.6907914890097356
consumer_cyclical_revenue_20m,Consumer Cyclical companies with revenue >= $20M,HDBSCAN coverage leader,10005,10016,301,239,0.7940199335548173,0.9629046725878457,0.9316724117757945
consumer_cyclical_revenue_20m,Consumer Cyclical companies with revenue >= $20M,HDBSCAN coverage leader,10005,10017,300,243,0.81,1.0,1.0
consumer_cyclical_revenue_20m,Consumer Cyclical companies with revenue >= $20M,HDBSCAN coverage leader,10005,10018,302,246,0.8145695364238411,0.7431080168838409,0.682476553417837
consumer_cyclical_revenue_20m,Consumer Cyclical companies with revenue >= $20M,HDBSCAN coverage leader,10005,10019,303,248,0.8184818481848185,0.6446202425288037,0.6683479702457311
consumer_cyclical_revenue_20m,Consumer Cyclical companies with revenue >= $20M,HDBSCAN coverage leader,10006,10007,300,254,0.8466666666666667,1.0,1.0
consumer_cyclical_revenue_20m,Consumer Cyclical companies with revenue >= $20M,HDBSCAN coverage leader,10006,10008,301,256,0.8504983388704319,1.0,1.0
consumer_cyclical_revenue_20m,Consumer Cyclical companies with revenue >= $20M,HDBSCAN coverage leader,10006,10009,303,258,0.8514851485148515,0.7771709730436314,0.7740856918088641
consumer_cyclical_revenue_20m,Consumer Cyclical companies with revenue >= $20M,HDBSCAN coverage leader,10006,10010,303,249,0.8217821782178217,1.0,1.0
consumer_cyclical_revenue_20m,Consumer Cyclical companies with revenue >= $20M,HDBSCAN coverage leader,10006,10011,307,267,0.8697068403908795,1.0,1.0
consumer_cyclical_revenue_20m,Consumer Cyclical companies with revenue >= $20M,HDBSCAN coverage leader,10006,10012,304,259,0.8519736842105263,1.0,1.0
consumer_cyclical_revenue_20m,Consumer Cyclical companies with revenue >= $20M,HDBSCAN coverage leader,10006,10013,301,262,0.8704318936877077,0.8133530601799421,0.805047749002843
consumer_cyclical_revenue_20m,Consumer Cyclical companies with revenue >= $20M,HDBSCAN coverage leader,10006,10014,304,252,0.8289473684210527,0.8674866754241517,0.8485852332456603
consumer_cyclical_revenue_20m,Consumer Cyclical companies with revenue >= $20M,HDBSCAN coverage leader,10006,10015,300,256,0.8533333333333334,0.7873948199390366,0.7829169267064084
consumer_cyclical_revenue_20m,Consumer Cyclical companies with revenue >= $20M,HDBSCAN coverage leader,10006,10016,304,253,0.8322368421052632,1.0,1.0
consumer_cyclical_revenue_20m,Consumer Cyclical companies with revenue >= $20M,HDBSCAN coverage leader,10006,10017,307,267,0.8697068403908795,1.0,1.0
consumer_cyclical_revenue_20m,Consumer Cyclical companies with revenue >= $20M,HDBSCAN coverage leader,10006,10018,300,254,0.8466666666666667,0.6395003414195357,0.6132764773832755
consumer_cyclical_revenue_20m,Consumer Cyclical companies with revenue >= $20M,HDBSCAN coverage leader,10006,10019,303,259,0.8547854785478548,0.7738636631685397,0.7734423492264966
consumer_cyclical_revenue_20m,Consumer Cyclical companies with revenue >= $20M,HDBSCAN coverage leader,10007,10008,298,255,0.8557046979865772,1.0,1.0
consumer_cyclical_revenue_20m,Consumer Cyclical companies with revenue >= $20M,HDBSCAN coverage leader,10007,10009,298,255,0.8557046979865772,0.6978687012762872,0.6655415799140493
consumer_cyclical_revenue_20m,Consumer Cyclical companies with revenue >= $20M,HDBSCAN coverage leader,10007,10010,299,246,0.822742474916388,1.0,1.0
consumer_cyclical_revenue_20m,Consumer Cyclical companies with revenue >= $20M,HDBSCAN coverage leader,10007,10011,303,258,0.8514851485148515,1.0,1.0
consumer_cyclical_revenue_20m,Consumer Cyclical companies with revenue >= $20M,HDBSCAN coverage leader,10007,10012,300,255,0.85,1.0,1.0
consumer_cyclical_revenue_20m,Consumer Cyclical companies with revenue >= $20M,HDBSCAN coverage leader,10007,10013,302,262,0.8675496688741722,0.7503202470658282,0.7082636600741028
consumer_cyclical_revenue_20m,Consumer Cyclical companies with revenue >= $20M,HDBSCAN coverage leader,10007,10014,300,252,0.84,0.8321125157815293,0.8161851742932277
consumer_cyclical_revenue_20m,Consumer Cyclical companies with revenue >= $20M,HDBSCAN coverage leader,10007,10015,295,249,0.8440677966101695,0.7514465794316979,0.7530164878280128
consumer_cyclical_revenue_20m,Consumer Cyclical companies with revenue >= $20M,HDBSCAN coverage leader,10007,10016,303,249,0.8217821782178217,1.0,1.0
consumer_cyclical_revenue_20m,Consumer Cyclical companies with revenue >= $20M,HDBSCAN coverage leader,10007,10017,297,251,0.8451178451178452,1.0,1.0
consumer_cyclical_revenue_20m,Consumer Cyclical companies with revenue >= $20M,HDBSCAN coverage leader,10007,10018,299,246,0.822742474916388,0.7310743016046916,0.7340032114076109
consumer_cyclical_revenue_20m,Consumer Cyclical companies with revenue >= $20M,HDBSCAN coverage leader,10007,10019,298,254,0.8523489932885906,0.683634788259504,0.7017790563951914
consumer_cyclical_revenue_20m,Consumer Cyclical companies with revenue >= $20M,HDBSCAN coverage leader,10008,10009,295,252,0.8542372881355932,0.8097785774655509,0.7554728786057325
consumer_cyclical_revenue_20m,Consumer Cyclical companies with revenue >= $20M,HDBSCAN coverage leader,10008,10010,298,251,0.8422818791946308,1.0,1.0
consumer_cyclical_revenue_20m,Consumer Cyclical companies with revenue >= $20M,HDBSCAN coverage leader,10008,10011,301,260,0.8637873754152824,1.0,1.0
consumer_cyclical_revenue_20m,Consumer Cyclical companies with revenue >= $20M,HDBSCAN coverage leader,10008,10012,300,257,0.8566666666666667,1.0,1.0
consumer_cyclical_revenue_20m,Consumer Cyclical companies with revenue >= $20M,HDBSCAN coverage leader,10008,10013,305,266,0.8721311475409836,0.819576720967585,0.7652250026936736
consumer_cyclical_revenue_20m,Consumer Cyclical companies with revenue >= $20M,HDBSCAN coverage leader,10008,10014,297,248,0.835016835016835,0.8672331072339368,0.8484602689775684
consumer_cyclical_revenue_20m,Consumer Cyclical companies with revenue >= $20M,HDBSCAN coverage leader,10008,10015,305,259,0.8491803278688524,0.8214053073999562,0.8101926681198954
consumer_cyclical_revenue_20m,Consumer Cyclical companies with revenue >= $20M,HDBSCAN coverage leader,10008,10016,300,252,0.84,1.0,1.0
consumer_cyclical_revenue_20m,Consumer Cyclical companies with revenue >= $20M,HDBSCAN coverage leader,10008,10017,304,261,0.8585526315789473,1.0,1.0
consumer_cyclical_revenue_20m,Consumer Cyclical companies with revenue >= $20M,HDBSCAN coverage leader,10008,10018,295,249,0.8440677966101695,0.6134097742478085,0.5905610350191526
consumer_cyclical_revenue_20m,Consumer Cyclical companies with revenue >= $20M,HDBSCAN coverage leader,10008,10019,301,257,0.8538205980066446,0.7408896429841384,0.7483145501471685
consumer_cyclical_revenue_20m,Consumer Cyclical companies with revenue >= $20M,HDBSCAN coverage leader,10009,10010,298,252,0.8456375838926175,0.7740049997543419,0.725784446149674
consumer_cyclical_revenue_20m,Consumer Cyclical companies with revenue >= $20M,HDBSCAN coverage leader,10009,10011,295,252,0.8542372881355932,0.8603126466621285,0.8418806430530217
consumer_cyclical_revenue_20m,Consumer Cyclical companies with revenue >= $20M,HDBSCAN coverage leader,10009,10012,301,261,0.867109634551495,0.8031100198469209,0.7542517879478501
consumer_cyclical_revenue_20m,Consumer Cyclical companies with revenue >= $20M,HDBSCAN coverage leader,10009,10013,304,268,0.881578947368421,1.0,1.0
consumer_cyclical_revenue_20m,Consumer Cyclical companies with revenue >= $20M,HDBSCAN coverage leader,10009,10014,299,261,0.8729096989966555,0.9593487168427863,0.9090805106299601
consumer_cyclical_revenue_20m,Consumer Cyclical companies with revenue >= $20M,HDBSCAN coverage leader,10009,10015,298,257,0.8624161073825504,1.0,1.0
consumer_cyclical_revenue_20m,Consumer Cyclical companies with revenue >= $20M,HDBSCAN coverage leader,10009,10016,291,248,0.852233676975945,0.7771598706317878,0.722814523853972
consumer_cyclical_revenue_20m,Consumer Cyclical companies with revenue >= $20M,HDBSCAN coverage leader,10009,10017,297,258,0.8686868686868687,0.7875854434369578,0.7829597447666544
consumer_cyclical_revenue_20m,Consumer Cyclical companies with revenue >= $20M,HDBSCAN coverage leader,10009,10018,299,251,0.8394648829431438,-0.03045685252584043,0.007330331754797856
consumer_cyclical_revenue_20m,Consumer Cyclical companies with revenue >= $20M,HDBSCAN coverage leader,10009,10019,303,258,0.8514851485148515,1.0,1.0
consumer_cyclical_revenue_20m,Consumer Cyclical companies with revenue >= $20M,HDBSCAN coverage leader,10010,10011,307,255,0.8306188925081434,1.0,1.0
consumer_cyclical_revenue_20m,Consumer Cyclical companies with revenue >= $20M,HDBSCAN coverage leader,10010,10012,303,253,0.834983498349835,1.0,1.0
consumer_cyclical_revenue_20m,Consumer Cyclical companies with revenue >= $20M,HDBSCAN coverage leader,10010,10013,304,255,0.8388157894736842,0.828475648275026,0.7684451147432666
consumer_cyclical_revenue_20m,Consumer Cyclical companies with revenue >= $20M,HDBSCAN coverage leader,10010,10014,299,246,0.822742474916388,0.9205941181596334,0.8983982944346336
consumer_cyclical_revenue_20m,Consumer Cyclical companies with revenue >= $20M,HDBSCAN coverage leader,10010,10015,303,248,0.8184818481848185,0.802498985228456,0.7941903876661894
consumer_cyclical_revenue_20m,Consumer Cyclical companies with revenue >= $20M,HDBSCAN coverage leader,10010,10016,299,241,0.8060200668896321,1.0,1.0
consumer_cyclical_revenue_20m,Consumer Cyclical companies with revenue >= $20M,HDBSCAN coverage leader,10010,10017,295,244,0.8271186440677966,1.0,1.0
consumer_cyclical_revenue_20m,Consumer Cyclical companies with revenue >= $20M,HDBSCAN coverage leader,10010,10018,302,245,0.8112582781456954,0.647176359238616,0.6681093324607803
consumer_cyclical_revenue_20m,Consumer Cyclical companies with revenue >= $20M,HDBSCAN coverage leader,10010,10019,298,246,0.825503355704698,0.7511576509133703,0.7529734283882835
consumer_cyclical_revenue_20m,Consumer Cyclical companies with revenue >= $20M,HDBSCAN coverage leader,10011,10012,305,260,0.8524590163934426,1.0,1.0
consumer_cyclical_revenue_20m,Consumer Cyclical companies with revenue >= $20M,HDBSCAN coverage leader,10011,10013,297,263,0.8855218855218855,0.8745218006047626,0.8549486107122359
consumer_cyclical_revenue_20m,Consumer Cyclical companies with revenue >= $20M,HDBSCAN coverage leader,10011,10014,298,250,0.8389261744966443,0.9207284557865797,0.8985130482759637
consumer_cyclical_revenue_20m,Consumer Cyclical companies with revenue >= $20M,HDBSCAN coverage leader,10011,10015,301,259,0.8604651162790697,0.7772632318668318,0.7741046850027314
consumer_cyclical_revenue_20m,Consumer Cyclical companies with revenue >= $20M,HDBSCAN coverage leader,10011,10016,301,252,0.8372093023255814,1.0,1.0
consumer_cyclical_revenue_20m,Consumer Cyclical companies with revenue >= $20M,HDBSCAN coverage leader,10011,10017,296,258,0.8716216216216216,1.0,1.0
consumer_cyclical_revenue_20m,Consumer Cyclical companies with revenue >= $20M,HDBSCAN coverage leader,10011,10018,302,257,0.8509933774834437,0.645350015913531,0.6062526150440049
consumer_cyclical_revenue_20m,Consumer Cyclical companies with revenue >= $20M,HDBSCAN coverage leader,10011,10019,300,260,0.8666666666666667,0.7773547515690468,0.7741235924957602
consumer_cyclical_revenue_20m,Consumer Cyclical companies with revenue >= $20M,HDBSCAN coverage leader,10012,10013,305,268,0.8786885245901639,0.8038401966705997,0.7547351183510673
consumer_cyclical_revenue_20m,Consumer Cyclical companies with revenue >= $20M,HDBSCAN coverage leader,10012,10014,298,252,0.8456375838926175,0.8975924366388416,0.8760642833468614
consumer_cyclical_revenue_20m,Consumer Cyclical companies with revenue >= $20M,HDBSCAN coverage leader,10012,10015,306,264,0.8627450980392157,0.8059112972037306,0.7984266294778042
consumer_cyclical_revenue_20m,Consumer Cyclical companies with revenue >= $20M,HDBSCAN coverage leader,10012,10016,302,256,0.847682119205298,1.0,1.0
consumer_cyclical_revenue_20m,Consumer Cyclical companies with revenue >= $20M,HDBSCAN coverage leader,10012,10017,301,258,0.8571428571428571,1.0,1.0
consumer_cyclical_revenue_20m,Consumer Cyclical companies with revenue >= $20M,HDBSCAN coverage leader,10012,10018,300,253,0.8433333333333334,0.5876939749098588,0.5733329514291406
consumer_cyclical_revenue_20m,Consumer Cyclical companies with revenue >= $20M,HDBSCAN coverage leader,10012,10019,300,257,0.8566666666666667,0.8127571212511054,0.8026753674841492
consumer_cyclical_revenue_20m,Consumer Cyclical companies with revenue >= $20M,HDBSCAN coverage leader,10013,10014,302,258,0.8543046357615894,0.9633485852392186,0.9160967129502007
consumer_cyclical_revenue_20m,Consumer Cyclical companies with revenue >= $20M,HDBSCAN coverage leader,10013,10015,303,265,0.8745874587458746,1.0,1.0
consumer_cyclical_revenue_20m,Consumer Cyclical companies with revenue >= $20M,HDBSCAN coverage leader,10013,10016,299,252,0.842809364548495,0.7740049997543419,0.725784446149674
consumer_cyclical_revenue_20m,Consumer Cyclical companies with revenue >= $20M,HDBSCAN coverage leader,10013,10017,306,268,0.8758169934640523,0.7922081550011513,0.7884798636277004
consumer_cyclical_revenue_20m,Consumer Cyclical companies with revenue >= $20M,HDBSCAN coverage leader,10013,10018,296,255,0.8614864864864865,-0.026254197102699495,0.0060498091549268255
consumer_cyclical_revenue_20m,Consumer Cyclical companies with revenue >= $20M,HDBSCAN coverage leader,10013,10019,297,264,0.8888888888888888,1.0,1.0
consumer_cyclical_revenue_20m,Consumer Cyclical companies with revenue >= $20M,HDBSCAN coverage leader,10014,10015,294,250,0.8503401360544217,1.0,1.0
consumer_cyclical_revenue_20m,Consumer Cyclical companies with revenue >= $20M,HDBSCAN coverage leader,10014,10016,304,252,0.8289473684210527,0.8587725801802838,0.8389392093566835
consumer_cyclical_revenue_20m,Consumer Cyclical companies with revenue >= $20M,HDBSCAN coverage leader,10014,10017,303,254,0.8382838283828383,0.8976881778520016,0.8761263423880982
consumer_cyclical_revenue_20m,Consumer Cyclical companies with revenue >= $20M,HDBSCAN coverage leader,10014,10018,296,246,0.831081081081081,-0.020319798628397088,0.004456088295911929
consumer_cyclical_revenue_20m,Consumer Cyclical companies with revenue >= $20M,HDBSCAN coverage leader,10014,10019,310,261,0.8419354838709677,1.0,1.0
consumer_cyclical_revenue_20m,Consumer Cyclical companies with revenue >= $20M,HDBSCAN coverage leader,10015,10016,300,252,0.84,0.7649250395977037,0.7641095349772312
consumer_cyclical_revenue_20m,Consumer Cyclical companies with revenue >= $20M,HDBSCAN coverage leader,10015,10017,304,261,0.8585526315789473,0.7520849103089865,0.7572895188229639
consumer_cyclical_revenue_20m,Consumer Cyclical companies with revenue >= $20M,HDBSCAN coverage leader,10015,10018,299,254,0.8494983277591973,-0.03010970069456362,0.007221182899653037
consumer_cyclical_revenue_20m,Consumer Cyclical companies with revenue >= $20M,HDBSCAN coverage leader,10015,10019,300,256,0.8533333333333334,1.0,1.0
consumer_cyclical_revenue_20m,Consumer Cyclical companies with revenue >= $20M,HDBSCAN coverage leader,10016,10017,302,252,0.8344370860927153,1.0,1.0
consumer_cyclical_revenue_20m,Consumer Cyclical companies with revenue >= $20M,HDBSCAN coverage leader,10016,10018,298,243,0.8154362416107382,0.6720811602977975,0.6308015461681346
consumer_cyclical_revenue_20m,Consumer Cyclical companies with revenue >= $20M,HDBSCAN coverage leader,10016,10019,295,246,0.8338983050847457,0.7795594538623152,0.7746038862369321
consumer_cyclical_revenue_20m,Consumer Cyclical companies with revenue >= $20M,HDBSCAN coverage leader,10017,10018,306,260,0.8496732026143791,0.6401495710350866,0.6135280424285909
consumer_cyclical_revenue_20m,Consumer Cyclical companies with revenue >= $20M,HDBSCAN coverage leader,10017,10019,302,263,0.8708609271523179,0.7742811929287995,0.7735190206033185
consumer_cyclical_revenue_20m,Consumer Cyclical companies with revenue >= $20M,HDBSCAN coverage leader,10018,10019,301,256,0.8504983388704319,-0.02671487971499553,0.006131576385283462
consumer_cyclical_revenue_20m,Consumer Cyclical companies with revenue >= $20M,HDBSCAN balanced frontier leader,10000,10001,302,241,0.7980132450331126,1.0,1.0
consumer_cyclical_revenue_20m,Consumer Cyclical companies with revenue >= $20M,HDBSCAN balanced frontier leader,10000,10002,295,230,0.7796610169491526,0.0,0.0
consumer_cyclical_revenue_20m,Consumer Cyclical companies with revenue >= $20M,HDBSCAN balanced frontier leader,10000,10003,302,232,0.7682119205298014,0.9406847808050802,0.87822470628099
consumer_cyclical_revenue_20m,Consumer Cyclical companies with revenue >= $20M,HDBSCAN balanced frontier leader,10000,10004,298,236,0.7919463087248322,0.9346901953742873,0.8692432007766933
consumer_cyclical_revenue_20m,Consumer Cyclical companies with revenue >= $20M,HDBSCAN balanced frontier leader,10000,10005,300,234,0.78,0.9407458932882533,0.8783672884417338
consumer_cyclical_revenue_20m,Consumer Cyclical companies with revenue >= $20M,HDBSCAN balanced frontier leader,10000,10006,296,231,0.7804054054054054,1.0,1.0
consumer_cyclical_revenue_20m,Consumer Cyclical companies with revenue >= $20M,HDBSCAN balanced frontier leader,10000,10007,299,238,0.7959866220735786,1.0,1.0
consumer_cyclical_revenue_20m,Consumer Cyclical companies with revenue >= $20M,HDBSCAN balanced frontier leader,10000,10008,294,234,0.7959183673469388,1.0,1.0
consumer_cyclical_revenue_20m,Consumer Cyclical companies with revenue >= $20M,HDBSCAN balanced frontier leader,10000,10009,308,253,0.8214285714285714,0.9462246445196111,0.8873339903627108
consumer_cyclical_revenue_20m,Consumer Cyclical companies with revenue >= $20M,HDBSCAN balanced frontier leader,10000,10010,298,232,0.7785234899328859,1.0,1.0
consumer_cyclical_revenue_20m,Consumer Cyclical companies with revenue >= $20M,HDBSCAN balanced frontier leader,10000,10011,298,235,0.7885906040268457,1.0,1.0
consumer_cyclical_revenue_20m,Consumer Cyclical companies with revenue >= $20M,HDBSCAN balanced frontier leader,10000,10012,302,232,0.7682119205298014,0.9345713070555446,0.8689554224057447
consumer_cyclical_revenue_20m,Consumer Cyclical companies with revenue >= $20M,HDBSCAN balanced frontier leader,10000,10013,303,245,0.8085808580858086,0.9410630210207988,0.8791202104695608
consumer_cyclical_revenue_20m,Consumer Cyclical companies with revenue >= $20M,HDBSCAN balanced frontier leader,10000,10014,301,243,0.8073089700996677,1.0,1.0
consumer_cyclical_revenue_20m,Consumer Cyclical companies with revenue >= $20M,HDBSCAN balanced frontier leader,10000,10015,301,240,0.7973421926910299,1.0,1.0
consumer_cyclical_revenue_20m,Consumer Cyclical companies with revenue >= $20M,HDBSCAN balanced frontier leader,10000,10016,301,236,0.7840531561461794,1.0,1.0
consumer_cyclical_revenue_20m,Consumer Cyclical companies with revenue >= $20M,HDBSCAN balanced frontier leader,10000,10017,302,237,0.7847682119205298,1.0,1.0
consumer_cyclical_revenue_20m,Consumer Cyclical companies with revenue >= $20M,HDBSCAN balanced frontier leader,10000,10018,296,233,0.7871621621621622,0.0,0.0
consumer_cyclical_revenue_20m,Consumer Cyclical companies with revenue >= $20M,HDBSCAN balanced frontier leader,10000,10019,297,236,0.7946127946127947,1.0,1.0
consumer_cyclical_revenue_20m,Consumer Cyclical companies with revenue >= $20M,HDBSCAN balanced frontier leader,10001,10002,299,250,0.8361204013377926,0.6991959335655122,0.7099269603612993
consumer_cyclical_revenue_20m,Consumer Cyclical companies with revenue >= $20M,HDBSCAN balanced frontier leader,10001,10003,306,249,0.8137254901960784,0.968715003990958,0.9100666963591134
consumer_cyclical_revenue_20m,Consumer Cyclical companies with revenue >= $20M,HDBSCAN balanced frontier leader,10001,10004,299,245,0.8193979933110368,0.962728054707338,0.9300467132760531
consumer_cyclical_revenue_20m,Consumer Cyclical companies with revenue >= $20M,HDBSCAN balanced frontier leader,10001,10005,303,248,0.8184818481848185,0.9629539133647868,0.9311265509604053
consumer_cyclical_revenue_20m,Consumer Cyclical companies with revenue >= $20M,HDBSCAN balanced frontier leader,10001,10006,300,252,0.84,1.0,1.0
consumer_cyclical_revenue_20m,Consumer Cyclical companies with revenue >= $20M,HDBSCAN balanced frontier leader,10001,10007,302,253,0.8377483443708609,1.0,1.0
consumer_cyclical_revenue_20m,Consumer Cyclical companies with revenue >= $20M,HDBSCAN balanced frontier leader,10001,10008,297,253,0.8518518518518519,1.0,1.0
consumer_cyclical_revenue_20m,Consumer Cyclical companies with revenue >= $20M,HDBSCAN balanced frontier leader,10001,10009,303,257,0.8481848184818482,0.7496446553899284,0.7021880377940378
consumer_cyclical_revenue_20m,Consumer Cyclical companies with revenue >= $20M,HDBSCAN balanced frontier leader,10001,10010,297,243,0.8181818181818182,1.0,1.0
consumer_cyclical_revenue_20m,Consumer Cyclical companies with revenue >= $20M,HDBSCAN balanced frontier leader,10001,10011,300,251,0.8366666666666667,1.0,1.0
consumer_cyclical_revenue_20m,Consumer Cyclical companies with revenue >= $20M,HDBSCAN balanced frontier leader,10001,10012,301,235,0.7807308970099668,0.945716808904366,0.886152071135272
consumer_cyclical_revenue_20m,Consumer Cyclical companies with revenue >= $20M,HDBSCAN balanced frontier leader,10001,10013,295,251,0.8508474576271187,0.7635968943688103,0.7094781978688465
consumer_cyclical_revenue_20m,Consumer Cyclical companies with revenue >= $20M,HDBSCAN balanced frontier leader,10001,10014,298,246,0.825503355704698,0.892387234819093,0.8699622280478403
consumer_cyclical_revenue_20m,Consumer Cyclical companies with revenue >= $20M,HDBSCAN balanced frontier leader,10001,10015,299,251,0.8394648829431438,0.7516352212637569,0.7530449031322658
consumer_cyclical_revenue_20m,Consumer Cyclical companies with revenue >= $20M,HDBSCAN balanced frontier leader,10001,10016,302,250,0.8278145695364238,1.0,1.0
consumer_cyclical_revenue_20m,Consumer Cyclical companies with revenue >= $20M,HDBSCAN balanced frontier leader,10001,10017,300,239,0.7966666666666666,1.0,1.0
consumer_cyclical_revenue_20m,Consumer Cyclical companies with revenue >= $20M,HDBSCAN balanced frontier leader,10001,10018,306,254,0.8300653594771242,0.6422984903877905,0.6099744646455955
consumer_cyclical_revenue_20m,Consumer Cyclical companies with revenue >= $20M,HDBSCAN balanced frontier leader,10001,10019,298,250,0.8389261744966443,0.7660529799574108,0.7629595720891994
consumer_cyclical_revenue_20m,Consumer Cyclical companies with revenue >= $20M,HDBSCAN balanced frontier leader,10002,10003,299,242,0.8093645484949833,0.530860057919734,0.5591600539948819
consumer_cyclical_revenue_20m,Consumer Cyclical companies with revenue >= $20M,HDBSCAN balanced frontier leader,10002,10004,297,242,0.8148148148148148,0.6687233289391831,0.6882759150557343
consumer_cyclical_revenue_20m,Consumer Cyclical companies with revenue >= $20M,HDBSCAN balanced frontier leader,10002,10005,304,244,0.8026315789473685,0.7309141291432106,0.733984006404318
consumer_cyclical_revenue_20m,Consumer Cyclical companies with revenue >= $20M,HDBSCAN balanced frontier leader,10002,10006,302,257,0.8509933774834437,0.5747988906506026,0.6240398995540549
consumer_cyclical_revenue_20m,Consumer Cyclical companies with revenue >= $20M,HDBSCAN balanced frontier leader,10002,10007,296,249,0.8412162162162162,0.5675301644439571,0.5662436345263876
consumer_cyclical_revenue_20m,Consumer Cyclical companies with revenue >= $20M,HDBSCAN balanced frontier leader,10002,10008,297,252,0.8484848484848485,0.5945505150348559,0.6379615932250803
consumer_cyclical_revenue_20m,Consumer Cyclical companies with revenue >= $20M,HDBSCAN balanced frontier leader,10002,10009,307,265,0.8631921824104235,-0.03212855421506032,0.008099165627498458
consumer_cyclical_revenue_20m,Consumer Cyclical companies with revenue >= $20M,HDBSCAN balanced frontier leader,10002,10010,300,244,0.8133333333333334,0.508826853434042,0.5158911357187949
consumer_cyclical_revenue_20m,Consumer Cyclical companies with revenue >= $20M,HDBSCAN balanced frontier leader,10002,10011,300,258,0.86,0.5042059893566532,0.5693308468259819
consumer_cyclical_revenue_20m,Consumer Cyclical companies with revenue >= $20M,HDBSCAN balanced frontier leader,10002,10012,302,234,0.7748344370860927,0.0,0.0
consumer_cyclical_revenue_20m,Consumer Cyclical companies with revenue >= $20M,HDBSCAN balanced frontier leader,10002,10013,304,268,0.881578947368421,-0.03447402692141173,0.009390835363838761
consumer_cyclical_revenue_20m,Consumer Cyclical companies with revenue >= $20M,HDBSCAN balanced frontier leader,10002,10014,301,251,0.8338870431893688,-0.02337460834995654,0.005985591560159775
consumer_cyclical_revenue_20m,Consumer Cyclical companies with revenue >= $20M,HDBSCAN balanced frontier leader,10002,10015,299,258,0.862876254180602,-0.03760099121451121,0.010072160925139923
consumer_cyclical_revenue_20m,Consumer Cyclical companies with revenue >= $20M,HDBSCAN balanced frontier leader,10002,10016,299,247,0.8260869565217391,0.6161911701608398,0.6507239699290217
consumer_cyclical_revenue_20m,Consumer Cyclical companies with revenue >= $20M,HDBSCAN balanced frontier leader,10002,10017,297,244,0.8215488215488216,0.0,0.0
consumer_cyclical_revenue_20m,Consumer Cyclical companies with revenue >= $20M,HDBSCAN balanced frontier leader,10002,10018,300,253,0.8433333333333334,0.9462246445196111,0.8873339903627108
consumer_cyclical_revenue_20m,Consumer Cyclical companies with revenue >= $20M,HDBSCAN balanced frontier leader,10002,10019,299,257,0.8595317725752508,-0.03585281328960946,0.009243696823887258
consumer_cyclical_revenue_20m,Consumer Cyclical companies with revenue >= $20M,HDBSCAN balanced frontier leader,10003,10004,293,231,0.78839590443686,0.9962747268443348,0.9602477741006883
consumer_cyclical_revenue_20m,Consumer Cyclical companies with revenue >= $20M,HDBSCAN balanced frontier leader,10003,10005,308,243,0.788961038961039,1.0,1.0
consumer_cyclical_revenue_20m,Consumer Cyclical companies with revenue >= $20M,HDBSCAN balanced frontier leader,10003,10006,298,242,0.8120805369127517,0.9926646235500128,0.9467791986386578
consumer_cyclical_revenue_20m,Consumer Cyclical companies with revenue >= $20M,HDBSCAN balanced frontier leader,10003,10007,309,253,0.8187702265372169,0.9696876391099111,0.9069723932973942
consumer_cyclical_revenue_20m,Consumer Cyclical companies with revenue >= $20M,HDBSCAN balanced frontier leader,10003,10008,298,248,0.8322147651006712,0.9715631332753761,0.910126464155154
consumer_cyclical_revenue_20m,Consumer Cyclical companies with revenue >= $20M,HDBSCAN balanced frontier leader,10003,10009,304,258,0.8486842105263158,0.8220098425040187,0.7621094217891378
consumer_cyclical_revenue_20m,Consumer Cyclical companies with revenue >= $20M,HDBSCAN balanced frontier leader,10003,10010,304,247,0.8125,0.968792620516644,0.9018702562797591
consumer_cyclical_revenue_20m,Consumer Cyclical companies with revenue >= $20M,HDBSCAN balanced frontier leader,10003,10011,302,249,0.8245033112582781,0.99386062775388,0.9481855867758736
consumer_cyclical_revenue_20m,Consumer Cyclical companies with revenue >= $20M,HDBSCAN balanced frontier leader,10003,10012,297,228,0.7676767676767676,0.9928207702180857,0.925524959626008
consumer_cyclical_revenue_20m,Consumer Cyclical companies with revenue >= $20M,HDBSCAN balanced frontier leader,10003,10013,297,248,0.835016835016835,0.831763988277819,0.766252359463458
consumer_cyclical_revenue_20m,Consumer Cyclical companies with revenue >= $20M,HDBSCAN balanced frontier leader,10003,10014,297,245,0.8249158249158249,0.8303579036143209,0.7303091717550321
consumer_cyclical_revenue_20m,Consumer Cyclical companies with revenue >= $20M,HDBSCAN balanced frontier leader,10003,10015,295,239,0.8101694915254237,0.8188405039965425,0.7571283387941706
consumer_cyclical_revenue_20m,Consumer Cyclical companies with revenue >= $20M,HDBSCAN balanced frontier leader,10003,10016,301,242,0.8039867109634552,0.9669889810249414,0.9004391180096923
consumer_cyclical_revenue_20m,Consumer Cyclical companies with revenue >= $20M,HDBSCAN balanced frontier leader,10003,10017,307,243,0.7915309446254072,0.9886400087625277,0.9121124201670221
consumer_cyclical_revenue_20m,Consumer Cyclical companies with revenue >= $20M,HDBSCAN balanced frontier leader,10003,10018,303,244,0.8052805280528053,0.5845590469839833,0.5451441256084544
consumer_cyclical_revenue_20m,Consumer Cyclical companies with revenue >= $20M,HDBSCAN balanced frontier leader,10003,10019,297,245,0.8249158249158249,0.7655060957431786,0.7208889393034608
consumer_cyclical_revenue_20m,Consumer Cyclical companies with revenue >= $20M,HDBSCAN balanced frontier leader,10004,10005,302,241,0.7980132450331126,1.0,1.0
consumer_cyclical_revenue_20m,Consumer Cyclical companies with revenue >= $20M,HDBSCAN balanced frontier leader,10004,10006,300,243,0.81,1.0,1.0
consumer_cyclical_revenue_20m,Consumer Cyclical companies with revenue >= $20M,HDBSCAN balanced frontier leader,10004,10007,306,251,0.8202614379084967,0.9664847463717098,0.9357640973828736
consumer_cyclical_revenue_20m,Consumer Cyclical companies with revenue >= $20M,HDBSCAN balanced frontier leader,10004,10008,304,250,0.8223684210526315,0.968046033423233,0.9384566906222294
consumer_cyclical_revenue_20m,Consumer Cyclical companies with revenue >= $20M,HDBSCAN balanced frontier leader,10004,10009,297,250,0.8417508417508418,0.8102319613659866,0.7987503838411432
consumer_cyclical_revenue_20m,Consumer Cyclical companies with revenue >= $20M,HDBSCAN balanced frontier leader,10004,10010,302,240,0.7947019867549668,0.9660687628319549,0.9344657530675653
consumer_cyclical_revenue_20m,Consumer Cyclical companies with revenue >= $20M,HDBSCAN balanced frontier leader,10004,10011,301,246,0.8172757475083057,1.0,1.0
consumer_cyclical_revenue_20m,Consumer Cyclical companies with revenue >= $20M,HDBSCAN balanced frontier leader,10004,10012,301,232,0.770764119601329,1.0,1.0
consumer_cyclical_revenue_20m,Consumer Cyclical companies with revenue >= $20M,HDBSCAN balanced frontier leader,10004,10013,305,253,0.8295081967213115,0.7980058271407072,0.7880070353142239
consumer_cyclical_revenue_20m,Consumer Cyclical companies with revenue >= $20M,HDBSCAN balanced frontier leader,10004,10014,305,251,0.8229508196721311,0.816819826760771,0.7487142273409906
consumer_cyclical_revenue_20m,Consumer Cyclical companies with revenue >= $20M,HDBSCAN balanced frontier leader,10004,10015,301,248,0.8239202657807309,0.7363298129847734,0.7405312935252852
consumer_cyclical_revenue_20m,Consumer Cyclical companies with revenue >= $20M,HDBSCAN balanced frontier leader,10004,10016,303,245,0.8085808580858086,0.962728054707338,0.9300467132760531
consumer_cyclical_revenue_20m,Consumer Cyclical companies with revenue >= $20M,HDBSCAN balanced frontier leader,10004,10017,300,235,0.7833333333333333,1.0,1.0
consumer_cyclical_revenue_20m,Consumer Cyclical companies with revenue >= $20M,HDBSCAN balanced frontier leader,10004,10018,295,237,0.8033898305084746,0.6714607323441197,0.63046244694176
consumer_cyclical_revenue_20m,Consumer Cyclical companies with revenue >= $20M,HDBSCAN balanced frontier leader,10004,10019,297,244,0.8215488215488216,0.6442505464171414,0.6683829897573375
consumer_cyclical_revenue_20m,Consumer Cyclical companies with revenue >= $20M,HDBSCAN balanced frontier leader,10005,10006,294,236,0.8027210884353742,1.0,1.0
consumer_cyclical_revenue_20m,Consumer Cyclical companies with revenue >= $20M,HDBSCAN balanced frontier leader,10005,10007,296,242,0.8175675675675675,0.9648095410960782,0.9341194105309549
consumer_cyclical_revenue_20m,Consumer Cyclical companies with revenue >= $20M,HDBSCAN balanced frontier leader,10005,10008,305,250,0.819672131147541,0.9666054639147494,0.9365154506422866
consumer_cyclical_revenue_20m,Consumer Cyclical companies with revenue >= $20M,HDBSCAN balanced frontier leader,10005,10009,301,252,0.8372093023255814,0.7834942485042472,0.7755766492706366
consumer_cyclical_revenue_20m,Consumer Cyclical companies with revenue >= $20M,HDBSCAN balanced frontier leader,10005,10010,299,236,0.7892976588628763,0.9579982645894088,0.9240442116358282
consumer_cyclical_revenue_20m,Consumer Cyclical companies with revenue >= $20M,HDBSCAN balanced frontier leader,10005,10011,298,243,0.8154362416107382,1.0,1.0
consumer_cyclical_revenue_20m,Consumer Cyclical companies with revenue >= $20M,HDBSCAN balanced frontier leader,10005,10012,301,228,0.7574750830564784,1.0,1.0
consumer_cyclical_revenue_20m,Consumer Cyclical companies with revenue >= $20M,HDBSCAN balanced frontier leader,10005,10013,305,248,0.8131147540983606,0.7499003218983216,0.7495254114424271
consumer_cyclical_revenue_20m,Consumer Cyclical companies with revenue >= $20M,HDBSCAN balanced frontier leader,10005,10014,302,242,0.8013245033112583,0.7345346922292844,0.6652699010098277
consumer_cyclical_revenue_20m,Consumer Cyclical companies with revenue >= $20M,HDBSCAN balanced frontier leader,10005,10015,299,243,0.8127090301003345,0.6750480712542278,0.6907914890097356
consumer_cyclical_revenue_20m,Consumer Cyclical companies with revenue >= $20M,HDBSCAN balanced frontier leader,10005,10016,301,239,0.7940199335548173,0.9629046725878457,0.9316724117757945
consumer_cyclical_revenue_20m,Consumer Cyclical companies with revenue >= $20M,HDBSCAN balanced frontier leader,10005,10017,300,234,0.78,1.0,1.0
consumer_cyclical_revenue_20m,Consumer Cyclical companies with revenue >= $20M,HDBSCAN balanced frontier leader,10005,10018,302,246,0.8145695364238411,0.7431080168838409,0.682476553417837
consumer_cyclical_revenue_20m,Consumer Cyclical companies with revenue >= $20M,HDBSCAN balanced frontier leader,10005,10019,303,248,0.8184818481848185,0.6446202425288037,0.6683479702457311
consumer_cyclical_revenue_20m,Consumer Cyclical companies with revenue >= $20M,HDBSCAN balanced frontier leader,10006,10007,300,254,0.8466666666666667,1.0,1.0
consumer_cyclical_revenue_20m,Consumer Cyclical companies with revenue >= $20M,HDBSCAN balanced frontier leader,10006,10008,301,256,0.8504983388704319,1.0,1.0
consumer_cyclical_revenue_20m,Consumer Cyclical companies with revenue >= $20M,HDBSCAN balanced frontier leader,10006,10009,303,258,0.8514851485148515,0.7771709730436314,0.7740856918088641
consumer_cyclical_revenue_20m,Consumer Cyclical companies with revenue >= $20M,HDBSCAN balanced frontier leader,10006,10010,303,249,0.8217821782178217,1.0,1.0
consumer_cyclical_revenue_20m,Consumer Cyclical companies with revenue >= $20M,HDBSCAN balanced frontier leader,10006,10011,307,267,0.8697068403908795,1.0,1.0
consumer_cyclical_revenue_20m,Consumer Cyclical companies with revenue >= $20M,HDBSCAN balanced frontier leader,10006,10012,304,232,0.7631578947368421,1.0,1.0
consumer_cyclical_revenue_20m,Consumer Cyclical companies with revenue >= $20M,HDBSCAN balanced frontier leader,10006,10013,301,262,0.8704318936877077,0.8133530601799421,0.805047749002843
consumer_cyclical_revenue_20m,Consumer Cyclical companies with revenue >= $20M,HDBSCAN balanced frontier leader,10006,10014,304,252,0.8289473684210527,0.8674866754241517,0.8485852332456603
consumer_cyclical_revenue_20m,Consumer Cyclical companies with revenue >= $20M,HDBSCAN balanced frontier leader,10006,10015,300,256,0.8533333333333334,0.7873948199390366,0.7829169267064084
consumer_cyclical_revenue_20m,Consumer Cyclical companies with revenue >= $20M,HDBSCAN balanced frontier leader,10006,10016,304,253,0.8322368421052632,1.0,1.0
consumer_cyclical_revenue_20m,Consumer Cyclical companies with revenue >= $20M,HDBSCAN balanced frontier leader,10006,10017,307,256,0.8338762214983714,1.0,1.0
consumer_cyclical_revenue_20m,Consumer Cyclical companies with revenue >= $20M,HDBSCAN balanced frontier leader,10006,10018,300,254,0.8466666666666667,0.6395003414195357,0.6132764773832755
consumer_cyclical_revenue_20m,Consumer Cyclical companies with revenue >= $20M,HDBSCAN balanced frontier leader,10006,10019,303,259,0.8547854785478548,0.7738636631685397,0.7734423492264966
consumer_cyclical_revenue_20m,Consumer Cyclical companies with revenue >= $20M,HDBSCAN balanced frontier leader,10007,10008,298,255,0.8557046979865772,1.0,1.0
consumer_cyclical_revenue_20m,Consumer Cyclical companies with revenue >= $20M,HDBSCAN balanced frontier leader,10007,10009,298,255,0.8557046979865772,0.6978687012762872,0.6655415799140493
consumer_cyclical_revenue_20m,Consumer Cyclical companies with revenue >= $20M,HDBSCAN balanced frontier leader,10007,10010,299,246,0.822742474916388,1.0,1.0
consumer_cyclical_revenue_20m,Consumer Cyclical companies with revenue >= $20M,HDBSCAN balanced frontier leader,10007,10011,303,258,0.8514851485148515,1.0,1.0
consumer_cyclical_revenue_20m,Consumer Cyclical companies with revenue >= $20M,HDBSCAN balanced frontier leader,10007,10012,300,236,0.7866666666666666,0.9457472054801022,0.8862212683983383
consumer_cyclical_revenue_20m,Consumer Cyclical companies with revenue >= $20M,HDBSCAN balanced frontier leader,10007,10013,302,262,0.8675496688741722,0.7503202470658282,0.7082636600741028
consumer_cyclical_revenue_20m,Consumer Cyclical companies with revenue >= $20M,HDBSCAN balanced frontier leader,10007,10014,300,252,0.84,0.8321125157815293,0.8161851742932277
consumer_cyclical_revenue_20m,Consumer Cyclical companies with revenue >= $20M,HDBSCAN balanced frontier leader,10007,10015,295,249,0.8440677966101695,0.7514465794316979,0.7530164878280128
consumer_cyclical_revenue_20m,Consumer Cyclical companies with revenue >= $20M,HDBSCAN balanced frontier leader,10007,10016,303,249,0.8217821782178217,1.0,1.0
consumer_cyclical_revenue_20m,Consumer Cyclical companies with revenue >= $20M,HDBSCAN balanced frontier leader,10007,10017,297,240,0.8080808080808081,1.0,1.0
consumer_cyclical_revenue_20m,Consumer Cyclical companies with revenue >= $20M,HDBSCAN balanced frontier leader,10007,10018,299,246,0.822742474916388,0.7310743016046916,0.7340032114076109
consumer_cyclical_revenue_20m,Consumer Cyclical companies with revenue >= $20M,HDBSCAN balanced frontier leader,10007,10019,298,254,0.8523489932885906,0.683634788259504,0.7017790563951914
consumer_cyclical_revenue_20m,Consumer Cyclical companies with revenue >= $20M,HDBSCAN balanced frontier leader,10008,10009,295,252,0.8542372881355932,0.8097785774655509,0.7554728786057325
consumer_cyclical_revenue_20m,Consumer Cyclical companies with revenue >= $20M,HDBSCAN balanced frontier leader,10008,10010,298,251,0.8422818791946308,1.0,1.0
consumer_cyclical_revenue_20m,Consumer Cyclical companies with revenue >= $20M,HDBSCAN balanced frontier leader,10008,10011,301,260,0.8637873754152824,1.0,1.0
consumer_cyclical_revenue_20m,Consumer Cyclical companies with revenue >= $20M,HDBSCAN balanced frontier leader,10008,10012,300,238,0.7933333333333333,0.9561964146102506,0.9033903225191943
consumer_cyclical_revenue_20m,Consumer Cyclical companies with revenue >= $20M,HDBSCAN balanced frontier leader,10008,10013,305,266,0.8721311475409836,0.819576720967585,0.7652250026936736
consumer_cyclical_revenue_20m,Consumer Cyclical companies with revenue >= $20M,HDBSCAN balanced frontier leader,10008,10014,297,248,0.835016835016835,0.8672331072339368,0.8484602689775684
consumer_cyclical_revenue_20m,Consumer Cyclical companies with revenue >= $20M,HDBSCAN balanced frontier leader,10008,10015,305,259,0.8491803278688524,0.8214053073999562,0.8101926681198954
consumer_cyclical_revenue_20m,Consumer Cyclical companies with revenue >= $20M,HDBSCAN balanced frontier leader,10008,10016,300,252,0.84,1.0,1.0
consumer_cyclical_revenue_20m,Consumer Cyclical companies with revenue >= $20M,HDBSCAN balanced frontier leader,10008,10017,304,251,0.8256578947368421,1.0,1.0
consumer_cyclical_revenue_20m,Consumer Cyclical companies with revenue >= $20M,HDBSCAN balanced frontier leader,10008,10018,295,249,0.8440677966101695,0.6134097742478085,0.5905610350191526
consumer_cyclical_revenue_20m,Consumer Cyclical companies with revenue >= $20M,HDBSCAN balanced frontier leader,10008,10019,301,257,0.8538205980066446,0.7408896429841384,0.7483145501471685
consumer_cyclical_revenue_20m,Consumer Cyclical companies with revenue >= $20M,HDBSCAN balanced frontier leader,10009,10010,298,252,0.8456375838926175,0.7740049997543419,0.725784446149674
consumer_cyclical_revenue_20m,Consumer Cyclical companies with revenue >= $20M,HDBSCAN balanced frontier leader,10009,10011,295,252,0.8542372881355932,0.8603126466621285,0.8418806430530217
consumer_cyclical_revenue_20m,Consumer Cyclical companies with revenue >= $20M,HDBSCAN balanced frontier leader,10009,10012,301,246,0.8172757475083057,1.0,1.0
consumer_cyclical_revenue_20m,Consumer Cyclical companies with revenue >= $20M,HDBSCAN balanced frontier leader,10009,10013,304,268,0.881578947368421,1.0,1.0
consumer_cyclical_revenue_20m,Consumer Cyclical companies with revenue >= $20M,HDBSCAN balanced frontier leader,10009,10014,299,261,0.8729096989966555,0.9593487168427863,0.9090805106299601
consumer_cyclical_revenue_20m,Consumer Cyclical companies with revenue >= $20M,HDBSCAN balanced frontier leader,10009,10015,298,257,0.8624161073825504,1.0,1.0
consumer_cyclical_revenue_20m,Consumer Cyclical companies with revenue >= $20M,HDBSCAN balanced frontier leader,10009,10016,291,248,0.852233676975945,0.7771598706317878,0.722814523853972
consumer_cyclical_revenue_20m,Consumer Cyclical companies with revenue >= $20M,HDBSCAN balanced frontier leader,10009,10017,297,251,0.8451178451178452,1.0,1.0
consumer_cyclical_revenue_20m,Consumer Cyclical companies with revenue >= $20M,HDBSCAN balanced frontier leader,10009,10018,299,251,0.8394648829431438,-0.03045685252584043,0.007330331754797856
consumer_cyclical_revenue_20m,Consumer Cyclical companies with revenue >= $20M,HDBSCAN balanced frontier leader,10009,10019,303,258,0.8514851485148515,1.0,1.0
consumer_cyclical_revenue_20m,Consumer Cyclical companies with revenue >= $20M,HDBSCAN balanced frontier leader,10010,10011,307,255,0.8306188925081434,1.0,1.0
consumer_cyclical_revenue_20m,Consumer Cyclical companies with revenue >= $20M,HDBSCAN balanced frontier leader,10010,10012,303,237,0.7821782178217822,0.9457773265850725,0.8862900254818801
consumer_cyclical_revenue_20m,Consumer Cyclical companies with revenue >= $20M,HDBSCAN balanced frontier leader,10010,10013,304,255,0.8388157894736842,0.828475648275026,0.7684451147432666
consumer_cyclical_revenue_20m,Consumer Cyclical companies with revenue >= $20M,HDBSCAN balanced frontier leader,10010,10014,299,246,0.822742474916388,0.9205941181596334,0.8983982944346336
consumer_cyclical_revenue_20m,Consumer Cyclical companies with revenue >= $20M,HDBSCAN balanced frontier leader,10010,10015,303,248,0.8184818481848185,0.802498985228456,0.7941903876661894
consumer_cyclical_revenue_20m,Consumer Cyclical companies with revenue >= $20M,HDBSCAN balanced frontier leader,10010,10016,299,241,0.8060200668896321,1.0,1.0
consumer_cyclical_revenue_20m,Consumer Cyclical companies with revenue >= $20M,HDBSCAN balanced frontier leader,10010,10017,295,235,0.7966101694915254,1.0,1.0
consumer_cyclical_revenue_20m,Consumer Cyclical companies with revenue >= $20M,HDBSCAN balanced frontier leader,10010,10018,302,245,0.8112582781456954,0.647176359238616,0.6681093324607803
consumer_cyclical_revenue_20m,Consumer Cyclical companies with revenue >= $20M,HDBSCAN balanced frontier leader,10010,10019,298,246,0.825503355704698,0.7511576509133703,0.7529734283882835
consumer_cyclical_revenue_20m,Consumer Cyclical companies with revenue >= $20M,HDBSCAN balanced frontier leader,10011,10012,305,238,0.780327868852459,1.0,1.0
consumer_cyclical_revenue_20m,Consumer Cyclical companies with revenue >= $20M,HDBSCAN balanced frontier leader,10011,10013,297,263,0.8855218855218855,0.8745218006047626,0.8549486107122359
consumer_cyclical_revenue_20m,Consumer Cyclical companies with revenue >= $20M,HDBSCAN balanced frontier leader,10011,10014,298,250,0.8389261744966443,0.9207284557865797,0.8985130482759637
consumer_cyclical_revenue_20m,Consumer Cyclical companies with revenue >= $20M,HDBSCAN balanced frontier leader,10011,10015,301,259,0.8604651162790697,0.7772632318668318,0.7741046850027314
consumer_cyclical_revenue_20m,Consumer Cyclical companies with revenue >= $20M,HDBSCAN balanced frontier leader,10011,10016,301,252,0.8372093023255814,1.0,1.0
consumer_cyclical_revenue_20m,Consumer Cyclical companies with revenue >= $20M,HDBSCAN balanced frontier leader,10011,10017,296,249,0.8412162162162162,1.0,1.0
consumer_cyclical_revenue_20m,Consumer Cyclical companies with revenue >= $20M,HDBSCAN balanced frontier leader,10011,10018,302,257,0.8509933774834437,0.645350015913531,0.6062526150440049
consumer_cyclical_revenue_20m,Consumer Cyclical companies with revenue >= $20M,HDBSCAN balanced frontier leader,10011,10019,300,260,0.8666666666666667,0.7773547515690468,0.7741235924957602
consumer_cyclical_revenue_20m,Consumer Cyclical companies with revenue >= $20M,HDBSCAN balanced frontier leader,10012,10013,305,247,0.8098360655737705,1.0,1.0
consumer_cyclical_revenue_20m,Consumer Cyclical companies with revenue >= $20M,HDBSCAN balanced frontier leader,10012,10014,298,238,0.7986577181208053,0.9498813334304198,0.8928912364855471
consumer_cyclical_revenue_20m,Consumer Cyclical companies with revenue >= $20M,HDBSCAN balanced frontier leader,10012,10015,306,243,0.7941176470588235,1.0,1.0
consumer_cyclical_revenue_20m,Consumer Cyclical companies with revenue >= $20M,HDBSCAN balanced frontier leader,10012,10016,302,236,0.7814569536423841,0.9457472054801022,0.8862212683983383
consumer_cyclical_revenue_20m,Consumer Cyclical companies with revenue >= $20M,HDBSCAN balanced frontier leader,10012,10017,301,233,0.7740863787375415,1.0,1.0
consumer_cyclical_revenue_20m,Consumer Cyclical companies with revenue >= $20M,HDBSCAN balanced frontier leader,10012,10018,300,232,0.7733333333333333,0.0,0.0
consumer_cyclical_revenue_20m,Consumer Cyclical companies with revenue >= $20M,HDBSCAN balanced frontier leader,10012,10019,300,237,0.79,1.0,1.0
consumer_cyclical_revenue_20m,Consumer Cyclical companies with revenue >= $20M,HDBSCAN balanced frontier leader,10013,10014,302,258,0.8543046357615894,0.9633485852392186,0.9160967129502007
consumer_cyclical_revenue_20m,Consumer Cyclical companies with revenue >= $20M,HDBSCAN balanced frontier leader,10013,10015,303,265,0.8745874587458746,1.0,1.0
consumer_cyclical_revenue_20m,Consumer Cyclical companies with revenue >= $20M,HDBSCAN balanced frontier leader,10013,10016,299,252,0.842809364548495,0.7740049997543419,0.725784446149674
consumer_cyclical_revenue_20m,Consumer Cyclical companies with revenue >= $20M,HDBSCAN balanced frontier leader,10013,10017,306,260,0.8496732026143791,1.0,1.0
consumer_cyclical_revenue_20m,Consumer Cyclical companies with revenue >= $20M,HDBSCAN balanced frontier leader,10013,10018,296,255,0.8614864864864865,-0.026254197102699495,0.0060498091549268255
consumer_cyclical_revenue_20m,Consumer Cyclical companies with revenue >= $20M,HDBSCAN balanced frontier leader,10013,10019,297,264,0.8888888888888888,1.0,1.0
consumer_cyclical_revenue_20m,Consumer Cyclical companies with revenue >= $20M,HDBSCAN balanced frontier leader,10014,10015,294,250,0.8503401360544217,1.0,1.0
consumer_cyclical_revenue_20m,Consumer Cyclical companies with revenue >= $20M,HDBSCAN balanced frontier leader,10014,10016,304,252,0.8289473684210527,0.8587725801802838,0.8389392093566835
consumer_cyclical_revenue_20m,Consumer Cyclical companies with revenue >= $20M,HDBSCAN balanced frontier leader,10014,10017,303,251,0.8283828382838284,1.0,1.0
consumer_cyclical_revenue_20m,Consumer Cyclical companies with revenue >= $20M,HDBSCAN balanced frontier leader,10014,10018,296,246,0.831081081081081,-0.020319798628397088,0.004456088295911929
consumer_cyclical_revenue_20m,Consumer Cyclical companies with revenue >= $20M,HDBSCAN balanced frontier leader,10014,10019,310,261,0.8419354838709677,1.0,1.0
consumer_cyclical_revenue_20m,Consumer Cyclical companies with revenue >= $20M,HDBSCAN balanced frontier leader,10015,10016,300,252,0.84,0.7649250395977037,0.7641095349772312
consumer_cyclical_revenue_20m,Consumer Cyclical companies with revenue >= $20M,HDBSCAN balanced frontier leader,10015,10017,304,252,0.8289473684210527,1.0,1.0
consumer_cyclical_revenue_20m,Consumer Cyclical companies with revenue >= $20M,HDBSCAN balanced frontier leader,10015,10018,299,254,0.8494983277591973,-0.03010970069456362,0.007221182899653037
consumer_cyclical_revenue_20m,Consumer Cyclical companies with revenue >= $20M,HDBSCAN balanced frontier leader,10015,10019,300,256,0.8533333333333334,1.0,1.0
consumer_cyclical_revenue_20m,Consumer Cyclical companies with revenue >= $20M,HDBSCAN balanced frontier leader,10016,10017,302,243,0.804635761589404,1.0,1.0
consumer_cyclical_revenue_20m,Consumer Cyclical companies with revenue >= $20M,HDBSCAN balanced frontier leader,10016,10018,298,243,0.8154362416107382,0.6720811602977975,0.6308015461681346
consumer_cyclical_revenue_20m,Consumer Cyclical companies with revenue >= $20M,HDBSCAN balanced frontier leader,10016,10019,295,246,0.8338983050847457,0.7795594538623152,0.7746038862369321
consumer_cyclical_revenue_20m,Consumer Cyclical companies with revenue >= $20M,HDBSCAN balanced frontier leader,10017,10018,306,250,0.8169934640522876,0.0,0.0
consumer_cyclical_revenue_20m,Consumer Cyclical companies with revenue >= $20M,HDBSCAN balanced frontier leader,10017,10019,302,255,0.8443708609271523,1.0,1.0
consumer_cyclical_revenue_20m,Consumer Cyclical companies with revenue >= $20M,HDBSCAN balanced frontier leader,10018,10019,301,256,0.8504983388704319,-0.02671487971499553,0.006131576385283462
non_financial_large_cap_revenue_1b,Non-financial companies with revenue >= $1B,K-Means|Selection-aware Silhouette leader,10000,10001,1067,1067,1.0,0.9878102125266511,0.966153084310294
non_financial_large_cap_revenue_1b,Non-financial companies with revenue >= $1B,K-Means|Selection-aware Silhouette leader,10000,10002,1062,1062,1.0,0.9937581199101928,0.9807692823311012
non_financial_large_cap_revenue_1b,Non-financial companies with revenue >= $1B,K-Means|Selection-aware Silhouette leader,10000,10003,1066,1066,1.0,0.9548781013538824,0.9008871150715615
non_financial_large_cap_revenue_1b,Non-financial companies with revenue >= $1B,K-Means|Selection-aware Silhouette leader,10000,10004,1048,1048,1.0,0.9737436795310624,0.9359911124485111
non_financial_large_cap_revenue_1b,Non-financial companies with revenue >= $1B,K-Means|Selection-aware Silhouette leader,10000,10005,1053,1053,1.0,0.9934930805839732,0.9800562315465213
non_financial_large_cap_revenue_1b,Non-financial companies with revenue >= $1B,K-Means|Selection-aware Silhouette leader,10000,10006,1063,1063,1.0,0.9508725607504331,0.8941905363652717
non_financial_large_cap_revenue_1b,Non-financial companies with revenue >= $1B,K-Means|Selection-aware Silhouette leader,10000,10007,1041,1041,1.0,0.9870831063032314,0.9644241960592748
non_financial_large_cap_revenue_1b,Non-financial companies with revenue >= $1B,K-Means|Selection-aware Silhouette leader,10000,10008,1058,1058,1.0,0.980927160859132,0.950809602526239
non_financial_large_cap_revenue_1b,Non-financial companies with revenue >= $1B,K-Means|Selection-aware Silhouette leader,10000,10009,1056,1056,1.0,0.9495200616193729,0.8917710246127885
non_financial_large_cap_revenue_1b,Non-financial companies with revenue >= $1B,K-Means|Selection-aware Silhouette leader,10000,10010,1062,1062,1.0,0.9806962430064905,0.950291104262615
non_financial_large_cap_revenue_1b,Non-financial companies with revenue >= $1B,K-Means|Selection-aware Silhouette leader,10000,10011,1060,1060,1.0,0.9686953189393348,0.9262475660874329
non_financial_large_cap_revenue_1b,Non-financial companies with revenue >= $1B,K-Means|Selection-aware Silhouette leader,10000,10012,1044,1044,1.0,0.9934318657346317,0.9798960534880676
non_financial_large_cap_revenue_1b,Non-financial companies with revenue >= $1B,K-Means|Selection-aware Silhouette leader,10000,10013,1052,1052,1.0,0.9806413198204569,0.9501853578207871
non_financial_large_cap_revenue_1b,Non-financial companies with revenue >= $1B,K-Means|Selection-aware Silhouette leader,10000,10014,1049,1049,1.0,0.9190417646585323,0.8428500467587037
non_financial_large_cap_revenue_1b,Non-financial companies with revenue >= $1B,K-Means|Selection-aware Silhouette leader,10000,10015,1061,1061,1.0,0.987157734195744,0.9645811402737886
non_financial_large_cap_revenue_1b,Non-financial companies with revenue >= $1B,K-Means|Selection-aware Silhouette leader,10000,10016,1060,1060,1.0,1.0,1.0
non_financial_large_cap_revenue_1b,Non-financial companies with revenue >= $1B,K-Means|Selection-aware Silhouette leader,10000,10017,1056,1056,1.0,0.9370248459641646,0.8711424766289136
non_financial_large_cap_revenue_1b,Non-financial companies with revenue >= $1B,K-Means|Selection-aware Silhouette leader,10000,10018,1055,1055,1.0,0.9805276882245954,0.9499297433237216
non_financial_large_cap_revenue_1b,Non-financial companies with revenue >= $1B,K-Means|Selection-aware Silhouette leader,10000,10019,1051,1051,1.0,0.9422481134984214,0.8795466069755851
non_financial_large_cap_revenue_1b,Non-financial companies with revenue >= $1B,K-Means|Selection-aware Silhouette leader,10001,10002,1066,1066,1.0,0.9878065187672046,0.9661454756857597
non_financial_large_cap_revenue_1b,Non-financial companies with revenue >= $1B,K-Means|Selection-aware Silhouette leader,10001,10003,1055,1055,1.0,0.9567368788073367,0.9043894679209061
non_financial_large_cap_revenue_1b,Non-financial companies with revenue >= $1B,K-Means|Selection-aware Silhouette leader,10001,10004,1048,1048,1.0,0.9742691051549149,0.9370846157397944
non_financial_large_cap_revenue_1b,Non-financial companies with revenue >= $1B,K-Means|Selection-aware Silhouette leader,10001,10005,1065,1065,1.0,0.9693179663352175,0.9274926023529375
non_financial_large_cap_revenue_1b,Non-financial companies with revenue >= $1B,K-Means|Selection-aware Silhouette leader,10001,10006,1049,1049,1.0,0.9388273833726235,0.8742976914734691
non_financial_large_cap_revenue_1b,Non-financial companies with revenue >= $1B,K-Means|Selection-aware Silhouette leader,10001,10007,1066,1066,1.0,0.9619269206604464,0.9135496692961467
non_financial_large_cap_revenue_1b,Non-financial companies with revenue >= $1B,K-Means|Selection-aware Silhouette leader,10001,10008,1052,1052,1.0,0.9737730708028424,0.9360440456820968
non_financial_large_cap_revenue_1b,Non-financial companies with revenue >= $1B,K-Means|Selection-aware Silhouette leader,10001,10009,1060,1060,1.0,0.9445672041014559,0.8835684847521045
non_financial_large_cap_revenue_1b,Non-financial companies with revenue >= $1B,K-Means|Selection-aware Silhouette leader,10001,10010,1062,1062,1.0,0.9935958156576804,0.9803285737962482
non_financial_large_cap_revenue_1b,Non-financial companies with revenue >= $1B,K-Means|Selection-aware Silhouette leader,10001,10011,1057,1057,1.0,0.9504817693017384,0.893509650668907
non_financial_large_cap_revenue_1b,Non-financial companies with revenue >= $1B,K-Means|Selection-aware Silhouette leader,10001,10012,1052,1052,1.0,1.0,1.0
non_financial_large_cap_revenue_1b,Non-financial companies with revenue >= $1B,K-Means|Selection-aware Silhouette leader,10001,10013,1052,1052,1.0,0.9872088142118476,0.9647131624034747
non_financial_large_cap_revenue_1b,Non-financial companies with revenue >= $1B,K-Means|Selection-aware Silhouette leader,10001,10014,1041,1041,1.0,0.8816507532638173,0.7900951757904661
non_financial_large_cap_revenue_1b,Non-financial companies with revenue >= $1B,K-Means|Selection-aware Silhouette leader,10001,10015,1065,1065,1.0,0.9874204679813825,0.9652077496490963
non_financial_large_cap_revenue_1b,Non-financial companies with revenue >= $1B,K-Means|Selection-aware Silhouette leader,10001,10016,1068,1068,1.0,0.9755271951613677,0.939693420882381
non_financial_large_cap_revenue_1b,Non-financial companies with revenue >= $1B,K-Means|Selection-aware Silhouette leader,10001,10017,1056,1056,1.0,0.9132967837509972,0.8348942304803197
non_financial_large_cap_revenue_1b,Non-financial companies with revenue >= $1B,K-Means|Selection-aware Silhouette leader,10001,10018,1067,1067,1.0,0.9877366572060197,0.9659730066942025
non_financial_large_cap_revenue_1b,Non-financial companies with revenue >= $1B,K-Means|Selection-aware Silhouette leader,10001,10019,1052,1052,1.0,0.9295751168124678,0.8592737434482093
non_financial_large_cap_revenue_1b,Non-financial companies with revenue >= $1B,K-Means|Selection-aware Silhouette leader,10002,10003,1053,1053,1.0,0.9607471506155402,0.9113418374464946
non_financial_large_cap_revenue_1b,Non-financial companies with revenue >= $1B,K-Means|Selection-aware Silhouette leader,10002,10004,1047,1047,1.0,0.9614680261129482,0.9127352212149471
non_financial_large_cap_revenue_1b,Non-financial companies with revenue >= $1B,K-Means|Selection-aware Silhouette leader,10002,10005,1057,1057,1.0,0.9871430695189362,0.9645501507231511
non_financial_large_cap_revenue_1b,Non-financial companies with revenue >= $1B,K-Means|Selection-aware Silhouette leader,10002,10006,1059,1059,1.0,0.9498854882959757,0.8924163292959435
non_financial_large_cap_revenue_1b,Non-financial companies with revenue >= $1B,K-Means|Selection-aware Silhouette leader,10002,10007,1049,1049,1.0,0.9733820390221539,0.9352432675115548
non_financial_large_cap_revenue_1b,Non-financial companies with revenue >= $1B,K-Means|Selection-aware Silhouette leader,10002,10008,1040,1040,1.0,0.9674702852407716,0.9238562005409064
non_financial_large_cap_revenue_1b,Non-financial companies with revenue >= $1B,K-Means|Selection-aware Silhouette leader,10002,10009,1066,1066,1.0,0.9432427111558436,0.8812028214361248
non_financial_large_cap_revenue_1b,Non-financial companies with revenue >= $1B,K-Means|Selection-aware Silhouette leader,10002,10010,1055,1055,1.0,0.986961860168668,0.9641201147308425
non_financial_large_cap_revenue_1b,Non-financial companies with revenue >= $1B,K-Means|Selection-aware Silhouette leader,10002,10011,1064,1064,1.0,0.9499572797989404,0.8925215297017277
non_financial_large_cap_revenue_1b,Non-financial companies with revenue >= $1B,K-Means|Selection-aware Silhouette leader,10002,10012,1045,1045,1.0,1.0,1.0
non_financial_large_cap_revenue_1b,Non-financial companies with revenue >= $1B,K-Means|Selection-aware Silhouette leader,10002,10013,1064,1064,1.0,0.9809600269842291,0.9508725659724067
non_financial_large_cap_revenue_1b,Non-financial companies with revenue >= $1B,K-Means|Selection-aware Silhouette leader,10002,10014,1056,1056,1.0,0.8711037656594833,0.7761850971901528
non_financial_large_cap_revenue_1b,Non-financial companies with revenue >= $1B,K-Means|Selection-aware Silhouette leader,10002,10015,1056,1056,1.0,0.9748230039018869,0.9382294221000032
non_financial_large_cap_revenue_1b,Non-financial companies with revenue >= $1B,K-Means|Selection-aware Silhouette leader,10002,10016,1066,1066,1.0,0.9936031092370854,0.9803463872984745
non_financial_large_cap_revenue_1b,Non-financial companies with revenue >= $1B,K-Means|Selection-aware Silhouette leader,10002,10017,1039,1039,1.0,0.9149276308925215,0.8369710971207103
non_financial_large_cap_revenue_1b,Non-financial companies with revenue >= $1B,K-Means|Selection-aware Silhouette leader,10002,10018,1050,1050,1.0,0.9744521069063055,0.9374633844836595
non_financial_large_cap_revenue_1b,Non-financial companies with revenue >= $1B,K-Means|Selection-aware Silhouette leader,10002,10019,1057,1057,1.0,0.9277176819652038,0.8561986606354064
non_financial_large_cap_revenue_1b,Non-financial companies with revenue >= $1B,K-Means|Selection-aware Silhouette leader,10003,10004,1059,1059,1.0,0.9797079594010809,0.9481380302888652
non_financial_large_cap_revenue_1b,Non-financial companies with revenue >= $1B,K-Means|Selection-aware Silhouette leader,10003,10005,1051,1051,1.0,0.9265615372790932,0.8543545652633349
non_financial_large_cap_revenue_1b,Non-financial companies with revenue >= $1B,K-Means|Selection-aware Silhouette leader,10003,10006,1061,1061,1.0,0.9806908044139826,0.9502806047572459
non_financial_large_cap_revenue_1b,Non-financial companies with revenue >= $1B,K-Means|Selection-aware Silhouette leader,10003,10007,1060,1060,1.0,0.9192696099872041,0.843152085269209
non_financial_large_cap_revenue_1b,Non-financial companies with revenue >= $1B,K-Means|Selection-aware Silhouette leader,10003,10008,1051,1051,1.0,0.9862781841911764,0.9625177839012035
non_financial_large_cap_revenue_1b,Non-financial companies with revenue >= $1B,K-Means|Selection-aware Silhouette leader,10003,10009,1058,1058,1.0,0.987146747693302,0.9645579165420098
non_financial_large_cap_revenue_1b,Non-financial companies with revenue >= $1B,K-Means|Selection-aware Silhouette leader,10003,10010,1050,1050,1.0,0.9595855770618357,0.9091651957933955
non_financial_large_cap_revenue_1b,Non-financial companies with revenue >= $1B,K-Means|Selection-aware Silhouette leader,10003,10011,1071,1071,1.0,0.9806141663358677,0.9500974653918847
non_financial_large_cap_revenue_1b,Non-financial companies with revenue >= $1B,K-Means|Selection-aware Silhouette leader,10003,10012,1065,1065,1.0,0.9575122964982908,0.9053198373420558
non_financial_large_cap_revenue_1b,Non-financial companies with revenue >= $1B,K-Means|Selection-aware Silhouette leader,10003,10013,1048,1048,1.0,0.9791856017769892,0.9470262109508886
non_financial_large_cap_revenue_1b,Non-financial companies with revenue >= $1B,K-Means|Selection-aware Silhouette leader,10003,10014,1066,1066,1.0,0.9278888140813119,0.8564307704512084
non_financial_large_cap_revenue_1b,Non-financial companies with revenue >= $1B,K-Means|Selection-aware Silhouette leader,10003,10015,1064,1064,1.0,0.9736768209749012,0.9358237394427729
non_financial_large_cap_revenue_1b,Non-financial companies with revenue >= $1B,K-Means|Selection-aware Silhouette leader,10003,10016,1058,1058,1.0,0.9485429595477346,0.8900092719314772
non_financial_large_cap_revenue_1b,Non-financial companies with revenue >= $1B,K-Means|Selection-aware Silhouette leader,10003,10017,1059,1059,1.0,0.9613423582020069,0.9124544697413823
non_financial_large_cap_revenue_1b,Non-financial companies with revenue >= $1B,K-Means|Selection-aware Silhouette leader,10003,10018,1050,1050,1.0,0.9735758202058626,0.93564040109213
non_financial_large_cap_revenue_1b,Non-financial companies with revenue >= $1B,K-Means|Selection-aware Silhouette leader,10003,10019,1054,1054,1.0,0.9730331818102879,0.9345209716837762
non_financial_large_cap_revenue_1b,Non-financial companies with revenue >= $1B,K-Means|Selection-aware Silhouette leader,10004,10005,1062,1062,1.0,0.9412344361812643,0.8777433990717776
non_financial_large_cap_revenue_1b,Non-financial companies with revenue >= $1B,K-Means|Selection-aware Silhouette leader,10004,10006,1055,1055,1.0,0.9676088818130635,0.9240898858528689
non_financial_large_cap_revenue_1b,Non-financial companies with revenue >= $1B,K-Means|Selection-aware Silhouette leader,10004,10007,1058,1058,1.0,0.9272218530191475,0.8553881709327863
non_financial_large_cap_revenue_1b,Non-financial companies with revenue >= $1B,K-Means|Selection-aware Silhouette leader,10004,10008,1052,1052,1.0,1.0,1.0
non_financial_large_cap_revenue_1b,Non-financial companies with revenue >= $1B,K-Means|Selection-aware Silhouette leader,10004,10009,1062,1062,1.0,0.9872457483133532,0.9647908172022306
non_financial_large_cap_revenue_1b,Non-financial companies with revenue >= $1B,K-Means|Selection-aware Silhouette leader,10004,10010,1074,1074,1.0,0.9872890218927532,0.9648823969541526
non_financial_large_cap_revenue_1b,Non-financial companies with revenue >= $1B,K-Means|Selection-aware Silhouette leader,10004,10011,1063,1063,1.0,0.9865229025339104,0.9630808579464918
non_financial_large_cap_revenue_1b,Non-financial companies with revenue >= $1B,K-Means|Selection-aware Silhouette leader,10004,10012,1046,1046,1.0,0.9719361235685331,0.932313394483345
non_financial_large_cap_revenue_1b,Non-financial companies with revenue >= $1B,K-Means|Selection-aware Silhouette leader,10004,10013,1068,1068,1.0,0.9866382865654741,0.963347590540042
non_financial_large_cap_revenue_1b,Non-financial companies with revenue >= $1B,K-Means|Selection-aware Silhouette leader,10004,10014,1049,1049,1.0,0.9388711744499939,0.8737732739041942
non_financial_large_cap_revenue_1b,Non-financial companies with revenue >= $1B,K-Means|Selection-aware Silhouette leader,10004,10015,1056,1056,1.0,0.9934542253302762,0.9799508901507268
non_financial_large_cap_revenue_1b,Non-financial companies with revenue >= $1B,K-Means|Selection-aware Silhouette leader,10004,10016,1052,1052,1.0,0.9477514568744143,0.8886274510952674
non_financial_large_cap_revenue_1b,Non-financial companies with revenue >= $1B,K-Means|Selection-aware Silhouette leader,10004,10017,1053,1053,1.0,0.9604737198535542,0.9108247561448307
non_financial_large_cap_revenue_1b,Non-financial companies with revenue >= $1B,K-Means|Selection-aware Silhouette leader,10004,10018,1046,1046,1.0,1.0,1.0
non_financial_large_cap_revenue_1b,Non-financial companies with revenue >= $1B,K-Means|Selection-aware Silhouette leader,10004,10019,1054,1054,1.0,0.9737876702072422,0.9360703866117606
non_financial_large_cap_revenue_1b,Non-financial companies with revenue >= $1B,K-Means|Selection-aware Silhouette leader,10005,10006,1058,1058,1.0,0.9374624141664022,0.8718787572658362
non_financial_large_cap_revenue_1b,Non-financial companies with revenue >= $1B,K-Means|Selection-aware Silhouette leader,10005,10007,1056,1056,1.0,1.0,1.0
non_financial_large_cap_revenue_1b,Non-financial companies with revenue >= $1B,K-Means|Selection-aware Silhouette leader,10005,10008,1043,1043,1.0,0.9522851364265484,0.8962559850579361
non_financial_large_cap_revenue_1b,Non-financial companies with revenue >= $1B,K-Means|Selection-aware Silhouette leader,10005,10009,1061,1061,1.0,0.9117393505620369,0.832409962473354
non_financial_large_cap_revenue_1b,Non-financial companies with revenue >= $1B,K-Means|Selection-aware Silhouette leader,10005,10010,1052,1052,1.0,0.967134787599192,0.9231606284207288
non_financial_large_cap_revenue_1b,Non-financial companies with revenue >= $1B,K-Means|Selection-aware Silhouette leader,10005,10011,1055,1055,1.0,0.9407101754762723,0.8768747806012203
non_financial_large_cap_revenue_1b,Non-financial companies with revenue >= $1B,K-Means|Selection-aware Silhouette leader,10005,10012,1053,1053,1.0,0.9860748650409359,0.962046802460549
non_financial_large_cap_revenue_1b,Non-financial companies with revenue >= $1B,K-Means|Selection-aware Silhouette leader,10005,10013,1037,1037,1.0,0.9602975088085324,0.9105402701658574
non_financial_large_cap_revenue_1b,Non-financial companies with revenue >= $1B,K-Means|Selection-aware Silhouette leader,10005,10014,1053,1053,1.0,0.8613117899470326,0.7633017411131718
non_financial_large_cap_revenue_1b,Non-financial companies with revenue >= $1B,K-Means|Selection-aware Silhouette leader,10005,10015,1052,1052,1.0,0.9675815267745631,0.9240435943789803
non_financial_large_cap_revenue_1b,Non-financial companies with revenue >= $1B,K-Means|Selection-aware Silhouette leader,10005,10016,1050,1050,1.0,1.0,1.0
non_financial_large_cap_revenue_1b,Non-financial companies with revenue >= $1B,K-Means|Selection-aware Silhouette leader,10005,10017,1065,1065,1.0,0.8823854708810952,0.7909291411378045
non_financial_large_cap_revenue_1b,Non-financial companies with revenue >= $1B,K-Means|Selection-aware Silhouette leader,10005,10018,1053,1053,1.0,0.9544068175308018,0.9000693483263497
non_financial_large_cap_revenue_1b,Non-financial companies with revenue >= $1B,K-Means|Selection-aware Silhouette leader,10005,10019,1060,1060,1.0,0.9012086771221702,0.8169042809749637
non_financial_large_cap_revenue_1b,Non-financial companies with revenue >= $1B,K-Means|Selection-aware Silhouette leader,10006,10007,1059,1059,1.0,0.9292379036084029,0.8586750900122746
non_financial_large_cap_revenue_1b,Non-financial companies with revenue >= $1B,K-Means|Selection-aware Silhouette leader,10006,10008,1059,1059,1.0,0.9671979420995608,0.9232683868355823
non_financial_large_cap_revenue_1b,Non-financial companies with revenue >= $1B,K-Means|Selection-aware Silhouette leader,10006,10009,1058,1058,1.0,1.0,1.0
non_financial_large_cap_revenue_1b,Non-financial companies with revenue >= $1B,K-Means|Selection-aware Silhouette leader,10006,10010,1071,1071,1.0,0.941780216505325,0.8786430522099224
non_financial_large_cap_revenue_1b,Non-financial companies with revenue >= $1B,K-Means|Selection-aware Silhouette leader,10006,10011,1061,1061,1.0,1.0,1.0
non_financial_large_cap_revenue_1b,Non-financial companies with revenue >= $1B,K-Means|Selection-aware Silhouette leader,10006,10012,1054,1054,1.0,0.9411074737409547,0.8775606521031194
non_financial_large_cap_revenue_1b,Non-financial companies with revenue >= $1B,K-Means|Selection-aware Silhouette leader,10006,10013,1055,1055,1.0,0.968245743301258,0.9253592801056217
non_financial_large_cap_revenue_1b,Non-financial companies with revenue >= $1B,K-Means|Selection-aware Silhouette leader,10006,10014,1055,1055,1.0,0.9402880635919175,0.8761535024613526
non_financial_large_cap_revenue_1b,Non-financial companies with revenue >= $1B,K-Means|Selection-aware Silhouette leader,10006,10015,1059,1059,1.0,0.9559664670827897,0.9029272338910286
non_financial_large_cap_revenue_1b,Non-financial companies with revenue >= $1B,K-Means|Selection-aware Silhouette leader,10006,10016,1061,1061,1.0,0.9442387791870863,0.8829808779742581
non_financial_large_cap_revenue_1b,Non-financial companies with revenue >= $1B,K-Means|Selection-aware Silhouette leader,10006,10017,1056,1056,1.0,0.9937075861263335,0.9806349887016088
non_financial_large_cap_revenue_1b,Non-financial companies with revenue >= $1B,K-Means|Selection-aware Silhouette leader,10006,10018,1053,1053,1.0,0.955889975519195,0.9028108406851438
non_financial_large_cap_revenue_1b,Non-financial companies with revenue >= $1B,K-Means|Selection-aware Silhouette leader,10006,10019,1053,1053,1.0,1.0,1.0
non_financial_large_cap_revenue_1b,Non-financial companies with revenue >= $1B,K-Means|Selection-aware Silhouette leader,10007,10008,1056,1056,1.0,0.9385215133197752,0.8731599260484534
non_financial_large_cap_revenue_1b,Non-financial companies with revenue >= $1B,K-Means|Selection-aware Silhouette leader,10007,10009,1052,1052,1.0,0.9030559323732213,0.8197383415531242
non_financial_large_cap_revenue_1b,Non-financial companies with revenue >= $1B,K-Means|Selection-aware Silhouette leader,10007,10010,1049,1049,1.0,0.959277147635584,0.9085925770831343
non_financial_large_cap_revenue_1b,Non-financial companies with revenue >= $1B,K-Means|Selection-aware Silhouette leader,10007,10011,1049,1049,1.0,0.932892212782906,0.8642374339870607
non_financial_large_cap_revenue_1b,Non-financial companies with revenue >= $1B,K-Means|Selection-aware Silhouette leader,10007,10012,1055,1055,1.0,0.9713178445476321,0.931074358629798
non_financial_large_cap_revenue_1b,Non-financial companies with revenue >= $1B,K-Means|Selection-aware Silhouette leader,10007,10013,1058,1058,1.0,0.9455320102072086,0.8847191253894625
non_financial_large_cap_revenue_1b,Non-financial companies with revenue >= $1B,K-Means|Selection-aware Silhouette leader,10007,10014,1058,1058,1.0,0.8355222757530573,0.7307928303692621
non_financial_large_cap_revenue_1b,Non-financial companies with revenue >= $1B,K-Means|Selection-aware Silhouette leader,10007,10015,1053,1053,1.0,0.9531045033688156,0.897701129351839
non_financial_large_cap_revenue_1b,Non-financial companies with revenue >= $1B,K-Means|Selection-aware Silhouette leader,10007,10016,1052,1052,1.0,0.9933552450947115,0.9796884780845462
non_financial_large_cap_revenue_1b,Non-financial companies with revenue >= $1B,K-Means|Selection-aware Silhouette leader,10007,10017,1055,1055,1.0,0.8733997534373418,0.7788792821188089
non_financial_large_cap_revenue_1b,Non-financial companies with revenue >= $1B,K-Means|Selection-aware Silhouette leader,10007,10018,1062,1062,1.0,0.9416395234342897,0.8784401488777149
non_financial_large_cap_revenue_1b,Non-financial companies with revenue >= $1B,K-Means|Selection-aware Silhouette leader,10007,10019,1063,1063,1.0,0.8936626051648144,0.8062252252877555
non_financial_large_cap_revenue_1b,Non-financial companies with revenue >= $1B,K-Means|Selection-aware Silhouette leader,10008,10009,1048,1048,1.0,0.9868463674219303,0.9638524359262964
non_financial_large_cap_revenue_1b,Non-financial companies with revenue >= $1B,K-Means|Selection-aware Silhouette leader,10008,10010,1071,1071,1.0,0.9868381481698041,0.9638147313069045
non_financial_large_cap_revenue_1b,Non-financial companies with revenue >= $1B,K-Means|Selection-aware Silhouette leader,10008,10011,1055,1055,1.0,0.9803947431954678,0.9496372613890594
non_financial_large_cap_revenue_1b,Non-financial companies with revenue >= $1B,K-Means|Selection-aware Silhouette leader,10008,10012,1055,1055,1.0,0.9730403676499743,0.9345341434756441
non_financial_large_cap_revenue_1b,Non-financial companies with revenue >= $1B,K-Means|Selection-aware Silhouette leader,10008,10013,1057,1057,1.0,0.9862998227563579,0.9625650651683286
non_financial_large_cap_revenue_1b,Non-financial companies with revenue >= $1B,K-Means|Selection-aware Silhouette leader,10008,10014,1050,1050,1.0,0.9114203594107171,0.831474107446092
non_financial_large_cap_revenue_1b,Non-financial companies with revenue >= $1B,K-Means|Selection-aware Silhouette leader,10008,10015,1054,1054,1.0,0.9933116494740237,0.9795722002594522
non_financial_large_cap_revenue_1b,Non-financial companies with revenue >= $1B,K-Means|Selection-aware Silhouette leader,10008,10016,1054,1054,1.0,0.9610258143691579,0.9118676118899125
non_financial_large_cap_revenue_1b,Non-financial companies with revenue >= $1B,K-Means|Selection-aware Silhouette leader,10008,10017,1074,1074,1.0,0.9555764902298473,0.9021443183030642
non_financial_large_cap_revenue_1b,Non-financial companies with revenue >= $1B,K-Means|Selection-aware Silhouette leader,10008,10018,1055,1055,1.0,1.0,1.0
non_financial_large_cap_revenue_1b,Non-financial companies with revenue >= $1B,K-Means|Selection-aware Silhouette leader,10008,10019,1051,1051,1.0,0.965922738168241,0.9207973550282197
non_financial_large_cap_revenue_1b,Non-financial companies with revenue >= $1B,K-Means|Selection-aware Silhouette leader,10009,10010,1055,1055,1.0,0.9550436414685853,0.9012325296310908
non_financial_large_cap_revenue_1b,Non-financial companies with revenue >= $1B,K-Means|Selection-aware Silhouette leader,10009,10011,1056,1056,1.0,1.0,1.0
non_financial_large_cap_revenue_1b,Non-financial companies with revenue >= $1B,K-Means|Selection-aware Silhouette leader,10009,10012,1050,1050,1.0,0.9477226357773448,0.8885846797694299
non_financial_large_cap_revenue_1b,Non-financial companies with revenue >= $1B,K-Means|Selection-aware Silhouette leader,10009,10013,1055,1055,1.0,0.9743208505088287,0.9371768852059152
non_financial_large_cap_revenue_1b,Non-financial companies with revenue >= $1B,K-Means|Selection-aware Silhouette leader,10009,10014,1045,1045,1.0,0.9274842484741331,0.8558840497161242
non_financial_large_cap_revenue_1b,Non-financial companies with revenue >= $1B,K-Means|Selection-aware Silhouette leader,10009,10015,1054,1054,1.0,0.9678163815633442,0.9245047594716453
non_financial_large_cap_revenue_1b,Non-financial companies with revenue >= $1B,K-Means|Selection-aware Silhouette leader,10009,10016,1060,1060,1.0,0.9260812191916526,0.8540976621546243
non_financial_large_cap_revenue_1b,Non-financial companies with revenue >= $1B,K-Means|Selection-aware Silhouette leader,10009,10017,1048,1048,1.0,0.9871938120921412,0.9646817517886501
non_financial_large_cap_revenue_1b,Non-financial companies with revenue >= $1B,K-Means|Selection-aware Silhouette leader,10009,10018,1061,1061,1.0,0.9689005177209326,0.9266588086633807
non_financial_large_cap_revenue_1b,Non-financial companies with revenue >= $1B,K-Means|Selection-aware Silhouette leader,10009,10019,1055,1055,1.0,1.0,1.0
non_financial_large_cap_revenue_1b,Non-financial companies with revenue >= $1B,K-Means|Selection-aware Silhouette leader,10010,10011,1046,1046,1.0,0.9536809004739766,0.8987686281479611
non_financial_large_cap_revenue_1b,Non-financial companies with revenue >= $1B,K-Means|Selection-aware Silhouette leader,10010,10012,1048,1048,1.0,0.992994616461085,0.9787421164752586
non_financial_large_cap_revenue_1b,Non-financial companies with revenue >= $1B,K-Means|Selection-aware Silhouette leader,10010,10013,1051,1051,1.0,0.9933061403283382,0.9795584937806119
non_financial_large_cap_revenue_1b,Non-financial companies with revenue >= $1B,K-Means|Selection-aware Silhouette leader,10010,10014,1048,1048,1.0,0.9042944073350976,0.8211343523235287
non_financial_large_cap_revenue_1b,Non-financial companies with revenue >= $1B,K-Means|Selection-aware Silhouette leader,10010,10015,1050,1050,1.0,0.9934431191917681,0.979923603161884
non_financial_large_cap_revenue_1b,Non-financial companies with revenue >= $1B,K-Means|Selection-aware Silhouette leader,10010,10016,1053,1053,1.0,0.9739592627579711,0.936427946624308
non_financial_large_cap_revenue_1b,Non-financial companies with revenue >= $1B,K-Means|Selection-aware Silhouette leader,10010,10017,1055,1055,1.0,0.927679198567727,0.8561466366955796
non_financial_large_cap_revenue_1b,Non-financial companies with revenue >= $1B,K-Means|Selection-aware Silhouette leader,10010,10018,1052,1052,1.0,0.9932596979618069,0.9794353914747903
non_financial_large_cap_revenue_1b,Non-financial companies with revenue >= $1B,K-Means|Selection-aware Silhouette leader,10010,10019,1065,1065,1.0,0.9412814836260949,0.8778113423026829
non_financial_large_cap_revenue_1b,Non-financial companies with revenue >= $1B,K-Means|Selection-aware Silhouette leader,10011,10012,1063,1063,1.0,0.9521739233058019,0.8960050623300513
non_financial_large_cap_revenue_1b,Non-financial companies with revenue >= $1B,K-Means|Selection-aware Silhouette leader,10011,10013,1041,1041,1.0,0.9738702257787525,0.9362684683714174
non_financial_large_cap_revenue_1b,Non-financial companies with revenue >= $1B,K-Means|Selection-aware Silhouette leader,10011,10014,1066,1066,1.0,0.9321867258125935,0.8630078948269048
non_financial_large_cap_revenue_1b,Non-financial companies with revenue >= $1B,K-Means|Selection-aware Silhouette leader,10011,10015,1049,1049,1.0,0.9677704460338092,0.9244273888834524
non_financial_large_cap_revenue_1b,Non-financial companies with revenue >= $1B,K-Means|Selection-aware Silhouette leader,10011,10016,1053,1053,1.0,0.9430336943133671,0.8809063354461426
non_financial_large_cap_revenue_1b,Non-financial companies with revenue >= $1B,K-Means|Selection-aware Silhouette leader,10011,10017,1062,1062,1.0,0.9870752801445447,0.9643834445053039
non_financial_large_cap_revenue_1b,Non-financial companies with revenue >= $1B,K-Means|Selection-aware Silhouette leader,10011,10018,1051,1051,1.0,0.9671256865685168,0.9231451369154149
non_financial_large_cap_revenue_1b,Non-financial companies with revenue >= $1B,K-Means|Selection-aware Silhouette leader,10011,10019,1054,1054,1.0,1.0,1.0
non_financial_large_cap_revenue_1b,Non-financial companies with revenue >= $1B,K-Means|Selection-aware Silhouette leader,10012,10013,1060,1060,1.0,0.9866097931791871,0.9632857353056027
non_financial_large_cap_revenue_1b,Non-financial companies with revenue >= $1B,K-Means|Selection-aware Silhouette leader,10012,10014,1063,1063,1.0,0.8967540449944945,0.8103164722954818
non_financial_large_cap_revenue_1b,Non-financial companies with revenue >= $1B,K-Means|Selection-aware Silhouette leader,10012,10015,1049,1049,1.0,0.9862709084071714,0.9625019240766135
non_financial_large_cap_revenue_1b,Non-financial companies with revenue >= $1B,K-Means|Selection-aware Silhouette leader,10012,10016,1059,1059,1.0,0.9933207517764533,0.9795949004524629
non_financial_large_cap_revenue_1b,Non-financial companies with revenue >= $1B,K-Means|Selection-aware Silhouette leader,10012,10017,1060,1060,1.0,0.9192696099872041,0.843152085269209
non_financial_large_cap_revenue_1b,Non-financial companies with revenue >= $1B,K-Means|Selection-aware Silhouette leader,10012,10018,1055,1055,1.0,0.9866872133620354,0.9634708546553847
non_financial_large_cap_revenue_1b,Non-financial companies with revenue >= $1B,K-Means|Selection-aware Silhouette leader,10012,10019,1063,1063,1.0,0.931090350849899,0.8612296454961956
non_financial_large_cap_revenue_1b,Non-financial companies with revenue >= $1B,K-Means|Selection-aware Silhouette leader,10013,10014,1058,1058,1.0,0.9037965756749285,0.8203368986851344
non_financial_large_cap_revenue_1b,Non-financial companies with revenue >= $1B,K-Means|Selection-aware Silhouette leader,10013,10015,1056,1056,1.0,1.0,1.0
non_financial_large_cap_revenue_1b,Non-financial companies with revenue >= $1B,K-Means|Selection-aware Silhouette leader,10013,10016,1048,1048,1.0,0.9673238385582881,0.9235438189249466
non_financial_large_cap_revenue_1b,Non-financial companies with revenue >= $1B,K-Means|Selection-aware Silhouette leader,10013,10017,1056,1056,1.0,0.9474447619547647,0.8880691382457143
non_financial_large_cap_revenue_1b,Non-financial companies with revenue >= $1B,K-Means|Selection-aware Silhouette leader,10013,10018,1054,1054,1.0,0.9870459747645695,0.9643213113865204
non_financial_large_cap_revenue_1b,Non-financial companies with revenue >= $1B,K-Means|Selection-aware Silhouette leader,10013,10019,1060,1060,1.0,0.9531911216555938,0.897836950796844
non_financial_large_cap_revenue_1b,Non-financial companies with revenue >= $1B,K-Means|Selection-aware Silhouette leader,10014,10015,1048,1048,1.0,0.8924706904686679,0.8045957371320489
non_financial_large_cap_revenue_1b,Non-financial companies with revenue >= $1B,K-Means|Selection-aware Silhouette leader,10014,10016,1042,1042,1.0,0.8747984141883459,0.7809449765950092
non_financial_large_cap_revenue_1b,Non-financial companies with revenue >= $1B,K-Means|Selection-aware Silhouette leader,10014,10017,1059,1059,1.0,0.9459511193236003,0.885443174944058
non_financial_large_cap_revenue_1b,Non-financial companies with revenue >= $1B,K-Means|Selection-aware Silhouette leader,10014,10018,1051,1051,1.0,0.910074903209513,0.8294197678278399
non_financial_large_cap_revenue_1b,Non-financial companies with revenue >= $1B,K-Means|Selection-aware Silhouette leader,10014,10019,1065,1065,1.0,0.9211116847011072,0.8460331380287416
non_financial_large_cap_revenue_1b,Non-financial companies with revenue >= $1B,K-Means|Selection-aware Silhouette leader,10015,10016,1058,1058,1.0,0.9686770183824968,0.9262170222645502
non_financial_large_cap_revenue_1b,Non-financial companies with revenue >= $1B,K-Means|Selection-aware Silhouette leader,10015,10017,1053,1053,1.0,0.9361433232491624,0.8696599011333486
non_financial_large_cap_revenue_1b,Non-financial companies with revenue >= $1B,K-Means|Selection-aware Silhouette leader,10015,10018,1054,1054,1.0,0.9934505394756209,0.9799418234124119
non_financial_large_cap_revenue_1b,Non-financial companies with revenue >= $1B,K-Means|Selection-aware Silhouette leader,10015,10019,1053,1053,1.0,0.9534405034124832,0.8983088254646141
non_financial_large_cap_revenue_1b,Non-financial companies with revenue >= $1B,K-Means|Selection-aware Silhouette leader,10016,10017,1058,1058,1.0,0.9032118932134875,0.8199266459519395
non_financial_large_cap_revenue_1b,Non-financial companies with revenue >= $1B,K-Means|Selection-aware Silhouette leader,10016,10018,1055,1055,1.0,0.9622967315637019,0.9143014984465652
non_financial_large_cap_revenue_1b,Non-financial companies with revenue >= $1B,K-Means|Selection-aware Silhouette leader,10016,10019,1052,1052,1.0,0.9091149748526673,0.8284172228586338
non_financial_large_cap_revenue_1b,Non-financial companies with revenue >= $1B,K-Means|Selection-aware Silhouette leader,10017,10018,1045,1045,1.0,0.9421498305602172,0.8794073046240705
non_financial_large_cap_revenue_1b,Non-financial companies with revenue >= $1B,K-Means|Selection-aware Silhouette leader,10017,10019,1051,1051,1.0,0.9868574953823872,0.9638760960116464
non_financial_large_cap_revenue_1b,Non-financial companies with revenue >= $1B,K-Means|Selection-aware Silhouette leader,10018,10019,1047,1047,1.0,0.954015422184292,0.8993750979736178
non_financial_large_cap_revenue_1b,Non-financial companies with revenue >= $1B,Agglomerative|Selection-aware Silhouette leader,10000,10001,1067,1067,1.0,0.9768617303507986,0.9421874767479014
non_financial_large_cap_revenue_1b,Non-financial companies with revenue >= $1B,Agglomerative|Selection-aware Silhouette leader,10000,10002,1062,1062,1.0,0.8017343018296127,0.6910934219430803
non_financial_large_cap_revenue_1b,Non-financial companies with revenue >= $1B,Agglomerative|Selection-aware Silhouette leader,10000,10003,1066,1066,1.0,0.9370931629218774,0.8706077208691231
non_financial_large_cap_revenue_1b,Non-financial companies with revenue >= $1B,Agglomerative|Selection-aware Silhouette leader,10000,10004,1048,1048,1.0,0.9421100722240888,0.8614260899573718
non_financial_large_cap_revenue_1b,Non-financial companies with revenue >= $1B,Agglomerative|Selection-aware Silhouette leader,10000,10005,1053,1053,1.0,0.6736655567670268,0.5610251877585769
non_financial_large_cap_revenue_1b,Non-financial companies with revenue >= $1B,Agglomerative|Selection-aware Silhouette leader,10000,10006,1063,1063,1.0,0.9229711820775798,0.8483843448499474
non_financial_large_cap_revenue_1b,Non-financial companies with revenue >= $1B,Agglomerative|Selection-aware Silhouette leader,10000,10007,1041,1041,1.0,1.0,1.0
non_financial_large_cap_revenue_1b,Non-financial companies with revenue >= $1B,Agglomerative|Selection-aware Silhouette leader,10000,10008,1058,1058,1.0,0.6694826470639931,0.5570783504303117
non_financial_large_cap_revenue_1b,Non-financial companies with revenue >= $1B,Agglomerative|Selection-aware Silhouette leader,10000,10009,1056,1056,1.0,0.9039380292978347,0.8201126587897906
non_financial_large_cap_revenue_1b,Non-financial companies with revenue >= $1B,Agglomerative|Selection-aware Silhouette leader,10000,10010,1062,1062,1.0,0.958245694806585,0.8974107744299725
non_financial_large_cap_revenue_1b,Non-financial companies with revenue >= $1B,Agglomerative|Selection-aware Silhouette leader,10000,10011,1060,1060,1.0,0.9058819440377787,0.8042947784351707
non_financial_large_cap_revenue_1b,Non-financial companies with revenue >= $1B,Agglomerative|Selection-aware Silhouette leader,10000,10012,1044,1044,1.0,0.9666219985790907,0.9118143274577083
non_financial_large_cap_revenue_1b,Non-financial companies with revenue >= $1B,Agglomerative|Selection-aware Silhouette leader,10000,10013,1052,1052,1.0,0.9155451183291896,0.8257615046985013
non_financial_large_cap_revenue_1b,Non-financial companies with revenue >= $1B,Agglomerative|Selection-aware Silhouette leader,10000,10014,1049,1049,1.0,0.7578166019673591,0.6415739463323711
non_financial_large_cap_revenue_1b,Non-financial companies with revenue >= $1B,Agglomerative|Selection-aware Silhouette leader,10000,10015,1061,1061,1.0,0.649381893797207,0.5374981457275866
non_financial_large_cap_revenue_1b,Non-financial companies with revenue >= $1B,Agglomerative|Selection-aware Silhouette leader,10000,10016,1060,1060,1.0,0.6901933712644552,0.5765772517754189
non_financial_large_cap_revenue_1b,Non-financial companies with revenue >= $1B,Agglomerative|Selection-aware Silhouette leader,10000,10017,1056,1056,1.0,0.9076161852378364,0.8254773775707199
non_financial_large_cap_revenue_1b,Non-financial companies with revenue >= $1B,Agglomerative|Selection-aware Silhouette leader,10000,10018,1055,1055,1.0,0.9221024618311356,0.8470526866911794
non_financial_large_cap_revenue_1b,Non-financial companies with revenue >= $1B,Agglomerative|Selection-aware Silhouette leader,10000,10019,1051,1051,1.0,0.5541681548209949,0.4565312889662467
non_financial_large_cap_revenue_1b,Non-financial companies with revenue >= $1B,Agglomerative|Selection-aware Silhouette leader,10001,10002,1066,1066,1.0,0.7806710396460027,0.6546797396504557
non_financial_large_cap_revenue_1b,Non-financial companies with revenue >= $1B,Agglomerative|Selection-aware Silhouette leader,10001,10003,1055,1055,1.0,0.9084475646141179,0.815067174775772
non_financial_large_cap_revenue_1b,Non-financial companies with revenue >= $1B,Agglomerative|Selection-aware Silhouette leader,10001,10004,1048,1048,1.0,0.9576752110320624,0.8930531163112327
non_financial_large_cap_revenue_1b,Non-financial companies with revenue >= $1B,Agglomerative|Selection-aware Silhouette leader,10001,10005,1065,1065,1.0,0.6084274156734365,0.5031868188266034
non_financial_large_cap_revenue_1b,Non-financial companies with revenue >= $1B,Agglomerative|Selection-aware Silhouette leader,10001,10006,1049,1049,1.0,0.9130350679866442,0.8334094318918043
non_financial_large_cap_revenue_1b,Non-financial companies with revenue >= $1B,Agglomerative|Selection-aware Silhouette leader,10001,10007,1066,1066,1.0,0.9844833694771639,0.9584745272714128
non_financial_large_cap_revenue_1b,Non-financial companies with revenue >= $1B,Agglomerative|Selection-aware Silhouette leader,10001,10008,1052,1052,1.0,0.6086095644018291,0.5012209605957209
non_financial_large_cap_revenue_1b,Non-financial companies with revenue >= $1B,Agglomerative|Selection-aware Silhouette leader,10001,10009,1060,1060,1.0,0.9020102133541248,0.8049865660992415
non_financial_large_cap_revenue_1b,Non-financial companies with revenue >= $1B,Agglomerative|Selection-aware Silhouette leader,10001,10010,1062,1062,1.0,0.9746268945024608,0.9377267798278631
non_financial_large_cap_revenue_1b,Non-financial companies with revenue >= $1B,Agglomerative|Selection-aware Silhouette leader,10001,10011,1057,1057,1.0,0.8965467940546715,0.7851855462206817
non_financial_large_cap_revenue_1b,Non-financial companies with revenue >= $1B,Agglomerative|Selection-aware Silhouette leader,10001,10012,1052,1052,1.0,0.9745772128755321,0.9376168183258625
non_financial_large_cap_revenue_1b,Non-financial companies with revenue >= $1B,Agglomerative|Selection-aware Silhouette leader,10001,10013,1052,1052,1.0,0.9220396400239328,0.8297340632529542
non_financial_large_cap_revenue_1b,Non-financial companies with revenue >= $1B,Agglomerative|Selection-aware Silhouette leader,10001,10014,1041,1041,1.0,0.7218940523660095,0.6040506445288818
non_financial_large_cap_revenue_1b,Non-financial companies with revenue >= $1B,Agglomerative|Selection-aware Silhouette leader,10001,10015,1065,1065,1.0,0.6232607885770949,0.5142366024300734
non_financial_large_cap_revenue_1b,Non-financial companies with revenue >= $1B,Agglomerative|Selection-aware Silhouette leader,10001,10016,1068,1068,1.0,0.6699380727948593,0.5577984596762319
non_financial_large_cap_revenue_1b,Non-financial companies with revenue >= $1B,Agglomerative|Selection-aware Silhouette leader,10001,10017,1056,1056,1.0,0.8881423987385707,0.7852292149023422
non_financial_large_cap_revenue_1b,Non-financial companies with revenue >= $1B,Agglomerative|Selection-aware Silhouette leader,10001,10018,1067,1067,1.0,0.9244510036897015,0.8397647267792826
non_financial_large_cap_revenue_1b,Non-financial companies with revenue >= $1B,Agglomerative|Selection-aware Silhouette leader,10001,10019,1052,1052,1.0,0.5218803990687957,0.4292798032331162
non_financial_large_cap_revenue_1b,Non-financial companies with revenue >= $1B,Agglomerative|Selection-aware Silhouette leader,10002,10003,1053,1053,1.0,0.8791338901510363,0.7860401622583879
non_financial_large_cap_revenue_1b,Non-financial companies with revenue >= $1B,Agglomerative|Selection-aware Silhouette leader,10002,10004,1047,1047,1.0,0.8066297930375215,0.6963673911403553
non_financial_large_cap_revenue_1b,Non-financial companies with revenue >= $1B,Agglomerative|Selection-aware Silhouette leader,10002,10005,1057,1057,1.0,0.7903516905691238,0.6634380074265708
non_financial_large_cap_revenue_1b,Non-financial companies with revenue >= $1B,Agglomerative|Selection-aware Silhouette leader,10002,10006,1059,1059,1.0,0.863451034392757,0.7656900994170096
non_financial_large_cap_revenue_1b,Non-financial companies with revenue >= $1B,Agglomerative|Selection-aware Silhouette leader,10002,10007,1049,1049,1.0,0.8159975047492043,0.7073259431800996
non_financial_large_cap_revenue_1b,Non-financial companies with revenue >= $1B,Agglomerative|Selection-aware Silhouette leader,10002,10008,1040,1040,1.0,0.7935533263116722,0.6738047887152752
non_financial_large_cap_revenue_1b,Non-financial companies with revenue >= $1B,Agglomerative|Selection-aware Silhouette leader,10002,10009,1066,1066,1.0,0.8603953402959197,0.7615524141963834
non_financial_large_cap_revenue_1b,Non-financial companies with revenue >= $1B,Agglomerative|Selection-aware Silhouette leader,10002,10010,1055,1055,1.0,0.7774546096339451,0.6635057935304162
non_financial_large_cap_revenue_1b,Non-financial companies with revenue >= $1B,Agglomerative|Selection-aware Silhouette leader,10002,10011,1064,1064,1.0,0.8418023441478732,0.7383725885578994
non_financial_large_cap_revenue_1b,Non-financial companies with revenue >= $1B,Agglomerative|Selection-aware Silhouette leader,10002,10012,1045,1045,1.0,0.7926803768191851,0.6805461144627474
non_financial_large_cap_revenue_1b,Non-financial companies with revenue >= $1B,Agglomerative|Selection-aware Silhouette leader,10002,10013,1064,1064,1.0,0.8697911944212244,0.7738492615577224
non_financial_large_cap_revenue_1b,Non-financial companies with revenue >= $1B,Agglomerative|Selection-aware Silhouette leader,10002,10014,1056,1056,1.0,0.9101563490390567,0.8049434242726999
non_financial_large_cap_revenue_1b,Non-financial companies with revenue >= $1B,Agglomerative|Selection-aware Silhouette leader,10002,10015,1056,1056,1.0,0.829551469686862,0.7266558097259359
non_financial_large_cap_revenue_1b,Non-financial companies with revenue >= $1B,Agglomerative|Selection-aware Silhouette leader,10002,10016,1066,1066,1.0,0.8417204385674052,0.7159195782826436
non_financial_large_cap_revenue_1b,Non-financial companies with revenue >= $1B,Agglomerative|Selection-aware Silhouette leader,10002,10017,1039,1039,1.0,0.8900371354657863,0.8007715714212287
non_financial_large_cap_revenue_1b,Non-financial companies with revenue >= $1B,Agglomerative|Selection-aware Silhouette leader,10002,10018,1050,1050,1.0,0.8631557835704772,0.7653631071247067
non_financial_large_cap_revenue_1b,Non-financial companies with revenue >= $1B,Agglomerative|Selection-aware Silhouette leader,10002,10019,1057,1057,1.0,0.6690687633705278,0.5609092375380526
non_financial_large_cap_revenue_1b,Non-financial companies with revenue >= $1B,Agglomerative|Selection-aware Silhouette leader,10003,10004,1059,1059,1.0,0.9322605727265779,0.8629058603997518
non_financial_large_cap_revenue_1b,Non-financial companies with revenue >= $1B,Agglomerative|Selection-aware Silhouette leader,10003,10005,1051,1051,1.0,0.6895277745753495,0.5761023101203951
non_financial_large_cap_revenue_1b,Non-financial companies with revenue >= $1B,Agglomerative|Selection-aware Silhouette leader,10003,10006,1061,1061,1.0,0.9522043811923331,0.8812630390024007
non_financial_large_cap_revenue_1b,Non-financial companies with revenue >= $1B,Agglomerative|Selection-aware Silhouette leader,10003,10007,1060,1060,1.0,0.9295562474628785,0.85859129933974
non_financial_large_cap_revenue_1b,Non-financial companies with revenue >= $1B,Agglomerative|Selection-aware Silhouette leader,10003,10008,1051,1051,1.0,0.7146334645301451,0.5998054265920774
non_financial_large_cap_revenue_1b,Non-financial companies with revenue >= $1B,Agglomerative|Selection-aware Silhouette leader,10003,10009,1058,1058,1.0,0.9439783211910153,0.8650303979540952
non_financial_large_cap_revenue_1b,Non-financial companies with revenue >= $1B,Agglomerative|Selection-aware Silhouette leader,10003,10010,1050,1050,1.0,0.8908962161239319,0.8016704246160641
non_financial_large_cap_revenue_1b,Non-financial companies with revenue >= $1B,Agglomerative|Selection-aware Silhouette leader,10003,10011,1071,1071,1.0,0.9358817446297293,0.8499890183522428
non_financial_large_cap_revenue_1b,Non-financial companies with revenue >= $1B,Agglomerative|Selection-aware Silhouette leader,10003,10012,1065,1065,1.0,0.9208683443053358,0.8452586186619315
non_financial_large_cap_revenue_1b,Non-financial companies with revenue >= $1B,Agglomerative|Selection-aware Silhouette leader,10003,10013,1048,1048,1.0,0.9495334479043166,0.8771965407229919
non_financial_large_cap_revenue_1b,Non-financial companies with revenue >= $1B,Agglomerative|Selection-aware Silhouette leader,10003,10014,1066,1066,1.0,0.834298607241073,0.7285842295279557
non_financial_large_cap_revenue_1b,Non-financial companies with revenue >= $1B,Agglomerative|Selection-aware Silhouette leader,10003,10015,1064,1064,1.0,0.7105175875472977,0.5955989662682522
non_financial_large_cap_revenue_1b,Non-financial companies with revenue >= $1B,Agglomerative|Selection-aware Silhouette leader,10003,10016,1058,1058,1.0,0.7564376840964634,0.6429195157542477
non_financial_large_cap_revenue_1b,Non-financial companies with revenue >= $1B,Agglomerative|Selection-aware Silhouette leader,10003,10017,1059,1059,1.0,0.9363672156167328,0.8499922505344282
non_financial_large_cap_revenue_1b,Non-financial companies with revenue >= $1B,Agglomerative|Selection-aware Silhouette leader,10003,10018,1050,1050,1.0,0.9380715816111543,0.854063812563463
non_financial_large_cap_revenue_1b,Non-financial companies with revenue >= $1B,Agglomerative|Selection-aware Silhouette leader,10003,10019,1054,1054,1.0,0.5605466463934389,0.46092306883093775
non_financial_large_cap_revenue_1b,Non-financial companies with revenue >= $1B,Agglomerative|Selection-aware Silhouette leader,10004,10005,1062,1062,1.0,0.6655568866502087,0.5524508429277081
non_financial_large_cap_revenue_1b,Non-financial companies with revenue >= $1B,Agglomerative|Selection-aware Silhouette leader,10004,10006,1055,1055,1.0,0.917239581085662,0.8396778012278356
non_financial_large_cap_revenue_1b,Non-financial companies with revenue >= $1B,Agglomerative|Selection-aware Silhouette leader,10004,10007,1058,1058,1.0,0.9599083676866516,0.8976355681093295
non_financial_large_cap_revenue_1b,Non-financial companies with revenue >= $1B,Agglomerative|Selection-aware Silhouette leader,10004,10008,1052,1052,1.0,0.6484130129248407,0.5362847227535004
non_financial_large_cap_revenue_1b,Non-financial companies with revenue >= $1B,Agglomerative|Selection-aware Silhouette leader,10004,10009,1062,1062,1.0,0.9267045058293372,0.8541402449137965
non_financial_large_cap_revenue_1b,Non-financial companies with revenue >= $1B,Agglomerative|Selection-aware Silhouette leader,10004,10010,1074,1074,1.0,0.9583439868335151,0.9068414474006551
non_financial_large_cap_revenue_1b,Non-financial companies with revenue >= $1B,Agglomerative|Selection-aware Silhouette leader,10004,10011,1063,1063,1.0,0.9485647450239498,0.8897511250299924
non_financial_large_cap_revenue_1b,Non-financial companies with revenue >= $1B,Agglomerative|Selection-aware Silhouette leader,10004,10012,1046,1046,1.0,0.9730576677748353,0.934659350991768
non_financial_large_cap_revenue_1b,Non-financial companies with revenue >= $1B,Agglomerative|Selection-aware Silhouette leader,10004,10013,1068,1068,1.0,0.966782800511001,0.9223980377672654
non_financial_large_cap_revenue_1b,Non-financial companies with revenue >= $1B,Agglomerative|Selection-aware Silhouette leader,10004,10014,1049,1049,1.0,0.7724773105326271,0.6571883021571728
non_financial_large_cap_revenue_1b,Non-financial companies with revenue >= $1B,Agglomerative|Selection-aware Silhouette leader,10004,10015,1056,1056,1.0,0.6625876685513683,0.5486780651605624
non_financial_large_cap_revenue_1b,Non-financial companies with revenue >= $1B,Agglomerative|Selection-aware Silhouette leader,10004,10016,1052,1052,1.0,0.6913247877856368,0.5764927411627333
non_financial_large_cap_revenue_1b,Non-financial companies with revenue >= $1B,Agglomerative|Selection-aware Silhouette leader,10004,10017,1053,1053,1.0,0.9154006357197279,0.8369358034099945
non_financial_large_cap_revenue_1b,Non-financial companies with revenue >= $1B,Agglomerative|Selection-aware Silhouette leader,10004,10018,1046,1046,1.0,0.9335398935213657,0.8649110406217383
non_financial_large_cap_revenue_1b,Non-financial companies with revenue >= $1B,Agglomerative|Selection-aware Silhouette leader,10004,10019,1054,1054,1.0,0.5242756640137942,0.42996254308597415
non_financial_large_cap_revenue_1b,Non-financial companies with revenue >= $1B,Agglomerative|Selection-aware Silhouette leader,10005,10006,1058,1058,1.0,0.7184645461333051,0.6048507696893146
non_financial_large_cap_revenue_1b,Non-financial companies with revenue >= $1B,Agglomerative|Selection-aware Silhouette leader,10005,10007,1056,1056,1.0,0.6685792549650091,0.557280781605614
non_financial_large_cap_revenue_1b,Non-financial companies with revenue >= $1B,Agglomerative|Selection-aware Silhouette leader,10005,10008,1043,1043,1.0,0.8460878111562982,0.7016733050603459
non_financial_large_cap_revenue_1b,Non-financial companies with revenue >= $1B,Agglomerative|Selection-aware Silhouette leader,10005,10009,1061,1061,1.0,0.6625699842289743,0.5514500172210207
non_financial_large_cap_revenue_1b,Non-financial companies with revenue >= $1B,Agglomerative|Selection-aware Silhouette leader,10005,10010,1052,1052,1.0,0.6322418015673181,0.521573953491149
non_financial_large_cap_revenue_1b,Non-financial companies with revenue >= $1B,Agglomerative|Selection-aware Silhouette leader,10005,10011,1055,1055,1.0,0.671689923296993,0.5589259281243792
non_financial_large_cap_revenue_1b,Non-financial companies with revenue >= $1B,Agglomerative|Selection-aware Silhouette leader,10005,10012,1053,1053,1.0,0.6721022502916238,0.5579688549371941
non_financial_large_cap_revenue_1b,Non-financial companies with revenue >= $1B,Agglomerative|Selection-aware Silhouette leader,10005,10013,1037,1037,1.0,0.7249070801632583,0.6113243917337479
non_financial_large_cap_revenue_1b,Non-financial companies with revenue >= $1B,Agglomerative|Selection-aware Silhouette leader,10005,10014,1053,1053,1.0,0.8065059902031897,0.6785262251603916
non_financial_large_cap_revenue_1b,Non-financial companies with revenue >= $1B,Agglomerative|Selection-aware Silhouette leader,10005,10015,1052,1052,1.0,0.8507842531730438,0.7093889075931404
non_financial_large_cap_revenue_1b,Non-financial companies with revenue >= $1B,Agglomerative|Selection-aware Silhouette leader,10005,10016,1050,1050,1.0,0.8542344883497802,0.7172115583235088
non_financial_large_cap_revenue_1b,Non-financial companies with revenue >= $1B,Agglomerative|Selection-aware Silhouette leader,10005,10017,1065,1065,1.0,0.7067694640723694,0.592544763909523
non_financial_large_cap_revenue_1b,Non-financial companies with revenue >= $1B,Agglomerative|Selection-aware Silhouette leader,10005,10018,1053,1053,1.0,0.6909243323107678,0.5780706672350082
non_financial_large_cap_revenue_1b,Non-financial companies with revenue >= $1B,Agglomerative|Selection-aware Silhouette leader,10005,10019,1060,1060,1.0,0.8557478078976745,0.7443952774210957
non_financial_large_cap_revenue_1b,Non-financial companies with revenue >= $1B,Agglomerative|Selection-aware Silhouette leader,10006,10007,1059,1059,1.0,0.9229061505232979,0.8482872337153992
non_financial_large_cap_revenue_1b,Non-financial companies with revenue >= $1B,Agglomerative|Selection-aware Silhouette leader,10006,10008,1059,1059,1.0,0.7092458314139172,0.5948315171507984
non_financial_large_cap_revenue_1b,Non-financial companies with revenue >= $1B,Agglomerative|Selection-aware Silhouette leader,10006,10009,1058,1058,1.0,0.9765959918011347,0.9416439423886073
non_financial_large_cap_revenue_1b,Non-financial companies with revenue >= $1B,Agglomerative|Selection-aware Silhouette leader,10006,10010,1071,1071,1.0,0.8644186826985071,0.7661435532880848
non_financial_large_cap_revenue_1b,Non-financial companies with revenue >= $1B,Agglomerative|Selection-aware Silhouette leader,10006,10011,1061,1061,1.0,0.9840078979577181,0.9574345542757523
non_financial_large_cap_revenue_1b,Non-financial companies with revenue >= $1B,Agglomerative|Selection-aware Silhouette leader,10006,10012,1054,1054,1.0,0.899804843838545,0.8141903686843853
non_financial_large_cap_revenue_1b,Non-financial companies with revenue >= $1B,Agglomerative|Selection-aware Silhouette leader,10006,10013,1055,1055,1.0,0.9004240110583616,0.7850891251268902
non_financial_large_cap_revenue_1b,Non-financial companies with revenue >= $1B,Agglomerative|Selection-aware Silhouette leader,10006,10014,1055,1055,1.0,0.8073979887269663,0.6966653117525821
non_financial_large_cap_revenue_1b,Non-financial companies with revenue >= $1B,Agglomerative|Selection-aware Silhouette leader,10006,10015,1059,1059,1.0,0.6948372680685339,0.580994636116512
non_financial_large_cap_revenue_1b,Non-financial companies with revenue >= $1B,Agglomerative|Selection-aware Silhouette leader,10006,10016,1061,1061,1.0,0.7480862653863389,0.63443936780464
non_financial_large_cap_revenue_1b,Non-financial companies with revenue >= $1B,Agglomerative|Selection-aware Silhouette leader,10006,10017,1056,1056,1.0,0.9460862842065678,0.8711360007641191
non_financial_large_cap_revenue_1b,Non-financial companies with revenue >= $1B,Agglomerative|Selection-aware Silhouette leader,10006,10018,1053,1053,1.0,0.9774181942038658,0.9368764332076166
non_financial_large_cap_revenue_1b,Non-financial companies with revenue >= $1B,Agglomerative|Selection-aware Silhouette leader,10006,10019,1053,1053,1.0,0.5811185682186996,0.47856771628125083
non_financial_large_cap_revenue_1b,Non-financial companies with revenue >= $1B,Agglomerative|Selection-aware Silhouette leader,10007,10008,1056,1056,1.0,0.660433607313363,0.5473825203126547
non_financial_large_cap_revenue_1b,Non-financial companies with revenue >= $1B,Agglomerative|Selection-aware Silhouette leader,10007,10009,1052,1052,1.0,0.9287466381389068,0.8573207943111414
non_financial_large_cap_revenue_1b,Non-financial companies with revenue >= $1B,Agglomerative|Selection-aware Silhouette leader,10007,10010,1049,1049,1.0,0.9751003742121491,0.9386439440508146
non_financial_large_cap_revenue_1b,Non-financial companies with revenue >= $1B,Agglomerative|Selection-aware Silhouette leader,10007,10011,1049,1049,1.0,0.9094102465834321,0.8092439127127599
non_financial_large_cap_revenue_1b,Non-financial companies with revenue >= $1B,Agglomerative|Selection-aware Silhouette leader,10007,10012,1055,1055,1.0,0.9745916170084172,0.9304786927571969
non_financial_large_cap_revenue_1b,Non-financial companies with revenue >= $1B,Agglomerative|Selection-aware Silhouette leader,10007,10013,1058,1058,1.0,0.9521767811392474,0.8863150253492639
non_financial_large_cap_revenue_1b,Non-financial companies with revenue >= $1B,Agglomerative|Selection-aware Silhouette leader,10007,10014,1058,1058,1.0,0.7797663457111416,0.6653232125020936
non_financial_large_cap_revenue_1b,Non-financial companies with revenue >= $1B,Agglomerative|Selection-aware Silhouette leader,10007,10015,1053,1053,1.0,0.6579228130051367,0.5453772974938218
non_financial_large_cap_revenue_1b,Non-financial companies with revenue >= $1B,Agglomerative|Selection-aware Silhouette leader,10007,10016,1052,1052,1.0,0.6990962340877531,0.5851695196758071
non_financial_large_cap_revenue_1b,Non-financial companies with revenue >= $1B,Agglomerative|Selection-aware Silhouette leader,10007,10017,1055,1055,1.0,0.925833152706158,0.8527907758503058
non_financial_large_cap_revenue_1b,Non-financial companies with revenue >= $1B,Agglomerative|Selection-aware Silhouette leader,10007,10018,1062,1062,1.0,0.9461617727358346,0.8855849378137122
non_financial_large_cap_revenue_1b,Non-financial companies with revenue >= $1B,Agglomerative|Selection-aware Silhouette leader,10007,10019,1063,1063,1.0,0.5320116617861002,0.43775975311312915
non_financial_large_cap_revenue_1b,Non-financial companies with revenue >= $1B,Agglomerative|Selection-aware Silhouette leader,10008,10009,1048,1048,1.0,0.6641558144625425,0.55238459331038
non_financial_large_cap_revenue_1b,Non-financial companies with revenue >= $1B,Agglomerative|Selection-aware Silhouette leader,10008,10010,1071,1071,1.0,0.621283383313471,0.5108087242125592
non_financial_large_cap_revenue_1b,Non-financial companies with revenue >= $1B,Agglomerative|Selection-aware Silhouette leader,10008,10011,1055,1055,1.0,0.671689923296993,0.5589259281243792
non_financial_large_cap_revenue_1b,Non-financial companies with revenue >= $1B,Agglomerative|Selection-aware Silhouette leader,10008,10012,1055,1055,1.0,0.6298937578928164,0.5191830289890723
non_financial_large_cap_revenue_1b,Non-financial companies with revenue >= $1B,Agglomerative|Selection-aware Silhouette leader,10008,10013,1057,1057,1.0,0.67680313073502,0.5631709850614932
non_financial_large_cap_revenue_1b,Non-financial companies with revenue >= $1B,Agglomerative|Selection-aware Silhouette leader,10008,10014,1050,1050,1.0,0.7436620537662572,0.588913712609282
non_financial_large_cap_revenue_1b,Non-financial companies with revenue >= $1B,Agglomerative|Selection-aware Silhouette leader,10008,10015,1054,1054,1.0,0.8957813150579792,0.7802206422493376
non_financial_large_cap_revenue_1b,Non-financial companies with revenue >= $1B,Agglomerative|Selection-aware Silhouette leader,10008,10016,1054,1054,1.0,0.8424757656126285,0.6975801668063065
non_financial_large_cap_revenue_1b,Non-financial companies with revenue >= $1B,Agglomerative|Selection-aware Silhouette leader,10008,10017,1074,1074,1.0,0.6859690675953178,0.5728093258331801
non_financial_large_cap_revenue_1b,Non-financial companies with revenue >= $1B,Agglomerative|Selection-aware Silhouette leader,10008,10018,1055,1055,1.0,0.6845306278975539,0.571800621650787
non_financial_large_cap_revenue_1b,Non-financial companies with revenue >= $1B,Agglomerative|Selection-aware Silhouette leader,10008,10019,1051,1051,1.0,0.7275567956996275,0.5494354840274461
non_financial_large_cap_revenue_1b,Non-financial companies with revenue >= $1B,Agglomerative|Selection-aware Silhouette leader,10009,10010,1055,1055,1.0,0.8820929915807354,0.7895948950832806
non_financial_large_cap_revenue_1b,Non-financial companies with revenue >= $1B,Agglomerative|Selection-aware Silhouette leader,10009,10011,1056,1056,1.0,0.9683568513000357,0.9253398326687516
non_financial_large_cap_revenue_1b,Non-financial companies with revenue >= $1B,Agglomerative|Selection-aware Silhouette leader,10009,10012,1050,1050,1.0,0.900794719575713,0.8155991159347238
non_financial_large_cap_revenue_1b,Non-financial companies with revenue >= $1B,Agglomerative|Selection-aware Silhouette leader,10009,10013,1055,1055,1.0,0.890275757584957,0.7682833650824566
non_financial_large_cap_revenue_1b,Non-financial companies with revenue >= $1B,Agglomerative|Selection-aware Silhouette leader,10009,10014,1045,1045,1.0,0.811800446001741,0.7017314817957088
non_financial_large_cap_revenue_1b,Non-financial companies with revenue >= $1B,Agglomerative|Selection-aware Silhouette leader,10009,10015,1054,1054,1.0,0.6762419413270283,0.563158057335158
non_financial_large_cap_revenue_1b,Non-financial companies with revenue >= $1B,Agglomerative|Selection-aware Silhouette leader,10009,10016,1060,1060,1.0,0.7299546444149313,0.6163499739385219
non_financial_large_cap_revenue_1b,Non-financial companies with revenue >= $1B,Agglomerative|Selection-aware Silhouette leader,10009,10017,1048,1048,1.0,0.9673368441056751,0.9133540795058013
non_financial_large_cap_revenue_1b,Non-financial companies with revenue >= $1B,Agglomerative|Selection-aware Silhouette leader,10009,10018,1061,1061,1.0,0.9768315011146365,0.9421231733514416
non_financial_large_cap_revenue_1b,Non-financial companies with revenue >= $1B,Agglomerative|Selection-aware Silhouette leader,10009,10019,1055,1055,1.0,0.5311809210363577,0.4373096585202481
non_financial_large_cap_revenue_1b,Non-financial companies with revenue >= $1B,Agglomerative|Selection-aware Silhouette leader,10010,10011,1046,1046,1.0,0.8962657604545876,0.8091938194433463
non_financial_large_cap_revenue_1b,Non-financial companies with revenue >= $1B,Agglomerative|Selection-aware Silhouette leader,10010,10012,1048,1048,1.0,0.990784307995867,0.9733234272970539
non_financial_large_cap_revenue_1b,Non-financial companies with revenue >= $1B,Agglomerative|Selection-aware Silhouette leader,10010,10013,1051,1051,1.0,0.9171751120583136,0.8395794552083852
non_financial_large_cap_revenue_1b,Non-financial companies with revenue >= $1B,Agglomerative|Selection-aware Silhouette leader,10010,10014,1048,1048,1.0,0.7196455509832836,0.6014563157498771
non_financial_large_cap_revenue_1b,Non-financial companies with revenue >= $1B,Agglomerative|Selection-aware Silhouette leader,10010,10015,1050,1050,1.0,0.6314039370151632,0.5203488332584306
non_financial_large_cap_revenue_1b,Non-financial companies with revenue >= $1B,Agglomerative|Selection-aware Silhouette leader,10010,10016,1053,1053,1.0,0.6553365640613946,0.5423072017487809
non_financial_large_cap_revenue_1b,Non-financial companies with revenue >= $1B,Agglomerative|Selection-aware Silhouette leader,10010,10017,1055,1055,1.0,0.8872792675540244,0.7966934872543117
non_financial_large_cap_revenue_1b,Non-financial companies with revenue >= $1B,Agglomerative|Selection-aware Silhouette leader,10010,10018,1052,1052,1.0,0.8909372882477741,0.8017276220760385
non_financial_large_cap_revenue_1b,Non-financial companies with revenue >= $1B,Agglomerative|Selection-aware Silhouette leader,10010,10019,1065,1065,1.0,0.49477944773390764,0.40583864468672
non_financial_large_cap_revenue_1b,Non-financial companies with revenue >= $1B,Agglomerative|Selection-aware Silhouette leader,10011,10012,1063,1063,1.0,0.9217547110205783,0.846586767019917
non_financial_large_cap_revenue_1b,Non-financial companies with revenue >= $1B,Agglomerative|Selection-aware Silhouette leader,10011,10013,1041,1041,1.0,0.9292564069293836,0.836693152668344
non_financial_large_cap_revenue_1b,Non-financial companies with revenue >= $1B,Agglomerative|Selection-aware Silhouette leader,10011,10014,1066,1066,1.0,0.7978497000268651,0.6854501042753913
non_financial_large_cap_revenue_1b,Non-financial companies with revenue >= $1B,Agglomerative|Selection-aware Silhouette leader,10011,10015,1049,1049,1.0,0.6668389696989901,0.5540855317064989
non_financial_large_cap_revenue_1b,Non-financial companies with revenue >= $1B,Agglomerative|Selection-aware Silhouette leader,10011,10016,1053,1053,1.0,0.7088318832309183,0.5945230535148408
non_financial_large_cap_revenue_1b,Non-financial companies with revenue >= $1B,Agglomerative|Selection-aware Silhouette leader,10011,10017,1062,1062,1.0,0.9440278888848509,0.8718389625084024
non_financial_large_cap_revenue_1b,Non-financial companies with revenue >= $1B,Agglomerative|Selection-aware Silhouette leader,10011,10018,1051,1051,1.0,0.968008981576752,0.9166659386199747
non_financial_large_cap_revenue_1b,Non-financial companies with revenue >= $1B,Agglomerative|Selection-aware Silhouette leader,10011,10019,1054,1054,1.0,0.5355670469760956,0.4404359766463637
non_financial_large_cap_revenue_1b,Non-financial companies with revenue >= $1B,Agglomerative|Selection-aware Silhouette leader,10012,10013,1060,1060,1.0,0.9337225691988987,0.8652116280921656
non_financial_large_cap_revenue_1b,Non-financial companies with revenue >= $1B,Agglomerative|Selection-aware Silhouette leader,10012,10014,1063,1063,1.0,0.76138068132566,0.6450346117366388
non_financial_large_cap_revenue_1b,Non-financial companies with revenue >= $1B,Agglomerative|Selection-aware Silhouette leader,10012,10015,1049,1049,1.0,0.6305176945287343,0.5190727831727592
non_financial_large_cap_revenue_1b,Non-financial companies with revenue >= $1B,Agglomerative|Selection-aware Silhouette leader,10012,10016,1059,1059,1.0,0.6799023561780033,0.5649690459309382
non_financial_large_cap_revenue_1b,Non-financial companies with revenue >= $1B,Agglomerative|Selection-aware Silhouette leader,10012,10017,1060,1060,1.0,0.9055916182491819,0.8225256391026954
non_financial_large_cap_revenue_1b,Non-financial companies with revenue >= $1B,Agglomerative|Selection-aware Silhouette leader,10012,10018,1055,1055,1.0,0.9019276108075942,0.8172189300572668
non_financial_large_cap_revenue_1b,Non-financial companies with revenue >= $1B,Agglomerative|Selection-aware Silhouette leader,10012,10019,1063,1063,1.0,0.5503813964625013,0.4510552314806338
non_financial_large_cap_revenue_1b,Non-financial companies with revenue >= $1B,Agglomerative|Selection-aware Silhouette leader,10013,10014,1058,1058,1.0,0.7750164128778186,0.6275710324141976
non_financial_large_cap_revenue_1b,Non-financial companies with revenue >= $1B,Agglomerative|Selection-aware Silhouette leader,10013,10015,1056,1056,1.0,0.7070670205319507,0.5925633937583064
non_financial_large_cap_revenue_1b,Non-financial companies with revenue >= $1B,Agglomerative|Selection-aware Silhouette leader,10013,10016,1048,1048,1.0,0.7524926402620594,0.6386313237618642
non_financial_large_cap_revenue_1b,Non-financial companies with revenue >= $1B,Agglomerative|Selection-aware Silhouette leader,10013,10017,1056,1056,1.0,0.9122655089729244,0.8058254100293454
non_financial_large_cap_revenue_1b,Non-financial companies with revenue >= $1B,Agglomerative|Selection-aware Silhouette leader,10013,10018,1054,1054,1.0,0.90840395298637,0.7987943579616645
non_financial_large_cap_revenue_1b,Non-financial companies with revenue >= $1B,Agglomerative|Selection-aware Silhouette leader,10013,10019,1060,1060,1.0,0.5857275477609043,0.4822523421041127
non_financial_large_cap_revenue_1b,Non-financial companies with revenue >= $1B,Agglomerative|Selection-aware Silhouette leader,10014,10015,1048,1048,1.0,0.7888586196379781,0.6345859937904956
non_financial_large_cap_revenue_1b,Non-financial companies with revenue >= $1B,Agglomerative|Selection-aware Silhouette leader,10014,10016,1042,1042,1.0,0.7653553299314692,0.5920142675494195
non_financial_large_cap_revenue_1b,Non-financial companies with revenue >= $1B,Agglomerative|Selection-aware Silhouette leader,10014,10017,1059,1059,1.0,0.8310056673050892,0.7243699929249884
non_financial_large_cap_revenue_1b,Non-financial companies with revenue >= $1B,Agglomerative|Selection-aware Silhouette leader,10014,10018,1051,1051,1.0,0.8014439323465606,0.6896836496316375
non_financial_large_cap_revenue_1b,Non-financial companies with revenue >= $1B,Agglomerative|Selection-aware Silhouette leader,10014,10019,1065,1065,1.0,0.6937783484478282,0.58193961096326
non_financial_large_cap_revenue_1b,Non-financial companies with revenue >= $1B,Agglomerative|Selection-aware Silhouette leader,10015,10016,1058,1058,1.0,0.9290489231280201,0.838128701782452
non_financial_large_cap_revenue_1b,Non-financial companies with revenue >= $1B,Agglomerative|Selection-aware Silhouette leader,10015,10017,1053,1053,1.0,0.7205656522727757,0.606186119191073
non_financial_large_cap_revenue_1b,Non-financial companies with revenue >= $1B,Agglomerative|Selection-aware Silhouette leader,10015,10018,1054,1054,1.0,0.7031356648328657,0.5894361296574387
non_financial_large_cap_revenue_1b,Non-financial companies with revenue >= $1B,Agglomerative|Selection-aware Silhouette leader,10015,10019,1053,1053,1.0,0.7760451059399102,0.6260032448734549
non_financial_large_cap_revenue_1b,Non-financial companies with revenue >= $1B,Agglomerative|Selection-aware Silhouette leader,10016,10017,1058,1058,1.0,0.7479187542062056,0.6337902044711101
non_financial_large_cap_revenue_1b,Non-financial companies with revenue >= $1B,Agglomerative|Selection-aware Silhouette leader,10016,10018,1055,1055,1.0,0.764049565343987,0.6517442191559057
non_financial_large_cap_revenue_1b,Non-financial companies with revenue >= $1B,Agglomerative|Selection-aware Silhouette leader,10016,10019,1052,1052,1.0,0.7970451702769962,0.6813522620455749
non_financial_large_cap_revenue_1b,Non-financial companies with revenue >= $1B,Agglomerative|Selection-aware Silhouette leader,10017,10018,1045,1045,1.0,0.9839532093600826,0.9573047702403084
non_financial_large_cap_revenue_1b,Non-financial companies with revenue >= $1B,Agglomerative|Selection-aware Silhouette leader,10017,10019,1051,1051,1.0,0.5757770015318201,0.4735172964856808
non_financial_large_cap_revenue_1b,Non-financial companies with revenue >= $1B,Agglomerative|Selection-aware Silhouette leader,10018,10019,1047,1047,1.0,0.5686763855435095,0.4694903541248679
non_financial_large_cap_revenue_1b,Non-financial companies with revenue >= $1B,Gaussian Mixture|Selection-aware Silhouette leader,10000,10001,1067,1067,1.0,0.9663954222665972,0.9357044535193082
non_financial_large_cap_revenue_1b,Non-financial companies with revenue >= $1B,Gaussian Mixture|Selection-aware Silhouette leader,10000,10002,1062,1062,1.0,0.933127339415031,0.8745611076117814
non_financial_large_cap_revenue_1b,Non-financial companies with revenue >= $1B,Gaussian Mixture|Selection-aware Silhouette leader,10000,10003,1066,1066,1.0,0.9443331840133952,0.8992685799120584
non_financial_large_cap_revenue_1b,Non-financial companies with revenue >= $1B,Gaussian Mixture|Selection-aware Silhouette leader,10000,10004,1048,1048,1.0,0.9211465185612482,0.8737757814349704
non_financial_large_cap_revenue_1b,Non-financial companies with revenue >= $1B,Gaussian Mixture|Selection-aware Silhouette leader,10000,10005,1053,1053,1.0,0.8534640756721827,0.7668684199331374
non_financial_large_cap_revenue_1b,Non-financial companies with revenue >= $1B,Gaussian Mixture|Selection-aware Silhouette leader,10000,10006,1063,1063,1.0,0.9551819682245221,0.9084991059477314
non_financial_large_cap_revenue_1b,Non-financial companies with revenue >= $1B,Gaussian Mixture|Selection-aware Silhouette leader,10000,10007,1041,1041,1.0,0.9429725700357696,0.8877403279141906
non_financial_large_cap_revenue_1b,Non-financial companies with revenue >= $1B,Gaussian Mixture|Selection-aware Silhouette leader,10000,10008,1058,1058,1.0,0.9292063739582406,0.8705271653693183
non_financial_large_cap_revenue_1b,Non-financial companies with revenue >= $1B,Gaussian Mixture|Selection-aware Silhouette leader,10000,10009,1056,1056,1.0,0.8929096092683867,0.835508156328671
non_financial_large_cap_revenue_1b,Non-financial companies with revenue >= $1B,Gaussian Mixture|Selection-aware Silhouette leader,10000,10010,1062,1062,1.0,0.95136375563381,0.9003636639574467
non_financial_large_cap_revenue_1b,Non-financial companies with revenue >= $1B,Gaussian Mixture|Selection-aware Silhouette leader,10000,10011,1060,1060,1.0,0.900337548552525,0.8488321329893241
non_financial_large_cap_revenue_1b,Non-financial companies with revenue >= $1B,Gaussian Mixture|Selection-aware Silhouette leader,10000,10012,1044,1044,1.0,0.961878691904338,0.9241134649899204
non_financial_large_cap_revenue_1b,Non-financial companies with revenue >= $1B,Gaussian Mixture|Selection-aware Silhouette leader,10000,10013,1052,1052,1.0,0.8463049819082904,0.7734657621696397
non_financial_large_cap_revenue_1b,Non-financial companies with revenue >= $1B,Gaussian Mixture|Selection-aware Silhouette leader,10000,10014,1049,1049,1.0,0.9248492471590021,0.862111961609058
non_financial_large_cap_revenue_1b,Non-financial companies with revenue >= $1B,Gaussian Mixture|Selection-aware Silhouette leader,10000,10015,1061,1061,1.0,0.7997124226394349,0.732430081151028
non_financial_large_cap_revenue_1b,Non-financial companies with revenue >= $1B,Gaussian Mixture|Selection-aware Silhouette leader,10000,10016,1060,1060,1.0,0.969898549438625,0.9411369382547726
non_financial_large_cap_revenue_1b,Non-financial companies with revenue >= $1B,Gaussian Mixture|Selection-aware Silhouette leader,10000,10017,1056,1056,1.0,0.836343742863115,0.7743136200824897
non_financial_large_cap_revenue_1b,Non-financial companies with revenue >= $1B,Gaussian Mixture|Selection-aware Silhouette leader,10000,10018,1055,1055,1.0,0.9326462806018916,0.8769074510330326
non_financial_large_cap_revenue_1b,Non-financial companies with revenue >= $1B,Gaussian Mixture|Selection-aware Silhouette leader,10000,10019,1051,1051,1.0,0.9734285573434466,0.9401822358599189
non_financial_large_cap_revenue_1b,Non-financial companies with revenue >= $1B,Gaussian Mixture|Selection-aware Silhouette leader,10001,10002,1066,1066,1.0,0.9044781126924377,0.8362653770724446
non_financial_large_cap_revenue_1b,Non-financial companies with revenue >= $1B,Gaussian Mixture|Selection-aware Silhouette leader,10001,10003,1055,1055,1.0,0.9107591016249128,0.8516807963982708
non_financial_large_cap_revenue_1b,Non-financial companies with revenue >= $1B,Gaussian Mixture|Selection-aware Silhouette leader,10001,10004,1048,1048,1.0,0.8955106296312322,0.8426273436757192
non_financial_large_cap_revenue_1b,Non-financial companies with revenue >= $1B,Gaussian Mixture|Selection-aware Silhouette leader,10001,10005,1065,1065,1.0,0.85160011376717,0.7719694922413939
non_financial_large_cap_revenue_1b,Non-financial companies with revenue >= $1B,Gaussian Mixture|Selection-aware Silhouette leader,10001,10006,1049,1049,1.0,0.9507989206496092,0.9010308448224779
non_financial_large_cap_revenue_1b,Non-financial companies with revenue >= $1B,Gaussian Mixture|Selection-aware Silhouette leader,10001,10007,1066,1066,1.0,0.9297087526727399,0.871071383461898
non_financial_large_cap_revenue_1b,Non-financial companies with revenue >= $1B,Gaussian Mixture|Selection-aware Silhouette leader,10001,10008,1052,1052,1.0,0.9250849004153932,0.8729028903121786
non_financial_large_cap_revenue_1b,Non-financial companies with revenue >= $1B,Gaussian Mixture|Selection-aware Silhouette leader,10001,10009,1060,1060,1.0,0.8649173198797929,0.8044963616340131
non_financial_large_cap_revenue_1b,Non-financial companies with revenue >= $1B,Gaussian Mixture|Selection-aware Silhouette leader,10001,10010,1062,1062,1.0,0.9513369625834474,0.9078131088951195
non_financial_large_cap_revenue_1b,Non-financial companies with revenue >= $1B,Gaussian Mixture|Selection-aware Silhouette leader,10001,10011,1057,1057,1.0,0.8750633291354818,0.820779183668704
non_financial_large_cap_revenue_1b,Non-financial companies with revenue >= $1B,Gaussian Mixture|Selection-aware Silhouette leader,10001,10012,1052,1052,1.0,0.9771926251882576,0.9474337287308189
non_financial_large_cap_revenue_1b,Non-financial companies with revenue >= $1B,Gaussian Mixture|Selection-aware Silhouette leader,10001,10013,1052,1052,1.0,0.8013181192126996,0.7248889896438852
non_financial_large_cap_revenue_1b,Non-financial companies with revenue >= $1B,Gaussian Mixture|Selection-aware Silhouette leader,10001,10014,1041,1041,1.0,0.9058473790869196,0.848962635855338
non_financial_large_cap_revenue_1b,Non-financial companies with revenue >= $1B,Gaussian Mixture|Selection-aware Silhouette leader,10001,10015,1065,1065,1.0,0.7442242851755334,0.6781728287741376
non_financial_large_cap_revenue_1b,Non-financial companies with revenue >= $1B,Gaussian Mixture|Selection-aware Silhouette leader,10001,10016,1068,1068,1.0,0.9962399652424019,0.9897347689070274
non_financial_large_cap_revenue_1b,Non-financial companies with revenue >= $1B,Gaussian Mixture|Selection-aware Silhouette leader,10001,10017,1056,1056,1.0,0.8019263078574799,0.740456940740751
non_financial_large_cap_revenue_1b,Non-financial companies with revenue >= $1B,Gaussian Mixture|Selection-aware Silhouette leader,10001,10018,1067,1067,1.0,0.9189061057196598,0.8709472826837787
non_financial_large_cap_revenue_1b,Non-financial companies with revenue >= $1B,Gaussian Mixture|Selection-aware Silhouette leader,10001,10019,1052,1052,1.0,0.9361456028091881,0.8816937369944889
non_financial_large_cap_revenue_1b,Non-financial companies with revenue >= $1B,Gaussian Mixture|Selection-aware Silhouette leader,10002,10003,1053,1053,1.0,0.9735177796403636,0.9417177430140068
non_financial_large_cap_revenue_1b,Non-financial companies with revenue >= $1B,Gaussian Mixture|Selection-aware Silhouette leader,10002,10004,1047,1047,1.0,0.9433249990918843,0.8976814381914766
non_financial_large_cap_revenue_1b,Non-financial companies with revenue >= $1B,Gaussian Mixture|Selection-aware Silhouette leader,10002,10005,1057,1057,1.0,0.8894404380656187,0.8108534120791928
non_financial_large_cap_revenue_1b,Non-financial companies with revenue >= $1B,Gaussian Mixture|Selection-aware Silhouette leader,10002,10006,1059,1059,1.0,0.9219750395321246,0.8607764121469276
non_financial_large_cap_revenue_1b,Non-financial companies with revenue >= $1B,Gaussian Mixture|Selection-aware Silhouette leader,10002,10007,1049,1049,1.0,0.947158689959944,0.89794215584163
non_financial_large_cap_revenue_1b,Non-financial companies with revenue >= $1B,Gaussian Mixture|Selection-aware Silhouette leader,10002,10008,1040,1040,1.0,0.8659638852404733,0.7771975191851597
non_financial_large_cap_revenue_1b,Non-financial companies with revenue >= $1B,Gaussian Mixture|Selection-aware Silhouette leader,10002,10009,1066,1066,1.0,0.9407419266433971,0.8951485871822155
non_financial_large_cap_revenue_1b,Non-financial companies with revenue >= $1B,Gaussian Mixture|Selection-aware Silhouette leader,10002,10010,1055,1055,1.0,0.9070070987869285,0.8339320255388184
non_financial_large_cap_revenue_1b,Non-financial companies with revenue >= $1B,Gaussian Mixture|Selection-aware Silhouette leader,10002,10011,1064,1064,1.0,0.9405559081955378,0.8939374414218535
non_financial_large_cap_revenue_1b,Non-financial companies with revenue >= $1B,Gaussian Mixture|Selection-aware Silhouette leader,10002,10012,1045,1045,1.0,0.9099227068498105,0.8475429460959729
non_financial_large_cap_revenue_1b,Non-financial companies with revenue >= $1B,Gaussian Mixture|Selection-aware Silhouette leader,10002,10013,1064,1064,1.0,0.9152232129358268,0.8622974814132447
non_financial_large_cap_revenue_1b,Non-financial companies with revenue >= $1B,Gaussian Mixture|Selection-aware Silhouette leader,10002,10014,1056,1056,1.0,0.9327551934154871,0.8720797320498753
non_financial_large_cap_revenue_1b,Non-financial companies with revenue >= $1B,Gaussian Mixture|Selection-aware Silhouette leader,10002,10015,1056,1056,1.0,0.8540165983216266,0.7949679408139911
non_financial_large_cap_revenue_1b,Non-financial companies with revenue >= $1B,Gaussian Mixture|Selection-aware Silhouette leader,10002,10016,1066,1066,1.0,0.9116154249843033,0.8494385973925921
non_financial_large_cap_revenue_1b,Non-financial companies with revenue >= $1B,Gaussian Mixture|Selection-aware Silhouette leader,10002,10017,1039,1039,1.0,0.8874847314022367,0.8346512945115407
non_financial_large_cap_revenue_1b,Non-financial companies with revenue >= $1B,Gaussian Mixture|Selection-aware Silhouette leader,10002,10018,1050,1050,1.0,0.9176922588832431,0.8488073954429355
non_financial_large_cap_revenue_1b,Non-financial companies with revenue >= $1B,Gaussian Mixture|Selection-aware Silhouette leader,10002,10019,1057,1057,1.0,0.9328471978889685,0.8744912825115919
non_financial_large_cap_revenue_1b,Non-financial companies with revenue >= $1B,Gaussian Mixture|Selection-aware Silhouette leader,10003,10004,1059,1059,1.0,0.9587462792957125,0.9199061071390248
non_financial_large_cap_revenue_1b,Non-financial companies with revenue >= $1B,Gaussian Mixture|Selection-aware Silhouette leader,10003,10005,1051,1051,1.0,0.8852331941183248,0.8041653921343046
non_financial_large_cap_revenue_1b,Non-financial companies with revenue >= $1B,Gaussian Mixture|Selection-aware Silhouette leader,10003,10006,1061,1061,1.0,0.9185015137788993,0.8563438976790799
non_financial_large_cap_revenue_1b,Non-financial companies with revenue >= $1B,Gaussian Mixture|Selection-aware Silhouette leader,10003,10007,1060,1060,1.0,0.936681278596059,0.8812501205288169
non_financial_large_cap_revenue_1b,Non-financial companies with revenue >= $1B,Gaussian Mixture|Selection-aware Silhouette leader,10003,10008,1051,1051,1.0,0.8959244142033554,0.8174984098163052
non_financial_large_cap_revenue_1b,Non-financial companies with revenue >= $1B,Gaussian Mixture|Selection-aware Silhouette leader,10003,10009,1058,1058,1.0,0.936629155106794,0.8863484484889375
non_financial_large_cap_revenue_1b,Non-financial companies with revenue >= $1B,Gaussian Mixture|Selection-aware Silhouette leader,10003,10010,1050,1050,1.0,0.9029818897825237,0.8302037313982645
non_financial_large_cap_revenue_1b,Non-financial companies with revenue >= $1B,Gaussian Mixture|Selection-aware Silhouette leader,10003,10011,1071,1071,1.0,0.9373431290514799,0.886781563981116
non_financial_large_cap_revenue_1b,Non-financial companies with revenue >= $1B,Gaussian Mixture|Selection-aware Silhouette leader,10003,10012,1065,1065,1.0,0.9151032833428356,0.8602006273176775
non_financial_large_cap_revenue_1b,Non-financial companies with revenue >= $1B,Gaussian Mixture|Selection-aware Silhouette leader,10003,10013,1048,1048,1.0,0.9139457088378182,0.8605267082647258
non_financial_large_cap_revenue_1b,Non-financial companies with revenue >= $1B,Gaussian Mixture|Selection-aware Silhouette leader,10003,10014,1066,1066,1.0,0.937030087898415,0.8783474346641799
non_financial_large_cap_revenue_1b,Non-financial companies with revenue >= $1B,Gaussian Mixture|Selection-aware Silhouette leader,10003,10015,1064,1064,1.0,0.8412105714447956,0.782088851453893
non_financial_large_cap_revenue_1b,Non-financial companies with revenue >= $1B,Gaussian Mixture|Selection-aware Silhouette leader,10003,10016,1058,1058,1.0,0.9182257882096215,0.8700714793726514
non_financial_large_cap_revenue_1b,Non-financial companies with revenue >= $1B,Gaussian Mixture|Selection-aware Silhouette leader,10003,10017,1059,1059,1.0,0.8753807848222978,0.8114563138805339
non_financial_large_cap_revenue_1b,Non-financial companies with revenue >= $1B,Gaussian Mixture|Selection-aware Silhouette leader,10003,10018,1050,1050,1.0,0.9176586193470923,0.8489005242645686
non_financial_large_cap_revenue_1b,Non-financial companies with revenue >= $1B,Gaussian Mixture|Selection-aware Silhouette leader,10003,10019,1054,1054,1.0,0.9437150208986818,0.8953521052717986
non_financial_large_cap_revenue_1b,Non-financial companies with revenue >= $1B,Gaussian Mixture|Selection-aware Silhouette leader,10004,10005,1062,1062,1.0,0.8721923618035371,0.785657815966606
non_financial_large_cap_revenue_1b,Non-financial companies with revenue >= $1B,Gaussian Mixture|Selection-aware Silhouette leader,10004,10006,1055,1055,1.0,0.9216210364216568,0.8683860775265173
non_financial_large_cap_revenue_1b,Non-financial companies with revenue >= $1B,Gaussian Mixture|Selection-aware Silhouette leader,10004,10007,1058,1058,1.0,0.9291678364344854,0.8838014745161519
non_financial_large_cap_revenue_1b,Non-financial companies with revenue >= $1B,Gaussian Mixture|Selection-aware Silhouette leader,10004,10008,1052,1052,1.0,0.9214332081237265,0.8553097504208145
non_financial_large_cap_revenue_1b,Non-financial companies with revenue >= $1B,Gaussian Mixture|Selection-aware Silhouette leader,10004,10009,1062,1062,1.0,0.9626022919088066,0.9223134044410206
non_financial_large_cap_revenue_1b,Non-financial companies with revenue >= $1B,Gaussian Mixture|Selection-aware Silhouette leader,10004,10010,1074,1074,1.0,0.908694830629635,0.8458832202021406
non_financial_large_cap_revenue_1b,Non-financial companies with revenue >= $1B,Gaussian Mixture|Selection-aware Silhouette leader,10004,10011,1063,1063,1.0,0.9588909150458064,0.9157127356109105
non_financial_large_cap_revenue_1b,Non-financial companies with revenue >= $1B,Gaussian Mixture|Selection-aware Silhouette leader,10004,10012,1046,1046,1.0,0.8952480193392837,0.8357278918892586
non_financial_large_cap_revenue_1b,Non-financial companies with revenue >= $1B,Gaussian Mixture|Selection-aware Silhouette leader,10004,10013,1068,1068,1.0,0.9083075396742544,0.8419287763314789
non_financial_large_cap_revenue_1b,Non-financial companies with revenue >= $1B,Gaussian Mixture|Selection-aware Silhouette leader,10004,10014,1049,1049,1.0,0.9583339541150057,0.9190069771228886
non_financial_large_cap_revenue_1b,Non-financial companies with revenue >= $1B,Gaussian Mixture|Selection-aware Silhouette leader,10004,10015,1056,1056,1.0,0.8469893687223485,0.7730151479778145
non_financial_large_cap_revenue_1b,Non-financial companies with revenue >= $1B,Gaussian Mixture|Selection-aware Silhouette leader,10004,10016,1052,1052,1.0,0.888634614270381,0.8344730698767253
non_financial_large_cap_revenue_1b,Non-financial companies with revenue >= $1B,Gaussian Mixture|Selection-aware Silhouette leader,10004,10017,1053,1053,1.0,0.8781551710931906,0.8023547916763322
non_financial_large_cap_revenue_1b,Non-financial companies with revenue >= $1B,Gaussian Mixture|Selection-aware Silhouette leader,10004,10018,1046,1046,1.0,0.917299791458131,0.8494504171228382
non_financial_large_cap_revenue_1b,Non-financial companies with revenue >= $1B,Gaussian Mixture|Selection-aware Silhouette leader,10004,10019,1054,1054,1.0,0.9326123730325498,0.8830859773661713
non_financial_large_cap_revenue_1b,Non-financial companies with revenue >= $1B,Gaussian Mixture|Selection-aware Silhouette leader,10005,10006,1058,1058,1.0,0.8716545697811966,0.7914931030862545
non_financial_large_cap_revenue_1b,Non-financial companies with revenue >= $1B,Gaussian Mixture|Selection-aware Silhouette leader,10005,10007,1056,1056,1.0,0.9182309143243396,0.8595379851328757
non_financial_large_cap_revenue_1b,Non-financial companies with revenue >= $1B,Gaussian Mixture|Selection-aware Silhouette leader,10005,10008,1043,1043,1.0,0.8100569463879285,0.709224360966336
non_financial_large_cap_revenue_1b,Non-financial companies with revenue >= $1B,Gaussian Mixture|Selection-aware Silhouette leader,10005,10009,1061,1061,1.0,0.8970499898985108,0.8213031988426543
non_financial_large_cap_revenue_1b,Non-financial companies with revenue >= $1B,Gaussian Mixture|Selection-aware Silhouette leader,10005,10010,1052,1052,1.0,0.8602396662854535,0.77600167423089
non_financial_large_cap_revenue_1b,Non-financial companies with revenue >= $1B,Gaussian Mixture|Selection-aware Silhouette leader,10005,10011,1055,1055,1.0,0.9108489248451455,0.8397934629935616
non_financial_large_cap_revenue_1b,Non-financial companies with revenue >= $1B,Gaussian Mixture|Selection-aware Silhouette leader,10005,10012,1053,1053,1.0,0.8639016662860521,0.7882035396213817
non_financial_large_cap_revenue_1b,Non-financial companies with revenue >= $1B,Gaussian Mixture|Selection-aware Silhouette leader,10005,10013,1037,1037,1.0,0.8947530935291629,0.8267403521648514
non_financial_large_cap_revenue_1b,Non-financial companies with revenue >= $1B,Gaussian Mixture|Selection-aware Silhouette leader,10005,10014,1053,1053,1.0,0.8818630827445889,0.7993426299766663
non_financial_large_cap_revenue_1b,Non-financial companies with revenue >= $1B,Gaussian Mixture|Selection-aware Silhouette leader,10005,10015,1052,1052,1.0,0.867649944070652,0.810097259334052
non_financial_large_cap_revenue_1b,Non-financial companies with revenue >= $1B,Gaussian Mixture|Selection-aware Silhouette leader,10005,10016,1050,1050,1.0,0.8530015456896697,0.7745895635024982
non_financial_large_cap_revenue_1b,Non-financial companies with revenue >= $1B,Gaussian Mixture|Selection-aware Silhouette leader,10005,10017,1065,1065,1.0,0.9009310119782354,0.8449287013802834
non_financial_large_cap_revenue_1b,Non-financial companies with revenue >= $1B,Gaussian Mixture|Selection-aware Silhouette leader,10005,10018,1053,1053,1.0,0.8499757473838949,0.7579105023513308
non_financial_large_cap_revenue_1b,Non-financial companies with revenue >= $1B,Gaussian Mixture|Selection-aware Silhouette leader,10005,10019,1060,1060,1.0,0.8474416512591245,0.7591387454188453
non_financial_large_cap_revenue_1b,Non-financial companies with revenue >= $1B,Gaussian Mixture|Selection-aware Silhouette leader,10006,10007,1059,1059,1.0,0.9475637542977361,0.8950960097994507
non_financial_large_cap_revenue_1b,Non-financial companies with revenue >= $1B,Gaussian Mixture|Selection-aware Silhouette leader,10006,10008,1059,1059,1.0,0.9255722052594256,0.8651356461577806
non_financial_large_cap_revenue_1b,Non-financial companies with revenue >= $1B,Gaussian Mixture|Selection-aware Silhouette leader,10006,10009,1058,1058,1.0,0.9110759033622983,0.862334025867559
non_financial_large_cap_revenue_1b,Non-financial companies with revenue >= $1B,Gaussian Mixture|Selection-aware Silhouette leader,10006,10010,1071,1071,1.0,0.9738537176729603,0.9411475889279775
non_financial_large_cap_revenue_1b,Non-financial companies with revenue >= $1B,Gaussian Mixture|Selection-aware Silhouette leader,10006,10011,1061,1061,1.0,0.9040247193898157,0.8531583345579906
non_financial_large_cap_revenue_1b,Non-financial companies with revenue >= $1B,Gaussian Mixture|Selection-aware Silhouette leader,10006,10012,1054,1054,1.0,0.9621902469325923,0.9217057616205083
non_financial_large_cap_revenue_1b,Non-financial companies with revenue >= $1B,Gaussian Mixture|Selection-aware Silhouette leader,10006,10013,1055,1055,1.0,0.8571910652902474,0.7957677575494764
non_financial_large_cap_revenue_1b,Non-financial companies with revenue >= $1B,Gaussian Mixture|Selection-aware Silhouette leader,10006,10014,1055,1055,1.0,0.9437013504477096,0.9029628170371725
non_financial_large_cap_revenue_1b,Non-financial companies with revenue >= $1B,Gaussian Mixture|Selection-aware Silhouette leader,10006,10015,1059,1059,1.0,0.7926086577068079,0.7347563121561239
non_financial_large_cap_revenue_1b,Non-financial companies with revenue >= $1B,Gaussian Mixture|Selection-aware Silhouette leader,10006,10016,1061,1061,1.0,0.9550431217565223,0.9089747990265721
non_financial_large_cap_revenue_1b,Non-financial companies with revenue >= $1B,Gaussian Mixture|Selection-aware Silhouette leader,10006,10017,1056,1056,1.0,0.8432686170111601,0.7764344130187495
non_financial_large_cap_revenue_1b,Non-financial companies with revenue >= $1B,Gaussian Mixture|Selection-aware Silhouette leader,10006,10018,1053,1053,1.0,0.9510152447364157,0.9080431453867316
non_financial_large_cap_revenue_1b,Non-financial companies with revenue >= $1B,Gaussian Mixture|Selection-aware Silhouette leader,10006,10019,1053,1053,1.0,0.9584620361883336,0.9145406163314075
non_financial_large_cap_revenue_1b,Non-financial companies with revenue >= $1B,Gaussian Mixture|Selection-aware Silhouette leader,10007,10008,1056,1056,1.0,0.8999388975544266,0.8233948990342079
non_financial_large_cap_revenue_1b,Non-financial companies with revenue >= $1B,Gaussian Mixture|Selection-aware Silhouette leader,10007,10009,1052,1052,1.0,0.9179178230633338,0.8711392189300013
non_financial_large_cap_revenue_1b,Non-financial companies with revenue >= $1B,Gaussian Mixture|Selection-aware Silhouette leader,10007,10010,1049,1049,1.0,0.9395847693588024,0.8811195925696782
non_financial_large_cap_revenue_1b,Non-financial companies with revenue >= $1B,Gaussian Mixture|Selection-aware Silhouette leader,10007,10011,1049,1049,1.0,0.9102720301943621,0.8608289623053251
non_financial_large_cap_revenue_1b,Non-financial companies with revenue >= $1B,Gaussian Mixture|Selection-aware Silhouette leader,10007,10012,1055,1055,1.0,0.9436417834123872,0.8940385106534113
non_financial_large_cap_revenue_1b,Non-financial companies with revenue >= $1B,Gaussian Mixture|Selection-aware Silhouette leader,10007,10013,1058,1058,1.0,0.8859309933328736,0.8273187339923908
non_financial_large_cap_revenue_1b,Non-financial companies with revenue >= $1B,Gaussian Mixture|Selection-aware Silhouette leader,10007,10014,1058,1058,1.0,0.9475525985727156,0.9001801083105057
non_financial_large_cap_revenue_1b,Non-financial companies with revenue >= $1B,Gaussian Mixture|Selection-aware Silhouette leader,10007,10015,1053,1053,1.0,0.822260561970832,0.7695703543127549
non_financial_large_cap_revenue_1b,Non-financial companies with revenue >= $1B,Gaussian Mixture|Selection-aware Silhouette leader,10007,10016,1052,1052,1.0,0.9398211540156914,0.8866448484489119
non_financial_large_cap_revenue_1b,Non-financial companies with revenue >= $1B,Gaussian Mixture|Selection-aware Silhouette leader,10007,10017,1055,1055,1.0,0.8677516712875026,0.8130525059496189
non_financial_large_cap_revenue_1b,Non-financial companies with revenue >= $1B,Gaussian Mixture|Selection-aware Silhouette leader,10007,10018,1062,1062,1.0,0.9258133258537029,0.8627562104575895
non_financial_large_cap_revenue_1b,Non-financial companies with revenue >= $1B,Gaussian Mixture|Selection-aware Silhouette leader,10007,10019,1063,1063,1.0,0.9331866793634322,0.8722375538866602
non_financial_large_cap_revenue_1b,Non-financial companies with revenue >= $1B,Gaussian Mixture|Selection-aware Silhouette leader,10008,10009,1048,1048,1.0,0.9139493619347724,0.8539329358961397
non_financial_large_cap_revenue_1b,Non-financial companies with revenue >= $1B,Gaussian Mixture|Selection-aware Silhouette leader,10008,10010,1071,1071,1.0,0.9372655688691114,0.8815456506402835
non_financial_large_cap_revenue_1b,Non-financial companies with revenue >= $1B,Gaussian Mixture|Selection-aware Silhouette leader,10008,10011,1055,1055,1.0,0.8999494729059537,0.8359168595742961
non_financial_large_cap_revenue_1b,Non-financial companies with revenue >= $1B,Gaussian Mixture|Selection-aware Silhouette leader,10008,10012,1055,1055,1.0,0.9143224150550081,0.8554815103068938
non_financial_large_cap_revenue_1b,Non-financial companies with revenue >= $1B,Gaussian Mixture|Selection-aware Silhouette leader,10008,10013,1057,1057,1.0,0.8329691080891458,0.7428376653872846
non_financial_large_cap_revenue_1b,Non-financial companies with revenue >= $1B,Gaussian Mixture|Selection-aware Silhouette leader,10008,10014,1050,1050,1.0,0.9250113495923081,0.8601425112821418
non_financial_large_cap_revenue_1b,Non-financial companies with revenue >= $1B,Gaussian Mixture|Selection-aware Silhouette leader,10008,10015,1054,1054,1.0,0.7615476097849183,0.6791247650349529
non_financial_large_cap_revenue_1b,Non-financial companies with revenue >= $1B,Gaussian Mixture|Selection-aware Silhouette leader,10008,10016,1054,1054,1.0,0.914256306649078,0.8592641190831151
non_financial_large_cap_revenue_1b,Non-financial companies with revenue >= $1B,Gaussian Mixture|Selection-aware Silhouette leader,10008,10017,1074,1074,1.0,0.8085328796603687,0.7203379946954095
non_financial_large_cap_revenue_1b,Non-financial companies with revenue >= $1B,Gaussian Mixture|Selection-aware Silhouette leader,10008,10018,1055,1055,1.0,0.9548701175107223,0.9075384737943839
non_financial_large_cap_revenue_1b,Non-financial companies with revenue >= $1B,Gaussian Mixture|Selection-aware Silhouette leader,10008,10019,1051,1051,1.0,0.9435144969288615,0.892320542777808
non_financial_large_cap_revenue_1b,Non-financial companies with revenue >= $1B,Gaussian Mixture|Selection-aware Silhouette leader,10009,10010,1055,1055,1.0,0.9035199234800497,0.8468581174619871
non_financial_large_cap_revenue_1b,Non-financial companies with revenue >= $1B,Gaussian Mixture|Selection-aware Silhouette leader,10009,10011,1056,1056,1.0,0.9848745603259693,0.9632520708337647
non_financial_large_cap_revenue_1b,Non-financial companies with revenue >= $1B,Gaussian Mixture|Selection-aware Silhouette leader,10009,10012,1050,1050,1.0,0.8887045283863656,0.8367302133230273
non_financial_large_cap_revenue_1b,Non-financial companies with revenue >= $1B,Gaussian Mixture|Selection-aware Silhouette leader,10009,10013,1055,1055,1.0,0.9254744211992246,0.8641180027777559
non_financial_large_cap_revenue_1b,Non-financial companies with revenue >= $1B,Gaussian Mixture|Selection-aware Silhouette leader,10009,10014,1045,1045,1.0,0.9582533649789788,0.9245917722625455
non_financial_large_cap_revenue_1b,Non-financial companies with revenue >= $1B,Gaussian Mixture|Selection-aware Silhouette leader,10009,10015,1054,1054,1.0,0.8785433292836643,0.8089394805138681
non_financial_large_cap_revenue_1b,Non-financial companies with revenue >= $1B,Gaussian Mixture|Selection-aware Silhouette leader,10009,10016,1060,1060,1.0,0.8755003322171135,0.815888075650958
non_financial_large_cap_revenue_1b,Non-financial companies with revenue >= $1B,Gaussian Mixture|Selection-aware Silhouette leader,10009,10017,1048,1048,1.0,0.9066870607460618,0.8409161990981122
non_financial_large_cap_revenue_1b,Non-financial companies with revenue >= $1B,Gaussian Mixture|Selection-aware Silhouette leader,10009,10018,1061,1061,1.0,0.9258686349102371,0.8721720520453045
non_financial_large_cap_revenue_1b,Non-financial companies with revenue >= $1B,Gaussian Mixture|Selection-aware Silhouette leader,10009,10019,1055,1055,1.0,0.9144591489085769,0.8663866098162915
non_financial_large_cap_revenue_1b,Non-financial companies with revenue >= $1B,Gaussian Mixture|Selection-aware Silhouette leader,10010,10011,1046,1046,1.0,0.9062131189162056,0.854876112883683
non_financial_large_cap_revenue_1b,Non-financial companies with revenue >= $1B,Gaussian Mixture|Selection-aware Silhouette leader,10010,10012,1048,1048,1.0,0.9581668909680416,0.9176745666197335
non_financial_large_cap_revenue_1b,Non-financial companies with revenue >= $1B,Gaussian Mixture|Selection-aware Silhouette leader,10010,10013,1051,1051,1.0,0.8112442959510356,0.727586895180595
non_financial_large_cap_revenue_1b,Non-financial companies with revenue >= $1B,Gaussian Mixture|Selection-aware Silhouette leader,10010,10014,1048,1048,1.0,0.9284537761662525,0.8733974671399035
non_financial_large_cap_revenue_1b,Non-financial companies with revenue >= $1B,Gaussian Mixture|Selection-aware Silhouette leader,10010,10015,1050,1050,1.0,0.7573243896296937,0.6825137911114033
non_financial_large_cap_revenue_1b,Non-financial companies with revenue >= $1B,Gaussian Mixture|Selection-aware Silhouette leader,10010,10016,1053,1053,1.0,0.9584320607854564,0.9186207561223433
non_financial_large_cap_revenue_1b,Non-financial companies with revenue >= $1B,Gaussian Mixture|Selection-aware Silhouette leader,10010,10017,1055,1055,1.0,0.8015648319480686,0.7198924129704889
non_financial_large_cap_revenue_1b,Non-financial companies with revenue >= $1B,Gaussian Mixture|Selection-aware Silhouette leader,10010,10018,1052,1052,1.0,0.9509714730951015,0.9130083815110112
non_financial_large_cap_revenue_1b,Non-financial companies with revenue >= $1B,Gaussian Mixture|Selection-aware Silhouette leader,10010,10019,1065,1065,1.0,0.929554102989147,0.8656717446583211
non_financial_large_cap_revenue_1b,Non-financial companies with revenue >= $1B,Gaussian Mixture|Selection-aware Silhouette leader,10011,10012,1063,1063,1.0,0.8755704306086461,0.8200834785493121
non_financial_large_cap_revenue_1b,Non-financial companies with revenue >= $1B,Gaussian Mixture|Selection-aware Silhouette leader,10011,10013,1041,1041,1.0,0.9133717764735737,0.8457370764962515
non_financial_large_cap_revenue_1b,Non-financial companies with revenue >= $1B,Gaussian Mixture|Selection-aware Silhouette leader,10011,10014,1066,1066,1.0,0.9516212675451844,0.9140448168786949
non_financial_large_cap_revenue_1b,Non-financial companies with revenue >= $1B,Gaussian Mixture|Selection-aware Silhouette leader,10011,10015,1049,1049,1.0,0.8743870795944779,0.809064288761103
non_financial_large_cap_revenue_1b,Non-financial companies with revenue >= $1B,Gaussian Mixture|Selection-aware Silhouette leader,10011,10016,1053,1053,1.0,0.8709498283143663,0.815629004772973
non_financial_large_cap_revenue_1b,Non-financial companies with revenue >= $1B,Gaussian Mixture|Selection-aware Silhouette leader,10011,10017,1062,1062,1.0,0.9078098892150868,0.8413434658708145
non_financial_large_cap_revenue_1b,Non-financial companies with revenue >= $1B,Gaussian Mixture|Selection-aware Silhouette leader,10011,10018,1051,1051,1.0,0.9361248809382889,0.8878324418535186
non_financial_large_cap_revenue_1b,Non-financial companies with revenue >= $1B,Gaussian Mixture|Selection-aware Silhouette leader,10011,10019,1054,1054,1.0,0.8998766470189795,0.8490963218673272
non_financial_large_cap_revenue_1b,Non-financial companies with revenue >= $1B,Gaussian Mixture|Selection-aware Silhouette leader,10012,10013,1060,1060,1.0,0.8335282431652254,0.7673550866870784
non_financial_large_cap_revenue_1b,Non-financial companies with revenue >= $1B,Gaussian Mixture|Selection-aware Silhouette leader,10012,10014,1063,1063,1.0,0.914916222086817,0.8655074618807906
non_financial_large_cap_revenue_1b,Non-financial companies with revenue >= $1B,Gaussian Mixture|Selection-aware Silhouette leader,10012,10015,1049,1049,1.0,0.7671126775117754,0.7060500051245444
non_financial_large_cap_revenue_1b,Non-financial companies with revenue >= $1B,Gaussian Mixture|Selection-aware Silhouette leader,10012,10016,1059,1059,1.0,0.9848474696809902,0.9622675697175621
non_financial_large_cap_revenue_1b,Non-financial companies with revenue >= $1B,Gaussian Mixture|Selection-aware Silhouette leader,10012,10017,1060,1060,1.0,0.8265173575888662,0.7707189528691324
non_financial_large_cap_revenue_1b,Non-financial companies with revenue >= $1B,Gaussian Mixture|Selection-aware Silhouette leader,10012,10018,1055,1055,1.0,0.9216130758545572,0.8739953779964803
non_financial_large_cap_revenue_1b,Non-financial companies with revenue >= $1B,Gaussian Mixture|Selection-aware Silhouette leader,10012,10019,1063,1063,1.0,0.9662351131286828,0.9351605859429903
non_financial_large_cap_revenue_1b,Non-financial companies with revenue >= $1B,Gaussian Mixture|Selection-aware Silhouette leader,10013,10014,1058,1058,1.0,0.885943491135001,0.8200127769732146
non_financial_large_cap_revenue_1b,Non-financial companies with revenue >= $1B,Gaussian Mixture|Selection-aware Silhouette leader,10013,10015,1056,1056,1.0,0.9292362101320643,0.8810404160840444
non_financial_large_cap_revenue_1b,Non-financial companies with revenue >= $1B,Gaussian Mixture|Selection-aware Silhouette leader,10013,10016,1048,1048,1.0,0.8211741172857512,0.7501052972893403
non_financial_large_cap_revenue_1b,Non-financial companies with revenue >= $1B,Gaussian Mixture|Selection-aware Silhouette leader,10013,10017,1056,1056,1.0,0.9438687931383392,0.8923589743161036
non_financial_large_cap_revenue_1b,Non-financial companies with revenue >= $1B,Gaussian Mixture|Selection-aware Silhouette leader,10013,10018,1054,1054,1.0,0.8536149969634341,0.7739234928404135
non_financial_large_cap_revenue_1b,Non-financial companies with revenue >= $1B,Gaussian Mixture|Selection-aware Silhouette leader,10013,10019,1060,1060,1.0,0.8719829820071738,0.8122556502624103
non_financial_large_cap_revenue_1b,Non-financial companies with revenue >= $1B,Gaussian Mixture|Selection-aware Silhouette leader,10014,10015,1048,1048,1.0,0.8423728231440124,0.7744880941133663
non_financial_large_cap_revenue_1b,Non-financial companies with revenue >= $1B,Gaussian Mixture|Selection-aware Silhouette leader,10014,10016,1042,1042,1.0,0.9059317583889646,0.8490387283913996
non_financial_large_cap_revenue_1b,Non-financial companies with revenue >= $1B,Gaussian Mixture|Selection-aware Silhouette leader,10014,10017,1059,1059,1.0,0.8718016147349583,0.8036088087861145
non_financial_large_cap_revenue_1b,Non-financial companies with revenue >= $1B,Gaussian Mixture|Selection-aware Silhouette leader,10014,10018,1051,1051,1.0,0.9472314315572554,0.8951596182590569
non_financial_large_cap_revenue_1b,Non-financial companies with revenue >= $1B,Gaussian Mixture|Selection-aware Silhouette leader,10014,10019,1065,1065,1.0,0.940640222985272,0.8888855281132966
non_financial_large_cap_revenue_1b,Non-financial companies with revenue >= $1B,Gaussian Mixture|Selection-aware Silhouette leader,10015,10016,1058,1058,1.0,0.7623296948539215,0.697463273952429
non_financial_large_cap_revenue_1b,Non-financial companies with revenue >= $1B,Gaussian Mixture|Selection-aware Silhouette leader,10015,10017,1053,1053,1.0,0.9437547480789643,0.8919228962162616
non_financial_large_cap_revenue_1b,Non-financial companies with revenue >= $1B,Gaussian Mixture|Selection-aware Silhouette leader,10015,10018,1054,1054,1.0,0.8052956421847443,0.7286335874067152
non_financial_large_cap_revenue_1b,Non-financial companies with revenue >= $1B,Gaussian Mixture|Selection-aware Silhouette leader,10015,10019,1053,1053,1.0,0.794900937876845,0.7371147624697688
non_financial_large_cap_revenue_1b,Non-financial companies with revenue >= $1B,Gaussian Mixture|Selection-aware Silhouette leader,10016,10017,1058,1058,1.0,0.8088253470823424,0.7452439540674971
non_financial_large_cap_revenue_1b,Non-financial companies with revenue >= $1B,Gaussian Mixture|Selection-aware Silhouette leader,10016,10018,1055,1055,1.0,0.9252605076323962,0.8784917229820244
non_financial_large_cap_revenue_1b,Non-financial companies with revenue >= $1B,Gaussian Mixture|Selection-aware Silhouette leader,10016,10019,1052,1052,1.0,0.9472173327477621,0.8993051578540335
non_financial_large_cap_revenue_1b,Non-financial companies with revenue >= $1B,Gaussian Mixture|Selection-aware Silhouette leader,10017,10018,1045,1045,1.0,0.8558560544436425,0.775280695507133
non_financial_large_cap_revenue_1b,Non-financial companies with revenue >= $1B,Gaussian Mixture|Selection-aware Silhouette leader,10017,10019,1051,1051,1.0,0.842625958232947,0.7875318622786558
non_financial_large_cap_revenue_1b,Non-financial companies with revenue >= $1B,Gaussian Mixture|Selection-aware Silhouette leader,10018,10019,1047,1047,1.0,0.9433147725046653,0.8921495430048185
non_financial_large_cap_revenue_1b,Non-financial companies with revenue >= $1B,HDBSCAN separation leader,10000,10001,1067,962,0.901593252108716,0.9834378255611644,0.9575423725990015
non_financial_large_cap_revenue_1b,Non-financial companies with revenue >= $1B,HDBSCAN separation leader,10000,10002,1062,947,0.891713747645951,1.0,1.0
non_financial_large_cap_revenue_1b,Non-financial companies with revenue >= $1B,HDBSCAN separation leader,10000,10003,1066,974,0.9136960600375235,1.0,1.0
non_financial_large_cap_revenue_1b,Non-financial companies with revenue >= $1B,HDBSCAN separation leader,10000,10004,1048,967,0.9227099236641222,1.0,1.0
non_financial_large_cap_revenue_1b,Non-financial companies with revenue >= $1B,HDBSCAN separation leader,10000,10005,1053,942,0.8945868945868946,1.0,1.0
non_financial_large_cap_revenue_1b,Non-financial companies with revenue >= $1B,HDBSCAN separation leader,10000,10006,1063,949,0.8927563499529633,1.0,1.0
non_financial_large_cap_revenue_1b,Non-financial companies with revenue >= $1B,HDBSCAN separation leader,10000,10007,1041,946,0.9087415946205571,1.0,1.0
non_financial_large_cap_revenue_1b,Non-financial companies with revenue >= $1B,HDBSCAN separation leader,10000,10008,1058,963,0.9102079395085066,1.0,1.0
non_financial_large_cap_revenue_1b,Non-financial companies with revenue >= $1B,HDBSCAN separation leader,10000,10009,1056,950,0.8996212121212122,1.0,1.0
non_financial_large_cap_revenue_1b,Non-financial companies with revenue >= $1B,HDBSCAN separation leader,10000,10010,1062,971,0.9143126177024482,0.9842881823390609,0.9592565443181875
non_financial_large_cap_revenue_1b,Non-financial companies with revenue >= $1B,HDBSCAN separation leader,10000,10011,1060,964,0.909433962264151,1.0,1.0
non_financial_large_cap_revenue_1b,Non-financial companies with revenue >= $1B,HDBSCAN separation leader,10000,10012,1044,954,0.9137931034482759,0.9842573572160193,0.959145370640124
non_financial_large_cap_revenue_1b,Non-financial companies with revenue >= $1B,HDBSCAN separation leader,10000,10013,1052,945,0.8982889733840305,1.0,1.0
non_financial_large_cap_revenue_1b,Non-financial companies with revenue >= $1B,HDBSCAN separation leader,10000,10014,1049,937,0.8932316491897044,0.9794744730035043,0.9498726438799392
non_financial_large_cap_revenue_1b,Non-financial companies with revenue >= $1B,HDBSCAN separation leader,10000,10015,1061,959,0.9038642789820923,1.0,1.0
non_financial_large_cap_revenue_1b,Non-financial companies with revenue >= $1B,HDBSCAN separation leader,10000,10016,1060,929,0.8764150943396226,1.0,1.0
non_financial_large_cap_revenue_1b,Non-financial companies with revenue >= $1B,HDBSCAN separation leader,10000,10017,1056,962,0.9109848484848485,1.0,1.0
non_financial_large_cap_revenue_1b,Non-financial companies with revenue >= $1B,HDBSCAN separation leader,10000,10018,1055,965,0.9146919431279621,0.9842774344228488,0.9592176386767193
non_financial_large_cap_revenue_1b,Non-financial companies with revenue >= $1B,HDBSCAN separation leader,10000,10019,1051,957,0.9105613701236918,1.0,1.0
non_financial_large_cap_revenue_1b,Non-financial companies with revenue >= $1B,HDBSCAN separation leader,10001,10002,1066,936,0.8780487804878049,0.9813802185527858,0.9534632177789272
non_financial_large_cap_revenue_1b,Non-financial companies with revenue >= $1B,HDBSCAN separation leader,10001,10003,1055,957,0.9071090047393365,0.9850073757793565,0.9606648722847971
non_financial_large_cap_revenue_1b,Non-financial companies with revenue >= $1B,HDBSCAN separation leader,10001,10004,1048,961,0.9169847328244275,0.984270190039978,0.9591915015509821
non_financial_large_cap_revenue_1b,Non-financial companies with revenue >= $1B,HDBSCAN separation leader,10001,10005,1065,942,0.8845070422535212,0.9846173116226138,0.959833756976601
non_financial_large_cap_revenue_1b,Non-financial companies with revenue >= $1B,HDBSCAN separation leader,10001,10006,1049,928,0.8846520495710201,0.983374189558247,0.9573102860163233
non_financial_large_cap_revenue_1b,Non-financial companies with revenue >= $1B,HDBSCAN separation leader,10001,10007,1066,960,0.900562851782364,0.9850129038475643,0.9606843283201698
non_financial_large_cap_revenue_1b,Non-financial companies with revenue >= $1B,HDBSCAN separation leader,10001,10008,1052,950,0.903041825095057,0.9819582975442334,0.9546214908274522
non_financial_large_cap_revenue_1b,Non-financial companies with revenue >= $1B,HDBSCAN separation leader,10001,10009,1060,946,0.8924528301886793,0.9838376395389745,0.9582845018095024
non_financial_large_cap_revenue_1b,Non-financial companies with revenue >= $1B,HDBSCAN separation leader,10001,10010,1062,964,0.9077212806026366,0.9697154480532002,0.9295287064640144
non_financial_large_cap_revenue_1b,Non-financial companies with revenue >= $1B,HDBSCAN separation leader,10001,10011,1057,954,0.902554399243141,0.9842573572160193,0.959145370640124
non_financial_large_cap_revenue_1b,Non-financial companies with revenue >= $1B,HDBSCAN separation leader,10001,10012,1052,955,0.9077946768060836,0.9842592027006672,0.9591519915068099
non_financial_large_cap_revenue_1b,Non-financial companies with revenue >= $1B,HDBSCAN separation leader,10001,10013,1052,934,0.8878326996197718,0.983385776042861,0.9573521490763304
non_financial_large_cap_revenue_1b,Non-financial companies with revenue >= $1B,HDBSCAN separation leader,10001,10014,1041,918,0.8818443804034583,0.9566734313251702,0.9073657562970873
non_financial_large_cap_revenue_1b,Non-financial companies with revenue >= $1B,HDBSCAN separation leader,10001,10015,1065,957,0.8985915492957747,1.0,1.0
non_financial_large_cap_revenue_1b,Non-financial companies with revenue >= $1B,HDBSCAN separation leader,10001,10016,1068,924,0.8651685393258427,1.0,1.0
non_financial_large_cap_revenue_1b,Non-financial companies with revenue >= $1B,HDBSCAN separation leader,10001,10017,1056,957,0.90625,0.9834287672926039,0.9575090085845972
non_financial_large_cap_revenue_1b,Non-financial companies with revenue >= $1B,HDBSCAN separation leader,10001,10018,1067,965,0.9044048734770385,0.9697190410743731,0.9295394021806189
non_financial_large_cap_revenue_1b,Non-financial companies with revenue >= $1B,HDBSCAN separation leader,10001,10019,1052,952,0.9049429657794676,1.0,1.0
non_financial_large_cap_revenue_1b,Non-financial companies with revenue >= $1B,HDBSCAN separation leader,10002,10003,1053,943,0.8955365622032289,0.9824622587630497,0.9555726642584624
non_financial_large_cap_revenue_1b,Non-financial companies with revenue >= $1B,HDBSCAN separation leader,10002,10004,1047,936,0.8939828080229226,1.0,1.0
non_financial_large_cap_revenue_1b,Non-financial companies with revenue >= $1B,HDBSCAN separation leader,10002,10005,1057,944,0.8930936613055819,1.0,1.0
non_financial_large_cap_revenue_1b,Non-financial companies with revenue >= $1B,HDBSCAN separation leader,10002,10006,1059,950,0.8970727101038716,1.0,1.0
non_financial_large_cap_revenue_1b,Non-financial companies with revenue >= $1B,HDBSCAN separation leader,10002,10007,1049,951,0.9065776930409915,1.0,1.0
non_financial_large_cap_revenue_1b,Non-financial companies with revenue >= $1B,HDBSCAN separation leader,10002,10008,1040,927,0.8913461538461539,1.0,1.0
non_financial_large_cap_revenue_1b,Non-financial companies with revenue >= $1B,HDBSCAN separation leader,10002,10009,1066,957,0.8977485928705441,0.9834287672926039,0.9575090085845972
non_financial_large_cap_revenue_1b,Non-financial companies with revenue >= $1B,HDBSCAN separation leader,10002,10010,1055,943,0.8938388625592417,1.0,1.0
non_financial_large_cap_revenue_1b,Non-financial companies with revenue >= $1B,HDBSCAN separation leader,10002,10011,1064,955,0.8975563909774437,1.0,1.0
non_financial_large_cap_revenue_1b,Non-financial companies with revenue >= $1B,HDBSCAN separation leader,10002,10012,1045,934,0.8937799043062201,1.0,1.0
non_financial_large_cap_revenue_1b,Non-financial companies with revenue >= $1B,HDBSCAN separation leader,10002,10013,1064,960,0.9022556390977443,0.9856814285412469,0.9620492175787587
non_financial_large_cap_revenue_1b,Non-financial companies with revenue >= $1B,HDBSCAN separation leader,10002,10014,1056,929,0.8797348484848485,0.9794595099083818,0.9498133070726887
non_financial_large_cap_revenue_1b,Non-financial companies with revenue >= $1B,HDBSCAN separation leader,10002,10015,1056,927,0.8778409090909091,1.0,1.0
non_financial_large_cap_revenue_1b,Non-financial companies with revenue >= $1B,HDBSCAN separation leader,10002,10016,1066,937,0.8789868667917449,1.0,1.0
non_financial_large_cap_revenue_1b,Non-financial companies with revenue >= $1B,HDBSCAN separation leader,10002,10017,1039,929,0.8941289701636189,0.9838051657365188,0.9581680166692275
non_financial_large_cap_revenue_1b,Non-financial companies with revenue >= $1B,HDBSCAN separation leader,10002,10018,1050,936,0.8914285714285715,1.0,1.0
non_financial_large_cap_revenue_1b,Non-financial companies with revenue >= $1B,HDBSCAN separation leader,10002,10019,1057,954,0.902554399243141,1.0,1.0
non_financial_large_cap_revenue_1b,Non-financial companies with revenue >= $1B,HDBSCAN separation leader,10003,10004,1059,990,0.9348441926345609,1.0,1.0
non_financial_large_cap_revenue_1b,Non-financial companies with revenue >= $1B,HDBSCAN separation leader,10003,10005,1051,952,0.9058039961941009,0.9849980798840039,0.960632242372275
non_financial_large_cap_revenue_1b,Non-financial companies with revenue >= $1B,HDBSCAN separation leader,10003,10006,1061,959,0.9038642789820923,0.9853540820135762,0.9613759474909146
non_financial_large_cap_revenue_1b,Non-financial companies with revenue >= $1B,HDBSCAN separation leader,10003,10007,1060,980,0.9245283018867925,0.9873681201322347,0.9656230969856352
non_financial_large_cap_revenue_1b,Non-financial companies with revenue >= $1B,HDBSCAN separation leader,10003,10008,1051,967,0.9200761179828735,1.0,1.0
non_financial_large_cap_revenue_1b,Non-financial companies with revenue >= $1B,HDBSCAN separation leader,10003,10009,1058,966,0.9130434782608695,0.9856924549105243,0.9620873397891602
non_financial_large_cap_revenue_1b,Non-financial companies with revenue >= $1B,HDBSCAN separation leader,10003,10010,1050,967,0.920952380952381,1.0,1.0
non_financial_large_cap_revenue_1b,Non-financial companies with revenue >= $1B,HDBSCAN separation leader,10003,10011,1071,986,0.9206349206349206,0.9868797897250282,0.9646030502159358
non_financial_large_cap_revenue_1b,Non-financial companies with revenue >= $1B,HDBSCAN separation leader,10003,10012,1065,984,0.923943661971831,1.0,1.0
non_financial_large_cap_revenue_1b,Non-financial companies with revenue >= $1B,HDBSCAN separation leader,10003,10013,1048,955,0.9112595419847328,1.0,1.0
non_financial_large_cap_revenue_1b,Non-financial companies with revenue >= $1B,HDBSCAN separation leader,10003,10014,1066,957,0.8977485928705441,0.982972933854869,0.9566139535205419
non_financial_large_cap_revenue_1b,Non-financial companies with revenue >= $1B,HDBSCAN separation leader,10003,10015,1064,972,0.9135338345864662,1.0,1.0
non_financial_large_cap_revenue_1b,Non-financial companies with revenue >= $1B,HDBSCAN separation leader,10003,10016,1058,936,0.8846880907372401,0.9688685774071145,0.9279079657066481
non_financial_large_cap_revenue_1b,Non-financial companies with revenue >= $1B,HDBSCAN separation leader,10003,10017,1059,985,0.9301227573182247,1.0,1.0
non_financial_large_cap_revenue_1b,Non-financial companies with revenue >= $1B,HDBSCAN separation leader,10003,10018,1050,972,0.9257142857142857,1.0,1.0
non_financial_large_cap_revenue_1b,Non-financial companies with revenue >= $1B,HDBSCAN separation leader,10003,10019,1054,981,0.9307400379506642,0.9866035354827473,0.9640122909425257
non_financial_large_cap_revenue_1b,Non-financial companies with revenue >= $1B,HDBSCAN separation leader,10004,10005,1062,963,0.9067796610169492,1.0,1.0
non_financial_large_cap_revenue_1b,Non-financial companies with revenue >= $1B,HDBSCAN separation leader,10004,10006,1055,955,0.9052132701421801,1.0,1.0
non_financial_large_cap_revenue_1b,Non-financial companies with revenue >= $1B,HDBSCAN separation leader,10004,10007,1058,976,0.9224952741020794,1.0,1.0
non_financial_large_cap_revenue_1b,Non-financial companies with revenue >= $1B,HDBSCAN separation leader,10004,10008,1052,971,0.9230038022813688,1.0,1.0
non_financial_large_cap_revenue_1b,Non-financial companies with revenue >= $1B,HDBSCAN separation leader,10004,10009,1062,969,0.9124293785310734,1.0,1.0
non_financial_large_cap_revenue_1b,Non-financial companies with revenue >= $1B,HDBSCAN separation leader,10004,10010,1074,992,0.9236499068901304,0.9868903541095642,0.9646387829648863
non_financial_large_cap_revenue_1b,Non-financial companies with revenue >= $1B,HDBSCAN separation leader,10004,10011,1063,983,0.9247412982126059,1.0,1.0
non_financial_large_cap_revenue_1b,Non-financial companies with revenue >= $1B,HDBSCAN separation leader,10004,10012,1046,974,0.9311663479923518,0.9857069313253568,0.9621376207856256
non_financial_large_cap_revenue_1b,Non-financial companies with revenue >= $1B,HDBSCAN separation leader,10004,10013,1068,969,0.9073033707865169,1.0,1.0
non_financial_large_cap_revenue_1b,Non-financial companies with revenue >= $1B,HDBSCAN separation leader,10004,10014,1049,946,0.9018112488083889,0.9829527251878108,0.956539025754771
non_financial_large_cap_revenue_1b,Non-financial companies with revenue >= $1B,HDBSCAN separation leader,10004,10015,1056,970,0.9185606060606061,1.0,1.0
non_financial_large_cap_revenue_1b,Non-financial companies with revenue >= $1B,HDBSCAN separation leader,10004,10016,1052,930,0.8840304182509505,0.9842117999258564,0.9589833084483649
non_financial_large_cap_revenue_1b,Non-financial companies with revenue >= $1B,HDBSCAN separation leader,10004,10017,1053,981,0.9316239316239316,1.0,1.0
non_financial_large_cap_revenue_1b,Non-financial companies with revenue >= $1B,HDBSCAN separation leader,10004,10018,1046,969,0.9263862332695985,0.9865818266651973,0.9639388388893122
non_financial_large_cap_revenue_1b,Non-financial companies with revenue >= $1B,HDBSCAN separation leader,10004,10019,1054,976,0.9259962049335864,1.0,1.0
non_financial_large_cap_revenue_1b,Non-financial companies with revenue >= $1B,HDBSCAN separation leader,10005,10006,1058,957,0.9045368620037807,1.0,1.0
non_financial_large_cap_revenue_1b,Non-financial companies with revenue >= $1B,HDBSCAN separation leader,10005,10007,1056,960,0.9090909090909091,1.0,1.0
non_financial_large_cap_revenue_1b,Non-financial companies with revenue >= $1B,HDBSCAN separation leader,10005,10008,1043,946,0.9069990412272292,1.0,1.0
non_financial_large_cap_revenue_1b,Non-financial companies with revenue >= $1B,HDBSCAN separation leader,10005,10009,1061,959,0.9038642789820923,1.0,1.0
non_financial_large_cap_revenue_1b,Non-financial companies with revenue >= $1B,HDBSCAN separation leader,10005,10010,1052,951,0.9039923954372624,1.0,1.0
non_financial_large_cap_revenue_1b,Non-financial companies with revenue >= $1B,HDBSCAN separation leader,10005,10011,1055,962,0.9118483412322275,0.9862886476282885,0.9633101846970136
non_financial_large_cap_revenue_1b,Non-financial companies with revenue >= $1B,HDBSCAN separation leader,10005,10012,1053,952,0.9040835707502374,1.0,1.0
non_financial_large_cap_revenue_1b,Non-financial companies with revenue >= $1B,HDBSCAN separation leader,10005,10013,1037,940,0.9064609450337512,1.0,1.0
non_financial_large_cap_revenue_1b,Non-financial companies with revenue >= $1B,HDBSCAN separation leader,10005,10014,1053,931,0.8841405508072174,1.0,1.0
non_financial_large_cap_revenue_1b,Non-financial companies with revenue >= $1B,HDBSCAN separation leader,10005,10015,1052,933,0.8868821292775665,1.0,1.0
non_financial_large_cap_revenue_1b,Non-financial companies with revenue >= $1B,HDBSCAN separation leader,10005,10016,1050,925,0.8809523809523809,0.9715723938708654,0.9326959363131189
non_financial_large_cap_revenue_1b,Non-financial companies with revenue >= $1B,HDBSCAN separation leader,10005,10017,1065,964,0.9051643192488263,1.0,1.0
non_financial_large_cap_revenue_1b,Non-financial companies with revenue >= $1B,HDBSCAN separation leader,10005,10018,1053,949,0.9012345679012346,1.0,1.0
non_financial_large_cap_revenue_1b,Non-financial companies with revenue >= $1B,HDBSCAN separation leader,10005,10019,1060,969,0.9141509433962264,1.0,1.0
non_financial_large_cap_revenue_1b,Non-financial companies with revenue >= $1B,HDBSCAN separation leader,10006,10007,1059,964,0.9102927289896129,1.0,1.0
non_financial_large_cap_revenue_1b,Non-financial companies with revenue >= $1B,HDBSCAN separation leader,10006,10008,1059,958,0.9046270066100094,1.0,1.0
non_financial_large_cap_revenue_1b,Non-financial companies with revenue >= $1B,HDBSCAN separation leader,10006,10009,1058,953,0.9007561436672968,1.0,1.0
non_financial_large_cap_revenue_1b,Non-financial companies with revenue >= $1B,HDBSCAN separation leader,10006,10010,1071,966,0.9019607843137255,1.0,1.0
non_financial_large_cap_revenue_1b,Non-financial companies with revenue >= $1B,HDBSCAN separation leader,10006,10011,1061,961,0.9057492931196984,0.9862867904271344,0.9633038960222198
non_financial_large_cap_revenue_1b,Non-financial companies with revenue >= $1B,HDBSCAN separation leader,10006,10012,1054,951,0.9022770398481973,1.0,1.0
non_financial_large_cap_revenue_1b,Non-financial companies with revenue >= $1B,HDBSCAN separation leader,10006,10013,1055,947,0.8976303317535546,1.0,1.0
non_financial_large_cap_revenue_1b,Non-financial companies with revenue >= $1B,HDBSCAN separation leader,10006,10014,1055,934,0.885308056872038,1.0,1.0
non_financial_large_cap_revenue_1b,Non-financial companies with revenue >= $1B,HDBSCAN separation leader,10006,10015,1059,938,0.8857412653446648,1.0,1.0
non_financial_large_cap_revenue_1b,Non-financial companies with revenue >= $1B,HDBSCAN separation leader,10006,10016,1061,932,0.8784165881244109,0.9672352533038652,0.9250318895253831
non_financial_large_cap_revenue_1b,Non-financial companies with revenue >= $1B,HDBSCAN separation leader,10006,10017,1056,952,0.9015151515151515,1.0,1.0
non_financial_large_cap_revenue_1b,Non-financial companies with revenue >= $1B,HDBSCAN separation leader,10006,10018,1053,946,0.8983855650522318,1.0,1.0
non_financial_large_cap_revenue_1b,Non-financial companies with revenue >= $1B,HDBSCAN separation leader,10006,10019,1053,954,0.905982905982906,1.0,1.0
non_financial_large_cap_revenue_1b,Non-financial companies with revenue >= $1B,HDBSCAN separation leader,10007,10008,1056,972,0.9204545454545454,1.0,1.0
non_financial_large_cap_revenue_1b,Non-financial companies with revenue >= $1B,HDBSCAN separation leader,10007,10009,1052,967,0.9192015209125475,1.0,1.0
non_financial_large_cap_revenue_1b,Non-financial companies with revenue >= $1B,HDBSCAN separation leader,10007,10010,1049,966,0.9208770257387988,1.0,1.0
non_financial_large_cap_revenue_1b,Non-financial companies with revenue >= $1B,HDBSCAN separation leader,10007,10011,1049,978,0.9323164918970448,1.0,1.0
non_financial_large_cap_revenue_1b,Non-financial companies with revenue >= $1B,HDBSCAN separation leader,10007,10012,1055,972,0.9213270142180094,1.0,1.0
non_financial_large_cap_revenue_1b,Non-financial companies with revenue >= $1B,HDBSCAN separation leader,10007,10013,1058,980,0.9262759924385633,1.0,1.0
non_financial_large_cap_revenue_1b,Non-financial companies with revenue >= $1B,HDBSCAN separation leader,10007,10014,1058,950,0.8979206049149339,1.0,1.0
non_financial_large_cap_revenue_1b,Non-financial companies with revenue >= $1B,HDBSCAN separation leader,10007,10015,1053,954,0.905982905982906,1.0,1.0
non_financial_large_cap_revenue_1b,Non-financial companies with revenue >= $1B,HDBSCAN separation leader,10007,10016,1052,941,0.8944866920152091,0.986528859654804,0.9637619810627848
non_financial_large_cap_revenue_1b,Non-financial companies with revenue >= $1B,HDBSCAN separation leader,10007,10017,1055,972,0.9213270142180094,1.0,1.0
non_financial_large_cap_revenue_1b,Non-financial companies with revenue >= $1B,HDBSCAN separation leader,10007,10018,1062,977,0.9199623352165726,1.0,1.0
non_financial_large_cap_revenue_1b,Non-financial companies with revenue >= $1B,HDBSCAN separation leader,10007,10019,1063,993,0.9341486359360301,1.0,1.0
non_financial_large_cap_revenue_1b,Non-financial companies with revenue >= $1B,HDBSCAN separation leader,10008,10009,1048,953,0.9093511450381679,1.0,1.0
non_financial_large_cap_revenue_1b,Non-financial companies with revenue >= $1B,HDBSCAN separation leader,10008,10010,1071,984,0.9187675070028011,0.9853990175671367,0.9615337774772093
non_financial_large_cap_revenue_1b,Non-financial companies with revenue >= $1B,HDBSCAN separation leader,10008,10011,1055,970,0.919431279620853,1.0,1.0
non_financial_large_cap_revenue_1b,Non-financial companies with revenue >= $1B,HDBSCAN separation leader,10008,10012,1055,970,0.919431279620853,0.985031068064926,0.9607485319892278
non_financial_large_cap_revenue_1b,Non-financial companies with revenue >= $1B,HDBSCAN separation leader,10008,10013,1057,961,0.9091769157994324,1.0,1.0
non_financial_large_cap_revenue_1b,Non-financial companies with revenue >= $1B,HDBSCAN separation leader,10008,10014,1050,938,0.8933333333333333,0.9813839701552766,0.9534775259356917
non_financial_large_cap_revenue_1b,Non-financial companies with revenue >= $1B,HDBSCAN separation leader,10008,10015,1054,955,0.9060721062618596,1.0,1.0
non_financial_large_cap_revenue_1b,Non-financial companies with revenue >= $1B,HDBSCAN separation leader,10008,10016,1054,928,0.8804554079696395,0.9842078904068319,0.9589695224414602
non_financial_large_cap_revenue_1b,Non-financial companies with revenue >= $1B,HDBSCAN separation leader,10008,10017,1074,983,0.9152700186219739,1.0,1.0
non_financial_large_cap_revenue_1b,Non-financial companies with revenue >= $1B,HDBSCAN separation leader,10008,10018,1055,973,0.9222748815165877,0.9863088072444371,0.963378716256422
non_financial_large_cap_revenue_1b,Non-financial companies with revenue >= $1B,HDBSCAN separation leader,10008,10019,1051,969,0.9219790675547098,1.0,1.0
non_financial_large_cap_revenue_1b,Non-financial companies with revenue >= $1B,HDBSCAN separation leader,10009,10010,1055,958,0.9080568720379147,1.0,1.0
non_financial_large_cap_revenue_1b,Non-financial companies with revenue >= $1B,HDBSCAN separation leader,10009,10011,1056,963,0.9119318181818182,1.0,1.0
non_financial_large_cap_revenue_1b,Non-financial companies with revenue >= $1B,HDBSCAN separation leader,10009,10012,1050,951,0.9057142857142857,1.0,1.0
non_financial_large_cap_revenue_1b,Non-financial companies with revenue >= $1B,HDBSCAN separation leader,10009,10013,1055,959,0.9090047393364928,1.0,1.0
non_financial_large_cap_revenue_1b,Non-financial companies with revenue >= $1B,HDBSCAN separation leader,10009,10014,1045,925,0.8851674641148325,1.0,1.0
non_financial_large_cap_revenue_1b,Non-financial companies with revenue >= $1B,HDBSCAN separation leader,10009,10015,1054,948,0.8994307400379506,1.0,1.0
non_financial_large_cap_revenue_1b,Non-financial companies with revenue >= $1B,HDBSCAN separation leader,10009,10016,1060,934,0.8811320754716981,1.0,1.0
non_financial_large_cap_revenue_1b,Non-financial companies with revenue >= $1B,HDBSCAN separation leader,10009,10017,1048,946,0.9026717557251909,1.0,1.0
non_financial_large_cap_revenue_1b,Non-financial companies with revenue >= $1B,HDBSCAN separation leader,10009,10018,1061,965,0.9095193213949104,1.0,1.0
non_financial_large_cap_revenue_1b,Non-financial companies with revenue >= $1B,HDBSCAN separation leader,10009,10019,1055,971,0.9203791469194312,1.0,1.0
non_financial_large_cap_revenue_1b,Non-financial companies with revenue >= $1B,HDBSCAN separation leader,10010,10011,1046,962,0.9196940726577438,1.0,1.0
non_financial_large_cap_revenue_1b,Non-financial companies with revenue >= $1B,HDBSCAN separation leader,10010,10012,1048,969,0.924618320610687,1.0,1.0
non_financial_large_cap_revenue_1b,Non-financial companies with revenue >= $1B,HDBSCAN separation leader,10010,10013,1051,953,0.9067554709800191,1.0,1.0
non_financial_large_cap_revenue_1b,Non-financial companies with revenue >= $1B,HDBSCAN separation leader,10010,10014,1048,942,0.898854961832061,1.0,1.0
non_financial_large_cap_revenue_1b,Non-financial companies with revenue >= $1B,HDBSCAN separation leader,10010,10015,1050,956,0.9104761904761904,1.0,1.0
non_financial_large_cap_revenue_1b,Non-financial companies with revenue >= $1B,HDBSCAN separation leader,10010,10016,1053,930,0.8831908831908832,0.9842117999258564,0.9589833084483649
non_financial_large_cap_revenue_1b,Non-financial companies with revenue >= $1B,HDBSCAN separation leader,10010,10017,1055,971,0.9203791469194312,1.0,1.0
non_financial_large_cap_revenue_1b,Non-financial companies with revenue >= $1B,HDBSCAN separation leader,10010,10018,1052,972,0.9239543726235742,1.0,1.0
non_financial_large_cap_revenue_1b,Non-financial companies with revenue >= $1B,HDBSCAN separation leader,10010,10019,1065,985,0.9248826291079812,1.0,1.0
non_financial_large_cap_revenue_1b,Non-financial companies with revenue >= $1B,HDBSCAN separation leader,10011,10012,1063,978,0.9200376293508937,1.0,1.0
non_financial_large_cap_revenue_1b,Non-financial companies with revenue >= $1B,HDBSCAN separation leader,10011,10013,1041,949,0.9116234390009607,1.0,1.0
non_financial_large_cap_revenue_1b,Non-financial companies with revenue >= $1B,HDBSCAN separation leader,10011,10014,1066,955,0.8958724202626641,1.0,1.0
non_financial_large_cap_revenue_1b,Non-financial companies with revenue >= $1B,HDBSCAN separation leader,10011,10015,1049,949,0.9046711153479504,1.0,1.0
non_financial_large_cap_revenue_1b,Non-financial companies with revenue >= $1B,HDBSCAN separation leader,10011,10016,1053,934,0.8869895536562203,0.9853065774270812,0.9612118375911112
non_financial_large_cap_revenue_1b,Non-financial companies with revenue >= $1B,HDBSCAN separation leader,10011,10017,1062,977,0.9199623352165726,1.0,1.0
non_financial_large_cap_revenue_1b,Non-financial companies with revenue >= $1B,HDBSCAN separation leader,10011,10018,1051,966,0.9191246431969553,1.0,1.0
non_financial_large_cap_revenue_1b,Non-financial companies with revenue >= $1B,HDBSCAN separation leader,10011,10019,1054,979,0.928842504743833,0.9871224731357288,0.9650994864189587
non_financial_large_cap_revenue_1b,Non-financial companies with revenue >= $1B,HDBSCAN separation leader,10012,10013,1060,957,0.9028301886792452,1.0,1.0
non_financial_large_cap_revenue_1b,Non-financial companies with revenue >= $1B,HDBSCAN separation leader,10012,10014,1063,951,0.8946378174976481,1.0,1.0
non_financial_large_cap_revenue_1b,Non-financial companies with revenue >= $1B,HDBSCAN separation leader,10012,10015,1049,954,0.909437559580553,1.0,1.0
non_financial_large_cap_revenue_1b,Non-financial companies with revenue >= $1B,HDBSCAN separation leader,10012,10016,1059,934,0.8819641170915958,1.0,1.0
non_financial_large_cap_revenue_1b,Non-financial companies with revenue >= $1B,HDBSCAN separation leader,10012,10017,1060,976,0.9207547169811321,1.0,1.0
non_financial_large_cap_revenue_1b,Non-financial companies with revenue >= $1B,HDBSCAN separation leader,10012,10018,1055,972,0.9213270142180094,1.0,1.0
non_financial_large_cap_revenue_1b,Non-financial companies with revenue >= $1B,HDBSCAN separation leader,10012,10019,1063,980,0.9219190968955786,1.0,1.0
non_financial_large_cap_revenue_1b,Non-financial companies with revenue >= $1B,HDBSCAN separation leader,10013,10014,1058,944,0.8922495274102079,1.0,1.0
non_financial_large_cap_revenue_1b,Non-financial companies with revenue >= $1B,HDBSCAN separation leader,10013,10015,1056,945,0.8948863636363636,1.0,1.0
non_financial_large_cap_revenue_1b,Non-financial companies with revenue >= $1B,HDBSCAN separation leader,10013,10016,1048,929,0.8864503816793893,1.0,1.0
non_financial_large_cap_revenue_1b,Non-financial companies with revenue >= $1B,HDBSCAN separation leader,10013,10017,1056,958,0.9071969696969697,1.0,1.0
non_financial_large_cap_revenue_1b,Non-financial companies with revenue >= $1B,HDBSCAN separation leader,10013,10018,1054,953,0.9041745730550285,1.0,1.0
non_financial_large_cap_revenue_1b,Non-financial companies with revenue >= $1B,HDBSCAN separation leader,10013,10019,1060,972,0.9169811320754717,1.0,1.0
non_financial_large_cap_revenue_1b,Non-financial companies with revenue >= $1B,HDBSCAN separation leader,10014,10015,1048,926,0.8835877862595419,1.0,1.0
non_financial_large_cap_revenue_1b,Non-financial companies with revenue >= $1B,HDBSCAN separation leader,10014,10016,1042,902,0.8656429942418427,0.9786711257454063,0.9482409984639258
non_financial_large_cap_revenue_1b,Non-financial companies with revenue >= $1B,HDBSCAN separation leader,10014,10017,1059,949,0.8961284230406044,1.0,1.0
non_financial_large_cap_revenue_1b,Non-financial companies with revenue >= $1B,HDBSCAN separation leader,10014,10018,1051,943,0.8972407231208372,1.0,1.0
non_financial_large_cap_revenue_1b,Non-financial companies with revenue >= $1B,HDBSCAN separation leader,10014,10019,1065,955,0.8967136150234741,1.0,1.0
non_financial_large_cap_revenue_1b,Non-financial companies with revenue >= $1B,HDBSCAN separation leader,10015,10016,1058,918,0.8676748582230623,1.0,1.0
non_financial_large_cap_revenue_1b,Non-financial companies with revenue >= $1B,HDBSCAN separation leader,10015,10017,1053,959,0.9107312440645774,1.0,1.0
non_financial_large_cap_revenue_1b,Non-financial companies with revenue >= $1B,HDBSCAN separation leader,10015,10018,1054,956,0.9070208728652751,1.0,1.0
non_financial_large_cap_revenue_1b,Non-financial companies with revenue >= $1B,HDBSCAN separation leader,10015,10019,1053,960,0.9116809116809117,1.0,1.0
non_financial_large_cap_revenue_1b,Non-financial companies with revenue >= $1B,HDBSCAN separation leader,10016,10017,1058,931,0.8799621928166351,0.9829243538957563,0.9564347547579591
non_financial_large_cap_revenue_1b,Non-financial companies with revenue >= $1B,HDBSCAN separation leader,10016,10018,1055,928,0.8796208530805687,0.9845902132494986,0.9597388644386005
non_financial_large_cap_revenue_1b,Non-financial companies with revenue >= $1B,HDBSCAN separation leader,10016,10019,1052,940,0.8935361216730038,0.9703303450941072,0.9305203853912106
non_financial_large_cap_revenue_1b,Non-financial companies with revenue >= $1B,HDBSCAN separation leader,10017,10018,1045,962,0.9205741626794258,1.0,1.0
non_financial_large_cap_revenue_1b,Non-financial companies with revenue >= $1B,HDBSCAN separation leader,10017,10019,1051,969,0.9219790675547098,1.0,1.0
non_financial_large_cap_revenue_1b,Non-financial companies with revenue >= $1B,HDBSCAN separation leader,10018,10019,1047,969,0.9255014326647565,1.0,1.0
non_financial_large_cap_revenue_1b,Non-financial companies with revenue >= $1B,HDBSCAN coverage leader,10000,10001,1067,964,0.9034676663542643,0.9838707015425531,0.9584045027132113
non_financial_large_cap_revenue_1b,Non-financial companies with revenue >= $1B,HDBSCAN coverage leader,10000,10002,1062,970,0.9133709981167608,1.0,1.0
non_financial_large_cap_revenue_1b,Non-financial companies with revenue >= $1B,HDBSCAN coverage leader,10000,10003,1066,977,0.9165103189493433,0.984681451071099,0.960062056421027
non_financial_large_cap_revenue_1b,Non-financial companies with revenue >= $1B,HDBSCAN coverage leader,10000,10004,1048,966,0.9217557251908397,1.0,1.0
non_financial_large_cap_revenue_1b,Non-financial companies with revenue >= $1B,HDBSCAN coverage leader,10000,10005,1053,968,0.9192782526115859,0.9853705437087217,0.9614334677721387
non_financial_large_cap_revenue_1b,Non-financial companies with revenue >= $1B,HDBSCAN coverage leader,10000,10006,1063,968,0.9106302916274694,1.0,1.0
non_financial_large_cap_revenue_1b,Non-financial companies with revenue >= $1B,HDBSCAN coverage leader,10000,10007,1041,956,0.9183477425552353,1.0,1.0
non_financial_large_cap_revenue_1b,Non-financial companies with revenue >= $1B,HDBSCAN coverage leader,10000,10008,1058,969,0.9158790170132325,1.0,1.0
non_financial_large_cap_revenue_1b,Non-financial companies with revenue >= $1B,HDBSCAN coverage leader,10000,10009,1056,963,0.9119318181818182,1.0,1.0
non_financial_large_cap_revenue_1b,Non-financial companies with revenue >= $1B,HDBSCAN coverage leader,10000,10010,1062,976,0.9190207156308852,1.0,1.0
non_financial_large_cap_revenue_1b,Non-financial companies with revenue >= $1B,HDBSCAN coverage leader,10000,10011,1060,975,0.9198113207547169,1.0,1.0
non_financial_large_cap_revenue_1b,Non-financial companies with revenue >= $1B,HDBSCAN coverage leader,10000,10012,1044,952,0.9118773946360154,1.0,1.0
non_financial_large_cap_revenue_1b,Non-financial companies with revenue >= $1B,HDBSCAN coverage leader,10000,10013,1052,967,0.9192015209125475,1.0,1.0
non_financial_large_cap_revenue_1b,Non-financial companies with revenue >= $1B,HDBSCAN coverage leader,10000,10014,1049,949,0.9046711153479504,0.98017885531375,0.9512352755959185
non_financial_large_cap_revenue_1b,Non-financial companies with revenue >= $1B,HDBSCAN coverage leader,10000,10015,1061,960,0.9048067860508954,1.0,1.0
non_financial_large_cap_revenue_1b,Non-financial companies with revenue >= $1B,HDBSCAN coverage leader,10000,10016,1060,966,0.9113207547169812,0.9846618249635518,0.9599916334800915
non_financial_large_cap_revenue_1b,Non-financial companies with revenue >= $1B,HDBSCAN coverage leader,10000,10017,1056,963,0.9119318181818182,1.0,1.0
non_financial_large_cap_revenue_1b,Non-financial companies with revenue >= $1B,HDBSCAN coverage leader,10000,10018,1055,959,0.9090047393364928,0.9834324025886385,0.9575223850242863
non_financial_large_cap_revenue_1b,Non-financial companies with revenue >= $1B,HDBSCAN coverage leader,10000,10019,1051,972,0.9248334919124643,0.9850346532088978,0.960761254359588
non_financial_large_cap_revenue_1b,Non-financial companies with revenue >= $1B,HDBSCAN coverage leader,10001,10002,1066,965,0.9052532833020638,0.9838725000229404,0.9584110720353658
non_financial_large_cap_revenue_1b,Non-financial companies with revenue >= $1B,HDBSCAN coverage leader,10001,10003,1055,955,0.9052132701421801,0.9850036698572928,0.9606518509353581
non_financial_large_cap_revenue_1b,Non-financial companies with revenue >= $1B,HDBSCAN coverage leader,10001,10004,1048,959,0.9150763358778626,0.984266543802282,0.9591783723348706
non_financial_large_cap_revenue_1b,Non-financial companies with revenue >= $1B,HDBSCAN coverage leader,10001,10005,1065,965,0.9061032863849765,1.0,1.0
non_financial_large_cap_revenue_1b,Non-financial companies with revenue >= $1B,HDBSCAN coverage leader,10001,10006,1049,953,0.9084842707340324,0.9703791591279413,0.9306625830217498
non_financial_large_cap_revenue_1b,Non-financial companies with revenue >= $1B,HDBSCAN coverage leader,10001,10007,1066,970,0.9099437148217636,0.9853741576692899,0.9614461415508893
non_financial_large_cap_revenue_1b,Non-financial companies with revenue >= $1B,HDBSCAN coverage leader,10001,10008,1052,956,0.908745247148289,0.9824861575806003,0.9556622505207771
non_financial_large_cap_revenue_1b,Non-financial companies with revenue >= $1B,HDBSCAN coverage leader,10001,10009,1060,961,0.9066037735849056,0.984270190039978,0.9591915015509821
non_financial_large_cap_revenue_1b,Non-financial companies with revenue >= $1B,HDBSCAN coverage leader,10001,10010,1062,970,0.9133709981167608,0.9704408923807911,0.9308442227459733
non_financial_large_cap_revenue_1b,Non-financial companies with revenue >= $1B,HDBSCAN coverage leader,10001,10011,1057,962,0.9101229895931883,0.984272007127401,0.9591980509551422
non_financial_large_cap_revenue_1b,Non-financial companies with revenue >= $1B,HDBSCAN coverage leader,10001,10012,1052,958,0.9106463878326996,0.9689504479916377,0.9281512169964121
non_financial_large_cap_revenue_1b,Non-financial companies with revenue >= $1B,HDBSCAN coverage leader,10001,10013,1052,955,0.9077946768060836,0.9838543356185275,0.9583449211936502
non_financial_large_cap_revenue_1b,Non-financial companies with revenue >= $1B,HDBSCAN coverage leader,10001,10014,1041,932,0.8952929875120077,0.9609835506155688,0.9144590224600491
non_financial_large_cap_revenue_1b,Non-financial companies with revenue >= $1B,HDBSCAN coverage leader,10001,10015,1065,957,0.8985915492957747,1.0,1.0
non_financial_large_cap_revenue_1b,Non-financial companies with revenue >= $1B,HDBSCAN coverage leader,10001,10016,1068,963,0.901685393258427,1.0,1.0
non_financial_large_cap_revenue_1b,Non-financial companies with revenue >= $1B,HDBSCAN coverage leader,10001,10017,1056,957,0.90625,0.9834287672926039,0.9575090085845972
non_financial_large_cap_revenue_1b,Non-financial companies with revenue >= $1B,HDBSCAN coverage leader,10001,10018,1067,961,0.9006560449859419,0.9846527461737792,0.9599592273762789
non_financial_large_cap_revenue_1b,Non-financial companies with revenue >= $1B,HDBSCAN coverage leader,10001,10019,1052,961,0.9134980988593155,1.0,1.0
non_financial_large_cap_revenue_1b,Non-financial companies with revenue >= $1B,HDBSCAN coverage leader,10002,10003,1053,980,0.9306742640075973,1.0,1.0
non_financial_large_cap_revenue_1b,Non-financial companies with revenue >= $1B,HDBSCAN coverage leader,10002,10004,1047,969,0.9255014326647565,1.0,1.0
non_financial_large_cap_revenue_1b,Non-financial companies with revenue >= $1B,HDBSCAN coverage leader,10002,10005,1057,975,0.9224219489120151,1.0,1.0
non_financial_large_cap_revenue_1b,Non-financial companies with revenue >= $1B,HDBSCAN coverage leader,10002,10006,1059,973,0.9187913125590179,1.0,1.0
non_financial_large_cap_revenue_1b,Non-financial companies with revenue >= $1B,HDBSCAN coverage leader,10002,10007,1049,976,0.9304099142040038,1.0,1.0
non_financial_large_cap_revenue_1b,Non-financial companies with revenue >= $1B,HDBSCAN coverage leader,10002,10008,1040,961,0.9240384615384616,1.0,1.0
non_financial_large_cap_revenue_1b,Non-financial companies with revenue >= $1B,HDBSCAN coverage leader,10002,10009,1066,988,0.926829268292683,1.0,1.0
non_financial_large_cap_revenue_1b,Non-financial companies with revenue >= $1B,HDBSCAN coverage leader,10002,10010,1055,974,0.9232227488151659,1.0,1.0
non_financial_large_cap_revenue_1b,Non-financial companies with revenue >= $1B,HDBSCAN coverage leader,10002,10011,1064,983,0.9238721804511278,1.0,1.0
non_financial_large_cap_revenue_1b,Non-financial companies with revenue >= $1B,HDBSCAN coverage leader,10002,10012,1045,971,0.9291866028708134,1.0,1.0
non_financial_large_cap_revenue_1b,Non-financial companies with revenue >= $1B,HDBSCAN coverage leader,10002,10013,1064,993,0.9332706766917294,1.0,1.0
non_financial_large_cap_revenue_1b,Non-financial companies with revenue >= $1B,HDBSCAN coverage leader,10002,10014,1056,964,0.9128787878787878,1.0,1.0
non_financial_large_cap_revenue_1b,Non-financial companies with revenue >= $1B,HDBSCAN coverage leader,10002,10015,1056,964,0.9128787878787878,1.0,1.0
non_financial_large_cap_revenue_1b,Non-financial companies with revenue >= $1B,HDBSCAN coverage leader,10002,10016,1066,987,0.925891181988743,0.9854042470432918,0.961552314681133
non_financial_large_cap_revenue_1b,Non-financial companies with revenue >= $1B,HDBSCAN coverage leader,10002,10017,1039,963,0.9268527430221367,1.0,1.0
non_financial_large_cap_revenue_1b,Non-financial companies with revenue >= $1B,HDBSCAN coverage leader,10002,10018,1050,966,0.92,1.0,1.0
non_financial_large_cap_revenue_1b,Non-financial companies with revenue >= $1B,HDBSCAN coverage leader,10002,10019,1057,986,0.9328287606433302,1.0,1.0
non_financial_large_cap_revenue_1b,Non-financial companies with revenue >= $1B,HDBSCAN coverage leader,10003,10004,1059,992,0.9367327667610954,0.9866229414120269,0.9640784418068452
non_financial_large_cap_revenue_1b,Non-financial companies with revenue >= $1B,HDBSCAN coverage leader,10003,10005,1051,974,0.9267364414843007,1.0,1.0
non_financial_large_cap_revenue_1b,Non-financial companies with revenue >= $1B,HDBSCAN coverage leader,10003,10006,1061,981,0.9245994344957588,1.0,1.0
non_financial_large_cap_revenue_1b,Non-financial companies with revenue >= $1B,HDBSCAN coverage leader,10003,10007,1060,994,0.9377358490566038,0.9878497346572237,0.9666822861878318
non_financial_large_cap_revenue_1b,Non-financial companies with revenue >= $1B,HDBSCAN coverage leader,10003,10008,1051,980,0.9324452901998097,1.0,1.0
non_financial_large_cap_revenue_1b,Non-financial companies with revenue >= $1B,HDBSCAN coverage leader,10003,10009,1058,986,0.9319470699432892,1.0,1.0
non_financial_large_cap_revenue_1b,Non-financial companies with revenue >= $1B,HDBSCAN coverage leader,10003,10010,1050,977,0.9304761904761905,1.0,1.0
non_financial_large_cap_revenue_1b,Non-financial companies with revenue >= $1B,HDBSCAN coverage leader,10003,10011,1071,1000,0.9337068160597572,1.0,1.0
non_financial_large_cap_revenue_1b,Non-financial companies with revenue >= $1B,HDBSCAN coverage leader,10003,10012,1065,1008,0.9464788732394366,1.0,1.0
non_financial_large_cap_revenue_1b,Non-financial companies with revenue >= $1B,HDBSCAN coverage leader,10003,10013,1048,992,0.9465648854961832,1.0,1.0
non_financial_large_cap_revenue_1b,Non-financial companies with revenue >= $1B,HDBSCAN coverage leader,10003,10014,1066,987,0.925891181988743,1.0,1.0
non_financial_large_cap_revenue_1b,Non-financial companies with revenue >= $1B,HDBSCAN coverage leader,10003,10015,1064,975,0.9163533834586466,0.9834609176013033,0.9576279334065515
non_financial_large_cap_revenue_1b,Non-financial companies with revenue >= $1B,HDBSCAN coverage leader,10003,10016,1058,984,0.9300567107750473,1.0,1.0
non_financial_large_cap_revenue_1b,Non-financial companies with revenue >= $1B,HDBSCAN coverage leader,10003,10017,1059,988,0.9329556185080264,1.0,1.0
non_financial_large_cap_revenue_1b,Non-financial companies with revenue >= $1B,HDBSCAN coverage leader,10003,10018,1050,989,0.9419047619047619,0.9894904434431756,0.9702833801266258
non_financial_large_cap_revenue_1b,Non-financial companies with revenue >= $1B,HDBSCAN coverage leader,10003,10019,1054,995,0.9440227703984819,1.0,1.0
non_financial_large_cap_revenue_1b,Non-financial companies with revenue >= $1B,HDBSCAN coverage leader,10004,10005,1062,986,0.928436911487759,0.9860376205169571,0.9628486065097542
non_financial_large_cap_revenue_1b,Non-financial companies with revenue >= $1B,HDBSCAN coverage leader,10004,10006,1055,979,0.9279620853080569,1.0,1.0
non_financial_large_cap_revenue_1b,Non-financial companies with revenue >= $1B,HDBSCAN coverage leader,10004,10007,1058,992,0.9376181474480151,1.0,1.0
non_financial_large_cap_revenue_1b,Non-financial companies with revenue >= $1B,HDBSCAN coverage leader,10004,10008,1052,980,0.9315589353612167,1.0,1.0
non_financial_large_cap_revenue_1b,Non-financial companies with revenue >= $1B,HDBSCAN coverage leader,10004,10009,1062,989,0.931261770244821,1.0,1.0
non_financial_large_cap_revenue_1b,Non-financial companies with revenue >= $1B,HDBSCAN coverage leader,10004,10010,1074,997,0.9283054003724395,1.0,1.0
non_financial_large_cap_revenue_1b,Non-financial companies with revenue >= $1B,HDBSCAN coverage leader,10004,10011,1063,993,0.9341486359360301,1.0,1.0
non_financial_large_cap_revenue_1b,Non-financial companies with revenue >= $1B,HDBSCAN coverage leader,10004,10012,1046,980,0.9369024856596558,1.0,1.0
non_financial_large_cap_revenue_1b,Non-financial companies with revenue >= $1B,HDBSCAN coverage leader,10004,10013,1068,999,0.9353932584269663,1.0,1.0
non_financial_large_cap_revenue_1b,Non-financial companies with revenue >= $1B,HDBSCAN coverage leader,10004,10014,1049,964,0.9189704480457579,0.9853632678421047,0.9614080023742915
non_financial_large_cap_revenue_1b,Non-financial companies with revenue >= $1B,HDBSCAN coverage leader,10004,10015,1056,974,0.9223484848484849,0.9846761451758387,0.9600429675047869
non_financial_large_cap_revenue_1b,Non-financial companies with revenue >= $1B,HDBSCAN coverage leader,10004,10016,1052,977,0.9287072243346007,0.986596362695128,0.9639879581873958
non_financial_large_cap_revenue_1b,Non-financial companies with revenue >= $1B,HDBSCAN coverage leader,10004,10017,1053,984,0.9344729344729344,1.0,1.0
non_financial_large_cap_revenue_1b,Non-financial companies with revenue >= $1B,HDBSCAN coverage leader,10004,10018,1046,968,0.9254302103250478,1.0,1.0
non_financial_large_cap_revenue_1b,Non-financial companies with revenue >= $1B,HDBSCAN coverage leader,10004,10019,1054,986,0.9354838709677419,0.9863320122575215,0.9634582197941539
non_financial_large_cap_revenue_1b,Non-financial companies with revenue >= $1B,HDBSCAN coverage leader,10005,10006,1058,968,0.9149338374291115,1.0,1.0
non_financial_large_cap_revenue_1b,Non-financial companies with revenue >= $1B,HDBSCAN coverage leader,10005,10007,1056,977,0.9251893939393939,0.9868636820645503,0.9645488307909887
non_financial_large_cap_revenue_1b,Non-financial companies with revenue >= $1B,HDBSCAN coverage leader,10005,10008,1043,966,0.9261744966442953,1.0,1.0
non_financial_large_cap_revenue_1b,Non-financial companies with revenue >= $1B,HDBSCAN coverage leader,10005,10009,1061,976,0.9198868991517436,1.0,1.0
non_financial_large_cap_revenue_1b,Non-financial companies with revenue >= $1B,HDBSCAN coverage leader,10005,10010,1052,974,0.9258555133079848,1.0,1.0
non_financial_large_cap_revenue_1b,Non-financial companies with revenue >= $1B,HDBSCAN coverage leader,10005,10011,1055,977,0.9260663507109005,1.0,1.0
non_financial_large_cap_revenue_1b,Non-financial companies with revenue >= $1B,HDBSCAN coverage leader,10005,10012,1053,976,0.9268755935422602,1.0,1.0
non_financial_large_cap_revenue_1b,Non-financial companies with revenue >= $1B,HDBSCAN coverage leader,10005,10013,1037,964,0.9296046287367405,1.0,1.0
non_financial_large_cap_revenue_1b,Non-financial companies with revenue >= $1B,HDBSCAN coverage leader,10005,10014,1053,956,0.9078822412155746,1.0,1.0
non_financial_large_cap_revenue_1b,Non-financial companies with revenue >= $1B,HDBSCAN coverage leader,10005,10015,1052,959,0.9115969581749049,1.0,1.0
non_financial_large_cap_revenue_1b,Non-financial companies with revenue >= $1B,HDBSCAN coverage leader,10005,10016,1050,966,0.92,1.0,1.0
non_financial_large_cap_revenue_1b,Non-financial companies with revenue >= $1B,HDBSCAN coverage leader,10005,10017,1065,984,0.923943661971831,1.0,1.0
non_financial_large_cap_revenue_1b,Non-financial companies with revenue >= $1B,HDBSCAN coverage leader,10005,10018,1053,963,0.9145299145299145,1.0,1.0
non_financial_large_cap_revenue_1b,Non-financial companies with revenue >= $1B,HDBSCAN coverage leader,10005,10019,1060,993,0.9367924528301886,1.0,1.0
non_financial_large_cap_revenue_1b,Non-financial companies with revenue >= $1B,HDBSCAN coverage leader,10006,10007,1059,977,0.9225684608120869,1.0,1.0
non_financial_large_cap_revenue_1b,Non-financial companies with revenue >= $1B,HDBSCAN coverage leader,10006,10008,1059,979,0.9244570349386213,1.0,1.0
non_financial_large_cap_revenue_1b,Non-financial companies with revenue >= $1B,HDBSCAN coverage leader,10006,10009,1058,973,0.9196597353497165,1.0,1.0
non_financial_large_cap_revenue_1b,Non-financial companies with revenue >= $1B,HDBSCAN coverage leader,10006,10010,1071,991,0.9253034547152195,1.0,1.0
non_financial_large_cap_revenue_1b,Non-financial companies with revenue >= $1B,HDBSCAN coverage leader,10006,10011,1061,981,0.9245994344957588,1.0,1.0
non_financial_large_cap_revenue_1b,Non-financial companies with revenue >= $1B,HDBSCAN coverage leader,10006,10012,1054,975,0.9250474383301708,1.0,1.0
non_financial_large_cap_revenue_1b,Non-financial companies with revenue >= $1B,HDBSCAN coverage leader,10006,10013,1055,976,0.9251184834123223,0.9863142209485485,0.9633972045517739
non_financial_large_cap_revenue_1b,Non-financial companies with revenue >= $1B,HDBSCAN coverage leader,10006,10014,1055,960,0.909952606635071,1.0,1.0
non_financial_large_cap_revenue_1b,Non-financial companies with revenue >= $1B,HDBSCAN coverage leader,10006,10015,1059,965,0.9112370160528801,0.968975667151339,0.9282268817297747
non_financial_large_cap_revenue_1b,Non-financial companies with revenue >= $1B,HDBSCAN coverage leader,10006,10016,1061,973,0.9170593779453345,0.9857051356612352,0.962131369553318
non_financial_large_cap_revenue_1b,Non-financial companies with revenue >= $1B,HDBSCAN coverage leader,10006,10017,1056,975,0.9232954545454546,1.0,1.0
non_financial_large_cap_revenue_1b,Non-financial companies with revenue >= $1B,HDBSCAN coverage leader,10006,10018,1053,968,0.9192782526115859,1.0,1.0
non_financial_large_cap_revenue_1b,Non-financial companies with revenue >= $1B,HDBSCAN coverage leader,10006,10019,1053,977,0.9278252611585945,1.0,1.0
non_financial_large_cap_revenue_1b,Non-financial companies with revenue >= $1B,HDBSCAN coverage leader,10007,10008,1056,988,0.9356060606060606,1.0,1.0
non_financial_large_cap_revenue_1b,Non-financial companies with revenue >= $1B,HDBSCAN coverage leader,10007,10009,1052,978,0.9296577946768061,1.0,1.0
non_financial_large_cap_revenue_1b,Non-financial companies with revenue >= $1B,HDBSCAN coverage leader,10007,10010,1049,979,0.9332697807435653,1.0,1.0
non_financial_large_cap_revenue_1b,Non-financial companies with revenue >= $1B,HDBSCAN coverage leader,10007,10011,1049,981,0.9351763584366063,1.0,1.0
non_financial_large_cap_revenue_1b,Non-financial companies with revenue >= $1B,HDBSCAN coverage leader,10007,10012,1055,991,0.9393364928909953,1.0,1.0
non_financial_large_cap_revenue_1b,Non-financial companies with revenue >= $1B,HDBSCAN coverage leader,10007,10013,1058,998,0.943289224952741,1.0,1.0
non_financial_large_cap_revenue_1b,Non-financial companies with revenue >= $1B,HDBSCAN coverage leader,10007,10014,1058,977,0.9234404536862004,0.985386682454716,0.961490194000394
non_financial_large_cap_revenue_1b,Non-financial companies with revenue >= $1B,HDBSCAN coverage leader,10007,10015,1053,967,0.9183285849952516,0.9838760851674658,0.9584241804960559
non_financial_large_cap_revenue_1b,Non-financial companies with revenue >= $1B,HDBSCAN coverage leader,10007,10016,1052,978,0.9296577946768061,0.9865981617851801,0.9639940554436184
non_financial_large_cap_revenue_1b,Non-financial companies with revenue >= $1B,HDBSCAN coverage leader,10007,10017,1055,982,0.9308056872037914,1.0,1.0
non_financial_large_cap_revenue_1b,Non-financial companies with revenue >= $1B,HDBSCAN coverage leader,10007,10018,1062,985,0.9274952919020716,1.0,1.0
non_financial_large_cap_revenue_1b,Non-financial companies with revenue >= $1B,HDBSCAN coverage leader,10007,10019,1063,1005,0.9454374412041392,0.9871681224425134,0.9652527574268782
non_financial_large_cap_revenue_1b,Non-financial companies with revenue >= $1B,HDBSCAN coverage leader,10008,10009,1048,972,0.9274809160305344,1.0,1.0
non_financial_large_cap_revenue_1b,Non-financial companies with revenue >= $1B,HDBSCAN coverage leader,10008,10010,1071,994,0.9281045751633987,1.0,1.0
non_financial_large_cap_revenue_1b,Non-financial companies with revenue >= $1B,HDBSCAN coverage leader,10008,10011,1055,984,0.9327014218009478,1.0,1.0
non_financial_large_cap_revenue_1b,Non-financial companies with revenue >= $1B,HDBSCAN coverage leader,10008,10012,1055,979,0.9279620853080569,1.0,1.0
non_financial_large_cap_revenue_1b,Non-financial companies with revenue >= $1B,HDBSCAN coverage leader,10008,10013,1057,992,0.9385052034058656,1.0,1.0
non_financial_large_cap_revenue_1b,Non-financial companies with revenue >= $1B,HDBSCAN coverage leader,10008,10014,1050,959,0.9133333333333333,1.0,1.0
non_financial_large_cap_revenue_1b,Non-financial companies with revenue >= $1B,HDBSCAN coverage leader,10008,10015,1054,965,0.9155597722960152,0.9825023053659148,0.955723229585307
non_financial_large_cap_revenue_1b,Non-financial companies with revenue >= $1B,HDBSCAN coverage leader,10008,10016,1054,973,0.9231499051233396,0.9857051356612352,0.962131369553318
non_financial_large_cap_revenue_1b,Non-financial companies with revenue >= $1B,HDBSCAN coverage leader,10008,10017,1074,998,0.9292364990689013,1.0,1.0
non_financial_large_cap_revenue_1b,Non-financial companies with revenue >= $1B,HDBSCAN coverage leader,10008,10018,1055,977,0.9260663507109005,1.0,1.0
non_financial_large_cap_revenue_1b,Non-financial companies with revenue >= $1B,HDBSCAN coverage leader,10008,10019,1051,986,0.9381541389153187,1.0,1.0
non_financial_large_cap_revenue_1b,Non-financial companies with revenue >= $1B,HDBSCAN coverage leader,10009,10010,1055,974,0.9232227488151659,1.0,1.0
non_financial_large_cap_revenue_1b,Non-financial companies with revenue >= $1B,HDBSCAN coverage leader,10009,10011,1056,978,0.9261363636363636,1.0,1.0
non_financial_large_cap_revenue_1b,Non-financial companies with revenue >= $1B,HDBSCAN coverage leader,10009,10012,1050,973,0.9266666666666666,1.0,1.0
non_financial_large_cap_revenue_1b,Non-financial companies with revenue >= $1B,HDBSCAN coverage leader,10009,10013,1055,980,0.9289099526066351,1.0,1.0
non_financial_large_cap_revenue_1b,Non-financial companies with revenue >= $1B,HDBSCAN coverage leader,10009,10014,1045,954,0.9129186602870814,1.0,1.0
non_financial_large_cap_revenue_1b,Non-financial companies with revenue >= $1B,HDBSCAN coverage leader,10009,10015,1054,967,0.9174573055028463,1.0,1.0
non_financial_large_cap_revenue_1b,Non-financial companies with revenue >= $1B,HDBSCAN coverage leader,10009,10016,1060,977,0.9216981132075471,1.0,1.0
non_financial_large_cap_revenue_1b,Non-financial companies with revenue >= $1B,HDBSCAN coverage leader,10009,10017,1048,969,0.924618320610687,1.0,1.0
non_financial_large_cap_revenue_1b,Non-financial companies with revenue >= $1B,HDBSCAN coverage leader,10009,10018,1061,979,0.9227144203581527,1.0,1.0
non_financial_large_cap_revenue_1b,Non-financial companies with revenue >= $1B,HDBSCAN coverage leader,10009,10019,1055,987,0.9355450236966825,1.0,1.0
non_financial_large_cap_revenue_1b,Non-financial companies with revenue >= $1B,HDBSCAN coverage leader,10010,10011,1046,974,0.9311663479923518,1.0,1.0
non_financial_large_cap_revenue_1b,Non-financial companies with revenue >= $1B,HDBSCAN coverage leader,10010,10012,1048,975,0.9303435114503816,1.0,1.0
non_financial_large_cap_revenue_1b,Non-financial companies with revenue >= $1B,HDBSCAN coverage leader,10010,10013,1051,980,0.9324452901998097,0.9866017481661319,0.9640062217962376
non_financial_large_cap_revenue_1b,Non-financial companies with revenue >= $1B,HDBSCAN coverage leader,10010,10014,1048,958,0.9141221374045801,1.0,1.0
non_financial_large_cap_revenue_1b,Non-financial companies with revenue >= $1B,HDBSCAN coverage leader,10010,10015,1050,962,0.9161904761904762,0.9704121307698125,0.9307593418397115
non_financial_large_cap_revenue_1b,Non-financial companies with revenue >= $1B,HDBSCAN coverage leader,10010,10016,1053,974,0.9249762583095916,0.9865909416711883,0.9639696097977359
non_financial_large_cap_revenue_1b,Non-financial companies with revenue >= $1B,HDBSCAN coverage leader,10010,10017,1055,979,0.9279620853080569,1.0,1.0
non_financial_large_cap_revenue_1b,Non-financial companies with revenue >= $1B,HDBSCAN coverage leader,10010,10018,1052,969,0.9211026615969582,1.0,1.0
non_financial_large_cap_revenue_1b,Non-financial companies with revenue >= $1B,HDBSCAN coverage leader,10010,10019,1065,998,0.9370892018779343,1.0,1.0
non_financial_large_cap_revenue_1b,Non-financial companies with revenue >= $1B,HDBSCAN coverage leader,10011,10012,1063,992,0.9332079021636877,1.0,1.0
non_financial_large_cap_revenue_1b,Non-financial companies with revenue >= $1B,HDBSCAN coverage leader,10011,10013,1041,973,0.9346781940441883,1.0,1.0
non_financial_large_cap_revenue_1b,Non-financial companies with revenue >= $1B,HDBSCAN coverage leader,10011,10014,1066,979,0.9183864915572233,1.0,1.0
non_financial_large_cap_revenue_1b,Non-financial companies with revenue >= $1B,HDBSCAN coverage leader,10011,10015,1049,965,0.9199237368922784,0.9838725000229404,0.9584110720353658
non_financial_large_cap_revenue_1b,Non-financial companies with revenue >= $1B,HDBSCAN coverage leader,10011,10016,1053,969,0.9202279202279202,0.98537235267577,0.9614398095496658
non_financial_large_cap_revenue_1b,Non-financial companies with revenue >= $1B,HDBSCAN coverage leader,10011,10017,1062,993,0.9350282485875706,0.9873912960123956,0.9656999470510746
non_financial_large_cap_revenue_1b,Non-financial companies with revenue >= $1B,HDBSCAN coverage leader,10011,10018,1051,975,0.9276879162702188,1.0,1.0
non_financial_large_cap_revenue_1b,Non-financial companies with revenue >= $1B,HDBSCAN coverage leader,10011,10019,1054,986,0.9354838709677419,1.0,1.0
non_financial_large_cap_revenue_1b,Non-financial companies with revenue >= $1B,HDBSCAN coverage leader,10012,10013,1060,995,0.9386792452830188,0.9873948037535645,0.965711634768005
non_financial_large_cap_revenue_1b,Non-financial companies with revenue >= $1B,HDBSCAN coverage leader,10012,10014,1063,980,0.9219190968955786,1.0,1.0
non_financial_large_cap_revenue_1b,Non-financial companies with revenue >= $1B,HDBSCAN coverage leader,10012,10015,1049,964,0.9189704480457579,0.9842756293056693,0.9592111194910928
non_financial_large_cap_revenue_1b,Non-financial companies with revenue >= $1B,HDBSCAN coverage leader,10012,10016,1059,982,0.927289896128423,0.9729616933235276,0.9354470610239329
non_financial_large_cap_revenue_1b,Non-financial companies with revenue >= $1B,HDBSCAN coverage leader,10012,10017,1060,985,0.9292452830188679,1.0,1.0
non_financial_large_cap_revenue_1b,Non-financial companies with revenue >= $1B,HDBSCAN coverage leader,10012,10018,1055,982,0.9308056872037914,0.9886335683141548,0.9683644744570608
non_financial_large_cap_revenue_1b,Non-financial companies with revenue >= $1B,HDBSCAN coverage leader,10012,10019,1063,999,0.9397930385700847,1.0,1.0
non_financial_large_cap_revenue_1b,Non-financial companies with revenue >= $1B,HDBSCAN coverage leader,10013,10014,1058,976,0.9224952741020794,0.9850417766274798,0.9607865824092555
non_financial_large_cap_revenue_1b,Non-financial companies with revenue >= $1B,HDBSCAN coverage leader,10013,10015,1056,975,0.9232954545454546,1.0,1.0
non_financial_large_cap_revenue_1b,Non-financial companies with revenue >= $1B,HDBSCAN coverage leader,10013,10016,1048,972,0.9274809160305344,1.0,1.0
non_financial_large_cap_revenue_1b,Non-financial companies with revenue >= $1B,HDBSCAN coverage leader,10013,10017,1056,987,0.9346590909090909,1.0,1.0
non_financial_large_cap_revenue_1b,Non-financial companies with revenue >= $1B,HDBSCAN coverage leader,10013,10018,1054,977,0.926944971537002,1.0,1.0
non_financial_large_cap_revenue_1b,Non-financial companies with revenue >= $1B,HDBSCAN coverage leader,10013,10019,1060,1005,0.9481132075471698,1.0,1.0
non_financial_large_cap_revenue_1b,Non-financial companies with revenue >= $1B,HDBSCAN coverage leader,10014,10015,1048,947,0.9036259541984732,0.9634023543436672,0.9185677673480664
non_financial_large_cap_revenue_1b,Non-financial companies with revenue >= $1B,HDBSCAN coverage leader,10014,10016,1042,947,0.9088291746641075,0.9834103470255751,0.9574415013681516
non_financial_large_cap_revenue_1b,Non-financial companies with revenue >= $1B,HDBSCAN coverage leader,10014,10017,1059,971,0.9169027384324835,1.0,1.0
non_financial_large_cap_revenue_1b,Non-financial companies with revenue >= $1B,HDBSCAN coverage leader,10014,10018,1051,969,0.9219790675547098,1.0,1.0
non_financial_large_cap_revenue_1b,Non-financial companies with revenue >= $1B,HDBSCAN coverage leader,10014,10019,1065,980,0.92018779342723,1.0,1.0
non_financial_large_cap_revenue_1b,Non-financial companies with revenue >= $1B,HDBSCAN coverage leader,10015,10016,1058,962,0.9092627599243857,1.0,1.0
non_financial_large_cap_revenue_1b,Non-financial companies with revenue >= $1B,HDBSCAN coverage leader,10015,10017,1053,960,0.9116809116809117,0.9834342142291597,0.957529057799706
non_financial_large_cap_revenue_1b,Non-financial companies with revenue >= $1B,HDBSCAN coverage leader,10015,10018,1054,956,0.9070208728652751,0.9829711169998305,0.9566071944669552
non_financial_large_cap_revenue_1b,Non-financial companies with revenue >= $1B,HDBSCAN coverage leader,10015,10019,1053,975,0.9259259259259259,0.9834609176013033,0.9576279334065515
non_financial_large_cap_revenue_1b,Non-financial companies with revenue >= $1B,HDBSCAN coverage leader,10016,10017,1058,979,0.9253308128544423,1.0,1.0
non_financial_large_cap_revenue_1b,Non-financial companies with revenue >= $1B,HDBSCAN coverage leader,10016,10018,1055,968,0.9175355450236967,0.9868472527799131,0.9644938509699021
non_financial_large_cap_revenue_1b,Non-financial companies with revenue >= $1B,HDBSCAN coverage leader,10016,10019,1052,980,0.9315589353612167,1.0,1.0
non_financial_large_cap_revenue_1b,Non-financial companies with revenue >= $1B,HDBSCAN coverage leader,10017,10018,1045,965,0.9234449760765551,1.0,1.0
non_financial_large_cap_revenue_1b,Non-financial companies with revenue >= $1B,HDBSCAN coverage leader,10017,10019,1051,983,0.9352997145575642,1.0,1.0
non_financial_large_cap_revenue_1b,Non-financial companies with revenue >= $1B,HDBSCAN coverage leader,10018,10019,1047,971,0.9274116523400191,1.0,1.0
non_financial_large_cap_revenue_1b,Non-financial companies with revenue >= $1B,HDBSCAN balanced frontier leader,10000,10001,1067,962,0.901593252108716,0.9834378255611644,0.9575423725990015
non_financial_large_cap_revenue_1b,Non-financial companies with revenue >= $1B,HDBSCAN balanced frontier leader,10000,10002,1062,947,0.891713747645951,1.0,1.0
non_financial_large_cap_revenue_1b,Non-financial companies with revenue >= $1B,HDBSCAN balanced frontier leader,10000,10003,1066,979,0.9183864915572233,1.0,1.0
non_financial_large_cap_revenue_1b,Non-financial companies with revenue >= $1B,HDBSCAN balanced frontier leader,10000,10004,1048,967,0.9227099236641222,1.0,1.0
non_financial_large_cap_revenue_1b,Non-financial companies with revenue >= $1B,HDBSCAN balanced frontier leader,10000,10005,1053,963,0.9145299145299145,1.0,1.0
non_financial_large_cap_revenue_1b,Non-financial companies with revenue >= $1B,HDBSCAN balanced frontier leader,10000,10006,1063,969,0.9115710253998118,0.9850292695893188,0.9607421561269885
non_financial_large_cap_revenue_1b,Non-financial companies with revenue >= $1B,HDBSCAN balanced frontier leader,10000,10007,1041,946,0.9087415946205571,1.0,1.0
non_financial_large_cap_revenue_1b,Non-financial companies with revenue >= $1B,HDBSCAN balanced frontier leader,10000,10008,1058,963,0.9102079395085066,1.0,1.0
non_financial_large_cap_revenue_1b,Non-financial companies with revenue >= $1B,HDBSCAN balanced frontier leader,10000,10009,1056,966,0.9147727272727273,1.0,1.0
non_financial_large_cap_revenue_1b,Non-financial companies with revenue >= $1B,HDBSCAN balanced frontier leader,10000,10010,1062,971,0.9143126177024482,0.9842881823390609,0.9592565443181875
non_financial_large_cap_revenue_1b,Non-financial companies with revenue >= $1B,HDBSCAN balanced frontier leader,10000,10011,1060,964,0.909433962264151,1.0,1.0
non_financial_large_cap_revenue_1b,Non-financial companies with revenue >= $1B,HDBSCAN balanced frontier leader,10000,10012,1044,954,0.9137931034482759,0.9842573572160193,0.959145370640124
non_financial_large_cap_revenue_1b,Non-financial companies with revenue >= $1B,HDBSCAN balanced frontier leader,10000,10013,1052,945,0.8982889733840305,1.0,1.0
non_financial_large_cap_revenue_1b,Non-financial companies with revenue >= $1B,HDBSCAN balanced frontier leader,10000,10014,1049,953,0.9084842707340324,0.9819637670542067,0.9546422835793196
non_financial_large_cap_revenue_1b,Non-financial companies with revenue >= $1B,HDBSCAN balanced frontier leader,10000,10015,1061,964,0.9085768143261075,1.0,1.0
non_financial_large_cap_revenue_1b,Non-financial companies with revenue >= $1B,HDBSCAN balanced frontier leader,10000,10016,1060,929,0.8764150943396226,1.0,1.0
non_financial_large_cap_revenue_1b,Non-financial companies with revenue >= $1B,HDBSCAN balanced frontier leader,10000,10017,1056,964,0.9128787878787878,1.0,1.0
non_financial_large_cap_revenue_1b,Non-financial companies with revenue >= $1B,HDBSCAN balanced frontier leader,10000,10018,1055,960,0.909952606635071,1.0,1.0
non_financial_large_cap_revenue_1b,Non-financial companies with revenue >= $1B,HDBSCAN balanced frontier leader,10000,10019,1051,957,0.9105613701236918,1.0,1.0
non_financial_large_cap_revenue_1b,Non-financial companies with revenue >= $1B,HDBSCAN balanced frontier leader,10001,10002,1066,936,0.8780487804878049,0.9813802185527858,0.9534632177789272
non_financial_large_cap_revenue_1b,Non-financial companies with revenue >= $1B,HDBSCAN balanced frontier leader,10001,10003,1055,955,0.9052132701421801,0.9850036698572928,0.9606518509353581
non_financial_large_cap_revenue_1b,Non-financial companies with revenue >= $1B,HDBSCAN balanced frontier leader,10001,10004,1048,959,0.9150763358778626,0.984266543802282,0.9591783723348706
non_financial_large_cap_revenue_1b,Non-financial companies with revenue >= $1B,HDBSCAN balanced frontier leader,10001,10005,1065,964,0.9051643192488263,1.0,1.0
non_financial_large_cap_revenue_1b,Non-financial companies with revenue >= $1B,HDBSCAN balanced frontier leader,10001,10006,1049,953,0.9084842707340324,0.9703791591279413,0.9306625830217498
non_financial_large_cap_revenue_1b,Non-financial companies with revenue >= $1B,HDBSCAN balanced frontier leader,10001,10007,1066,960,0.900562851782364,0.9850129038475643,0.9606843283201698
non_financial_large_cap_revenue_1b,Non-financial companies with revenue >= $1B,HDBSCAN balanced frontier leader,10001,10008,1052,950,0.903041825095057,0.9819582975442334,0.9546214908274522
non_financial_large_cap_revenue_1b,Non-financial companies with revenue >= $1B,HDBSCAN balanced frontier leader,10001,10009,1060,961,0.9066037735849056,0.984270190039978,0.9591915015509821
non_financial_large_cap_revenue_1b,Non-financial companies with revenue >= $1B,HDBSCAN balanced frontier leader,10001,10010,1062,964,0.9077212806026366,0.9697154480532002,0.9295287064640144
non_financial_large_cap_revenue_1b,Non-financial companies with revenue >= $1B,HDBSCAN balanced frontier leader,10001,10011,1057,954,0.902554399243141,0.9842573572160193,0.959145370640124
non_financial_large_cap_revenue_1b,Non-financial companies with revenue >= $1B,HDBSCAN balanced frontier leader,10001,10012,1052,955,0.9077946768060836,0.9842592027006672,0.9591519915068099
non_financial_large_cap_revenue_1b,Non-financial companies with revenue >= $1B,HDBSCAN balanced frontier leader,10001,10013,1052,934,0.8878326996197718,0.983385776042861,0.9573521490763304
non_financial_large_cap_revenue_1b,Non-financial companies with revenue >= $1B,HDBSCAN balanced frontier leader,10001,10014,1041,932,0.8952929875120077,0.9609835506155688,0.9144590224600491
non_financial_large_cap_revenue_1b,Non-financial companies with revenue >= $1B,HDBSCAN balanced frontier leader,10001,10015,1065,957,0.8985915492957747,1.0,1.0
non_financial_large_cap_revenue_1b,Non-financial companies with revenue >= $1B,HDBSCAN balanced frontier leader,10001,10016,1068,924,0.8651685393258427,1.0,1.0
non_financial_large_cap_revenue_1b,Non-financial companies with revenue >= $1B,HDBSCAN balanced frontier leader,10001,10017,1056,957,0.90625,0.9834287672926039,0.9575090085845972
non_financial_large_cap_revenue_1b,Non-financial companies with revenue >= $1B,HDBSCAN balanced frontier leader,10001,10018,1067,961,0.9006560449859419,0.9846527461737792,0.9599592273762789
non_financial_large_cap_revenue_1b,Non-financial companies with revenue >= $1B,HDBSCAN balanced frontier leader,10001,10019,1052,952,0.9049429657794676,1.0,1.0
non_financial_large_cap_revenue_1b,Non-financial companies with revenue >= $1B,HDBSCAN balanced frontier leader,10002,10003,1053,958,0.9097815764482431,0.985009222563737,0.9606713677344144
non_financial_large_cap_revenue_1b,Non-financial companies with revenue >= $1B,HDBSCAN balanced frontier leader,10002,10004,1047,941,0.8987583572110793,0.9833990958909768,0.9574004888557878
non_financial_large_cap_revenue_1b,Non-financial companies with revenue >= $1B,HDBSCAN balanced frontier leader,10002,10005,1057,940,0.8893093661305582,1.0,1.0
non_financial_large_cap_revenue_1b,Non-financial companies with revenue >= $1B,HDBSCAN balanced frontier leader,10002,10006,1059,947,0.8942398489140698,1.0,1.0
non_financial_large_cap_revenue_1b,Non-financial companies with revenue >= $1B,HDBSCAN balanced frontier leader,10002,10007,1049,951,0.9065776930409915,1.0,1.0
non_financial_large_cap_revenue_1b,Non-financial companies with revenue >= $1B,HDBSCAN balanced frontier leader,10002,10008,1040,927,0.8913461538461539,1.0,1.0
non_financial_large_cap_revenue_1b,Non-financial companies with revenue >= $1B,HDBSCAN balanced frontier leader,10002,10009,1066,953,0.8939962476547842,0.9824807035027054,0.9556417363688849
non_financial_large_cap_revenue_1b,Non-financial companies with revenue >= $1B,HDBSCAN balanced frontier leader,10002,10010,1055,943,0.8938388625592417,1.0,1.0
non_financial_large_cap_revenue_1b,Non-financial companies with revenue >= $1B,HDBSCAN balanced frontier leader,10002,10011,1064,955,0.8975563909774437,1.0,1.0
non_financial_large_cap_revenue_1b,Non-financial companies with revenue >= $1B,HDBSCAN balanced frontier leader,10002,10012,1045,934,0.8937799043062201,1.0,1.0
non_financial_large_cap_revenue_1b,Non-financial companies with revenue >= $1B,HDBSCAN balanced frontier leader,10002,10013,1064,960,0.9022556390977443,0.9856814285412469,0.9620492175787587
non_financial_large_cap_revenue_1b,Non-financial companies with revenue >= $1B,HDBSCAN balanced frontier leader,10002,10014,1056,952,0.9015151515151515,0.9824788774199436,0.9556348772094986
non_financial_large_cap_revenue_1b,Non-financial companies with revenue >= $1B,HDBSCAN balanced frontier leader,10002,10015,1056,931,0.8816287878787878,1.0,1.0
non_financial_large_cap_revenue_1b,Non-financial companies with revenue >= $1B,HDBSCAN balanced frontier leader,10002,10016,1066,937,0.8789868667917449,1.0,1.0
non_financial_large_cap_revenue_1b,Non-financial companies with revenue >= $1B,HDBSCAN balanced frontier leader,10002,10017,1039,933,0.8979788257940328,1.0,1.0
non_financial_large_cap_revenue_1b,Non-financial companies with revenue >= $1B,HDBSCAN balanced frontier leader,10002,10018,1050,944,0.8990476190476191,0.9842386739813601,0.9590785897681485
non_financial_large_cap_revenue_1b,Non-financial companies with revenue >= $1B,HDBSCAN balanced frontier leader,10002,10019,1057,954,0.902554399243141,1.0,1.0
non_financial_large_cap_revenue_1b,Non-financial companies with revenue >= $1B,HDBSCAN balanced frontier leader,10003,10004,1059,992,0.9367327667610954,0.9866229414120269,0.9640784418068452
non_financial_large_cap_revenue_1b,Non-financial companies with revenue >= $1B,HDBSCAN balanced frontier leader,10003,10005,1051,975,0.9276879162702188,1.0,1.0
non_financial_large_cap_revenue_1b,Non-financial companies with revenue >= $1B,HDBSCAN balanced frontier leader,10003,10006,1061,981,0.9245994344957588,1.0,1.0
non_financial_large_cap_revenue_1b,Non-financial companies with revenue >= $1B,HDBSCAN balanced frontier leader,10003,10007,1060,996,0.939622641509434,1.0,1.0
non_financial_large_cap_revenue_1b,Non-financial companies with revenue >= $1B,HDBSCAN balanced frontier leader,10003,10008,1051,973,0.9257849666983825,1.0,1.0
non_financial_large_cap_revenue_1b,Non-financial companies with revenue >= $1B,HDBSCAN balanced frontier leader,10003,10009,1058,986,0.9319470699432892,1.0,1.0
non_financial_large_cap_revenue_1b,Non-financial companies with revenue >= $1B,HDBSCAN balanced frontier leader,10003,10010,1050,971,0.9247619047619048,1.0,1.0
non_financial_large_cap_revenue_1b,Non-financial companies with revenue >= $1B,HDBSCAN balanced frontier leader,10003,10011,1071,996,0.9299719887955182,1.0,1.0
non_financial_large_cap_revenue_1b,Non-financial companies with revenue >= $1B,HDBSCAN balanced frontier leader,10003,10012,1065,990,0.9295774647887324,1.0,1.0
non_financial_large_cap_revenue_1b,Non-financial companies with revenue >= $1B,HDBSCAN balanced frontier leader,10003,10013,1048,971,0.9265267175572519,1.0,1.0
non_financial_large_cap_revenue_1b,Non-financial companies with revenue >= $1B,HDBSCAN balanced frontier leader,10003,10014,1066,987,0.925891181988743,1.0,1.0
non_financial_large_cap_revenue_1b,Non-financial companies with revenue >= $1B,HDBSCAN balanced frontier leader,10003,10015,1064,975,0.9163533834586466,0.9834609176013033,0.9576279334065515
non_financial_large_cap_revenue_1b,Non-financial companies with revenue >= $1B,HDBSCAN balanced frontier leader,10003,10016,1058,946,0.8941398865784499,0.9859642993130353,0.9625971943234218
non_financial_large_cap_revenue_1b,Non-financial companies with revenue >= $1B,HDBSCAN balanced frontier leader,10003,10017,1059,988,0.9329556185080264,1.0,1.0
non_financial_large_cap_revenue_1b,Non-financial companies with revenue >= $1B,HDBSCAN balanced frontier leader,10003,10018,1050,989,0.9419047619047619,0.9894904434431756,0.9702833801266258
non_financial_large_cap_revenue_1b,Non-financial companies with revenue >= $1B,HDBSCAN balanced frontier leader,10003,10019,1054,993,0.9421252371916509,1.0,1.0
non_financial_large_cap_revenue_1b,Non-financial companies with revenue >= $1B,HDBSCAN balanced frontier leader,10004,10005,1062,990,0.9322033898305084,0.986619447398477,0.9640664967942985
non_financial_large_cap_revenue_1b,Non-financial companies with revenue >= $1B,HDBSCAN balanced frontier leader,10004,10006,1055,979,0.9279620853080569,1.0,1.0
non_financial_large_cap_revenue_1b,Non-financial companies with revenue >= $1B,HDBSCAN balanced frontier leader,10004,10007,1058,982,0.9281663516068053,0.9868726698655335,0.9645790454042151
non_financial_large_cap_revenue_1b,Non-financial companies with revenue >= $1B,HDBSCAN balanced frontier leader,10004,10008,1052,974,0.9258555133079848,1.0,1.0
non_financial_large_cap_revenue_1b,Non-financial companies with revenue >= $1B,HDBSCAN balanced frontier leader,10004,10009,1062,989,0.931261770244821,1.0,1.0
non_financial_large_cap_revenue_1b,Non-financial companies with revenue >= $1B,HDBSCAN balanced frontier leader,10004,10010,1074,993,0.9245810055865922,1.0,1.0
non_financial_large_cap_revenue_1b,Non-financial companies with revenue >= $1B,HDBSCAN balanced frontier leader,10004,10011,1063,986,0.9275634995296331,0.9860376205169571,0.9628486065097542
non_financial_large_cap_revenue_1b,Non-financial companies with revenue >= $1B,HDBSCAN balanced frontier leader,10004,10012,1046,975,0.9321223709369025,1.0,1.0
non_financial_large_cap_revenue_1b,Non-financial companies with revenue >= $1B,HDBSCAN balanced frontier leader,10004,10013,1068,974,0.9119850187265918,1.0,1.0
non_financial_large_cap_revenue_1b,Non-financial companies with revenue >= $1B,HDBSCAN balanced frontier leader,10004,10014,1049,964,0.9189704480457579,0.9853632678421047,0.9614080023742915
non_financial_large_cap_revenue_1b,Non-financial companies with revenue >= $1B,HDBSCAN balanced frontier leader,10004,10015,1056,974,0.9223484848484849,0.9846761451758387,0.9600429675047869
non_financial_large_cap_revenue_1b,Non-financial companies with revenue >= $1B,HDBSCAN balanced frontier leader,10004,10016,1052,936,0.8897338403041825,0.9688685774071145,0.9279079657066481
non_financial_large_cap_revenue_1b,Non-financial companies with revenue >= $1B,HDBSCAN balanced frontier leader,10004,10017,1053,984,0.9344729344729344,1.0,1.0
non_financial_large_cap_revenue_1b,Non-financial companies with revenue >= $1B,HDBSCAN balanced frontier leader,10004,10018,1046,968,0.9254302103250478,1.0,1.0
non_financial_large_cap_revenue_1b,Non-financial companies with revenue >= $1B,HDBSCAN balanced frontier leader,10004,10019,1054,981,0.9307400379506642,0.9863231650947654,0.9634278291108253
non_financial_large_cap_revenue_1b,Non-financial companies with revenue >= $1B,HDBSCAN balanced frontier leader,10005,10006,1058,969,0.9158790170132325,1.0,1.0
non_financial_large_cap_revenue_1b,Non-financial companies with revenue >= $1B,HDBSCAN balanced frontier leader,10005,10007,1056,967,0.915719696969697,1.0,1.0
non_financial_large_cap_revenue_1b,Non-financial companies with revenue >= $1B,HDBSCAN balanced frontier leader,10005,10008,1043,960,0.9204218600191755,1.0,1.0
non_financial_large_cap_revenue_1b,Non-financial companies with revenue >= $1B,HDBSCAN balanced frontier leader,10005,10009,1061,981,0.9245994344957588,1.0,1.0
non_financial_large_cap_revenue_1b,Non-financial companies with revenue >= $1B,HDBSCAN balanced frontier leader,10005,10010,1052,969,0.9211026615969582,1.0,1.0
non_financial_large_cap_revenue_1b,Non-financial companies with revenue >= $1B,HDBSCAN balanced frontier leader,10005,10011,1055,970,0.919431279620853,1.0,1.0
non_financial_large_cap_revenue_1b,Non-financial companies with revenue >= $1B,HDBSCAN balanced frontier leader,10005,10012,1053,973,0.9240265906932573,1.0,1.0
non_financial_large_cap_revenue_1b,Non-financial companies with revenue >= $1B,HDBSCAN balanced frontier leader,10005,10013,1037,939,0.90549662487946,1.0,1.0
non_financial_large_cap_revenue_1b,Non-financial companies with revenue >= $1B,HDBSCAN balanced frontier leader,10005,10014,1053,957,0.9088319088319088,1.0,1.0
non_financial_large_cap_revenue_1b,Non-financial companies with revenue >= $1B,HDBSCAN balanced frontier leader,10005,10015,1052,960,0.9125475285171103,1.0,1.0
non_financial_large_cap_revenue_1b,Non-financial companies with revenue >= $1B,HDBSCAN balanced frontier leader,10005,10016,1050,920,0.8761904761904762,1.0,1.0
non_financial_large_cap_revenue_1b,Non-financial companies with revenue >= $1B,HDBSCAN balanced frontier leader,10005,10017,1065,987,0.9267605633802817,1.0,1.0
non_financial_large_cap_revenue_1b,Non-financial companies with revenue >= $1B,HDBSCAN balanced frontier leader,10005,10018,1053,966,0.9173789173789174,1.0,1.0
non_financial_large_cap_revenue_1b,Non-financial companies with revenue >= $1B,HDBSCAN balanced frontier leader,10005,10019,1060,978,0.9226415094339623,1.0,1.0
non_financial_large_cap_revenue_1b,Non-financial companies with revenue >= $1B,HDBSCAN balanced frontier leader,10006,10007,1059,970,0.9159584513692163,1.0,1.0
non_financial_large_cap_revenue_1b,Non-financial companies with revenue >= $1B,HDBSCAN balanced frontier leader,10006,10008,1059,974,0.9197355996222851,0.985038222695687,0.9607739377641563
non_financial_large_cap_revenue_1b,Non-financial companies with revenue >= $1B,HDBSCAN balanced frontier leader,10006,10009,1058,973,0.9196597353497165,1.0,1.0
non_financial_large_cap_revenue_1b,Non-financial companies with revenue >= $1B,HDBSCAN balanced frontier leader,10006,10010,1071,984,0.9187675070028011,1.0,1.0
non_financial_large_cap_revenue_1b,Non-financial companies with revenue >= $1B,HDBSCAN balanced frontier leader,10006,10011,1061,971,0.9151743638077285,1.0,1.0
non_financial_large_cap_revenue_1b,Non-financial companies with revenue >= $1B,HDBSCAN balanced frontier leader,10006,10012,1054,970,0.920303605313093,1.0,1.0
non_financial_large_cap_revenue_1b,Non-financial companies with revenue >= $1B,HDBSCAN balanced frontier leader,10006,10013,1055,950,0.9004739336492891,1.0,1.0
non_financial_large_cap_revenue_1b,Non-financial companies with revenue >= $1B,HDBSCAN balanced frontier leader,10006,10014,1055,960,0.909952606635071,1.0,1.0
non_financial_large_cap_revenue_1b,Non-financial companies with revenue >= $1B,HDBSCAN balanced frontier leader,10006,10015,1059,965,0.9112370160528801,0.968975667151339,0.9282268817297747
non_financial_large_cap_revenue_1b,Non-financial companies with revenue >= $1B,HDBSCAN balanced frontier leader,10006,10016,1061,925,0.8718190386427899,0.9829127327738532,0.9563923489689492
non_financial_large_cap_revenue_1b,Non-financial companies with revenue >= $1B,HDBSCAN balanced frontier leader,10006,10017,1056,975,0.9232954545454546,1.0,1.0
non_financial_large_cap_revenue_1b,Non-financial companies with revenue >= $1B,HDBSCAN balanced frontier leader,10006,10018,1053,968,0.9192782526115859,1.0,1.0
non_financial_large_cap_revenue_1b,Non-financial companies with revenue >= $1B,HDBSCAN balanced frontier leader,10006,10019,1053,969,0.9202279202279202,1.0,1.0
non_financial_large_cap_revenue_1b,Non-financial companies with revenue >= $1B,HDBSCAN balanced frontier leader,10007,10008,1056,972,0.9204545454545454,1.0,1.0
non_financial_large_cap_revenue_1b,Non-financial companies with revenue >= $1B,HDBSCAN balanced frontier leader,10007,10009,1052,968,0.9201520912547528,1.0,1.0
non_financial_large_cap_revenue_1b,Non-financial companies with revenue >= $1B,HDBSCAN balanced frontier leader,10007,10010,1049,966,0.9208770257387988,1.0,1.0
non_financial_large_cap_revenue_1b,Non-financial companies with revenue >= $1B,HDBSCAN balanced frontier leader,10007,10011,1049,978,0.9323164918970448,1.0,1.0
non_financial_large_cap_revenue_1b,Non-financial companies with revenue >= $1B,HDBSCAN balanced frontier leader,10007,10012,1055,972,0.9213270142180094,1.0,1.0
non_financial_large_cap_revenue_1b,Non-financial companies with revenue >= $1B,HDBSCAN balanced frontier leader,10007,10013,1058,980,0.9262759924385633,1.0,1.0
non_financial_large_cap_revenue_1b,Non-financial companies with revenue >= $1B,HDBSCAN balanced frontier leader,10007,10014,1058,979,0.9253308128544423,1.0,1.0
non_financial_large_cap_revenue_1b,Non-financial companies with revenue >= $1B,HDBSCAN balanced frontier leader,10007,10015,1053,958,0.9097815764482431,0.9834305869475363,0.9575157019617729
non_financial_large_cap_revenue_1b,Non-financial companies with revenue >= $1B,HDBSCAN balanced frontier leader,10007,10016,1052,941,0.8944866920152091,0.986528859654804,0.9637619810627848
non_financial_large_cap_revenue_1b,Non-financial companies with revenue >= $1B,HDBSCAN balanced frontier leader,10007,10017,1055,978,0.9270142180094787,1.0,1.0
non_financial_large_cap_revenue_1b,Non-financial companies with revenue >= $1B,HDBSCAN balanced frontier leader,10007,10018,1062,986,0.928436911487759,0.9882546959489386,0.9675428224730049
non_financial_large_cap_revenue_1b,Non-financial companies with revenue >= $1B,HDBSCAN balanced frontier leader,10007,10019,1063,993,0.9341486359360301,1.0,1.0
non_financial_large_cap_revenue_1b,Non-financial companies with revenue >= $1B,HDBSCAN balanced frontier leader,10008,10009,1048,966,0.9217557251908397,1.0,1.0
non_financial_large_cap_revenue_1b,Non-financial companies with revenue >= $1B,HDBSCAN balanced frontier leader,10008,10010,1071,984,0.9187675070028011,0.9853990175671367,0.9615337774772093
non_financial_large_cap_revenue_1b,Non-financial companies with revenue >= $1B,HDBSCAN balanced frontier leader,10008,10011,1055,970,0.919431279620853,1.0,1.0
non_financial_large_cap_revenue_1b,Non-financial companies with revenue >= $1B,HDBSCAN balanced frontier leader,10008,10012,1055,970,0.919431279620853,0.985031068064926,0.9607485319892278
non_financial_large_cap_revenue_1b,Non-financial companies with revenue >= $1B,HDBSCAN balanced frontier leader,10008,10013,1057,961,0.9091769157994324,1.0,1.0
non_financial_large_cap_revenue_1b,Non-financial companies with revenue >= $1B,HDBSCAN balanced frontier leader,10008,10014,1050,958,0.9123809523809524,0.9838598271243342,0.9583648737967728
non_financial_large_cap_revenue_1b,Non-financial companies with revenue >= $1B,HDBSCAN balanced frontier leader,10008,10015,1054,960,0.9108159392789373,0.9824933737817956,0.9556894560111852
non_financial_large_cap_revenue_1b,Non-financial companies with revenue >= $1B,HDBSCAN balanced frontier leader,10008,10016,1054,928,0.8804554079696395,0.9842078904068319,0.9589695224414602
non_financial_large_cap_revenue_1b,Non-financial companies with revenue >= $1B,HDBSCAN balanced frontier leader,10008,10017,1074,986,0.9180633147113594,1.0,1.0
non_financial_large_cap_revenue_1b,Non-financial companies with revenue >= $1B,HDBSCAN balanced frontier leader,10008,10018,1055,971,0.9203791469194312,1.0,1.0
non_financial_large_cap_revenue_1b,Non-financial companies with revenue >= $1B,HDBSCAN balanced frontier leader,10008,10019,1051,969,0.9219790675547098,1.0,1.0
non_financial_large_cap_revenue_1b,Non-financial companies with revenue >= $1B,HDBSCAN balanced frontier leader,10009,10010,1055,973,0.9222748815165877,1.0,1.0
non_financial_large_cap_revenue_1b,Non-financial companies with revenue >= $1B,HDBSCAN balanced frontier leader,10009,10011,1056,966,0.9147727272727273,1.0,1.0
non_financial_large_cap_revenue_1b,Non-financial companies with revenue >= $1B,HDBSCAN balanced frontier leader,10009,10012,1050,968,0.9219047619047619,1.0,1.0
non_financial_large_cap_revenue_1b,Non-financial companies with revenue >= $1B,HDBSCAN balanced frontier leader,10009,10013,1055,958,0.9080568720379147,1.0,1.0
non_financial_large_cap_revenue_1b,Non-financial companies with revenue >= $1B,HDBSCAN balanced frontier leader,10009,10014,1045,954,0.9129186602870814,1.0,1.0
non_financial_large_cap_revenue_1b,Non-financial companies with revenue >= $1B,HDBSCAN balanced frontier leader,10009,10015,1054,967,0.9174573055028463,1.0,1.0
non_financial_large_cap_revenue_1b,Non-financial companies with revenue >= $1B,HDBSCAN balanced frontier leader,10009,10016,1060,930,0.8773584905660378,1.0,1.0
non_financial_large_cap_revenue_1b,Non-financial companies with revenue >= $1B,HDBSCAN balanced frontier leader,10009,10017,1048,969,0.924618320610687,1.0,1.0
non_financial_large_cap_revenue_1b,Non-financial companies with revenue >= $1B,HDBSCAN balanced frontier leader,10009,10018,1061,979,0.9227144203581527,1.0,1.0
non_financial_large_cap_revenue_1b,Non-financial companies with revenue >= $1B,HDBSCAN balanced frontier leader,10009,10019,1055,976,0.9251184834123223,1.0,1.0
non_financial_large_cap_revenue_1b,Non-financial companies with revenue >= $1B,HDBSCAN balanced frontier leader,10010,10011,1046,962,0.9196940726577438,1.0,1.0
non_financial_large_cap_revenue_1b,Non-financial companies with revenue >= $1B,HDBSCAN balanced frontier leader,10010,10012,1048,969,0.924618320610687,1.0,1.0
non_financial_large_cap_revenue_1b,Non-financial companies with revenue >= $1B,HDBSCAN balanced frontier leader,10010,10013,1051,953,0.9067554709800191,1.0,1.0
non_financial_large_cap_revenue_1b,Non-financial companies with revenue >= $1B,HDBSCAN balanced frontier leader,10010,10014,1048,957,0.9131679389312977,1.0,1.0
non_financial_large_cap_revenue_1b,Non-financial companies with revenue >= $1B,HDBSCAN balanced frontier leader,10010,10015,1050,961,0.9152380952380952,0.969704621298603,0.9294965200092722
non_financial_large_cap_revenue_1b,Non-financial companies with revenue >= $1B,HDBSCAN balanced frontier leader,10010,10016,1053,930,0.8831908831908832,0.9842117999258564,0.9589833084483649
non_financial_large_cap_revenue_1b,Non-financial companies with revenue >= $1B,HDBSCAN balanced frontier leader,10010,10017,1055,973,0.9222748815165877,1.0,1.0
non_financial_large_cap_revenue_1b,Non-financial companies with revenue >= $1B,HDBSCAN balanced frontier leader,10010,10018,1052,967,0.9192015209125475,1.0,1.0
non_financial_large_cap_revenue_1b,Non-financial companies with revenue >= $1B,HDBSCAN balanced frontier leader,10010,10019,1065,985,0.9248826291079812,1.0,1.0
non_financial_large_cap_revenue_1b,Non-financial companies with revenue >= $1B,HDBSCAN balanced frontier leader,10011,10012,1063,978,0.9200376293508937,1.0,1.0
non_financial_large_cap_revenue_1b,Non-financial companies with revenue >= $1B,HDBSCAN balanced frontier leader,10011,10013,1041,949,0.9116234390009607,1.0,1.0
non_financial_large_cap_revenue_1b,Non-financial companies with revenue >= $1B,HDBSCAN balanced frontier leader,10011,10014,1066,981,0.9202626641651032,1.0,1.0
non_financial_large_cap_revenue_1b,Non-financial companies with revenue >= $1B,HDBSCAN balanced frontier leader,10011,10015,1049,953,0.9084842707340324,0.9838506542591146,0.9583315677878667
non_financial_large_cap_revenue_1b,Non-financial companies with revenue >= $1B,HDBSCAN balanced frontier leader,10011,10016,1053,934,0.8869895536562203,0.9853065774270812,0.9612118375911112
non_financial_large_cap_revenue_1b,Non-financial companies with revenue >= $1B,HDBSCAN balanced frontier leader,10011,10017,1062,980,0.9227871939736346,1.0,1.0
non_financial_large_cap_revenue_1b,Non-financial companies with revenue >= $1B,HDBSCAN balanced frontier leader,10011,10018,1051,972,0.9248334919124643,0.9875867025833438,0.9660732255176198
non_financial_large_cap_revenue_1b,Non-financial companies with revenue >= $1B,HDBSCAN balanced frontier leader,10011,10019,1054,979,0.928842504743833,0.9871224731357288,0.9650994864189587
non_financial_large_cap_revenue_1b,Non-financial companies with revenue >= $1B,HDBSCAN balanced frontier leader,10012,10013,1060,957,0.9028301886792452,1.0,1.0
non_financial_large_cap_revenue_1b,Non-financial companies with revenue >= $1B,HDBSCAN balanced frontier leader,10012,10014,1063,968,0.9106302916274694,1.0,1.0
non_financial_large_cap_revenue_1b,Non-financial companies with revenue >= $1B,HDBSCAN balanced frontier leader,10012,10015,1049,962,0.9170638703527169,0.984272007127401,0.9591980509551422
non_financial_large_cap_revenue_1b,Non-financial companies with revenue >= $1B,HDBSCAN balanced frontier leader,10012,10016,1059,934,0.8819641170915958,1.0,1.0
non_financial_large_cap_revenue_1b,Non-financial companies with revenue >= $1B,HDBSCAN balanced frontier leader,10012,10017,1060,980,0.9245283018867925,1.0,1.0
non_financial_large_cap_revenue_1b,Non-financial companies with revenue >= $1B,HDBSCAN balanced frontier leader,10012,10018,1055,966,0.9156398104265403,1.0,1.0
non_financial_large_cap_revenue_1b,Non-financial companies with revenue >= $1B,HDBSCAN balanced frontier leader,10012,10019,1063,980,0.9219190968955786,1.0,1.0
non_financial_large_cap_revenue_1b,Non-financial companies with revenue >= $1B,HDBSCAN balanced frontier leader,10013,10014,1058,969,0.9158790170132325,1.0,1.0
non_financial_large_cap_revenue_1b,Non-financial companies with revenue >= $1B,HDBSCAN balanced frontier leader,10013,10015,1056,949,0.8986742424242424,1.0,1.0
non_financial_large_cap_revenue_1b,Non-financial companies with revenue >= $1B,HDBSCAN balanced frontier leader,10013,10016,1048,929,0.8864503816793893,1.0,1.0
non_financial_large_cap_revenue_1b,Non-financial companies with revenue >= $1B,HDBSCAN balanced frontier leader,10013,10017,1056,961,0.9100378787878788,1.0,1.0
non_financial_large_cap_revenue_1b,Non-financial companies with revenue >= $1B,HDBSCAN balanced frontier leader,10013,10018,1054,962,0.9127134724857685,1.0,1.0
non_financial_large_cap_revenue_1b,Non-financial companies with revenue >= $1B,HDBSCAN balanced frontier leader,10013,10019,1060,972,0.9169811320754717,1.0,1.0
non_financial_large_cap_revenue_1b,Non-financial companies with revenue >= $1B,HDBSCAN balanced frontier leader,10014,10015,1048,947,0.9036259541984732,0.9634023543436672,0.9185677673480664
non_financial_large_cap_revenue_1b,Non-financial companies with revenue >= $1B,HDBSCAN balanced frontier leader,10014,10016,1042,921,0.8838771593090211,0.9813515346189188,0.9533544604204497
non_financial_large_cap_revenue_1b,Non-financial companies with revenue >= $1B,HDBSCAN balanced frontier leader,10014,10017,1059,971,0.9169027384324835,1.0,1.0
non_financial_large_cap_revenue_1b,Non-financial companies with revenue >= $1B,HDBSCAN balanced frontier leader,10014,10018,1051,969,0.9219790675547098,1.0,1.0
non_financial_large_cap_revenue_1b,Non-financial companies with revenue >= $1B,HDBSCAN balanced frontier leader,10014,10019,1065,983,0.9230046948356807,1.0,1.0
non_financial_large_cap_revenue_1b,Non-financial companies with revenue >= $1B,HDBSCAN balanced frontier leader,10015,10016,1058,921,0.8705103969754253,1.0,1.0
non_financial_large_cap_revenue_1b,Non-financial companies with revenue >= $1B,HDBSCAN balanced frontier leader,10015,10017,1053,960,0.9116809116809117,0.9834342142291597,0.957529057799706
non_financial_large_cap_revenue_1b,Non-financial companies with revenue >= $1B,HDBSCAN balanced frontier leader,10015,10018,1054,956,0.9070208728652751,0.9829711169998305,0.9566071944669552
non_financial_large_cap_revenue_1b,Non-financial companies with revenue >= $1B,HDBSCAN balanced frontier leader,10015,10019,1053,963,0.9145299145299145,0.9834396252788566,0.9575490146774635
non_financial_large_cap_revenue_1b,Non-financial companies with revenue >= $1B,HDBSCAN balanced frontier leader,10016,10017,1058,937,0.8856332703213611,0.9829358176633717,0.9564767587662673
non_financial_large_cap_revenue_1b,Non-financial companies with revenue >= $1B,HDBSCAN balanced frontier leader,10016,10018,1055,933,0.8843601895734597,0.9716039016737957,0.9327849669407808
non_financial_large_cap_revenue_1b,Non-financial companies with revenue >= $1B,HDBSCAN balanced frontier leader,10016,10019,1052,940,0.8935361216730038,0.9703303450941072,0.9305203853912106
non_financial_large_cap_revenue_1b,Non-financial companies with revenue >= $1B,HDBSCAN balanced frontier leader,10017,10018,1045,965,0.9234449760765551,1.0,1.0
non_financial_large_cap_revenue_1b,Non-financial companies with revenue >= $1B,HDBSCAN balanced frontier leader,10017,10019,1051,976,0.928639391056137,1.0,1.0
non_financial_large_cap_revenue_1b,Non-financial companies with revenue >= $1B,HDBSCAN balanced frontier leader,10018,10019,1047,975,0.9312320916905444,1.0,1.0
