Experiment Phase,Preprocessing Version,Scenario ID,Scenario Name,Candidate Role,Candidate ID,Method,K,Sampling Seed,N Companies,Common-Space Silhouette Score,Evaluation Coverage
Canonical cross-cohort robustness,scenario_pipeline_v3_economic_validity,technology_revenue_25m,Technology companies with revenue >= $25M,Full-assignment candidate,Full Assignment|Agglomerative,Agglomerative,2,10000,469,0.4237249996752655,1.0
Canonical cross-cohort robustness,scenario_pipeline_v3_economic_validity,technology_revenue_25m,Technology companies with revenue >= $25M,Full-assignment candidate,Full Assignment|Agglomerative,Agglomerative,2,10001,469,0.32767829100332624,1.0
Canonical cross-cohort robustness,scenario_pipeline_v3_economic_validity,technology_revenue_25m,Technology companies with revenue >= $25M,Full-assignment candidate,Full Assignment|Agglomerative,Agglomerative,2,10002,469,0.49295165544835484,1.0
Canonical cross-cohort robustness,scenario_pipeline_v3_economic_validity,technology_revenue_25m,Technology companies with revenue >= $25M,Full-assignment candidate,Full Assignment|Agglomerative,Agglomerative,2,10003,470,0.444362759822226,1.0
Canonical cross-cohort robustness,scenario_pipeline_v3_economic_validity,technology_revenue_25m,Technology companies with revenue >= $25M,Full-assignment candidate,Full Assignment|Agglomerative,Agglomerative,2,10004,469,0.46397493363057885,1.0
Canonical cross-cohort robustness,scenario_pipeline_v3_economic_validity,technology_revenue_25m,Technology companies with revenue >= $25M,Full-assignment candidate,Full Assignment|Agglomerative,Agglomerative,2,10005,469,0.3703616874425052,1.0
Canonical cross-cohort robustness,scenario_pipeline_v3_economic_validity,technology_revenue_25m,Technology companies with revenue >= $25M,Full-assignment candidate,Full Assignment|Agglomerative,Agglomerative,2,10006,469,0.324591614858273,1.0
Canonical cross-cohort robustness,scenario_pipeline_v3_economic_validity,technology_revenue_25m,Technology companies with revenue >= $25M,Full-assignment candidate,Full Assignment|Agglomerative,Agglomerative,2,10007,469,0.41388655058005774,1.0
Canonical cross-cohort robustness,scenario_pipeline_v3_economic_validity,technology_revenue_25m,Technology companies with revenue >= $25M,Full-assignment candidate,Full Assignment|Agglomerative,Agglomerative,2,10008,470,0.3501127290683008,1.0
Canonical cross-cohort robustness,scenario_pipeline_v3_economic_validity,technology_revenue_25m,Technology companies with revenue >= $25M,Full-assignment candidate,Full Assignment|Agglomerative,Agglomerative,2,10009,469,0.35146657272984455,1.0
Canonical cross-cohort robustness,scenario_pipeline_v3_economic_validity,technology_revenue_25m,Technology companies with revenue >= $25M,Full-assignment candidate,Full Assignment|Agglomerative,Agglomerative,2,10010,469,0.4088525364967162,1.0
Canonical cross-cohort robustness,scenario_pipeline_v3_economic_validity,technology_revenue_25m,Technology companies with revenue >= $25M,Full-assignment candidate,Full Assignment|Agglomerative,Agglomerative,2,10011,469,0.3903153871972526,1.0
Canonical cross-cohort robustness,scenario_pipeline_v3_economic_validity,technology_revenue_25m,Technology companies with revenue >= $25M,Full-assignment candidate,Full Assignment|Agglomerative,Agglomerative,2,10012,469,0.41340588001045714,1.0
Canonical cross-cohort robustness,scenario_pipeline_v3_economic_validity,technology_revenue_25m,Technology companies with revenue >= $25M,Full-assignment candidate,Full Assignment|Agglomerative,Agglomerative,2,10013,470,0.41475183065647614,1.0
Canonical cross-cohort robustness,scenario_pipeline_v3_economic_validity,technology_revenue_25m,Technology companies with revenue >= $25M,Full-assignment candidate,Full Assignment|Agglomerative,Agglomerative,2,10014,470,0.47447564970299677,1.0
Canonical cross-cohort robustness,scenario_pipeline_v3_economic_validity,technology_revenue_25m,Technology companies with revenue >= $25M,Full-assignment candidate,Full Assignment|Agglomerative,Agglomerative,2,10015,470,0.4479681642850825,1.0
Canonical cross-cohort robustness,scenario_pipeline_v3_economic_validity,technology_revenue_25m,Technology companies with revenue >= $25M,Full-assignment candidate,Full Assignment|Agglomerative,Agglomerative,2,10016,469,0.3279983569707744,1.0
Canonical cross-cohort robustness,scenario_pipeline_v3_economic_validity,technology_revenue_25m,Technology companies with revenue >= $25M,Full-assignment candidate,Full Assignment|Agglomerative,Agglomerative,2,10017,471,0.3046936274898163,1.0
Canonical cross-cohort robustness,scenario_pipeline_v3_economic_validity,technology_revenue_25m,Technology companies with revenue >= $25M,Full-assignment candidate,Full Assignment|Agglomerative,Agglomerative,2,10018,472,0.3464933910102322,1.0
Canonical cross-cohort robustness,scenario_pipeline_v3_economic_validity,technology_revenue_25m,Technology companies with revenue >= $25M,Full-assignment candidate,Full Assignment|Agglomerative,Agglomerative,2,10019,470,0.3535243633121777,1.0
Canonical cross-cohort robustness,scenario_pipeline_v3_economic_validity,technology_revenue_25m,Technology companies with revenue >= $25M,Full-assignment candidate,Full Assignment|K-Means,K-Means,2,10000,469,0.38806603793750677,1.0
Canonical cross-cohort robustness,scenario_pipeline_v3_economic_validity,technology_revenue_25m,Technology companies with revenue >= $25M,Full-assignment candidate,Full Assignment|K-Means,K-Means,2,10001,469,0.3830735183782673,1.0
Canonical cross-cohort robustness,scenario_pipeline_v3_economic_validity,technology_revenue_25m,Technology companies with revenue >= $25M,Full-assignment candidate,Full Assignment|K-Means,K-Means,2,10002,469,0.4754791120250009,1.0
Canonical cross-cohort robustness,scenario_pipeline_v3_economic_validity,technology_revenue_25m,Technology companies with revenue >= $25M,Full-assignment candidate,Full Assignment|K-Means,K-Means,2,10003,470,0.3807202339887288,1.0
Canonical cross-cohort robustness,scenario_pipeline_v3_economic_validity,technology_revenue_25m,Technology companies with revenue >= $25M,Full-assignment candidate,Full Assignment|K-Means,K-Means,2,10004,469,0.43240430430667,1.0
Canonical cross-cohort robustness,scenario_pipeline_v3_economic_validity,technology_revenue_25m,Technology companies with revenue >= $25M,Full-assignment candidate,Full Assignment|K-Means,K-Means,2,10005,469,0.3623577689217331,1.0
Canonical cross-cohort robustness,scenario_pipeline_v3_economic_validity,technology_revenue_25m,Technology companies with revenue >= $25M,Full-assignment candidate,Full Assignment|K-Means,K-Means,2,10006,469,0.36843233244304924,1.0
Canonical cross-cohort robustness,scenario_pipeline_v3_economic_validity,technology_revenue_25m,Technology companies with revenue >= $25M,Full-assignment candidate,Full Assignment|K-Means,K-Means,2,10007,469,0.36949318358458155,1.0
Canonical cross-cohort robustness,scenario_pipeline_v3_economic_validity,technology_revenue_25m,Technology companies with revenue >= $25M,Full-assignment candidate,Full Assignment|K-Means,K-Means,2,10008,470,0.43633124316212296,1.0
Canonical cross-cohort robustness,scenario_pipeline_v3_economic_validity,technology_revenue_25m,Technology companies with revenue >= $25M,Full-assignment candidate,Full Assignment|K-Means,K-Means,2,10009,469,0.42388689865410584,1.0
Canonical cross-cohort robustness,scenario_pipeline_v3_economic_validity,technology_revenue_25m,Technology companies with revenue >= $25M,Full-assignment candidate,Full Assignment|K-Means,K-Means,2,10010,469,0.40881078484001915,1.0
Canonical cross-cohort robustness,scenario_pipeline_v3_economic_validity,technology_revenue_25m,Technology companies with revenue >= $25M,Full-assignment candidate,Full Assignment|K-Means,K-Means,2,10011,469,0.44798488860276253,1.0
Canonical cross-cohort robustness,scenario_pipeline_v3_economic_validity,technology_revenue_25m,Technology companies with revenue >= $25M,Full-assignment candidate,Full Assignment|K-Means,K-Means,2,10012,469,0.4735449803818775,1.0
Canonical cross-cohort robustness,scenario_pipeline_v3_economic_validity,technology_revenue_25m,Technology companies with revenue >= $25M,Full-assignment candidate,Full Assignment|K-Means,K-Means,2,10013,470,0.36535632940002755,1.0
Canonical cross-cohort robustness,scenario_pipeline_v3_economic_validity,technology_revenue_25m,Technology companies with revenue >= $25M,Full-assignment candidate,Full Assignment|K-Means,K-Means,2,10014,470,0.4361326139330367,1.0
Canonical cross-cohort robustness,scenario_pipeline_v3_economic_validity,technology_revenue_25m,Technology companies with revenue >= $25M,Full-assignment candidate,Full Assignment|K-Means,K-Means,2,10015,470,0.4269538605358971,1.0
Canonical cross-cohort robustness,scenario_pipeline_v3_economic_validity,technology_revenue_25m,Technology companies with revenue >= $25M,Full-assignment candidate,Full Assignment|K-Means,K-Means,2,10016,469,0.3523362594284763,1.0
Canonical cross-cohort robustness,scenario_pipeline_v3_economic_validity,technology_revenue_25m,Technology companies with revenue >= $25M,Full-assignment candidate,Full Assignment|K-Means,K-Means,2,10017,471,0.4655180186853068,1.0
Canonical cross-cohort robustness,scenario_pipeline_v3_economic_validity,technology_revenue_25m,Technology companies with revenue >= $25M,Full-assignment candidate,Full Assignment|K-Means,K-Means,2,10018,472,0.42307169008593903,1.0
Canonical cross-cohort robustness,scenario_pipeline_v3_economic_validity,technology_revenue_25m,Technology companies with revenue >= $25M,Full-assignment candidate,Full Assignment|K-Means,K-Means,2,10019,470,0.3824642780028473,1.0
Canonical cross-cohort robustness,scenario_pipeline_v3_economic_validity,technology_revenue_25m,Technology companies with revenue >= $25M,Full-assignment candidate,Full Assignment|Gaussian Mixture,Gaussian Mixture,2,10000,469,0.25336882523401466,1.0
Canonical cross-cohort robustness,scenario_pipeline_v3_economic_validity,technology_revenue_25m,Technology companies with revenue >= $25M,Full-assignment candidate,Full Assignment|Gaussian Mixture,Gaussian Mixture,2,10001,469,0.2596514303964719,1.0
Canonical cross-cohort robustness,scenario_pipeline_v3_economic_validity,technology_revenue_25m,Technology companies with revenue >= $25M,Full-assignment candidate,Full Assignment|Gaussian Mixture,Gaussian Mixture,2,10002,469,0.2840862588351121,1.0
Canonical cross-cohort robustness,scenario_pipeline_v3_economic_validity,technology_revenue_25m,Technology companies with revenue >= $25M,Full-assignment candidate,Full Assignment|Gaussian Mixture,Gaussian Mixture,2,10003,470,0.2589635926836935,1.0
Canonical cross-cohort robustness,scenario_pipeline_v3_economic_validity,technology_revenue_25m,Technology companies with revenue >= $25M,Full-assignment candidate,Full Assignment|Gaussian Mixture,Gaussian Mixture,2,10004,469,0.2879278036428896,1.0
Canonical cross-cohort robustness,scenario_pipeline_v3_economic_validity,technology_revenue_25m,Technology companies with revenue >= $25M,Full-assignment candidate,Full Assignment|Gaussian Mixture,Gaussian Mixture,2,10005,469,0.25721571594850234,1.0
Canonical cross-cohort robustness,scenario_pipeline_v3_economic_validity,technology_revenue_25m,Technology companies with revenue >= $25M,Full-assignment candidate,Full Assignment|Gaussian Mixture,Gaussian Mixture,2,10006,469,0.24368361678284775,1.0
Canonical cross-cohort robustness,scenario_pipeline_v3_economic_validity,technology_revenue_25m,Technology companies with revenue >= $25M,Full-assignment candidate,Full Assignment|Gaussian Mixture,Gaussian Mixture,2,10007,469,0.2401633820650253,1.0
Canonical cross-cohort robustness,scenario_pipeline_v3_economic_validity,technology_revenue_25m,Technology companies with revenue >= $25M,Full-assignment candidate,Full Assignment|Gaussian Mixture,Gaussian Mixture,2,10008,470,0.260922523242147,1.0
Canonical cross-cohort robustness,scenario_pipeline_v3_economic_validity,technology_revenue_25m,Technology companies with revenue >= $25M,Full-assignment candidate,Full Assignment|Gaussian Mixture,Gaussian Mixture,2,10009,469,0.25540472865733244,1.0
Canonical cross-cohort robustness,scenario_pipeline_v3_economic_validity,technology_revenue_25m,Technology companies with revenue >= $25M,Full-assignment candidate,Full Assignment|Gaussian Mixture,Gaussian Mixture,2,10010,469,0.28612506353313033,1.0
Canonical cross-cohort robustness,scenario_pipeline_v3_economic_validity,technology_revenue_25m,Technology companies with revenue >= $25M,Full-assignment candidate,Full Assignment|Gaussian Mixture,Gaussian Mixture,2,10011,469,0.3040072128348957,1.0
Canonical cross-cohort robustness,scenario_pipeline_v3_economic_validity,technology_revenue_25m,Technology companies with revenue >= $25M,Full-assignment candidate,Full Assignment|Gaussian Mixture,Gaussian Mixture,2,10012,469,0.25072471576044136,1.0
Canonical cross-cohort robustness,scenario_pipeline_v3_economic_validity,technology_revenue_25m,Technology companies with revenue >= $25M,Full-assignment candidate,Full Assignment|Gaussian Mixture,Gaussian Mixture,2,10013,470,0.2580298381154206,1.0
Canonical cross-cohort robustness,scenario_pipeline_v3_economic_validity,technology_revenue_25m,Technology companies with revenue >= $25M,Full-assignment candidate,Full Assignment|Gaussian Mixture,Gaussian Mixture,2,10014,470,0.2624461993039019,1.0
Canonical cross-cohort robustness,scenario_pipeline_v3_economic_validity,technology_revenue_25m,Technology companies with revenue >= $25M,Full-assignment candidate,Full Assignment|Gaussian Mixture,Gaussian Mixture,2,10015,470,0.2655574345398208,1.0
Canonical cross-cohort robustness,scenario_pipeline_v3_economic_validity,technology_revenue_25m,Technology companies with revenue >= $25M,Full-assignment candidate,Full Assignment|Gaussian Mixture,Gaussian Mixture,2,10016,469,0.26205357290962183,1.0
Canonical cross-cohort robustness,scenario_pipeline_v3_economic_validity,technology_revenue_25m,Technology companies with revenue >= $25M,Full-assignment candidate,Full Assignment|Gaussian Mixture,Gaussian Mixture,2,10017,471,0.27560044152080077,1.0
Canonical cross-cohort robustness,scenario_pipeline_v3_economic_validity,technology_revenue_25m,Technology companies with revenue >= $25M,Full-assignment candidate,Full Assignment|Gaussian Mixture,Gaussian Mixture,2,10018,472,0.24798887530245478,1.0
Canonical cross-cohort robustness,scenario_pipeline_v3_economic_validity,technology_revenue_25m,Technology companies with revenue >= $25M,Full-assignment candidate,Full Assignment|Gaussian Mixture,Gaussian Mixture,2,10019,470,0.27669393899507916,1.0
Canonical cross-cohort robustness,scenario_pipeline_v3_economic_validity,technology_revenue_25m,Technology companies with revenue >= $25M,HDBSCAN Pareto representative,HDBSCAN|mcs=10|ms=5,HDBSCAN,2,10000,469,0.2685661357476531,0.12366737739872068
Canonical cross-cohort robustness,scenario_pipeline_v3_economic_validity,technology_revenue_25m,Technology companies with revenue >= $25M,HDBSCAN Pareto representative,HDBSCAN|mcs=10|ms=5,HDBSCAN,2,10001,469,0.5205299788511184,0.908315565031983
Canonical cross-cohort robustness,scenario_pipeline_v3_economic_validity,technology_revenue_25m,Technology companies with revenue >= $25M,HDBSCAN Pareto representative,HDBSCAN|mcs=10|ms=5,HDBSCAN,2,10002,469,0.565973246942488,0.9040511727078892
Canonical cross-cohort robustness,scenario_pipeline_v3_economic_validity,technology_revenue_25m,Technology companies with revenue >= $25M,HDBSCAN Pareto representative,HDBSCAN|mcs=10|ms=5,HDBSCAN,2,10003,470,0.3373364423077205,0.1574468085106383
Canonical cross-cohort robustness,scenario_pipeline_v3_economic_validity,technology_revenue_25m,Technology companies with revenue >= $25M,HDBSCAN Pareto representative,HDBSCAN|mcs=10|ms=5,HDBSCAN,2,10004,469,0.2912849041429048,0.14712153518123666
Canonical cross-cohort robustness,scenario_pipeline_v3_economic_validity,technology_revenue_25m,Technology companies with revenue >= $25M,HDBSCAN Pareto representative,HDBSCAN|mcs=10|ms=5,HDBSCAN,2,10005,469,0.5633636162014183,0.7889125799573561
Canonical cross-cohort robustness,scenario_pipeline_v3_economic_validity,technology_revenue_25m,Technology companies with revenue >= $25M,HDBSCAN Pareto representative,HDBSCAN|mcs=10|ms=5,HDBSCAN,2,10006,469,0.5352456457341582,0.8592750533049041
Canonical cross-cohort robustness,scenario_pipeline_v3_economic_validity,technology_revenue_25m,Technology companies with revenue >= $25M,HDBSCAN Pareto representative,HDBSCAN|mcs=10|ms=5,HDBSCAN,2,10007,469,0.5239317985309324,0.8294243070362474
Canonical cross-cohort robustness,scenario_pipeline_v3_economic_validity,technology_revenue_25m,Technology companies with revenue >= $25M,HDBSCAN Pareto representative,HDBSCAN|mcs=10|ms=5,HDBSCAN,2,10008,470,0.2681687085194463,0.15106382978723404
Canonical cross-cohort robustness,scenario_pipeline_v3_economic_validity,technology_revenue_25m,Technology companies with revenue >= $25M,HDBSCAN Pareto representative,HDBSCAN|mcs=10|ms=5,HDBSCAN,2,10009,469,0.27968423483335303,0.08742004264392324
Canonical cross-cohort robustness,scenario_pipeline_v3_economic_validity,technology_revenue_25m,Technology companies with revenue >= $25M,HDBSCAN Pareto representative,HDBSCAN|mcs=10|ms=5,HDBSCAN,2,10010,469,0.49141239215621035,0.8720682302771855
Canonical cross-cohort robustness,scenario_pipeline_v3_economic_validity,technology_revenue_25m,Technology companies with revenue >= $25M,HDBSCAN Pareto representative,HDBSCAN|mcs=10|ms=5,HDBSCAN,2,10011,469,0.5774699515237215,0.8891257995735607
Canonical cross-cohort robustness,scenario_pipeline_v3_economic_validity,technology_revenue_25m,Technology companies with revenue >= $25M,HDBSCAN Pareto representative,HDBSCAN|mcs=10|ms=5,HDBSCAN,2,10012,469,0.5624106542927644,0.9339019189765458
Canonical cross-cohort robustness,scenario_pipeline_v3_economic_validity,technology_revenue_25m,Technology companies with revenue >= $25M,HDBSCAN Pareto representative,HDBSCAN|mcs=10|ms=5,HDBSCAN,2,10013,470,0.32113079294812585,0.14042553191489363
Canonical cross-cohort robustness,scenario_pipeline_v3_economic_validity,technology_revenue_25m,Technology companies with revenue >= $25M,HDBSCAN Pareto representative,HDBSCAN|mcs=10|ms=5,HDBSCAN,2,10014,470,0.4986493397121938,0.8553191489361702
Canonical cross-cohort robustness,scenario_pipeline_v3_economic_validity,technology_revenue_25m,Technology companies with revenue >= $25M,HDBSCAN Pareto representative,HDBSCAN|mcs=10|ms=5,HDBSCAN,2,10015,470,0.6018524557151732,0.7872340425531915
Canonical cross-cohort robustness,scenario_pipeline_v3_economic_validity,technology_revenue_25m,Technology companies with revenue >= $25M,HDBSCAN Pareto representative,HDBSCAN|mcs=10|ms=5,HDBSCAN,2,10016,469,0.2816437045345958,0.11087420042643924
Canonical cross-cohort robustness,scenario_pipeline_v3_economic_validity,technology_revenue_25m,Technology companies with revenue >= $25M,HDBSCAN Pareto representative,HDBSCAN|mcs=10|ms=5,HDBSCAN,2,10017,471,0.5478402880272477,0.9065817409766455
Canonical cross-cohort robustness,scenario_pipeline_v3_economic_validity,technology_revenue_25m,Technology companies with revenue >= $25M,HDBSCAN Pareto representative,HDBSCAN|mcs=10|ms=5,HDBSCAN,2,10018,472,0.3418474014170144,0.1292372881355932
Canonical cross-cohort robustness,scenario_pipeline_v3_economic_validity,technology_revenue_25m,Technology companies with revenue >= $25M,HDBSCAN Pareto representative,HDBSCAN|mcs=10|ms=5,HDBSCAN,2,10019,470,0.5005534457917835,0.9085106382978724
Canonical cross-cohort robustness,scenario_pipeline_v3_economic_validity,technology_revenue_25m,Technology companies with revenue >= $25M,HDBSCAN Pareto representative,HDBSCAN|mcs=10|ms=10,HDBSCAN,2,10000,469,,0.0
Canonical cross-cohort robustness,scenario_pipeline_v3_economic_validity,technology_revenue_25m,Technology companies with revenue >= $25M,HDBSCAN Pareto representative,HDBSCAN|mcs=10|ms=10,HDBSCAN,2,10001,469,0.5403566148246113,0.8635394456289979
Canonical cross-cohort robustness,scenario_pipeline_v3_economic_validity,technology_revenue_25m,Technology companies with revenue >= $25M,HDBSCAN Pareto representative,HDBSCAN|mcs=10|ms=10,HDBSCAN,2,10002,469,,0.0
Canonical cross-cohort robustness,scenario_pipeline_v3_economic_validity,technology_revenue_25m,Technology companies with revenue >= $25M,HDBSCAN Pareto representative,HDBSCAN|mcs=10|ms=10,HDBSCAN,2,10003,470,,0.0
Canonical cross-cohort robustness,scenario_pipeline_v3_economic_validity,technology_revenue_25m,Technology companies with revenue >= $25M,HDBSCAN Pareto representative,HDBSCAN|mcs=10|ms=10,HDBSCAN,2,10004,469,0.5886837480540772,0.8017057569296375
Canonical cross-cohort robustness,scenario_pipeline_v3_economic_validity,technology_revenue_25m,Technology companies with revenue >= $25M,HDBSCAN Pareto representative,HDBSCAN|mcs=10|ms=10,HDBSCAN,2,10005,469,0.5592623964215407,0.8081023454157783
Canonical cross-cohort robustness,scenario_pipeline_v3_economic_validity,technology_revenue_25m,Technology companies with revenue >= $25M,HDBSCAN Pareto representative,HDBSCAN|mcs=10|ms=10,HDBSCAN,2,10006,469,0.5530752585974069,0.8166311300639659
Canonical cross-cohort robustness,scenario_pipeline_v3_economic_validity,technology_revenue_25m,Technology companies with revenue >= $25M,HDBSCAN Pareto representative,HDBSCAN|mcs=10|ms=10,HDBSCAN,2,10007,469,0.541579021544533,0.8443496801705757
Canonical cross-cohort robustness,scenario_pipeline_v3_economic_validity,technology_revenue_25m,Technology companies with revenue >= $25M,HDBSCAN Pareto representative,HDBSCAN|mcs=10|ms=10,HDBSCAN,2,10008,470,,0.0
Canonical cross-cohort robustness,scenario_pipeline_v3_economic_validity,technology_revenue_25m,Technology companies with revenue >= $25M,HDBSCAN Pareto representative,HDBSCAN|mcs=10|ms=10,HDBSCAN,2,10009,469,,0.0
Canonical cross-cohort robustness,scenario_pipeline_v3_economic_validity,technology_revenue_25m,Technology companies with revenue >= $25M,HDBSCAN Pareto representative,HDBSCAN|mcs=10|ms=10,HDBSCAN,2,10010,469,,0.0
Canonical cross-cohort robustness,scenario_pipeline_v3_economic_validity,technology_revenue_25m,Technology companies with revenue >= $25M,HDBSCAN Pareto representative,HDBSCAN|mcs=10|ms=10,HDBSCAN,2,10011,469,0.5925043824167984,0.8550106609808102
Canonical cross-cohort robustness,scenario_pipeline_v3_economic_validity,technology_revenue_25m,Technology companies with revenue >= $25M,HDBSCAN Pareto representative,HDBSCAN|mcs=10|ms=10,HDBSCAN,2,10012,469,0.5712461100580143,0.9147121535181236
Canonical cross-cohort robustness,scenario_pipeline_v3_economic_validity,technology_revenue_25m,Technology companies with revenue >= $25M,HDBSCAN Pareto representative,HDBSCAN|mcs=10|ms=10,HDBSCAN,2,10013,470,,0.0
Canonical cross-cohort robustness,scenario_pipeline_v3_economic_validity,technology_revenue_25m,Technology companies with revenue >= $25M,HDBSCAN Pareto representative,HDBSCAN|mcs=10|ms=10,HDBSCAN,2,10014,470,0.5809394380321198,0.8191489361702128
Canonical cross-cohort robustness,scenario_pipeline_v3_economic_validity,technology_revenue_25m,Technology companies with revenue >= $25M,HDBSCAN Pareto representative,HDBSCAN|mcs=10|ms=10,HDBSCAN,2,10015,470,0.5820494471374967,0.8085106382978723
Canonical cross-cohort robustness,scenario_pipeline_v3_economic_validity,technology_revenue_25m,Technology companies with revenue >= $25M,HDBSCAN Pareto representative,HDBSCAN|mcs=10|ms=10,HDBSCAN,2,10016,469,,0.0
Canonical cross-cohort robustness,scenario_pipeline_v3_economic_validity,technology_revenue_25m,Technology companies with revenue >= $25M,HDBSCAN Pareto representative,HDBSCAN|mcs=10|ms=10,HDBSCAN,2,10017,471,,0.0
Canonical cross-cohort robustness,scenario_pipeline_v3_economic_validity,technology_revenue_25m,Technology companies with revenue >= $25M,HDBSCAN Pareto representative,HDBSCAN|mcs=10|ms=10,HDBSCAN,2,10018,472,0.6043202531504457,0.7966101694915254
Canonical cross-cohort robustness,scenario_pipeline_v3_economic_validity,technology_revenue_25m,Technology companies with revenue >= $25M,HDBSCAN Pareto representative,HDBSCAN|mcs=10|ms=10,HDBSCAN,2,10019,470,0.3515554214802083,0.04893617021276596
Canonical cross-cohort robustness,scenario_pipeline_v3_economic_validity,healthcare_revenue_50m,Healthcare companies with revenue >= $50M,Full-assignment candidate,Full Assignment|Agglomerative,Agglomerative,2,10000,355,0.4952221485350441,1.0
Canonical cross-cohort robustness,scenario_pipeline_v3_economic_validity,healthcare_revenue_50m,Healthcare companies with revenue >= $50M,Full-assignment candidate,Full Assignment|Agglomerative,Agglomerative,2,10001,355,0.4816665076929954,1.0
Canonical cross-cohort robustness,scenario_pipeline_v3_economic_validity,healthcare_revenue_50m,Healthcare companies with revenue >= $50M,Full-assignment candidate,Full Assignment|Agglomerative,Agglomerative,2,10002,355,0.4874691242400131,1.0
Canonical cross-cohort robustness,scenario_pipeline_v3_economic_validity,healthcare_revenue_50m,Healthcare companies with revenue >= $50M,Full-assignment candidate,Full Assignment|Agglomerative,Agglomerative,2,10003,355,0.5086552022466081,1.0
Canonical cross-cohort robustness,scenario_pipeline_v3_economic_validity,healthcare_revenue_50m,Healthcare companies with revenue >= $50M,Full-assignment candidate,Full Assignment|Agglomerative,Agglomerative,2,10004,355,0.47084589344348304,1.0
Canonical cross-cohort robustness,scenario_pipeline_v3_economic_validity,healthcare_revenue_50m,Healthcare companies with revenue >= $50M,Full-assignment candidate,Full Assignment|Agglomerative,Agglomerative,2,10005,355,0.4928303727406171,1.0
Canonical cross-cohort robustness,scenario_pipeline_v3_economic_validity,healthcare_revenue_50m,Healthcare companies with revenue >= $50M,Full-assignment candidate,Full Assignment|Agglomerative,Agglomerative,2,10006,355,0.4704834813110534,1.0
Canonical cross-cohort robustness,scenario_pipeline_v3_economic_validity,healthcare_revenue_50m,Healthcare companies with revenue >= $50M,Full-assignment candidate,Full Assignment|Agglomerative,Agglomerative,2,10007,355,0.49599463384300907,1.0
Canonical cross-cohort robustness,scenario_pipeline_v3_economic_validity,healthcare_revenue_50m,Healthcare companies with revenue >= $50M,Full-assignment candidate,Full Assignment|Agglomerative,Agglomerative,2,10008,355,0.4633749431837206,1.0
Canonical cross-cohort robustness,scenario_pipeline_v3_economic_validity,healthcare_revenue_50m,Healthcare companies with revenue >= $50M,Full-assignment candidate,Full Assignment|Agglomerative,Agglomerative,2,10009,355,0.4764218248490289,1.0
Canonical cross-cohort robustness,scenario_pipeline_v3_economic_validity,healthcare_revenue_50m,Healthcare companies with revenue >= $50M,Full-assignment candidate,Full Assignment|Agglomerative,Agglomerative,2,10010,355,0.4887695864240627,1.0
Canonical cross-cohort robustness,scenario_pipeline_v3_economic_validity,healthcare_revenue_50m,Healthcare companies with revenue >= $50M,Full-assignment candidate,Full Assignment|Agglomerative,Agglomerative,2,10011,355,0.47068647784850554,1.0
Canonical cross-cohort robustness,scenario_pipeline_v3_economic_validity,healthcare_revenue_50m,Healthcare companies with revenue >= $50M,Full-assignment candidate,Full Assignment|Agglomerative,Agglomerative,2,10012,355,0.5086013119132835,1.0
Canonical cross-cohort robustness,scenario_pipeline_v3_economic_validity,healthcare_revenue_50m,Healthcare companies with revenue >= $50M,Full-assignment candidate,Full Assignment|Agglomerative,Agglomerative,2,10013,355,0.47788873073925836,1.0
Canonical cross-cohort robustness,scenario_pipeline_v3_economic_validity,healthcare_revenue_50m,Healthcare companies with revenue >= $50M,Full-assignment candidate,Full Assignment|Agglomerative,Agglomerative,2,10014,355,0.48622908700000156,1.0
Canonical cross-cohort robustness,scenario_pipeline_v3_economic_validity,healthcare_revenue_50m,Healthcare companies with revenue >= $50M,Full-assignment candidate,Full Assignment|Agglomerative,Agglomerative,2,10015,355,0.4988587534539434,1.0
Canonical cross-cohort robustness,scenario_pipeline_v3_economic_validity,healthcare_revenue_50m,Healthcare companies with revenue >= $50M,Full-assignment candidate,Full Assignment|Agglomerative,Agglomerative,2,10016,355,0.4726919119788142,1.0
Canonical cross-cohort robustness,scenario_pipeline_v3_economic_validity,healthcare_revenue_50m,Healthcare companies with revenue >= $50M,Full-assignment candidate,Full Assignment|Agglomerative,Agglomerative,2,10017,355,0.47472456828711784,1.0
Canonical cross-cohort robustness,scenario_pipeline_v3_economic_validity,healthcare_revenue_50m,Healthcare companies with revenue >= $50M,Full-assignment candidate,Full Assignment|Agglomerative,Agglomerative,2,10018,355,0.4968258804154375,1.0
Canonical cross-cohort robustness,scenario_pipeline_v3_economic_validity,healthcare_revenue_50m,Healthcare companies with revenue >= $50M,Full-assignment candidate,Full Assignment|Agglomerative,Agglomerative,2,10019,355,0.4562646414853841,1.0
Canonical cross-cohort robustness,scenario_pipeline_v3_economic_validity,healthcare_revenue_50m,Healthcare companies with revenue >= $50M,Full-assignment candidate,Full Assignment|K-Means,K-Means,2,10000,355,0.48604599084362554,1.0
Canonical cross-cohort robustness,scenario_pipeline_v3_economic_validity,healthcare_revenue_50m,Healthcare companies with revenue >= $50M,Full-assignment candidate,Full Assignment|K-Means,K-Means,2,10001,355,0.463257983191901,1.0
Canonical cross-cohort robustness,scenario_pipeline_v3_economic_validity,healthcare_revenue_50m,Healthcare companies with revenue >= $50M,Full-assignment candidate,Full Assignment|K-Means,K-Means,2,10002,355,0.4886220167587948,1.0
Canonical cross-cohort robustness,scenario_pipeline_v3_economic_validity,healthcare_revenue_50m,Healthcare companies with revenue >= $50M,Full-assignment candidate,Full Assignment|K-Means,K-Means,2,10003,355,0.49971189453734044,1.0
Canonical cross-cohort robustness,scenario_pipeline_v3_economic_validity,healthcare_revenue_50m,Healthcare companies with revenue >= $50M,Full-assignment candidate,Full Assignment|K-Means,K-Means,2,10004,355,0.4641662265468835,1.0
Canonical cross-cohort robustness,scenario_pipeline_v3_economic_validity,healthcare_revenue_50m,Healthcare companies with revenue >= $50M,Full-assignment candidate,Full Assignment|K-Means,K-Means,2,10005,355,0.4846286903590935,1.0
Canonical cross-cohort robustness,scenario_pipeline_v3_economic_validity,healthcare_revenue_50m,Healthcare companies with revenue >= $50M,Full-assignment candidate,Full Assignment|K-Means,K-Means,2,10006,355,0.468493981519069,1.0
Canonical cross-cohort robustness,scenario_pipeline_v3_economic_validity,healthcare_revenue_50m,Healthcare companies with revenue >= $50M,Full-assignment candidate,Full Assignment|K-Means,K-Means,2,10007,355,0.4861792824511505,1.0
Canonical cross-cohort robustness,scenario_pipeline_v3_economic_validity,healthcare_revenue_50m,Healthcare companies with revenue >= $50M,Full-assignment candidate,Full Assignment|K-Means,K-Means,2,10008,355,0.45222373129054233,1.0
Canonical cross-cohort robustness,scenario_pipeline_v3_economic_validity,healthcare_revenue_50m,Healthcare companies with revenue >= $50M,Full-assignment candidate,Full Assignment|K-Means,K-Means,2,10009,355,0.471714178955565,1.0
Canonical cross-cohort robustness,scenario_pipeline_v3_economic_validity,healthcare_revenue_50m,Healthcare companies with revenue >= $50M,Full-assignment candidate,Full Assignment|K-Means,K-Means,2,10010,355,0.48208716082569775,1.0
Canonical cross-cohort robustness,scenario_pipeline_v3_economic_validity,healthcare_revenue_50m,Healthcare companies with revenue >= $50M,Full-assignment candidate,Full Assignment|K-Means,K-Means,2,10011,355,0.46198043951623424,1.0
Canonical cross-cohort robustness,scenario_pipeline_v3_economic_validity,healthcare_revenue_50m,Healthcare companies with revenue >= $50M,Full-assignment candidate,Full Assignment|K-Means,K-Means,2,10012,355,0.48552680517861907,1.0
Canonical cross-cohort robustness,scenario_pipeline_v3_economic_validity,healthcare_revenue_50m,Healthcare companies with revenue >= $50M,Full-assignment candidate,Full Assignment|K-Means,K-Means,2,10013,355,0.4816403812860807,1.0
Canonical cross-cohort robustness,scenario_pipeline_v3_economic_validity,healthcare_revenue_50m,Healthcare companies with revenue >= $50M,Full-assignment candidate,Full Assignment|K-Means,K-Means,2,10014,355,0.4824780725666875,1.0
Canonical cross-cohort robustness,scenario_pipeline_v3_economic_validity,healthcare_revenue_50m,Healthcare companies with revenue >= $50M,Full-assignment candidate,Full Assignment|K-Means,K-Means,2,10015,355,0.4842741610250903,1.0
Canonical cross-cohort robustness,scenario_pipeline_v3_economic_validity,healthcare_revenue_50m,Healthcare companies with revenue >= $50M,Full-assignment candidate,Full Assignment|K-Means,K-Means,2,10016,355,0.49485803823227553,1.0
Canonical cross-cohort robustness,scenario_pipeline_v3_economic_validity,healthcare_revenue_50m,Healthcare companies with revenue >= $50M,Full-assignment candidate,Full Assignment|K-Means,K-Means,2,10017,355,0.4610260201330893,1.0
Canonical cross-cohort robustness,scenario_pipeline_v3_economic_validity,healthcare_revenue_50m,Healthcare companies with revenue >= $50M,Full-assignment candidate,Full Assignment|K-Means,K-Means,2,10018,355,0.4602234748096141,1.0
Canonical cross-cohort robustness,scenario_pipeline_v3_economic_validity,healthcare_revenue_50m,Healthcare companies with revenue >= $50M,Full-assignment candidate,Full Assignment|K-Means,K-Means,2,10019,355,0.45942275823142575,1.0
Canonical cross-cohort robustness,scenario_pipeline_v3_economic_validity,healthcare_revenue_50m,Healthcare companies with revenue >= $50M,Full-assignment candidate,Full Assignment|Gaussian Mixture,Gaussian Mixture,2,10000,355,0.3573510221329073,1.0
Canonical cross-cohort robustness,scenario_pipeline_v3_economic_validity,healthcare_revenue_50m,Healthcare companies with revenue >= $50M,Full-assignment candidate,Full Assignment|Gaussian Mixture,Gaussian Mixture,2,10001,355,0.2856529598973081,1.0
Canonical cross-cohort robustness,scenario_pipeline_v3_economic_validity,healthcare_revenue_50m,Healthcare companies with revenue >= $50M,Full-assignment candidate,Full Assignment|Gaussian Mixture,Gaussian Mixture,2,10002,355,0.3250568512948447,1.0
Canonical cross-cohort robustness,scenario_pipeline_v3_economic_validity,healthcare_revenue_50m,Healthcare companies with revenue >= $50M,Full-assignment candidate,Full Assignment|Gaussian Mixture,Gaussian Mixture,2,10003,355,0.34523300193754924,1.0
Canonical cross-cohort robustness,scenario_pipeline_v3_economic_validity,healthcare_revenue_50m,Healthcare companies with revenue >= $50M,Full-assignment candidate,Full Assignment|Gaussian Mixture,Gaussian Mixture,2,10004,355,0.3386553190017975,1.0
Canonical cross-cohort robustness,scenario_pipeline_v3_economic_validity,healthcare_revenue_50m,Healthcare companies with revenue >= $50M,Full-assignment candidate,Full Assignment|Gaussian Mixture,Gaussian Mixture,2,10005,355,0.37464180365666316,1.0
Canonical cross-cohort robustness,scenario_pipeline_v3_economic_validity,healthcare_revenue_50m,Healthcare companies with revenue >= $50M,Full-assignment candidate,Full Assignment|Gaussian Mixture,Gaussian Mixture,2,10006,355,0.2895945340442765,1.0
Canonical cross-cohort robustness,scenario_pipeline_v3_economic_validity,healthcare_revenue_50m,Healthcare companies with revenue >= $50M,Full-assignment candidate,Full Assignment|Gaussian Mixture,Gaussian Mixture,2,10007,355,0.34031109574288926,1.0
Canonical cross-cohort robustness,scenario_pipeline_v3_economic_validity,healthcare_revenue_50m,Healthcare companies with revenue >= $50M,Full-assignment candidate,Full Assignment|Gaussian Mixture,Gaussian Mixture,2,10008,355,0.29307586352250736,1.0
Canonical cross-cohort robustness,scenario_pipeline_v3_economic_validity,healthcare_revenue_50m,Healthcare companies with revenue >= $50M,Full-assignment candidate,Full Assignment|Gaussian Mixture,Gaussian Mixture,2,10009,355,0.3058049997850944,1.0
Canonical cross-cohort robustness,scenario_pipeline_v3_economic_validity,healthcare_revenue_50m,Healthcare companies with revenue >= $50M,Full-assignment candidate,Full Assignment|Gaussian Mixture,Gaussian Mixture,2,10010,355,0.3400793700841792,1.0
Canonical cross-cohort robustness,scenario_pipeline_v3_economic_validity,healthcare_revenue_50m,Healthcare companies with revenue >= $50M,Full-assignment candidate,Full Assignment|Gaussian Mixture,Gaussian Mixture,2,10011,355,0.27447461266048356,1.0
Canonical cross-cohort robustness,scenario_pipeline_v3_economic_validity,healthcare_revenue_50m,Healthcare companies with revenue >= $50M,Full-assignment candidate,Full Assignment|Gaussian Mixture,Gaussian Mixture,2,10012,355,0.3605892002713193,1.0
Canonical cross-cohort robustness,scenario_pipeline_v3_economic_validity,healthcare_revenue_50m,Healthcare companies with revenue >= $50M,Full-assignment candidate,Full Assignment|Gaussian Mixture,Gaussian Mixture,2,10013,355,0.2788871237515231,1.0
Canonical cross-cohort robustness,scenario_pipeline_v3_economic_validity,healthcare_revenue_50m,Healthcare companies with revenue >= $50M,Full-assignment candidate,Full Assignment|Gaussian Mixture,Gaussian Mixture,2,10014,355,0.3283906833709918,1.0
Canonical cross-cohort robustness,scenario_pipeline_v3_economic_validity,healthcare_revenue_50m,Healthcare companies with revenue >= $50M,Full-assignment candidate,Full Assignment|Gaussian Mixture,Gaussian Mixture,2,10015,355,0.3017840744001858,1.0
Canonical cross-cohort robustness,scenario_pipeline_v3_economic_validity,healthcare_revenue_50m,Healthcare companies with revenue >= $50M,Full-assignment candidate,Full Assignment|Gaussian Mixture,Gaussian Mixture,2,10016,355,0.28884856010739157,1.0
Canonical cross-cohort robustness,scenario_pipeline_v3_economic_validity,healthcare_revenue_50m,Healthcare companies with revenue >= $50M,Full-assignment candidate,Full Assignment|Gaussian Mixture,Gaussian Mixture,2,10017,355,0.2592148280222856,1.0
Canonical cross-cohort robustness,scenario_pipeline_v3_economic_validity,healthcare_revenue_50m,Healthcare companies with revenue >= $50M,Full-assignment candidate,Full Assignment|Gaussian Mixture,Gaussian Mixture,2,10018,355,0.2333017133487471,1.0
Canonical cross-cohort robustness,scenario_pipeline_v3_economic_validity,healthcare_revenue_50m,Healthcare companies with revenue >= $50M,Full-assignment candidate,Full Assignment|Gaussian Mixture,Gaussian Mixture,2,10019,355,0.335007774996707,1.0
Canonical cross-cohort robustness,scenario_pipeline_v3_economic_validity,healthcare_revenue_50m,Healthcare companies with revenue >= $50M,HDBSCAN Pareto representative,HDBSCAN|mcs=10|ms=5,HDBSCAN,3,10000,355,0.4503352289128389,0.8760563380281691
Canonical cross-cohort robustness,scenario_pipeline_v3_economic_validity,healthcare_revenue_50m,Healthcare companies with revenue >= $50M,HDBSCAN Pareto representative,HDBSCAN|mcs=10|ms=5,HDBSCAN,3,10001,355,0.37420511914288285,0.856338028169014
Canonical cross-cohort robustness,scenario_pipeline_v3_economic_validity,healthcare_revenue_50m,Healthcare companies with revenue >= $50M,HDBSCAN Pareto representative,HDBSCAN|mcs=10|ms=5,HDBSCAN,3,10002,355,0.45795269564359453,0.8450704225352113
Canonical cross-cohort robustness,scenario_pipeline_v3_economic_validity,healthcare_revenue_50m,Healthcare companies with revenue >= $50M,HDBSCAN Pareto representative,HDBSCAN|mcs=10|ms=5,HDBSCAN,3,10003,355,0.4317183368813242,0.856338028169014
Canonical cross-cohort robustness,scenario_pipeline_v3_economic_validity,healthcare_revenue_50m,Healthcare companies with revenue >= $50M,HDBSCAN Pareto representative,HDBSCAN|mcs=10|ms=5,HDBSCAN,3,10004,355,0.4062244403584416,0.8816901408450705
Canonical cross-cohort robustness,scenario_pipeline_v3_economic_validity,healthcare_revenue_50m,Healthcare companies with revenue >= $50M,HDBSCAN Pareto representative,HDBSCAN|mcs=10|ms=5,HDBSCAN,3,10005,355,0.39112415056768507,0.847887323943662
Canonical cross-cohort robustness,scenario_pipeline_v3_economic_validity,healthcare_revenue_50m,Healthcare companies with revenue >= $50M,HDBSCAN Pareto representative,HDBSCAN|mcs=10|ms=5,HDBSCAN,3,10006,355,0.42418869723653363,0.8647887323943662
Canonical cross-cohort robustness,scenario_pipeline_v3_economic_validity,healthcare_revenue_50m,Healthcare companies with revenue >= $50M,HDBSCAN Pareto representative,HDBSCAN|mcs=10|ms=5,HDBSCAN,3,10007,355,0.45835368488689143,0.8450704225352113
Canonical cross-cohort robustness,scenario_pipeline_v3_economic_validity,healthcare_revenue_50m,Healthcare companies with revenue >= $50M,HDBSCAN Pareto representative,HDBSCAN|mcs=10|ms=5,HDBSCAN,3,10008,355,0.4191114851546994,0.8816901408450705
Canonical cross-cohort robustness,scenario_pipeline_v3_economic_validity,healthcare_revenue_50m,Healthcare companies with revenue >= $50M,HDBSCAN Pareto representative,HDBSCAN|mcs=10|ms=5,HDBSCAN,3,10009,355,0.46004176105256944,0.8140845070422535
Canonical cross-cohort robustness,scenario_pipeline_v3_economic_validity,healthcare_revenue_50m,Healthcare companies with revenue >= $50M,HDBSCAN Pareto representative,HDBSCAN|mcs=10|ms=5,HDBSCAN,3,10010,355,0.47115927483424164,0.8338028169014085
Canonical cross-cohort robustness,scenario_pipeline_v3_economic_validity,healthcare_revenue_50m,Healthcare companies with revenue >= $50M,HDBSCAN Pareto representative,HDBSCAN|mcs=10|ms=5,HDBSCAN,3,10011,355,0.4089998127995942,0.8338028169014085
Canonical cross-cohort robustness,scenario_pipeline_v3_economic_validity,healthcare_revenue_50m,Healthcare companies with revenue >= $50M,HDBSCAN Pareto representative,HDBSCAN|mcs=10|ms=5,HDBSCAN,3,10012,355,0.4815734564617508,0.8394366197183099
Canonical cross-cohort robustness,scenario_pipeline_v3_economic_validity,healthcare_revenue_50m,Healthcare companies with revenue >= $50M,HDBSCAN Pareto representative,HDBSCAN|mcs=10|ms=5,HDBSCAN,3,10013,355,0.4009710418844919,0.9154929577464789
Canonical cross-cohort robustness,scenario_pipeline_v3_economic_validity,healthcare_revenue_50m,Healthcare companies with revenue >= $50M,HDBSCAN Pareto representative,HDBSCAN|mcs=10|ms=5,HDBSCAN,3,10014,355,0.41369398457087975,0.8929577464788733
Canonical cross-cohort robustness,scenario_pipeline_v3_economic_validity,healthcare_revenue_50m,Healthcare companies with revenue >= $50M,HDBSCAN Pareto representative,HDBSCAN|mcs=10|ms=5,HDBSCAN,3,10015,355,0.5846029748740681,0.8591549295774648
Canonical cross-cohort robustness,scenario_pipeline_v3_economic_validity,healthcare_revenue_50m,Healthcare companies with revenue >= $50M,HDBSCAN Pareto representative,HDBSCAN|mcs=10|ms=5,HDBSCAN,3,10016,355,0.4329516605563527,0.8535211267605634
Canonical cross-cohort robustness,scenario_pipeline_v3_economic_validity,healthcare_revenue_50m,Healthcare companies with revenue >= $50M,HDBSCAN Pareto representative,HDBSCAN|mcs=10|ms=5,HDBSCAN,3,10017,355,0.4688497437061554,0.8225352112676056
Canonical cross-cohort robustness,scenario_pipeline_v3_economic_validity,healthcare_revenue_50m,Healthcare companies with revenue >= $50M,HDBSCAN Pareto representative,HDBSCAN|mcs=10|ms=5,HDBSCAN,3,10018,355,0.4412053918232737,0.8450704225352113
Canonical cross-cohort robustness,scenario_pipeline_v3_economic_validity,healthcare_revenue_50m,Healthcare companies with revenue >= $50M,HDBSCAN Pareto representative,HDBSCAN|mcs=10|ms=5,HDBSCAN,3,10019,355,0.4217539526778447,0.819718309859155
Canonical cross-cohort robustness,scenario_pipeline_v3_economic_validity,healthcare_revenue_50m,Healthcare companies with revenue >= $50M,HDBSCAN Pareto representative,HDBSCAN|mcs=10|ms=15,HDBSCAN,2,10000,355,0.6104261897417765,0.8253521126760563
Canonical cross-cohort robustness,scenario_pipeline_v3_economic_validity,healthcare_revenue_50m,Healthcare companies with revenue >= $50M,HDBSCAN Pareto representative,HDBSCAN|mcs=10|ms=15,HDBSCAN,2,10001,355,,0.0
Canonical cross-cohort robustness,scenario_pipeline_v3_economic_validity,healthcare_revenue_50m,Healthcare companies with revenue >= $50M,HDBSCAN Pareto representative,HDBSCAN|mcs=10|ms=15,HDBSCAN,2,10002,355,0.6151396594068768,0.7690140845070422
Canonical cross-cohort robustness,scenario_pipeline_v3_economic_validity,healthcare_revenue_50m,Healthcare companies with revenue >= $50M,HDBSCAN Pareto representative,HDBSCAN|mcs=10|ms=15,HDBSCAN,2,10003,355,0.6502670403319754,0.7295774647887324
Canonical cross-cohort robustness,scenario_pipeline_v3_economic_validity,healthcare_revenue_50m,Healthcare companies with revenue >= $50M,HDBSCAN Pareto representative,HDBSCAN|mcs=10|ms=15,HDBSCAN,2,10004,355,0.6029370084946615,0.7746478873239436
Canonical cross-cohort robustness,scenario_pipeline_v3_economic_validity,healthcare_revenue_50m,Healthcare companies with revenue >= $50M,HDBSCAN Pareto representative,HDBSCAN|mcs=10|ms=15,HDBSCAN,2,10005,355,0.6279086071915103,0.7718309859154929
Canonical cross-cohort robustness,scenario_pipeline_v3_economic_validity,healthcare_revenue_50m,Healthcare companies with revenue >= $50M,HDBSCAN Pareto representative,HDBSCAN|mcs=10|ms=15,HDBSCAN,2,10006,355,0.6043785956330442,0.8056338028169014
Canonical cross-cohort robustness,scenario_pipeline_v3_economic_validity,healthcare_revenue_50m,Healthcare companies with revenue >= $50M,HDBSCAN Pareto representative,HDBSCAN|mcs=10|ms=15,HDBSCAN,2,10007,355,0.6380770462952058,0.7746478873239436
Canonical cross-cohort robustness,scenario_pipeline_v3_economic_validity,healthcare_revenue_50m,Healthcare companies with revenue >= $50M,HDBSCAN Pareto representative,HDBSCAN|mcs=10|ms=15,HDBSCAN,2,10008,355,0.6073446776414447,0.8028169014084507
Canonical cross-cohort robustness,scenario_pipeline_v3_economic_validity,healthcare_revenue_50m,Healthcare companies with revenue >= $50M,HDBSCAN Pareto representative,HDBSCAN|mcs=10|ms=15,HDBSCAN,2,10009,355,0.6581287923696382,0.7014084507042253
Canonical cross-cohort robustness,scenario_pipeline_v3_economic_validity,healthcare_revenue_50m,Healthcare companies with revenue >= $50M,HDBSCAN Pareto representative,HDBSCAN|mcs=10|ms=15,HDBSCAN,2,10010,355,0.6596185262226015,0.7014084507042253
Canonical cross-cohort robustness,scenario_pipeline_v3_economic_validity,healthcare_revenue_50m,Healthcare companies with revenue >= $50M,HDBSCAN Pareto representative,HDBSCAN|mcs=10|ms=15,HDBSCAN,2,10011,355,0.6294919598690383,0.7436619718309859
Canonical cross-cohort robustness,scenario_pipeline_v3_economic_validity,healthcare_revenue_50m,Healthcare companies with revenue >= $50M,HDBSCAN Pareto representative,HDBSCAN|mcs=10|ms=15,HDBSCAN,2,10012,355,0.6304319856521494,0.7746478873239436
Canonical cross-cohort robustness,scenario_pipeline_v3_economic_validity,healthcare_revenue_50m,Healthcare companies with revenue >= $50M,HDBSCAN Pareto representative,HDBSCAN|mcs=10|ms=15,HDBSCAN,2,10013,355,0.6107340723622611,0.7971830985915493
Canonical cross-cohort robustness,scenario_pipeline_v3_economic_validity,healthcare_revenue_50m,Healthcare companies with revenue >= $50M,HDBSCAN Pareto representative,HDBSCAN|mcs=10|ms=15,HDBSCAN,2,10014,355,0.6244425767430579,0.7718309859154929
Canonical cross-cohort robustness,scenario_pipeline_v3_economic_validity,healthcare_revenue_50m,Healthcare companies with revenue >= $50M,HDBSCAN Pareto representative,HDBSCAN|mcs=10|ms=15,HDBSCAN,2,10015,355,0.6308465657071676,0.7943661971830986
Canonical cross-cohort robustness,scenario_pipeline_v3_economic_validity,healthcare_revenue_50m,Healthcare companies with revenue >= $50M,HDBSCAN Pareto representative,HDBSCAN|mcs=10|ms=15,HDBSCAN,2,10016,355,0.6258271028841628,0.7915492957746478
Canonical cross-cohort robustness,scenario_pipeline_v3_economic_validity,healthcare_revenue_50m,Healthcare companies with revenue >= $50M,HDBSCAN Pareto representative,HDBSCAN|mcs=10|ms=15,HDBSCAN,2,10017,355,0.5114084589264019,0.7577464788732394
Canonical cross-cohort robustness,scenario_pipeline_v3_economic_validity,healthcare_revenue_50m,Healthcare companies with revenue >= $50M,HDBSCAN Pareto representative,HDBSCAN|mcs=10|ms=15,HDBSCAN,2,10018,355,0.6281606577729753,0.780281690140845
Canonical cross-cohort robustness,scenario_pipeline_v3_economic_validity,healthcare_revenue_50m,Healthcare companies with revenue >= $50M,HDBSCAN Pareto representative,HDBSCAN|mcs=10|ms=15,HDBSCAN,2,10019,355,0.6018474944357837,0.7774647887323943
Canonical cross-cohort robustness,scenario_pipeline_v3_economic_validity,healthcare_revenue_50m,Healthcare companies with revenue >= $50M,HDBSCAN Pareto representative,HDBSCAN|mcs=15|ms=10,HDBSCAN,2,10000,355,0.5998995117387518,0.8366197183098592
Canonical cross-cohort robustness,scenario_pipeline_v3_economic_validity,healthcare_revenue_50m,Healthcare companies with revenue >= $50M,HDBSCAN Pareto representative,HDBSCAN|mcs=15|ms=10,HDBSCAN,2,10001,355,,0.0
Canonical cross-cohort robustness,scenario_pipeline_v3_economic_validity,healthcare_revenue_50m,Healthcare companies with revenue >= $50M,HDBSCAN Pareto representative,HDBSCAN|mcs=15|ms=10,HDBSCAN,2,10002,355,0.6111703165495134,0.7915492957746478
Canonical cross-cohort robustness,scenario_pipeline_v3_economic_validity,healthcare_revenue_50m,Healthcare companies with revenue >= $50M,HDBSCAN Pareto representative,HDBSCAN|mcs=15|ms=10,HDBSCAN,2,10003,355,0.6637517851396226,0.7183098591549296
Canonical cross-cohort robustness,scenario_pipeline_v3_economic_validity,healthcare_revenue_50m,Healthcare companies with revenue >= $50M,HDBSCAN Pareto representative,HDBSCAN|mcs=15|ms=10,HDBSCAN,2,10004,355,0.6047018462160724,0.7887323943661971
Canonical cross-cohort robustness,scenario_pipeline_v3_economic_validity,healthcare_revenue_50m,Healthcare companies with revenue >= $50M,HDBSCAN Pareto representative,HDBSCAN|mcs=15|ms=10,HDBSCAN,2,10005,355,0.611890917690246,0.7971830985915493
Canonical cross-cohort robustness,scenario_pipeline_v3_economic_validity,healthcare_revenue_50m,Healthcare companies with revenue >= $50M,HDBSCAN Pareto representative,HDBSCAN|mcs=15|ms=10,HDBSCAN,2,10006,355,0.6101888975093482,0.7915492957746478
Canonical cross-cohort robustness,scenario_pipeline_v3_economic_validity,healthcare_revenue_50m,Healthcare companies with revenue >= $50M,HDBSCAN Pareto representative,HDBSCAN|mcs=15|ms=10,HDBSCAN,2,10007,355,0.6561681898555074,0.7436619718309859
Canonical cross-cohort robustness,scenario_pipeline_v3_economic_validity,healthcare_revenue_50m,Healthcare companies with revenue >= $50M,HDBSCAN Pareto representative,HDBSCAN|mcs=15|ms=10,HDBSCAN,2,10008,355,0.5782554990884886,0.8450704225352113
Canonical cross-cohort robustness,scenario_pipeline_v3_economic_validity,healthcare_revenue_50m,Healthcare companies with revenue >= $50M,HDBSCAN Pareto representative,HDBSCAN|mcs=15|ms=10,HDBSCAN,2,10009,355,0.6411715178969722,0.7211267605633803
Canonical cross-cohort robustness,scenario_pipeline_v3_economic_validity,healthcare_revenue_50m,Healthcare companies with revenue >= $50M,HDBSCAN Pareto representative,HDBSCAN|mcs=15|ms=10,HDBSCAN,2,10010,355,0.6642713287527987,0.7070422535211267
Canonical cross-cohort robustness,scenario_pipeline_v3_economic_validity,healthcare_revenue_50m,Healthcare companies with revenue >= $50M,HDBSCAN Pareto representative,HDBSCAN|mcs=15|ms=10,HDBSCAN,2,10011,355,0.653674937647947,0.6985915492957746
Canonical cross-cohort robustness,scenario_pipeline_v3_economic_validity,healthcare_revenue_50m,Healthcare companies with revenue >= $50M,HDBSCAN Pareto representative,HDBSCAN|mcs=15|ms=10,HDBSCAN,2,10012,355,0.6501910447320508,0.752112676056338
Canonical cross-cohort robustness,scenario_pipeline_v3_economic_validity,healthcare_revenue_50m,Healthcare companies with revenue >= $50M,HDBSCAN Pareto representative,HDBSCAN|mcs=15|ms=10,HDBSCAN,2,10013,355,0.5605988728521112,0.8929577464788733
Canonical cross-cohort robustness,scenario_pipeline_v3_economic_validity,healthcare_revenue_50m,Healthcare companies with revenue >= $50M,HDBSCAN Pareto representative,HDBSCAN|mcs=15|ms=10,HDBSCAN,2,10014,355,0.6003668233712849,0.8225352112676056
Canonical cross-cohort robustness,scenario_pipeline_v3_economic_validity,healthcare_revenue_50m,Healthcare companies with revenue >= $50M,HDBSCAN Pareto representative,HDBSCAN|mcs=15|ms=10,HDBSCAN,2,10015,355,0.6319148624572879,0.8028169014084507
Canonical cross-cohort robustness,scenario_pipeline_v3_economic_validity,healthcare_revenue_50m,Healthcare companies with revenue >= $50M,HDBSCAN Pareto representative,HDBSCAN|mcs=15|ms=10,HDBSCAN,2,10016,355,0.6090413224385819,0.8225352112676056
Canonical cross-cohort robustness,scenario_pipeline_v3_economic_validity,healthcare_revenue_50m,Healthcare companies with revenue >= $50M,HDBSCAN Pareto representative,HDBSCAN|mcs=15|ms=10,HDBSCAN,2,10017,355,0.516170967863124,0.7633802816901408
Canonical cross-cohort robustness,scenario_pipeline_v3_economic_validity,healthcare_revenue_50m,Healthcare companies with revenue >= $50M,HDBSCAN Pareto representative,HDBSCAN|mcs=15|ms=10,HDBSCAN,2,10018,355,0.6190100652916158,0.7943661971830986
Canonical cross-cohort robustness,scenario_pipeline_v3_economic_validity,healthcare_revenue_50m,Healthcare companies with revenue >= $50M,HDBSCAN Pareto representative,HDBSCAN|mcs=15|ms=10,HDBSCAN,2,10019,355,0.6202613507822438,0.7408450704225352
Canonical cross-cohort robustness,scenario_pipeline_v3_economic_validity,industrials_revenue_20m,Industrials companies with revenue >= $20M,Full-assignment candidate,Full Assignment|K-Means,K-Means,3,10000,452,0.5152515218223149,1.0
Canonical cross-cohort robustness,scenario_pipeline_v3_economic_validity,industrials_revenue_20m,Industrials companies with revenue >= $20M,Full-assignment candidate,Full Assignment|K-Means,K-Means,3,10001,452,0.5274658060990554,1.0
Canonical cross-cohort robustness,scenario_pipeline_v3_economic_validity,industrials_revenue_20m,Industrials companies with revenue >= $20M,Full-assignment candidate,Full Assignment|K-Means,K-Means,3,10002,452,0.5061415631894163,1.0
Canonical cross-cohort robustness,scenario_pipeline_v3_economic_validity,industrials_revenue_20m,Industrials companies with revenue >= $20M,Full-assignment candidate,Full Assignment|K-Means,K-Means,3,10003,452,0.5079818789018334,1.0
Canonical cross-cohort robustness,scenario_pipeline_v3_economic_validity,industrials_revenue_20m,Industrials companies with revenue >= $20M,Full-assignment candidate,Full Assignment|K-Means,K-Means,3,10004,452,0.4762575602328822,1.0
Canonical cross-cohort robustness,scenario_pipeline_v3_economic_validity,industrials_revenue_20m,Industrials companies with revenue >= $20M,Full-assignment candidate,Full Assignment|K-Means,K-Means,3,10005,452,0.5425473450186183,1.0
Canonical cross-cohort robustness,scenario_pipeline_v3_economic_validity,industrials_revenue_20m,Industrials companies with revenue >= $20M,Full-assignment candidate,Full Assignment|K-Means,K-Means,3,10006,452,0.49854647276425706,1.0
Canonical cross-cohort robustness,scenario_pipeline_v3_economic_validity,industrials_revenue_20m,Industrials companies with revenue >= $20M,Full-assignment candidate,Full Assignment|K-Means,K-Means,3,10007,452,0.5055331124390992,1.0
Canonical cross-cohort robustness,scenario_pipeline_v3_economic_validity,industrials_revenue_20m,Industrials companies with revenue >= $20M,Full-assignment candidate,Full Assignment|K-Means,K-Means,3,10008,453,0.4914050406764081,1.0
Canonical cross-cohort robustness,scenario_pipeline_v3_economic_validity,industrials_revenue_20m,Industrials companies with revenue >= $20M,Full-assignment candidate,Full Assignment|K-Means,K-Means,3,10009,452,0.48913672013836856,1.0
Canonical cross-cohort robustness,scenario_pipeline_v3_economic_validity,industrials_revenue_20m,Industrials companies with revenue >= $20M,Full-assignment candidate,Full Assignment|K-Means,K-Means,3,10010,452,0.4582049872243068,1.0
Canonical cross-cohort robustness,scenario_pipeline_v3_economic_validity,industrials_revenue_20m,Industrials companies with revenue >= $20M,Full-assignment candidate,Full Assignment|K-Means,K-Means,3,10011,453,0.48330222927635397,1.0
Canonical cross-cohort robustness,scenario_pipeline_v3_economic_validity,industrials_revenue_20m,Industrials companies with revenue >= $20M,Full-assignment candidate,Full Assignment|K-Means,K-Means,3,10012,454,0.5095142963993016,1.0
Canonical cross-cohort robustness,scenario_pipeline_v3_economic_validity,industrials_revenue_20m,Industrials companies with revenue >= $20M,Full-assignment candidate,Full Assignment|K-Means,K-Means,3,10013,452,0.5027215465386753,1.0
Canonical cross-cohort robustness,scenario_pipeline_v3_economic_validity,industrials_revenue_20m,Industrials companies with revenue >= $20M,Full-assignment candidate,Full Assignment|K-Means,K-Means,3,10014,452,0.4814863819647945,1.0
Canonical cross-cohort robustness,scenario_pipeline_v3_economic_validity,industrials_revenue_20m,Industrials companies with revenue >= $20M,Full-assignment candidate,Full Assignment|K-Means,K-Means,3,10015,452,0.4988988957863411,1.0
Canonical cross-cohort robustness,scenario_pipeline_v3_economic_validity,industrials_revenue_20m,Industrials companies with revenue >= $20M,Full-assignment candidate,Full Assignment|K-Means,K-Means,3,10016,452,0.4597891325373719,1.0
Canonical cross-cohort robustness,scenario_pipeline_v3_economic_validity,industrials_revenue_20m,Industrials companies with revenue >= $20M,Full-assignment candidate,Full Assignment|K-Means,K-Means,3,10017,452,0.5130677290400419,1.0
Canonical cross-cohort robustness,scenario_pipeline_v3_economic_validity,industrials_revenue_20m,Industrials companies with revenue >= $20M,Full-assignment candidate,Full Assignment|K-Means,K-Means,3,10018,452,0.47860967555682293,1.0
Canonical cross-cohort robustness,scenario_pipeline_v3_economic_validity,industrials_revenue_20m,Industrials companies with revenue >= $20M,Full-assignment candidate,Full Assignment|K-Means,K-Means,3,10019,453,0.5068333445259049,1.0
Canonical cross-cohort robustness,scenario_pipeline_v3_economic_validity,industrials_revenue_20m,Industrials companies with revenue >= $20M,Full-assignment candidate,Full Assignment|Agglomerative,Agglomerative,3,10000,452,0.5143241988205838,1.0
Canonical cross-cohort robustness,scenario_pipeline_v3_economic_validity,industrials_revenue_20m,Industrials companies with revenue >= $20M,Full-assignment candidate,Full Assignment|Agglomerative,Agglomerative,3,10001,452,0.5215082565993098,1.0
Canonical cross-cohort robustness,scenario_pipeline_v3_economic_validity,industrials_revenue_20m,Industrials companies with revenue >= $20M,Full-assignment candidate,Full Assignment|Agglomerative,Agglomerative,3,10002,452,0.47606742555236675,1.0
Canonical cross-cohort robustness,scenario_pipeline_v3_economic_validity,industrials_revenue_20m,Industrials companies with revenue >= $20M,Full-assignment candidate,Full Assignment|Agglomerative,Agglomerative,3,10003,452,0.478590067818108,1.0
Canonical cross-cohort robustness,scenario_pipeline_v3_economic_validity,industrials_revenue_20m,Industrials companies with revenue >= $20M,Full-assignment candidate,Full Assignment|Agglomerative,Agglomerative,3,10004,452,0.4924035521407578,1.0
Canonical cross-cohort robustness,scenario_pipeline_v3_economic_validity,industrials_revenue_20m,Industrials companies with revenue >= $20M,Full-assignment candidate,Full Assignment|Agglomerative,Agglomerative,3,10005,452,0.4756802633106719,1.0
Canonical cross-cohort robustness,scenario_pipeline_v3_economic_validity,industrials_revenue_20m,Industrials companies with revenue >= $20M,Full-assignment candidate,Full Assignment|Agglomerative,Agglomerative,3,10006,452,0.49387799439031865,1.0
Canonical cross-cohort robustness,scenario_pipeline_v3_economic_validity,industrials_revenue_20m,Industrials companies with revenue >= $20M,Full-assignment candidate,Full Assignment|Agglomerative,Agglomerative,3,10007,452,0.5560686275734181,1.0
Canonical cross-cohort robustness,scenario_pipeline_v3_economic_validity,industrials_revenue_20m,Industrials companies with revenue >= $20M,Full-assignment candidate,Full Assignment|Agglomerative,Agglomerative,3,10008,453,0.4910410915590459,1.0
Canonical cross-cohort robustness,scenario_pipeline_v3_economic_validity,industrials_revenue_20m,Industrials companies with revenue >= $20M,Full-assignment candidate,Full Assignment|Agglomerative,Agglomerative,3,10009,452,0.4774826739657428,1.0
Canonical cross-cohort robustness,scenario_pipeline_v3_economic_validity,industrials_revenue_20m,Industrials companies with revenue >= $20M,Full-assignment candidate,Full Assignment|Agglomerative,Agglomerative,3,10010,452,0.4739934325706827,1.0
Canonical cross-cohort robustness,scenario_pipeline_v3_economic_validity,industrials_revenue_20m,Industrials companies with revenue >= $20M,Full-assignment candidate,Full Assignment|Agglomerative,Agglomerative,3,10011,453,0.4737424374413167,1.0
Canonical cross-cohort robustness,scenario_pipeline_v3_economic_validity,industrials_revenue_20m,Industrials companies with revenue >= $20M,Full-assignment candidate,Full Assignment|Agglomerative,Agglomerative,3,10012,454,0.4978168768389866,1.0
Canonical cross-cohort robustness,scenario_pipeline_v3_economic_validity,industrials_revenue_20m,Industrials companies with revenue >= $20M,Full-assignment candidate,Full Assignment|Agglomerative,Agglomerative,3,10013,452,0.5036813636389659,1.0
Canonical cross-cohort robustness,scenario_pipeline_v3_economic_validity,industrials_revenue_20m,Industrials companies with revenue >= $20M,Full-assignment candidate,Full Assignment|Agglomerative,Agglomerative,3,10014,452,0.45885682891613294,1.0
Canonical cross-cohort robustness,scenario_pipeline_v3_economic_validity,industrials_revenue_20m,Industrials companies with revenue >= $20M,Full-assignment candidate,Full Assignment|Agglomerative,Agglomerative,3,10015,452,0.5021149290358335,1.0
Canonical cross-cohort robustness,scenario_pipeline_v3_economic_validity,industrials_revenue_20m,Industrials companies with revenue >= $20M,Full-assignment candidate,Full Assignment|Agglomerative,Agglomerative,3,10016,452,0.4725612616378807,1.0
Canonical cross-cohort robustness,scenario_pipeline_v3_economic_validity,industrials_revenue_20m,Industrials companies with revenue >= $20M,Full-assignment candidate,Full Assignment|Agglomerative,Agglomerative,3,10017,452,0.5217690185669507,1.0
Canonical cross-cohort robustness,scenario_pipeline_v3_economic_validity,industrials_revenue_20m,Industrials companies with revenue >= $20M,Full-assignment candidate,Full Assignment|Agglomerative,Agglomerative,3,10018,452,0.45056233094539144,1.0
Canonical cross-cohort robustness,scenario_pipeline_v3_economic_validity,industrials_revenue_20m,Industrials companies with revenue >= $20M,Full-assignment candidate,Full Assignment|Agglomerative,Agglomerative,3,10019,453,0.5142315320499787,1.0
Canonical cross-cohort robustness,scenario_pipeline_v3_economic_validity,industrials_revenue_20m,Industrials companies with revenue >= $20M,Full-assignment candidate,Full Assignment|Gaussian Mixture,Gaussian Mixture,2,10000,452,0.29314182135978784,1.0
Canonical cross-cohort robustness,scenario_pipeline_v3_economic_validity,industrials_revenue_20m,Industrials companies with revenue >= $20M,Full-assignment candidate,Full Assignment|Gaussian Mixture,Gaussian Mixture,2,10001,452,0.34056358546395193,1.0
Canonical cross-cohort robustness,scenario_pipeline_v3_economic_validity,industrials_revenue_20m,Industrials companies with revenue >= $20M,Full-assignment candidate,Full Assignment|Gaussian Mixture,Gaussian Mixture,2,10002,452,0.2895515846207475,1.0
Canonical cross-cohort robustness,scenario_pipeline_v3_economic_validity,industrials_revenue_20m,Industrials companies with revenue >= $20M,Full-assignment candidate,Full Assignment|Gaussian Mixture,Gaussian Mixture,2,10003,452,0.34906181280427595,1.0
Canonical cross-cohort robustness,scenario_pipeline_v3_economic_validity,industrials_revenue_20m,Industrials companies with revenue >= $20M,Full-assignment candidate,Full Assignment|Gaussian Mixture,Gaussian Mixture,2,10004,452,0.2987151068814844,1.0
Canonical cross-cohort robustness,scenario_pipeline_v3_economic_validity,industrials_revenue_20m,Industrials companies with revenue >= $20M,Full-assignment candidate,Full Assignment|Gaussian Mixture,Gaussian Mixture,2,10005,452,0.3424947948126932,1.0
Canonical cross-cohort robustness,scenario_pipeline_v3_economic_validity,industrials_revenue_20m,Industrials companies with revenue >= $20M,Full-assignment candidate,Full Assignment|Gaussian Mixture,Gaussian Mixture,2,10006,452,0.3276562488307576,1.0
Canonical cross-cohort robustness,scenario_pipeline_v3_economic_validity,industrials_revenue_20m,Industrials companies with revenue >= $20M,Full-assignment candidate,Full Assignment|Gaussian Mixture,Gaussian Mixture,2,10007,452,0.2682653226410083,1.0
Canonical cross-cohort robustness,scenario_pipeline_v3_economic_validity,industrials_revenue_20m,Industrials companies with revenue >= $20M,Full-assignment candidate,Full Assignment|Gaussian Mixture,Gaussian Mixture,2,10008,453,0.3296432056679663,1.0
Canonical cross-cohort robustness,scenario_pipeline_v3_economic_validity,industrials_revenue_20m,Industrials companies with revenue >= $20M,Full-assignment candidate,Full Assignment|Gaussian Mixture,Gaussian Mixture,2,10009,452,0.2861203771493172,1.0
Canonical cross-cohort robustness,scenario_pipeline_v3_economic_validity,industrials_revenue_20m,Industrials companies with revenue >= $20M,Full-assignment candidate,Full Assignment|Gaussian Mixture,Gaussian Mixture,2,10010,452,0.2687707347631159,1.0
Canonical cross-cohort robustness,scenario_pipeline_v3_economic_validity,industrials_revenue_20m,Industrials companies with revenue >= $20M,Full-assignment candidate,Full Assignment|Gaussian Mixture,Gaussian Mixture,2,10011,453,0.2940367773273057,1.0
Canonical cross-cohort robustness,scenario_pipeline_v3_economic_validity,industrials_revenue_20m,Industrials companies with revenue >= $20M,Full-assignment candidate,Full Assignment|Gaussian Mixture,Gaussian Mixture,2,10012,454,0.34737258275829297,1.0
Canonical cross-cohort robustness,scenario_pipeline_v3_economic_validity,industrials_revenue_20m,Industrials companies with revenue >= $20M,Full-assignment candidate,Full Assignment|Gaussian Mixture,Gaussian Mixture,2,10013,452,0.262620832631601,1.0
Canonical cross-cohort robustness,scenario_pipeline_v3_economic_validity,industrials_revenue_20m,Industrials companies with revenue >= $20M,Full-assignment candidate,Full Assignment|Gaussian Mixture,Gaussian Mixture,2,10014,452,0.31821327024846685,1.0
Canonical cross-cohort robustness,scenario_pipeline_v3_economic_validity,industrials_revenue_20m,Industrials companies with revenue >= $20M,Full-assignment candidate,Full Assignment|Gaussian Mixture,Gaussian Mixture,2,10015,452,0.3366214002669659,1.0
Canonical cross-cohort robustness,scenario_pipeline_v3_economic_validity,industrials_revenue_20m,Industrials companies with revenue >= $20M,Full-assignment candidate,Full Assignment|Gaussian Mixture,Gaussian Mixture,2,10016,452,0.27518393152053716,1.0
Canonical cross-cohort robustness,scenario_pipeline_v3_economic_validity,industrials_revenue_20m,Industrials companies with revenue >= $20M,Full-assignment candidate,Full Assignment|Gaussian Mixture,Gaussian Mixture,2,10017,452,0.32651176901606543,1.0
Canonical cross-cohort robustness,scenario_pipeline_v3_economic_validity,industrials_revenue_20m,Industrials companies with revenue >= $20M,Full-assignment candidate,Full Assignment|Gaussian Mixture,Gaussian Mixture,2,10018,452,0.31879785376133857,1.0
Canonical cross-cohort robustness,scenario_pipeline_v3_economic_validity,industrials_revenue_20m,Industrials companies with revenue >= $20M,Full-assignment candidate,Full Assignment|Gaussian Mixture,Gaussian Mixture,2,10019,453,0.2757984681735099,1.0
Canonical cross-cohort robustness,scenario_pipeline_v3_economic_validity,industrials_revenue_20m,Industrials companies with revenue >= $20M,HDBSCAN Pareto representative,HDBSCAN|mcs=10|ms=10,HDBSCAN,3,10000,452,0.6089771028343448,0.831858407079646
Canonical cross-cohort robustness,scenario_pipeline_v3_economic_validity,industrials_revenue_20m,Industrials companies with revenue >= $20M,HDBSCAN Pareto representative,HDBSCAN|mcs=10|ms=10,HDBSCAN,3,10001,452,0.6224628018913309,0.8672566371681416
Canonical cross-cohort robustness,scenario_pipeline_v3_economic_validity,industrials_revenue_20m,Industrials companies with revenue >= $20M,HDBSCAN Pareto representative,HDBSCAN|mcs=10|ms=10,HDBSCAN,3,10002,452,0.6380897877722174,0.838495575221239
Canonical cross-cohort robustness,scenario_pipeline_v3_economic_validity,industrials_revenue_20m,Industrials companies with revenue >= $20M,HDBSCAN Pareto representative,HDBSCAN|mcs=10|ms=10,HDBSCAN,3,10003,452,0.629830641772138,0.8827433628318584
Canonical cross-cohort robustness,scenario_pipeline_v3_economic_validity,industrials_revenue_20m,Industrials companies with revenue >= $20M,HDBSCAN Pareto representative,HDBSCAN|mcs=10|ms=10,HDBSCAN,3,10004,452,,0.0
Canonical cross-cohort robustness,scenario_pipeline_v3_economic_validity,industrials_revenue_20m,Industrials companies with revenue >= $20M,HDBSCAN Pareto representative,HDBSCAN|mcs=10|ms=10,HDBSCAN,3,10005,452,0.6434242724206192,0.8606194690265486
Canonical cross-cohort robustness,scenario_pipeline_v3_economic_validity,industrials_revenue_20m,Industrials companies with revenue >= $20M,HDBSCAN Pareto representative,HDBSCAN|mcs=10|ms=10,HDBSCAN,3,10006,452,,0.0
Canonical cross-cohort robustness,scenario_pipeline_v3_economic_validity,industrials_revenue_20m,Industrials companies with revenue >= $20M,HDBSCAN Pareto representative,HDBSCAN|mcs=10|ms=10,HDBSCAN,3,10007,452,0.6431505742583553,0.8716814159292036
Canonical cross-cohort robustness,scenario_pipeline_v3_economic_validity,industrials_revenue_20m,Industrials companies with revenue >= $20M,HDBSCAN Pareto representative,HDBSCAN|mcs=10|ms=10,HDBSCAN,3,10008,453,,0.0
Canonical cross-cohort robustness,scenario_pipeline_v3_economic_validity,industrials_revenue_20m,Industrials companies with revenue >= $20M,HDBSCAN Pareto representative,HDBSCAN|mcs=10|ms=10,HDBSCAN,3,10009,452,,0.0
Canonical cross-cohort robustness,scenario_pipeline_v3_economic_validity,industrials_revenue_20m,Industrials companies with revenue >= $20M,HDBSCAN Pareto representative,HDBSCAN|mcs=10|ms=10,HDBSCAN,3,10010,452,,0.0
Canonical cross-cohort robustness,scenario_pipeline_v3_economic_validity,industrials_revenue_20m,Industrials companies with revenue >= $20M,HDBSCAN Pareto representative,HDBSCAN|mcs=10|ms=10,HDBSCAN,3,10011,453,,0.0
Canonical cross-cohort robustness,scenario_pipeline_v3_economic_validity,industrials_revenue_20m,Industrials companies with revenue >= $20M,HDBSCAN Pareto representative,HDBSCAN|mcs=10|ms=10,HDBSCAN,3,10012,454,0.6371660336590393,0.8083700440528634
Canonical cross-cohort robustness,scenario_pipeline_v3_economic_validity,industrials_revenue_20m,Industrials companies with revenue >= $20M,HDBSCAN Pareto representative,HDBSCAN|mcs=10|ms=10,HDBSCAN,3,10013,452,,0.0
Canonical cross-cohort robustness,scenario_pipeline_v3_economic_validity,industrials_revenue_20m,Industrials companies with revenue >= $20M,HDBSCAN Pareto representative,HDBSCAN|mcs=10|ms=10,HDBSCAN,3,10014,452,0.5966430895273347,0.7920353982300885
Canonical cross-cohort robustness,scenario_pipeline_v3_economic_validity,industrials_revenue_20m,Industrials companies with revenue >= $20M,HDBSCAN Pareto representative,HDBSCAN|mcs=10|ms=10,HDBSCAN,3,10015,452,,0.0
Canonical cross-cohort robustness,scenario_pipeline_v3_economic_validity,industrials_revenue_20m,Industrials companies with revenue >= $20M,HDBSCAN Pareto representative,HDBSCAN|mcs=10|ms=10,HDBSCAN,3,10016,452,,0.0
Canonical cross-cohort robustness,scenario_pipeline_v3_economic_validity,industrials_revenue_20m,Industrials companies with revenue >= $20M,HDBSCAN Pareto representative,HDBSCAN|mcs=10|ms=10,HDBSCAN,3,10017,452,0.6719869756050894,0.8141592920353983
Canonical cross-cohort robustness,scenario_pipeline_v3_economic_validity,industrials_revenue_20m,Industrials companies with revenue >= $20M,HDBSCAN Pareto representative,HDBSCAN|mcs=10|ms=10,HDBSCAN,3,10018,452,0.6274866161541233,0.8694690265486725
Canonical cross-cohort robustness,scenario_pipeline_v3_economic_validity,industrials_revenue_20m,Industrials companies with revenue >= $20M,HDBSCAN Pareto representative,HDBSCAN|mcs=10|ms=10,HDBSCAN,3,10019,453,0.6352616732287047,0.8388520971302428
Canonical cross-cohort robustness,scenario_pipeline_v3_economic_validity,industrials_revenue_20m,Industrials companies with revenue >= $20M,HDBSCAN Pareto representative,HDBSCAN|mcs=15|ms=5,HDBSCAN,2,10000,452,0.595924512320412,0.8915929203539823
Canonical cross-cohort robustness,scenario_pipeline_v3_economic_validity,industrials_revenue_20m,Industrials companies with revenue >= $20M,HDBSCAN Pareto representative,HDBSCAN|mcs=15|ms=5,HDBSCAN,2,10001,452,0.6193711905989338,0.8672566371681416
Canonical cross-cohort robustness,scenario_pipeline_v3_economic_validity,industrials_revenue_20m,Industrials companies with revenue >= $20M,HDBSCAN Pareto representative,HDBSCAN|mcs=15|ms=5,HDBSCAN,2,10002,452,0.6071120061662415,0.8561946902654868
Canonical cross-cohort robustness,scenario_pipeline_v3_economic_validity,industrials_revenue_20m,Industrials companies with revenue >= $20M,HDBSCAN Pareto representative,HDBSCAN|mcs=15|ms=5,HDBSCAN,2,10003,452,0.5831844798364823,0.8783185840707964
Canonical cross-cohort robustness,scenario_pipeline_v3_economic_validity,industrials_revenue_20m,Industrials companies with revenue >= $20M,HDBSCAN Pareto representative,HDBSCAN|mcs=15|ms=5,HDBSCAN,2,10004,452,0.622729909375943,0.8495575221238938
Canonical cross-cohort robustness,scenario_pipeline_v3_economic_validity,industrials_revenue_20m,Industrials companies with revenue >= $20M,HDBSCAN Pareto representative,HDBSCAN|mcs=15|ms=5,HDBSCAN,2,10005,452,0.619951976979439,0.8783185840707964
Canonical cross-cohort robustness,scenario_pipeline_v3_economic_validity,industrials_revenue_20m,Industrials companies with revenue >= $20M,HDBSCAN Pareto representative,HDBSCAN|mcs=15|ms=5,HDBSCAN,2,10006,452,0.32874458895844944,0.13716814159292035
Canonical cross-cohort robustness,scenario_pipeline_v3_economic_validity,industrials_revenue_20m,Industrials companies with revenue >= $20M,HDBSCAN Pareto representative,HDBSCAN|mcs=15|ms=5,HDBSCAN,2,10007,452,0.6542771652721932,0.8716814159292036
Canonical cross-cohort robustness,scenario_pipeline_v3_economic_validity,industrials_revenue_20m,Industrials companies with revenue >= $20M,HDBSCAN Pareto representative,HDBSCAN|mcs=15|ms=5,HDBSCAN,2,10008,453,0.565493714411637,0.8940397350993378
Canonical cross-cohort robustness,scenario_pipeline_v3_economic_validity,industrials_revenue_20m,Industrials companies with revenue >= $20M,HDBSCAN Pareto representative,HDBSCAN|mcs=15|ms=5,HDBSCAN,2,10009,452,0.31487613304524353,0.11061946902654868
Canonical cross-cohort robustness,scenario_pipeline_v3_economic_validity,industrials_revenue_20m,Industrials companies with revenue >= $20M,HDBSCAN Pareto representative,HDBSCAN|mcs=15|ms=5,HDBSCAN,2,10010,452,0.5818086427878969,0.918141592920354
Canonical cross-cohort robustness,scenario_pipeline_v3_economic_validity,industrials_revenue_20m,Industrials companies with revenue >= $20M,HDBSCAN Pareto representative,HDBSCAN|mcs=15|ms=5,HDBSCAN,2,10011,453,,0.0
Canonical cross-cohort robustness,scenario_pipeline_v3_economic_validity,industrials_revenue_20m,Industrials companies with revenue >= $20M,HDBSCAN Pareto representative,HDBSCAN|mcs=15|ms=5,HDBSCAN,2,10012,454,0.2795352625970496,0.09691629955947137
Canonical cross-cohort robustness,scenario_pipeline_v3_economic_validity,industrials_revenue_20m,Industrials companies with revenue >= $20M,HDBSCAN Pareto representative,HDBSCAN|mcs=15|ms=5,HDBSCAN,2,10013,452,0.6206238093183905,0.8119469026548672
Canonical cross-cohort robustness,scenario_pipeline_v3_economic_validity,industrials_revenue_20m,Industrials companies with revenue >= $20M,HDBSCAN Pareto representative,HDBSCAN|mcs=15|ms=5,HDBSCAN,2,10014,452,0.30333705181261056,0.084070796460177
Canonical cross-cohort robustness,scenario_pipeline_v3_economic_validity,industrials_revenue_20m,Industrials companies with revenue >= $20M,HDBSCAN Pareto representative,HDBSCAN|mcs=15|ms=5,HDBSCAN,2,10015,452,0.6093680781842199,0.8650442477876106
Canonical cross-cohort robustness,scenario_pipeline_v3_economic_validity,industrials_revenue_20m,Industrials companies with revenue >= $20M,HDBSCAN Pareto representative,HDBSCAN|mcs=15|ms=5,HDBSCAN,2,10016,452,0.6222092883713232,0.8141592920353983
Canonical cross-cohort robustness,scenario_pipeline_v3_economic_validity,industrials_revenue_20m,Industrials companies with revenue >= $20M,HDBSCAN Pareto representative,HDBSCAN|mcs=15|ms=5,HDBSCAN,2,10017,452,0.6185371880398106,0.8893805309734514
Canonical cross-cohort robustness,scenario_pipeline_v3_economic_validity,industrials_revenue_20m,Industrials companies with revenue >= $20M,HDBSCAN Pareto representative,HDBSCAN|mcs=15|ms=5,HDBSCAN,2,10018,452,0.6037187937088137,0.8805309734513275
Canonical cross-cohort robustness,scenario_pipeline_v3_economic_validity,industrials_revenue_20m,Industrials companies with revenue >= $20M,HDBSCAN Pareto representative,HDBSCAN|mcs=15|ms=5,HDBSCAN,2,10019,453,0.6027294228686984,0.8896247240618101
Canonical cross-cohort robustness,scenario_pipeline_v3_economic_validity,consumer_cyclical_revenue_20m,Consumer Cyclical companies with revenue >= $20M,Full-assignment candidate,Full Assignment|K-Means,K-Means,3,10000,376,0.3658308580995012,1.0
Canonical cross-cohort robustness,scenario_pipeline_v3_economic_validity,consumer_cyclical_revenue_20m,Consumer Cyclical companies with revenue >= $20M,Full-assignment candidate,Full Assignment|K-Means,K-Means,3,10001,376,0.42295167639373016,1.0
Canonical cross-cohort robustness,scenario_pipeline_v3_economic_validity,consumer_cyclical_revenue_20m,Consumer Cyclical companies with revenue >= $20M,Full-assignment candidate,Full Assignment|K-Means,K-Means,3,10002,376,0.42710643639741674,1.0
Canonical cross-cohort robustness,scenario_pipeline_v3_economic_validity,consumer_cyclical_revenue_20m,Consumer Cyclical companies with revenue >= $20M,Full-assignment candidate,Full Assignment|K-Means,K-Means,3,10003,376,0.42376171134543983,1.0
Canonical cross-cohort robustness,scenario_pipeline_v3_economic_validity,consumer_cyclical_revenue_20m,Consumer Cyclical companies with revenue >= $20M,Full-assignment candidate,Full Assignment|K-Means,K-Means,3,10004,376,0.39431789919856336,1.0
Canonical cross-cohort robustness,scenario_pipeline_v3_economic_validity,consumer_cyclical_revenue_20m,Consumer Cyclical companies with revenue >= $20M,Full-assignment candidate,Full Assignment|K-Means,K-Means,3,10005,376,0.4291804891913039,1.0
Canonical cross-cohort robustness,scenario_pipeline_v3_economic_validity,consumer_cyclical_revenue_20m,Consumer Cyclical companies with revenue >= $20M,Full-assignment candidate,Full Assignment|K-Means,K-Means,3,10006,376,0.43042432768033734,1.0
Canonical cross-cohort robustness,scenario_pipeline_v3_economic_validity,consumer_cyclical_revenue_20m,Consumer Cyclical companies with revenue >= $20M,Full-assignment candidate,Full Assignment|K-Means,K-Means,3,10007,376,0.439087454690176,1.0
Canonical cross-cohort robustness,scenario_pipeline_v3_economic_validity,consumer_cyclical_revenue_20m,Consumer Cyclical companies with revenue >= $20M,Full-assignment candidate,Full Assignment|K-Means,K-Means,3,10008,376,0.4541579789906099,1.0
Canonical cross-cohort robustness,scenario_pipeline_v3_economic_validity,consumer_cyclical_revenue_20m,Consumer Cyclical companies with revenue >= $20M,Full-assignment candidate,Full Assignment|K-Means,K-Means,3,10009,376,0.36913695268834845,1.0
Canonical cross-cohort robustness,scenario_pipeline_v3_economic_validity,consumer_cyclical_revenue_20m,Consumer Cyclical companies with revenue >= $20M,Full-assignment candidate,Full Assignment|K-Means,K-Means,3,10010,376,0.4073303623826178,1.0
Canonical cross-cohort robustness,scenario_pipeline_v3_economic_validity,consumer_cyclical_revenue_20m,Consumer Cyclical companies with revenue >= $20M,Full-assignment candidate,Full Assignment|K-Means,K-Means,3,10011,376,0.42663773552338674,1.0
Canonical cross-cohort robustness,scenario_pipeline_v3_economic_validity,consumer_cyclical_revenue_20m,Consumer Cyclical companies with revenue >= $20M,Full-assignment candidate,Full Assignment|K-Means,K-Means,3,10012,376,0.41624386905443433,1.0
Canonical cross-cohort robustness,scenario_pipeline_v3_economic_validity,consumer_cyclical_revenue_20m,Consumer Cyclical companies with revenue >= $20M,Full-assignment candidate,Full Assignment|K-Means,K-Means,3,10013,376,0.38906096433190807,1.0
Canonical cross-cohort robustness,scenario_pipeline_v3_economic_validity,consumer_cyclical_revenue_20m,Consumer Cyclical companies with revenue >= $20M,Full-assignment candidate,Full Assignment|K-Means,K-Means,3,10014,376,0.3521041780482989,1.0
Canonical cross-cohort robustness,scenario_pipeline_v3_economic_validity,consumer_cyclical_revenue_20m,Consumer Cyclical companies with revenue >= $20M,Full-assignment candidate,Full Assignment|K-Means,K-Means,3,10015,376,0.4047295601377651,1.0
Canonical cross-cohort robustness,scenario_pipeline_v3_economic_validity,consumer_cyclical_revenue_20m,Consumer Cyclical companies with revenue >= $20M,Full-assignment candidate,Full Assignment|K-Means,K-Means,3,10016,376,0.4441272530670103,1.0
Canonical cross-cohort robustness,scenario_pipeline_v3_economic_validity,consumer_cyclical_revenue_20m,Consumer Cyclical companies with revenue >= $20M,Full-assignment candidate,Full Assignment|K-Means,K-Means,3,10017,376,0.4304838558815472,1.0
Canonical cross-cohort robustness,scenario_pipeline_v3_economic_validity,consumer_cyclical_revenue_20m,Consumer Cyclical companies with revenue >= $20M,Full-assignment candidate,Full Assignment|K-Means,K-Means,3,10018,376,0.4364507691063918,1.0
Canonical cross-cohort robustness,scenario_pipeline_v3_economic_validity,consumer_cyclical_revenue_20m,Consumer Cyclical companies with revenue >= $20M,Full-assignment candidate,Full Assignment|K-Means,K-Means,3,10019,376,0.4079917972677846,1.0
Canonical cross-cohort robustness,scenario_pipeline_v3_economic_validity,consumer_cyclical_revenue_20m,Consumer Cyclical companies with revenue >= $20M,Full-assignment candidate,Full Assignment|Agglomerative,Agglomerative,3,10000,376,0.3881198032459402,1.0
Canonical cross-cohort robustness,scenario_pipeline_v3_economic_validity,consumer_cyclical_revenue_20m,Consumer Cyclical companies with revenue >= $20M,Full-assignment candidate,Full Assignment|Agglomerative,Agglomerative,3,10001,376,0.41684334939048373,1.0
Canonical cross-cohort robustness,scenario_pipeline_v3_economic_validity,consumer_cyclical_revenue_20m,Consumer Cyclical companies with revenue >= $20M,Full-assignment candidate,Full Assignment|Agglomerative,Agglomerative,3,10002,376,0.4253444769145114,1.0
Canonical cross-cohort robustness,scenario_pipeline_v3_economic_validity,consumer_cyclical_revenue_20m,Consumer Cyclical companies with revenue >= $20M,Full-assignment candidate,Full Assignment|Agglomerative,Agglomerative,3,10003,376,0.4197246727127488,1.0
Canonical cross-cohort robustness,scenario_pipeline_v3_economic_validity,consumer_cyclical_revenue_20m,Consumer Cyclical companies with revenue >= $20M,Full-assignment candidate,Full Assignment|Agglomerative,Agglomerative,3,10004,376,0.41323164623475184,1.0
Canonical cross-cohort robustness,scenario_pipeline_v3_economic_validity,consumer_cyclical_revenue_20m,Consumer Cyclical companies with revenue >= $20M,Full-assignment candidate,Full Assignment|Agglomerative,Agglomerative,3,10005,376,0.43511923592127866,1.0
Canonical cross-cohort robustness,scenario_pipeline_v3_economic_validity,consumer_cyclical_revenue_20m,Consumer Cyclical companies with revenue >= $20M,Full-assignment candidate,Full Assignment|Agglomerative,Agglomerative,3,10006,376,0.4395751774395064,1.0
Canonical cross-cohort robustness,scenario_pipeline_v3_economic_validity,consumer_cyclical_revenue_20m,Consumer Cyclical companies with revenue >= $20M,Full-assignment candidate,Full Assignment|Agglomerative,Agglomerative,3,10007,376,0.3967823687588577,1.0
Canonical cross-cohort robustness,scenario_pipeline_v3_economic_validity,consumer_cyclical_revenue_20m,Consumer Cyclical companies with revenue >= $20M,Full-assignment candidate,Full Assignment|Agglomerative,Agglomerative,3,10008,376,0.4694784206879573,1.0
Canonical cross-cohort robustness,scenario_pipeline_v3_economic_validity,consumer_cyclical_revenue_20m,Consumer Cyclical companies with revenue >= $20M,Full-assignment candidate,Full Assignment|Agglomerative,Agglomerative,3,10009,376,0.3847907109564811,1.0
Canonical cross-cohort robustness,scenario_pipeline_v3_economic_validity,consumer_cyclical_revenue_20m,Consumer Cyclical companies with revenue >= $20M,Full-assignment candidate,Full Assignment|Agglomerative,Agglomerative,3,10010,376,0.3253931135353057,1.0
Canonical cross-cohort robustness,scenario_pipeline_v3_economic_validity,consumer_cyclical_revenue_20m,Consumer Cyclical companies with revenue >= $20M,Full-assignment candidate,Full Assignment|Agglomerative,Agglomerative,3,10011,376,0.4348691123337292,1.0
Canonical cross-cohort robustness,scenario_pipeline_v3_economic_validity,consumer_cyclical_revenue_20m,Consumer Cyclical companies with revenue >= $20M,Full-assignment candidate,Full Assignment|Agglomerative,Agglomerative,3,10012,376,0.41508937559229175,1.0
Canonical cross-cohort robustness,scenario_pipeline_v3_economic_validity,consumer_cyclical_revenue_20m,Consumer Cyclical companies with revenue >= $20M,Full-assignment candidate,Full Assignment|Agglomerative,Agglomerative,3,10013,376,0.35642274165581067,1.0
Canonical cross-cohort robustness,scenario_pipeline_v3_economic_validity,consumer_cyclical_revenue_20m,Consumer Cyclical companies with revenue >= $20M,Full-assignment candidate,Full Assignment|Agglomerative,Agglomerative,3,10014,376,0.3279999850907117,1.0
Canonical cross-cohort robustness,scenario_pipeline_v3_economic_validity,consumer_cyclical_revenue_20m,Consumer Cyclical companies with revenue >= $20M,Full-assignment candidate,Full Assignment|Agglomerative,Agglomerative,3,10015,376,0.4039502322501469,1.0
Canonical cross-cohort robustness,scenario_pipeline_v3_economic_validity,consumer_cyclical_revenue_20m,Consumer Cyclical companies with revenue >= $20M,Full-assignment candidate,Full Assignment|Agglomerative,Agglomerative,3,10016,376,0.45674268211743774,1.0
Canonical cross-cohort robustness,scenario_pipeline_v3_economic_validity,consumer_cyclical_revenue_20m,Consumer Cyclical companies with revenue >= $20M,Full-assignment candidate,Full Assignment|Agglomerative,Agglomerative,3,10017,376,0.3673446951880001,1.0
Canonical cross-cohort robustness,scenario_pipeline_v3_economic_validity,consumer_cyclical_revenue_20m,Consumer Cyclical companies with revenue >= $20M,Full-assignment candidate,Full Assignment|Agglomerative,Agglomerative,3,10018,376,0.3757249314496481,1.0
Canonical cross-cohort robustness,scenario_pipeline_v3_economic_validity,consumer_cyclical_revenue_20m,Consumer Cyclical companies with revenue >= $20M,Full-assignment candidate,Full Assignment|Agglomerative,Agglomerative,3,10019,376,0.42462168275731826,1.0
Canonical cross-cohort robustness,scenario_pipeline_v3_economic_validity,consumer_cyclical_revenue_20m,Consumer Cyclical companies with revenue >= $20M,Full-assignment candidate,Full Assignment|Gaussian Mixture,Gaussian Mixture,2,10000,376,0.12307483897485033,1.0
Canonical cross-cohort robustness,scenario_pipeline_v3_economic_validity,consumer_cyclical_revenue_20m,Consumer Cyclical companies with revenue >= $20M,Full-assignment candidate,Full Assignment|Gaussian Mixture,Gaussian Mixture,2,10001,376,0.24615224754321496,1.0
Canonical cross-cohort robustness,scenario_pipeline_v3_economic_validity,consumer_cyclical_revenue_20m,Consumer Cyclical companies with revenue >= $20M,Full-assignment candidate,Full Assignment|Gaussian Mixture,Gaussian Mixture,2,10002,376,0.2804231960333257,1.0
Canonical cross-cohort robustness,scenario_pipeline_v3_economic_validity,consumer_cyclical_revenue_20m,Consumer Cyclical companies with revenue >= $20M,Full-assignment candidate,Full Assignment|Gaussian Mixture,Gaussian Mixture,2,10003,376,0.26799719702425384,1.0
Canonical cross-cohort robustness,scenario_pipeline_v3_economic_validity,consumer_cyclical_revenue_20m,Consumer Cyclical companies with revenue >= $20M,Full-assignment candidate,Full Assignment|Gaussian Mixture,Gaussian Mixture,2,10004,376,0.2119483379853326,1.0
Canonical cross-cohort robustness,scenario_pipeline_v3_economic_validity,consumer_cyclical_revenue_20m,Consumer Cyclical companies with revenue >= $20M,Full-assignment candidate,Full Assignment|Gaussian Mixture,Gaussian Mixture,2,10005,376,0.2823428863610957,1.0
Canonical cross-cohort robustness,scenario_pipeline_v3_economic_validity,consumer_cyclical_revenue_20m,Consumer Cyclical companies with revenue >= $20M,Full-assignment candidate,Full Assignment|Gaussian Mixture,Gaussian Mixture,2,10006,376,0.2420703057605811,1.0
Canonical cross-cohort robustness,scenario_pipeline_v3_economic_validity,consumer_cyclical_revenue_20m,Consumer Cyclical companies with revenue >= $20M,Full-assignment candidate,Full Assignment|Gaussian Mixture,Gaussian Mixture,2,10007,376,0.2600202759747621,1.0
Canonical cross-cohort robustness,scenario_pipeline_v3_economic_validity,consumer_cyclical_revenue_20m,Consumer Cyclical companies with revenue >= $20M,Full-assignment candidate,Full Assignment|Gaussian Mixture,Gaussian Mixture,2,10008,376,0.2583534227791914,1.0
Canonical cross-cohort robustness,scenario_pipeline_v3_economic_validity,consumer_cyclical_revenue_20m,Consumer Cyclical companies with revenue >= $20M,Full-assignment candidate,Full Assignment|Gaussian Mixture,Gaussian Mixture,2,10009,376,0.2434392837159246,1.0
Canonical cross-cohort robustness,scenario_pipeline_v3_economic_validity,consumer_cyclical_revenue_20m,Consumer Cyclical companies with revenue >= $20M,Full-assignment candidate,Full Assignment|Gaussian Mixture,Gaussian Mixture,2,10010,376,0.24736981325381788,1.0
Canonical cross-cohort robustness,scenario_pipeline_v3_economic_validity,consumer_cyclical_revenue_20m,Consumer Cyclical companies with revenue >= $20M,Full-assignment candidate,Full Assignment|Gaussian Mixture,Gaussian Mixture,2,10011,376,0.2743392389859089,1.0
Canonical cross-cohort robustness,scenario_pipeline_v3_economic_validity,consumer_cyclical_revenue_20m,Consumer Cyclical companies with revenue >= $20M,Full-assignment candidate,Full Assignment|Gaussian Mixture,Gaussian Mixture,2,10012,376,0.2614844255198903,1.0
Canonical cross-cohort robustness,scenario_pipeline_v3_economic_validity,consumer_cyclical_revenue_20m,Consumer Cyclical companies with revenue >= $20M,Full-assignment candidate,Full Assignment|Gaussian Mixture,Gaussian Mixture,2,10013,376,0.25758735137730215,1.0
Canonical cross-cohort robustness,scenario_pipeline_v3_economic_validity,consumer_cyclical_revenue_20m,Consumer Cyclical companies with revenue >= $20M,Full-assignment candidate,Full Assignment|Gaussian Mixture,Gaussian Mixture,2,10014,376,0.2070298057954527,1.0
Canonical cross-cohort robustness,scenario_pipeline_v3_economic_validity,consumer_cyclical_revenue_20m,Consumer Cyclical companies with revenue >= $20M,Full-assignment candidate,Full Assignment|Gaussian Mixture,Gaussian Mixture,2,10015,376,0.24554662275430122,1.0
Canonical cross-cohort robustness,scenario_pipeline_v3_economic_validity,consumer_cyclical_revenue_20m,Consumer Cyclical companies with revenue >= $20M,Full-assignment candidate,Full Assignment|Gaussian Mixture,Gaussian Mixture,2,10016,376,0.293250249112617,1.0
Canonical cross-cohort robustness,scenario_pipeline_v3_economic_validity,consumer_cyclical_revenue_20m,Consumer Cyclical companies with revenue >= $20M,Full-assignment candidate,Full Assignment|Gaussian Mixture,Gaussian Mixture,2,10017,376,0.22556797754347094,1.0
Canonical cross-cohort robustness,scenario_pipeline_v3_economic_validity,consumer_cyclical_revenue_20m,Consumer Cyclical companies with revenue >= $20M,Full-assignment candidate,Full Assignment|Gaussian Mixture,Gaussian Mixture,2,10018,376,0.24479348549669136,1.0
Canonical cross-cohort robustness,scenario_pipeline_v3_economic_validity,consumer_cyclical_revenue_20m,Consumer Cyclical companies with revenue >= $20M,Full-assignment candidate,Full Assignment|Gaussian Mixture,Gaussian Mixture,2,10019,376,0.2707224480544008,1.0
Canonical cross-cohort robustness,scenario_pipeline_v3_economic_validity,consumer_cyclical_revenue_20m,Consumer Cyclical companies with revenue >= $20M,HDBSCAN Pareto representative,HDBSCAN|mcs=10|ms=5,HDBSCAN,3,10000,376,0.47038583969536624,0.7978723404255319
Canonical cross-cohort robustness,scenario_pipeline_v3_economic_validity,consumer_cyclical_revenue_20m,Consumer Cyclical companies with revenue >= $20M,HDBSCAN Pareto representative,HDBSCAN|mcs=10|ms=5,HDBSCAN,3,10001,376,0.4711789264053256,0.8457446808510638
Canonical cross-cohort robustness,scenario_pipeline_v3_economic_validity,consumer_cyclical_revenue_20m,Consumer Cyclical companies with revenue >= $20M,HDBSCAN Pareto representative,HDBSCAN|mcs=10|ms=5,HDBSCAN,3,10002,376,0.4503136811575479,0.901595744680851
Canonical cross-cohort robustness,scenario_pipeline_v3_economic_validity,consumer_cyclical_revenue_20m,Consumer Cyclical companies with revenue >= $20M,HDBSCAN Pareto representative,HDBSCAN|mcs=10|ms=5,HDBSCAN,3,10003,376,0.45060303610857483,0.8324468085106383
Canonical cross-cohort robustness,scenario_pipeline_v3_economic_validity,consumer_cyclical_revenue_20m,Consumer Cyclical companies with revenue >= $20M,HDBSCAN Pareto representative,HDBSCAN|mcs=10|ms=5,HDBSCAN,3,10004,376,0.4516909528852552,0.824468085106383
Canonical cross-cohort robustness,scenario_pipeline_v3_economic_validity,consumer_cyclical_revenue_20m,Consumer Cyclical companies with revenue >= $20M,HDBSCAN Pareto representative,HDBSCAN|mcs=10|ms=5,HDBSCAN,3,10005,376,0.45921065520152826,0.824468085106383
Canonical cross-cohort robustness,scenario_pipeline_v3_economic_validity,consumer_cyclical_revenue_20m,Consumer Cyclical companies with revenue >= $20M,HDBSCAN Pareto representative,HDBSCAN|mcs=10|ms=5,HDBSCAN,3,10006,376,0.4643146943831203,0.8723404255319149
Canonical cross-cohort robustness,scenario_pipeline_v3_economic_validity,consumer_cyclical_revenue_20m,Consumer Cyclical companies with revenue >= $20M,HDBSCAN Pareto representative,HDBSCAN|mcs=10|ms=5,HDBSCAN,3,10007,376,0.4826704881218719,0.8617021276595744
Canonical cross-cohort robustness,scenario_pipeline_v3_economic_validity,consumer_cyclical_revenue_20m,Consumer Cyclical companies with revenue >= $20M,HDBSCAN Pareto representative,HDBSCAN|mcs=10|ms=5,HDBSCAN,3,10008,376,0.49933114302740855,0.8776595744680851
Canonical cross-cohort robustness,scenario_pipeline_v3_economic_validity,consumer_cyclical_revenue_20m,Consumer Cyclical companies with revenue >= $20M,HDBSCAN Pareto representative,HDBSCAN|mcs=10|ms=5,HDBSCAN,3,10009,376,0.4240710480718527,0.8643617021276596
Canonical cross-cohort robustness,scenario_pipeline_v3_economic_validity,consumer_cyclical_revenue_20m,Consumer Cyclical companies with revenue >= $20M,HDBSCAN Pareto representative,HDBSCAN|mcs=10|ms=5,HDBSCAN,3,10010,376,0.46642254481380324,0.8351063829787234
Canonical cross-cohort robustness,scenario_pipeline_v3_economic_validity,consumer_cyclical_revenue_20m,Consumer Cyclical companies with revenue >= $20M,HDBSCAN Pareto representative,HDBSCAN|mcs=10|ms=5,HDBSCAN,3,10011,376,0.4683190222562654,0.8829787234042553
Canonical cross-cohort robustness,scenario_pipeline_v3_economic_validity,consumer_cyclical_revenue_20m,Consumer Cyclical companies with revenue >= $20M,HDBSCAN Pareto representative,HDBSCAN|mcs=10|ms=5,HDBSCAN,3,10012,376,0.46580541940522574,0.8670212765957447
Canonical cross-cohort robustness,scenario_pipeline_v3_economic_validity,consumer_cyclical_revenue_20m,Consumer Cyclical companies with revenue >= $20M,HDBSCAN Pareto representative,HDBSCAN|mcs=10|ms=5,HDBSCAN,3,10013,376,0.4756167920128134,0.8936170212765957
Canonical cross-cohort robustness,scenario_pipeline_v3_economic_validity,consumer_cyclical_revenue_20m,Consumer Cyclical companies with revenue >= $20M,HDBSCAN Pareto representative,HDBSCAN|mcs=10|ms=5,HDBSCAN,3,10014,376,0.4577757246403825,0.848404255319149
Canonical cross-cohort robustness,scenario_pipeline_v3_economic_validity,consumer_cyclical_revenue_20m,Consumer Cyclical companies with revenue >= $20M,HDBSCAN Pareto representative,HDBSCAN|mcs=10|ms=5,HDBSCAN,3,10015,376,0.4479345591777789,0.8670212765957447
Canonical cross-cohort robustness,scenario_pipeline_v3_economic_validity,consumer_cyclical_revenue_20m,Consumer Cyclical companies with revenue >= $20M,HDBSCAN Pareto representative,HDBSCAN|mcs=10|ms=5,HDBSCAN,3,10016,376,0.49720127295583305,0.8457446808510638
Canonical cross-cohort robustness,scenario_pipeline_v3_economic_validity,consumer_cyclical_revenue_20m,Consumer Cyclical companies with revenue >= $20M,HDBSCAN Pareto representative,HDBSCAN|mcs=10|ms=5,HDBSCAN,3,10017,376,0.4785442301589943,0.8776595744680851
Canonical cross-cohort robustness,scenario_pipeline_v3_economic_validity,consumer_cyclical_revenue_20m,Consumer Cyclical companies with revenue >= $20M,HDBSCAN Pareto representative,HDBSCAN|mcs=10|ms=5,HDBSCAN,3,10018,376,0.4758425392599596,0.851063829787234
Canonical cross-cohort robustness,scenario_pipeline_v3_economic_validity,consumer_cyclical_revenue_20m,Consumer Cyclical companies with revenue >= $20M,HDBSCAN Pareto representative,HDBSCAN|mcs=10|ms=5,HDBSCAN,3,10019,376,0.44375124932773924,0.8803191489361702
Canonical cross-cohort robustness,scenario_pipeline_v3_economic_validity,consumer_cyclical_revenue_20m,Consumer Cyclical companies with revenue >= $20M,HDBSCAN Pareto representative,HDBSCAN|mcs=15|ms=5,HDBSCAN,2,10000,376,,0.0
Canonical cross-cohort robustness,scenario_pipeline_v3_economic_validity,consumer_cyclical_revenue_20m,Consumer Cyclical companies with revenue >= $20M,HDBSCAN Pareto representative,HDBSCAN|mcs=15|ms=5,HDBSCAN,2,10001,376,,0.0
Canonical cross-cohort robustness,scenario_pipeline_v3_economic_validity,consumer_cyclical_revenue_20m,Consumer Cyclical companies with revenue >= $20M,HDBSCAN Pareto representative,HDBSCAN|mcs=15|ms=5,HDBSCAN,2,10002,376,,0.0
Canonical cross-cohort robustness,scenario_pipeline_v3_economic_validity,consumer_cyclical_revenue_20m,Consumer Cyclical companies with revenue >= $20M,HDBSCAN Pareto representative,HDBSCAN|mcs=15|ms=5,HDBSCAN,2,10003,376,,0.0
Canonical cross-cohort robustness,scenario_pipeline_v3_economic_validity,consumer_cyclical_revenue_20m,Consumer Cyclical companies with revenue >= $20M,HDBSCAN Pareto representative,HDBSCAN|mcs=15|ms=5,HDBSCAN,2,10004,376,,0.0
Canonical cross-cohort robustness,scenario_pipeline_v3_economic_validity,consumer_cyclical_revenue_20m,Consumer Cyclical companies with revenue >= $20M,HDBSCAN Pareto representative,HDBSCAN|mcs=15|ms=5,HDBSCAN,2,10005,376,,0.0
Canonical cross-cohort robustness,scenario_pipeline_v3_economic_validity,consumer_cyclical_revenue_20m,Consumer Cyclical companies with revenue >= $20M,HDBSCAN Pareto representative,HDBSCAN|mcs=15|ms=5,HDBSCAN,2,10006,376,0.4662208111905416,0.8377659574468085
Canonical cross-cohort robustness,scenario_pipeline_v3_economic_validity,consumer_cyclical_revenue_20m,Consumer Cyclical companies with revenue >= $20M,HDBSCAN Pareto representative,HDBSCAN|mcs=15|ms=5,HDBSCAN,2,10007,376,0.4826704881218719,0.8617021276595744
Canonical cross-cohort robustness,scenario_pipeline_v3_economic_validity,consumer_cyclical_revenue_20m,Consumer Cyclical companies with revenue >= $20M,HDBSCAN Pareto representative,HDBSCAN|mcs=15|ms=5,HDBSCAN,2,10008,376,0.49933114302740855,0.8776595744680851
Canonical cross-cohort robustness,scenario_pipeline_v3_economic_validity,consumer_cyclical_revenue_20m,Consumer Cyclical companies with revenue >= $20M,HDBSCAN Pareto representative,HDBSCAN|mcs=15|ms=5,HDBSCAN,2,10009,376,0.4240710480718527,0.8643617021276596
Canonical cross-cohort robustness,scenario_pipeline_v3_economic_validity,consumer_cyclical_revenue_20m,Consumer Cyclical companies with revenue >= $20M,HDBSCAN Pareto representative,HDBSCAN|mcs=15|ms=5,HDBSCAN,2,10010,376,0.4698124842724666,0.8058510638297872
Canonical cross-cohort robustness,scenario_pipeline_v3_economic_validity,consumer_cyclical_revenue_20m,Consumer Cyclical companies with revenue >= $20M,HDBSCAN Pareto representative,HDBSCAN|mcs=15|ms=5,HDBSCAN,2,10011,376,0.47748619575425705,0.8537234042553191
Canonical cross-cohort robustness,scenario_pipeline_v3_economic_validity,consumer_cyclical_revenue_20m,Consumer Cyclical companies with revenue >= $20M,HDBSCAN Pareto representative,HDBSCAN|mcs=15|ms=5,HDBSCAN,2,10012,376,0.47744946908495717,0.8404255319148937
Canonical cross-cohort robustness,scenario_pipeline_v3_economic_validity,consumer_cyclical_revenue_20m,Consumer Cyclical companies with revenue >= $20M,HDBSCAN Pareto representative,HDBSCAN|mcs=15|ms=5,HDBSCAN,2,10013,376,0.4756167920128134,0.8936170212765957
Canonical cross-cohort robustness,scenario_pipeline_v3_economic_validity,consumer_cyclical_revenue_20m,Consumer Cyclical companies with revenue >= $20M,HDBSCAN Pareto representative,HDBSCAN|mcs=15|ms=5,HDBSCAN,2,10014,376,0.4577757246403825,0.848404255319149
Canonical cross-cohort robustness,scenario_pipeline_v3_economic_validity,consumer_cyclical_revenue_20m,Consumer Cyclical companies with revenue >= $20M,HDBSCAN Pareto representative,HDBSCAN|mcs=15|ms=5,HDBSCAN,2,10015,376,0.4479345591777789,0.8670212765957447
Canonical cross-cohort robustness,scenario_pipeline_v3_economic_validity,consumer_cyclical_revenue_20m,Consumer Cyclical companies with revenue >= $20M,HDBSCAN Pareto representative,HDBSCAN|mcs=15|ms=5,HDBSCAN,2,10016,376,0.5044610514962709,0.8191489361702128
Canonical cross-cohort robustness,scenario_pipeline_v3_economic_validity,consumer_cyclical_revenue_20m,Consumer Cyclical companies with revenue >= $20M,HDBSCAN Pareto representative,HDBSCAN|mcs=15|ms=5,HDBSCAN,2,10017,376,0.4858675011736862,0.8430851063829787
Canonical cross-cohort robustness,scenario_pipeline_v3_economic_validity,consumer_cyclical_revenue_20m,Consumer Cyclical companies with revenue >= $20M,HDBSCAN Pareto representative,HDBSCAN|mcs=15|ms=5,HDBSCAN,2,10018,376,,0.0
Canonical cross-cohort robustness,scenario_pipeline_v3_economic_validity,consumer_cyclical_revenue_20m,Consumer Cyclical companies with revenue >= $20M,HDBSCAN Pareto representative,HDBSCAN|mcs=15|ms=5,HDBSCAN,2,10019,376,0.44375124932773924,0.8803191489361702
Canonical cross-cohort robustness,scenario_pipeline_v3_economic_validity,non_financial_large_cap_revenue_1b,Non-financial companies with revenue >= $1B,Full-assignment candidate,Full Assignment|Agglomerative,Agglomerative,2,10000,1320,0.621938383174308,1.0
Canonical cross-cohort robustness,scenario_pipeline_v3_economic_validity,non_financial_large_cap_revenue_1b,Non-financial companies with revenue >= $1B,Full-assignment candidate,Full Assignment|Agglomerative,Agglomerative,2,10001,1322,0.6003225076884086,1.0
Canonical cross-cohort robustness,scenario_pipeline_v3_economic_validity,non_financial_large_cap_revenue_1b,Non-financial companies with revenue >= $1B,Full-assignment candidate,Full Assignment|Agglomerative,Agglomerative,2,10002,1321,0.5802890402839527,1.0
Canonical cross-cohort robustness,scenario_pipeline_v3_economic_validity,non_financial_large_cap_revenue_1b,Non-financial companies with revenue >= $1B,Full-assignment candidate,Full Assignment|Agglomerative,Agglomerative,2,10003,1321,0.6001653386592743,1.0
Canonical cross-cohort robustness,scenario_pipeline_v3_economic_validity,non_financial_large_cap_revenue_1b,Non-financial companies with revenue >= $1B,Full-assignment candidate,Full Assignment|Agglomerative,Agglomerative,2,10004,1320,0.63185240041439,1.0
Canonical cross-cohort robustness,scenario_pipeline_v3_economic_validity,non_financial_large_cap_revenue_1b,Non-financial companies with revenue >= $1B,Full-assignment candidate,Full Assignment|Agglomerative,Agglomerative,2,10005,1320,0.5479914857406825,1.0
Canonical cross-cohort robustness,scenario_pipeline_v3_economic_validity,non_financial_large_cap_revenue_1b,Non-financial companies with revenue >= $1B,Full-assignment candidate,Full Assignment|Agglomerative,Agglomerative,2,10006,1320,0.5798707737082499,1.0
Canonical cross-cohort robustness,scenario_pipeline_v3_economic_validity,non_financial_large_cap_revenue_1b,Non-financial companies with revenue >= $1B,Full-assignment candidate,Full Assignment|Agglomerative,Agglomerative,2,10007,1321,0.6249886874103898,1.0
Canonical cross-cohort robustness,scenario_pipeline_v3_economic_validity,non_financial_large_cap_revenue_1b,Non-financial companies with revenue >= $1B,Full-assignment candidate,Full Assignment|Agglomerative,Agglomerative,2,10008,1320,0.5300102867456253,1.0
Canonical cross-cohort robustness,scenario_pipeline_v3_economic_validity,non_financial_large_cap_revenue_1b,Non-financial companies with revenue >= $1B,Full-assignment candidate,Full Assignment|Agglomerative,Agglomerative,2,10009,1321,0.5628320285526986,1.0
Canonical cross-cohort robustness,scenario_pipeline_v3_economic_validity,non_financial_large_cap_revenue_1b,Non-financial companies with revenue >= $1B,Full-assignment candidate,Full Assignment|Agglomerative,Agglomerative,2,10010,1321,0.6139773392723257,1.0
Canonical cross-cohort robustness,scenario_pipeline_v3_economic_validity,non_financial_large_cap_revenue_1b,Non-financial companies with revenue >= $1B,Full-assignment candidate,Full Assignment|Agglomerative,Agglomerative,2,10011,1320,0.5724107118006935,1.0
Canonical cross-cohort robustness,scenario_pipeline_v3_economic_validity,non_financial_large_cap_revenue_1b,Non-financial companies with revenue >= $1B,Full-assignment candidate,Full Assignment|Agglomerative,Agglomerative,2,10012,1321,0.6300179972251864,1.0
Canonical cross-cohort robustness,scenario_pipeline_v3_economic_validity,non_financial_large_cap_revenue_1b,Non-financial companies with revenue >= $1B,Full-assignment candidate,Full Assignment|Agglomerative,Agglomerative,2,10013,1320,0.6109449783226374,1.0
Canonical cross-cohort robustness,scenario_pipeline_v3_economic_validity,non_financial_large_cap_revenue_1b,Non-financial companies with revenue >= $1B,Full-assignment candidate,Full Assignment|Agglomerative,Agglomerative,2,10014,1320,0.540179820142509,1.0
Canonical cross-cohort robustness,scenario_pipeline_v3_economic_validity,non_financial_large_cap_revenue_1b,Non-financial companies with revenue >= $1B,Full-assignment candidate,Full Assignment|Agglomerative,Agglomerative,2,10015,1320,0.5244928467228088,1.0
Canonical cross-cohort robustness,scenario_pipeline_v3_economic_validity,non_financial_large_cap_revenue_1b,Non-financial companies with revenue >= $1B,Full-assignment candidate,Full Assignment|Agglomerative,Agglomerative,2,10016,1320,0.5571289672533786,1.0
Canonical cross-cohort robustness,scenario_pipeline_v3_economic_validity,non_financial_large_cap_revenue_1b,Non-financial companies with revenue >= $1B,Full-assignment candidate,Full Assignment|Agglomerative,Agglomerative,2,10017,1320,0.5839893657996287,1.0
Canonical cross-cohort robustness,scenario_pipeline_v3_economic_validity,non_financial_large_cap_revenue_1b,Non-financial companies with revenue >= $1B,Full-assignment candidate,Full Assignment|Agglomerative,Agglomerative,2,10018,1320,0.5968050185295126,1.0
Canonical cross-cohort robustness,scenario_pipeline_v3_economic_validity,non_financial_large_cap_revenue_1b,Non-financial companies with revenue >= $1B,Full-assignment candidate,Full Assignment|Agglomerative,Agglomerative,2,10019,1321,0.4778560109110292,1.0
Canonical cross-cohort robustness,scenario_pipeline_v3_economic_validity,non_financial_large_cap_revenue_1b,Non-financial companies with revenue >= $1B,Full-assignment candidate,Full Assignment|K-Means,K-Means,2,10000,1320,0.6030906888450469,1.0
Canonical cross-cohort robustness,scenario_pipeline_v3_economic_validity,non_financial_large_cap_revenue_1b,Non-financial companies with revenue >= $1B,Full-assignment candidate,Full Assignment|K-Means,K-Means,2,10001,1322,0.576378943140767,1.0
Canonical cross-cohort robustness,scenario_pipeline_v3_economic_validity,non_financial_large_cap_revenue_1b,Non-financial companies with revenue >= $1B,Full-assignment candidate,Full Assignment|K-Means,K-Means,2,10002,1321,0.5840710945271989,1.0
Canonical cross-cohort robustness,scenario_pipeline_v3_economic_validity,non_financial_large_cap_revenue_1b,Non-financial companies with revenue >= $1B,Full-assignment candidate,Full Assignment|K-Means,K-Means,2,10003,1321,0.5785281916329668,1.0
Canonical cross-cohort robustness,scenario_pipeline_v3_economic_validity,non_financial_large_cap_revenue_1b,Non-financial companies with revenue >= $1B,Full-assignment candidate,Full Assignment|K-Means,K-Means,2,10004,1320,0.6094789978631975,1.0
Canonical cross-cohort robustness,scenario_pipeline_v3_economic_validity,non_financial_large_cap_revenue_1b,Non-financial companies with revenue >= $1B,Full-assignment candidate,Full Assignment|K-Means,K-Means,2,10005,1320,0.6019154101983132,1.0
Canonical cross-cohort robustness,scenario_pipeline_v3_economic_validity,non_financial_large_cap_revenue_1b,Non-financial companies with revenue >= $1B,Full-assignment candidate,Full Assignment|K-Means,K-Means,2,10006,1320,0.5600109140184989,1.0
Canonical cross-cohort robustness,scenario_pipeline_v3_economic_validity,non_financial_large_cap_revenue_1b,Non-financial companies with revenue >= $1B,Full-assignment candidate,Full Assignment|K-Means,K-Means,2,10007,1321,0.6123436355066282,1.0
Canonical cross-cohort robustness,scenario_pipeline_v3_economic_validity,non_financial_large_cap_revenue_1b,Non-financial companies with revenue >= $1B,Full-assignment candidate,Full Assignment|K-Means,K-Means,2,10008,1320,0.5873303689979956,1.0
Canonical cross-cohort robustness,scenario_pipeline_v3_economic_validity,non_financial_large_cap_revenue_1b,Non-financial companies with revenue >= $1B,Full-assignment candidate,Full Assignment|K-Means,K-Means,2,10009,1321,0.5396046888595893,1.0
Canonical cross-cohort robustness,scenario_pipeline_v3_economic_validity,non_financial_large_cap_revenue_1b,Non-financial companies with revenue >= $1B,Full-assignment candidate,Full Assignment|K-Means,K-Means,2,10010,1321,0.5932054756109594,1.0
Canonical cross-cohort robustness,scenario_pipeline_v3_economic_validity,non_financial_large_cap_revenue_1b,Non-financial companies with revenue >= $1B,Full-assignment candidate,Full Assignment|K-Means,K-Means,2,10011,1320,0.5528083030034951,1.0
Canonical cross-cohort robustness,scenario_pipeline_v3_economic_validity,non_financial_large_cap_revenue_1b,Non-financial companies with revenue >= $1B,Full-assignment candidate,Full Assignment|K-Means,K-Means,2,10012,1321,0.610661051877475,1.0
Canonical cross-cohort robustness,scenario_pipeline_v3_economic_validity,non_financial_large_cap_revenue_1b,Non-financial companies with revenue >= $1B,Full-assignment candidate,Full Assignment|K-Means,K-Means,2,10013,1320,0.5941818850196129,1.0
Canonical cross-cohort robustness,scenario_pipeline_v3_economic_validity,non_financial_large_cap_revenue_1b,Non-financial companies with revenue >= $1B,Full-assignment candidate,Full Assignment|K-Means,K-Means,2,10014,1320,0.5309134755421029,1.0
Canonical cross-cohort robustness,scenario_pipeline_v3_economic_validity,non_financial_large_cap_revenue_1b,Non-financial companies with revenue >= $1B,Full-assignment candidate,Full Assignment|K-Means,K-Means,2,10015,1320,0.5786057838105649,1.0
Canonical cross-cohort robustness,scenario_pipeline_v3_economic_validity,non_financial_large_cap_revenue_1b,Non-financial companies with revenue >= $1B,Full-assignment candidate,Full Assignment|K-Means,K-Means,2,10016,1320,0.6052248832098641,1.0
Canonical cross-cohort robustness,scenario_pipeline_v3_economic_validity,non_financial_large_cap_revenue_1b,Non-financial companies with revenue >= $1B,Full-assignment candidate,Full Assignment|K-Means,K-Means,2,10017,1320,0.5600224418903995,1.0
Canonical cross-cohort robustness,scenario_pipeline_v3_economic_validity,non_financial_large_cap_revenue_1b,Non-financial companies with revenue >= $1B,Full-assignment candidate,Full Assignment|K-Means,K-Means,2,10018,1320,0.5776229026864066,1.0
Canonical cross-cohort robustness,scenario_pipeline_v3_economic_validity,non_financial_large_cap_revenue_1b,Non-financial companies with revenue >= $1B,Full-assignment candidate,Full Assignment|K-Means,K-Means,2,10019,1321,0.554534615073803,1.0
Canonical cross-cohort robustness,scenario_pipeline_v3_economic_validity,non_financial_large_cap_revenue_1b,Non-financial companies with revenue >= $1B,Full-assignment candidate,Full Assignment|Gaussian Mixture,Gaussian Mixture,2,10000,1320,0.23858840141715199,1.0
Canonical cross-cohort robustness,scenario_pipeline_v3_economic_validity,non_financial_large_cap_revenue_1b,Non-financial companies with revenue >= $1B,Full-assignment candidate,Full Assignment|Gaussian Mixture,Gaussian Mixture,2,10001,1322,0.24135801375054816,1.0
Canonical cross-cohort robustness,scenario_pipeline_v3_economic_validity,non_financial_large_cap_revenue_1b,Non-financial companies with revenue >= $1B,Full-assignment candidate,Full Assignment|Gaussian Mixture,Gaussian Mixture,2,10002,1321,0.22159277186850515,1.0
Canonical cross-cohort robustness,scenario_pipeline_v3_economic_validity,non_financial_large_cap_revenue_1b,Non-financial companies with revenue >= $1B,Full-assignment candidate,Full Assignment|Gaussian Mixture,Gaussian Mixture,2,10003,1321,0.21879885081806794,1.0
Canonical cross-cohort robustness,scenario_pipeline_v3_economic_validity,non_financial_large_cap_revenue_1b,Non-financial companies with revenue >= $1B,Full-assignment candidate,Full Assignment|Gaussian Mixture,Gaussian Mixture,2,10004,1320,0.22999879889073718,1.0
Canonical cross-cohort robustness,scenario_pipeline_v3_economic_validity,non_financial_large_cap_revenue_1b,Non-financial companies with revenue >= $1B,Full-assignment candidate,Full Assignment|Gaussian Mixture,Gaussian Mixture,2,10005,1320,0.21306666308246092,1.0
Canonical cross-cohort robustness,scenario_pipeline_v3_economic_validity,non_financial_large_cap_revenue_1b,Non-financial companies with revenue >= $1B,Full-assignment candidate,Full Assignment|Gaussian Mixture,Gaussian Mixture,2,10006,1320,0.23120748733724547,1.0
Canonical cross-cohort robustness,scenario_pipeline_v3_economic_validity,non_financial_large_cap_revenue_1b,Non-financial companies with revenue >= $1B,Full-assignment candidate,Full Assignment|Gaussian Mixture,Gaussian Mixture,2,10007,1321,0.2364371124005959,1.0
Canonical cross-cohort robustness,scenario_pipeline_v3_economic_validity,non_financial_large_cap_revenue_1b,Non-financial companies with revenue >= $1B,Full-assignment candidate,Full Assignment|Gaussian Mixture,Gaussian Mixture,2,10008,1320,0.2277436234750246,1.0
Canonical cross-cohort robustness,scenario_pipeline_v3_economic_validity,non_financial_large_cap_revenue_1b,Non-financial companies with revenue >= $1B,Full-assignment candidate,Full Assignment|Gaussian Mixture,Gaussian Mixture,2,10009,1321,0.2027548807163292,1.0
Canonical cross-cohort robustness,scenario_pipeline_v3_economic_validity,non_financial_large_cap_revenue_1b,Non-financial companies with revenue >= $1B,Full-assignment candidate,Full Assignment|Gaussian Mixture,Gaussian Mixture,2,10010,1321,0.2421037221204296,1.0
Canonical cross-cohort robustness,scenario_pipeline_v3_economic_validity,non_financial_large_cap_revenue_1b,Non-financial companies with revenue >= $1B,Full-assignment candidate,Full Assignment|Gaussian Mixture,Gaussian Mixture,2,10011,1320,0.21421332375364832,1.0
Canonical cross-cohort robustness,scenario_pipeline_v3_economic_validity,non_financial_large_cap_revenue_1b,Non-financial companies with revenue >= $1B,Full-assignment candidate,Full Assignment|Gaussian Mixture,Gaussian Mixture,2,10012,1321,0.24315501344316998,1.0
Canonical cross-cohort robustness,scenario_pipeline_v3_economic_validity,non_financial_large_cap_revenue_1b,Non-financial companies with revenue >= $1B,Full-assignment candidate,Full Assignment|Gaussian Mixture,Gaussian Mixture,2,10013,1320,0.2098541672598137,1.0
Canonical cross-cohort robustness,scenario_pipeline_v3_economic_validity,non_financial_large_cap_revenue_1b,Non-financial companies with revenue >= $1B,Full-assignment candidate,Full Assignment|Gaussian Mixture,Gaussian Mixture,2,10014,1320,0.21489403422558057,1.0
Canonical cross-cohort robustness,scenario_pipeline_v3_economic_validity,non_financial_large_cap_revenue_1b,Non-financial companies with revenue >= $1B,Full-assignment candidate,Full Assignment|Gaussian Mixture,Gaussian Mixture,2,10015,1320,0.18666484039989742,1.0
Canonical cross-cohort robustness,scenario_pipeline_v3_economic_validity,non_financial_large_cap_revenue_1b,Non-financial companies with revenue >= $1B,Full-assignment candidate,Full Assignment|Gaussian Mixture,Gaussian Mixture,2,10016,1320,0.24631544080448525,1.0
Canonical cross-cohort robustness,scenario_pipeline_v3_economic_validity,non_financial_large_cap_revenue_1b,Non-financial companies with revenue >= $1B,Full-assignment candidate,Full Assignment|Gaussian Mixture,Gaussian Mixture,2,10017,1320,0.20640566247706887,1.0
Canonical cross-cohort robustness,scenario_pipeline_v3_economic_validity,non_financial_large_cap_revenue_1b,Non-financial companies with revenue >= $1B,Full-assignment candidate,Full Assignment|Gaussian Mixture,Gaussian Mixture,2,10018,1320,0.2245195512911199,1.0
Canonical cross-cohort robustness,scenario_pipeline_v3_economic_validity,non_financial_large_cap_revenue_1b,Non-financial companies with revenue >= $1B,Full-assignment candidate,Full Assignment|Gaussian Mixture,Gaussian Mixture,2,10019,1321,0.2225858420874667,1.0
Canonical cross-cohort robustness,scenario_pipeline_v3_economic_validity,non_financial_large_cap_revenue_1b,Non-financial companies with revenue >= $1B,HDBSCAN Pareto representative,HDBSCAN|mcs=10|ms=15,HDBSCAN,2,10000,1320,0.6671238689351576,0.9204545454545454
Canonical cross-cohort robustness,scenario_pipeline_v3_economic_validity,non_financial_large_cap_revenue_1b,Non-financial companies with revenue >= $1B,HDBSCAN Pareto representative,HDBSCAN|mcs=10|ms=15,HDBSCAN,2,10001,1322,0.651318746191629,0.9092284417549168
Canonical cross-cohort robustness,scenario_pipeline_v3_economic_validity,non_financial_large_cap_revenue_1b,Non-financial companies with revenue >= $1B,HDBSCAN Pareto representative,HDBSCAN|mcs=10|ms=15,HDBSCAN,2,10002,1321,0.6497711721993571,0.9235427706283119
Canonical cross-cohort robustness,scenario_pipeline_v3_economic_validity,non_financial_large_cap_revenue_1b,Non-financial companies with revenue >= $1B,HDBSCAN Pareto representative,HDBSCAN|mcs=10|ms=15,HDBSCAN,2,10003,1321,0.6369636223658551,0.9364118092354277
Canonical cross-cohort robustness,scenario_pipeline_v3_economic_validity,non_financial_large_cap_revenue_1b,Non-financial companies with revenue >= $1B,HDBSCAN Pareto representative,HDBSCAN|mcs=10|ms=15,HDBSCAN,2,10004,1320,0.6708096034020308,0.9340909090909091
Canonical cross-cohort robustness,scenario_pipeline_v3_economic_validity,non_financial_large_cap_revenue_1b,Non-financial companies with revenue >= $1B,HDBSCAN Pareto representative,HDBSCAN|mcs=10|ms=15,HDBSCAN,2,10005,1320,0.6625990274658148,0.9303030303030303
Canonical cross-cohort robustness,scenario_pipeline_v3_economic_validity,non_financial_large_cap_revenue_1b,Non-financial companies with revenue >= $1B,HDBSCAN Pareto representative,HDBSCAN|mcs=10|ms=15,HDBSCAN,2,10006,1320,0.6230679317730488,0.925
Canonical cross-cohort robustness,scenario_pipeline_v3_economic_validity,non_financial_large_cap_revenue_1b,Non-financial companies with revenue >= $1B,HDBSCAN Pareto representative,HDBSCAN|mcs=10|ms=15,HDBSCAN,2,10007,1321,0.6562263125052288,0.9447388342165026
Canonical cross-cohort robustness,scenario_pipeline_v3_economic_validity,non_financial_large_cap_revenue_1b,Non-financial companies with revenue >= $1B,HDBSCAN Pareto representative,HDBSCAN|mcs=10|ms=15,HDBSCAN,2,10008,1320,0.6408666198309704,0.9356060606060606
Canonical cross-cohort robustness,scenario_pipeline_v3_economic_validity,non_financial_large_cap_revenue_1b,Non-financial companies with revenue >= $1B,HDBSCAN Pareto representative,HDBSCAN|mcs=10|ms=15,HDBSCAN,2,10009,1321,0.5997331141510581,0.9288417865253595
Canonical cross-cohort robustness,scenario_pipeline_v3_economic_validity,non_financial_large_cap_revenue_1b,Non-financial companies with revenue >= $1B,HDBSCAN Pareto representative,HDBSCAN|mcs=10|ms=15,HDBSCAN,2,10010,1321,0.6518165764674885,0.9333838001514004
Canonical cross-cohort robustness,scenario_pipeline_v3_economic_validity,non_financial_large_cap_revenue_1b,Non-financial companies with revenue >= $1B,HDBSCAN Pareto representative,HDBSCAN|mcs=10|ms=15,HDBSCAN,2,10011,1320,0.6083583096822474,0.9363636363636364
Canonical cross-cohort robustness,scenario_pipeline_v3_economic_validity,non_financial_large_cap_revenue_1b,Non-financial companies with revenue >= $1B,HDBSCAN Pareto representative,HDBSCAN|mcs=10|ms=15,HDBSCAN,2,10012,1321,0.6635764955498945,0.9371688115064345
Canonical cross-cohort robustness,scenario_pipeline_v3_economic_validity,non_financial_large_cap_revenue_1b,Non-financial companies with revenue >= $1B,HDBSCAN Pareto representative,HDBSCAN|mcs=10|ms=15,HDBSCAN,2,10013,1320,0.6439564386318573,0.9401515151515152
Canonical cross-cohort robustness,scenario_pipeline_v3_economic_validity,non_financial_large_cap_revenue_1b,Non-financial companies with revenue >= $1B,HDBSCAN Pareto representative,HDBSCAN|mcs=10|ms=15,HDBSCAN,2,10014,1320,0.6101841753328678,0.8954545454545455
Canonical cross-cohort robustness,scenario_pipeline_v3_economic_validity,non_financial_large_cap_revenue_1b,Non-financial companies with revenue >= $1B,HDBSCAN Pareto representative,HDBSCAN|mcs=10|ms=15,HDBSCAN,2,10015,1320,0.6502808901567154,0.9136363636363637
Canonical cross-cohort robustness,scenario_pipeline_v3_economic_validity,non_financial_large_cap_revenue_1b,Non-financial companies with revenue >= $1B,HDBSCAN Pareto representative,HDBSCAN|mcs=10|ms=15,HDBSCAN,2,10016,1320,0.6676401785806804,0.9303030303030303
Canonical cross-cohort robustness,scenario_pipeline_v3_economic_validity,non_financial_large_cap_revenue_1b,Non-financial companies with revenue >= $1B,HDBSCAN Pareto representative,HDBSCAN|mcs=10|ms=15,HDBSCAN,2,10017,1320,0.6231045248319723,0.9325757575757576
Canonical cross-cohort robustness,scenario_pipeline_v3_economic_validity,non_financial_large_cap_revenue_1b,Non-financial companies with revenue >= $1B,HDBSCAN Pareto representative,HDBSCAN|mcs=10|ms=15,HDBSCAN,2,10018,1320,0.6316610904407844,0.9348484848484848
Canonical cross-cohort robustness,scenario_pipeline_v3_economic_validity,non_financial_large_cap_revenue_1b,Non-financial companies with revenue >= $1B,HDBSCAN Pareto representative,HDBSCAN|mcs=10|ms=15,HDBSCAN,2,10019,1321,0.6108114799277258,0.9492808478425435
Canonical cross-cohort robustness,scenario_pipeline_v3_economic_validity,non_financial_large_cap_revenue_1b,Non-financial companies with revenue >= $1B,HDBSCAN Pareto representative,HDBSCAN|mcs=10|ms=5,HDBSCAN,2,10000,1320,0.664199771112798,0.9075757575757576
Canonical cross-cohort robustness,scenario_pipeline_v3_economic_validity,non_financial_large_cap_revenue_1b,Non-financial companies with revenue >= $1B,HDBSCAN Pareto representative,HDBSCAN|mcs=10|ms=5,HDBSCAN,2,10001,1322,0.3223404343665367,0.8645990922844176
Canonical cross-cohort robustness,scenario_pipeline_v3_economic_validity,non_financial_large_cap_revenue_1b,Non-financial companies with revenue >= $1B,HDBSCAN Pareto representative,HDBSCAN|mcs=10|ms=5,HDBSCAN,2,10002,1321,0.650316821700408,0.9031037093111279
Canonical cross-cohort robustness,scenario_pipeline_v3_economic_validity,non_financial_large_cap_revenue_1b,Non-financial companies with revenue >= $1B,HDBSCAN Pareto representative,HDBSCAN|mcs=10|ms=5,HDBSCAN,2,10003,1321,0.6301755340770158,0.9507948523845572
Canonical cross-cohort robustness,scenario_pipeline_v3_economic_validity,non_financial_large_cap_revenue_1b,Non-financial companies with revenue >= $1B,HDBSCAN Pareto representative,HDBSCAN|mcs=10|ms=5,HDBSCAN,2,10004,1320,0.6651736328711108,0.9333333333333333
Canonical cross-cohort robustness,scenario_pipeline_v3_economic_validity,non_financial_large_cap_revenue_1b,Non-financial companies with revenue >= $1B,HDBSCAN Pareto representative,HDBSCAN|mcs=10|ms=5,HDBSCAN,2,10005,1320,0.3692072881579881,0.843939393939394
Canonical cross-cohort robustness,scenario_pipeline_v3_economic_validity,non_financial_large_cap_revenue_1b,Non-financial companies with revenue >= $1B,HDBSCAN Pareto representative,HDBSCAN|mcs=10|ms=5,HDBSCAN,2,10006,1320,0.6101653163319214,0.9
Canonical cross-cohort robustness,scenario_pipeline_v3_economic_validity,non_financial_large_cap_revenue_1b,Non-financial companies with revenue >= $1B,HDBSCAN Pareto representative,HDBSCAN|mcs=10|ms=5,HDBSCAN,2,10007,1321,0.6580132674082986,0.9356548069644209
Canonical cross-cohort robustness,scenario_pipeline_v3_economic_validity,non_financial_large_cap_revenue_1b,Non-financial companies with revenue >= $1B,HDBSCAN Pareto representative,HDBSCAN|mcs=10|ms=5,HDBSCAN,2,10008,1320,0.2902916834603074,0.5931818181818181
Canonical cross-cohort robustness,scenario_pipeline_v3_economic_validity,non_financial_large_cap_revenue_1b,Non-financial companies with revenue >= $1B,HDBSCAN Pareto representative,HDBSCAN|mcs=10|ms=5,HDBSCAN,2,10009,1321,0.3450202784662862,0.8395155185465556
Canonical cross-cohort robustness,scenario_pipeline_v3_economic_validity,non_financial_large_cap_revenue_1b,Non-financial companies with revenue >= $1B,HDBSCAN Pareto representative,HDBSCAN|mcs=10|ms=5,HDBSCAN,2,10010,1321,0.655054251861982,0.9144587433762301
Canonical cross-cohort robustness,scenario_pipeline_v3_economic_validity,non_financial_large_cap_revenue_1b,Non-financial companies with revenue >= $1B,HDBSCAN Pareto representative,HDBSCAN|mcs=10|ms=5,HDBSCAN,2,10011,1320,0.6102997056749526,0.9287878787878788
Canonical cross-cohort robustness,scenario_pipeline_v3_economic_validity,non_financial_large_cap_revenue_1b,Non-financial companies with revenue >= $1B,HDBSCAN Pareto representative,HDBSCAN|mcs=10|ms=5,HDBSCAN,2,10012,1321,0.6420429195760292,0.9371688115064345
Canonical cross-cohort robustness,scenario_pipeline_v3_economic_validity,non_financial_large_cap_revenue_1b,Non-financial companies with revenue >= $1B,HDBSCAN Pareto representative,HDBSCAN|mcs=10|ms=5,HDBSCAN,2,10013,1320,0.6536079345402022,0.918939393939394
Canonical cross-cohort robustness,scenario_pipeline_v3_economic_validity,non_financial_large_cap_revenue_1b,Non-financial companies with revenue >= $1B,HDBSCAN Pareto representative,HDBSCAN|mcs=10|ms=5,HDBSCAN,2,10014,1320,0.5923278077096525,0.9234848484848485
Canonical cross-cohort robustness,scenario_pipeline_v3_economic_validity,non_financial_large_cap_revenue_1b,Non-financial companies with revenue >= $1B,HDBSCAN Pareto representative,HDBSCAN|mcs=10|ms=5,HDBSCAN,2,10015,1320,0.6408906156682393,0.9106060606060606
Canonical cross-cohort robustness,scenario_pipeline_v3_economic_validity,non_financial_large_cap_revenue_1b,Non-financial companies with revenue >= $1B,HDBSCAN Pareto representative,HDBSCAN|mcs=10|ms=5,HDBSCAN,2,10016,1320,0.6821059808260169,0.8878787878787879
Canonical cross-cohort robustness,scenario_pipeline_v3_economic_validity,non_financial_large_cap_revenue_1b,Non-financial companies with revenue >= $1B,HDBSCAN Pareto representative,HDBSCAN|mcs=10|ms=5,HDBSCAN,2,10017,1320,0.6216549873428305,0.9212121212121213
Canonical cross-cohort robustness,scenario_pipeline_v3_economic_validity,non_financial_large_cap_revenue_1b,Non-financial companies with revenue >= $1B,HDBSCAN Pareto representative,HDBSCAN|mcs=10|ms=5,HDBSCAN,2,10018,1320,0.6275517645938012,0.9371212121212121
Canonical cross-cohort robustness,scenario_pipeline_v3_economic_validity,non_financial_large_cap_revenue_1b,Non-financial companies with revenue >= $1B,HDBSCAN Pareto representative,HDBSCAN|mcs=10|ms=5,HDBSCAN,2,10019,1321,0.6151829278974641,0.9371688115064345
